"host time (us)","GPU PowerVR Series8XEP, GE8320, Device 0/Frame time","GPU PowerVR Series8XEP, GE8320, Device 0/Frames per second (FPS)","GPU PowerVR Series8XEP, GE8320, Device 0/GPU clock speed","GPU PowerVR Series8XEP, GE8320, Device 0/GPU memory interface load (%)","GPU PowerVR Series8XEP, GE8320, Device 0/GPU memory read bytes per second","GPU PowerVR Series8XEP, GE8320, Device 0/GPU memory total bytes per second","GPU PowerVR Series8XEP, GE8320, Device 0/GPU memory write bytes per second","GPU PowerVR Series8XEP, GE8320, Device 0/Renderer active (%)","GPU PowerVR Series8XEP, GE8320, Device 0/Renderer time per frame","GPU PowerVR Series8XEP, GE8320, Device 0/Renderer time","GPU PowerVR Series8XEP, GE8320, Device 0/Tiler active (%)","GPU PowerVR Series8XEP, GE8320, Device 0/Tiler time per frame","GPU PowerVR Series8XEP, GE8320, Device 0/Tiler time","GPU PowerVR Series8XEP, GE8320, Device 0/Tiler/Tiler triangle load (%)","GPU PowerVR Series8XEP, GE8320, Device 0/Tiler/Tiles per triangle","GPU PowerVR Series8XEP, GE8320, Device 0/Tiler/Triangle ratio (%)","GPU PowerVR Series8XEP, GE8320, Device 0/Tiler/Triangles input per draw","GPU PowerVR Series8XEP, GE8320, Device 0/Tiler/Triangles input per frame","GPU PowerVR Series8XEP, GE8320, Device 0/Tiler/Triangles input per second","GPU PowerVR Series8XEP, GE8320, Device 0/Tiler/Triangles output per frame","GPU PowerVR Series8XEP, GE8320, Device 0/Tiler/Triangles output per second","GPU PowerVR Series8XEP, GE8320, Device 0/Tiler/Vertices per triangle","GPU PowerVR Series8XEP, GE8320, Device 0/Renderer/HSR efficiency (%)","GPU PowerVR Series8XEP, GE8320, Device 0/Renderer/ISP pixel load (%)","GPU PowerVR Series8XEP, GE8320, Device 0/Renderer/ISP tiles in flight (%)","GPU PowerVR Series8XEP, GE8320, Device 0/Renderer/Output pixels per frame","GPU PowerVR Series8XEP, GE8320, Device 0/Renderer/Output pixels per second","GPU PowerVR Series8XEP, GE8320, Device 0/Renderer/Overdraw","GPU PowerVR Series8XEP, GE8320, Device 0/Renderer/Z load/store (%)","GPU PowerVR Series8XEP, GE8320, Device 0/Shader/Compute kernels per frame","GPU PowerVR Series8XEP, GE8320, Device 0/Shader/Compute kernels per second","GPU PowerVR Series8XEP, GE8320, Device 0/Shader/Cycles per pixel","GPU PowerVR Series8XEP, GE8320, Device 0/Shader/Cycles per vertex","GPU PowerVR Series8XEP, GE8320, Device 0/Shader/Processing load: compute (%)","GPU PowerVR Series8XEP, GE8320, Device 0/Shader/Processing load: pixel (%)","GPU PowerVR Series8XEP, GE8320, Device 0/Shader/Processing load: vertex (%)","GPU PowerVR Series8XEP, GE8320, Device 0/Shader/Register overload (%)","GPU PowerVR Series8XEP, GE8320, Device 0/Shader/Shaded pixels per frame","GPU PowerVR Series8XEP, GE8320, Device 0/Shader/Shaded pixels per second","GPU PowerVR Series8XEP, GE8320, Device 0/Shader/Shaded vertices per frame","GPU PowerVR Series8XEP, GE8320, Device 0/Shader/Shaded vertices per second","GPU PowerVR Series8XEP, GE8320, Device 0/Shader/Shader processing load (%)","GPU PowerVR Series8XEP, GE8320, Device 0/Texturing/Texture overload (%)","GPU PowerVR Series8XEP, GE8320, Device 0/Texturing/Texturing active (%)","Processes/PID 1290 ()/GPU PowerVR Series8XEP, GE8320, Device 0/Renderer time per frame","Processes/PID 16898 ()/GPU PowerVR Series8XEP, GE8320, Device 0/Renderer time per frame","Processes/PID 1290 ()/GPU PowerVR Series8XEP, GE8320, Device 0/Renderer time","Processes/PID 16898 ()/GPU PowerVR Series8XEP, GE8320, Device 0/Renderer time","Processes/PID 1290 ()/GPU PowerVR Series8XEP, GE8320, Device 0/Tiler time per frame","Processes/PID 16898 ()/GPU PowerVR Series8XEP, GE8320, Device 0/Tiler time per frame","Processes/PID 1290 ()/GPU PowerVR Series8XEP, GE8320, Device 0/Tiler time","Processes/PID 16898 ()/GPU PowerVR Series8XEP, GE8320, Device 0/Tiler time"
816760260000,6.45E-03,1.55E+02,6.50E+08,1.65E+01,1.65E+09,2.72E+09,1.07E+09,8.09E+01,5.22E-03,3.13E-03,0.00E+00,0.00E+00,0.00E+00,7.35E+00,2.06E+00,3.65E+01,2.75E+04,1.03E+05,1.90E+07,3.75E+04,6.92E+06,1.01E+00,0.00E+00,1.51E-01,1.00E+02,5.43E+05,1.00E+08,1.00E+00,3.20E+00,0.00E+00,0.00E+00,6.06E+01,4.41E+01,0.00E+00,3.67E+01,5.11E+00,0.00E+00,5.43E+05,1.00E+08,1.04E+05,1.91E+07,4.18E+01,2.96E+00,7.90E+01,,5.22E-03,,3.13E-03,,0.00E+00,,0.00E+00
816760270000,1.77E-02,5.64E+01,6.50E+08,3.16E+01,1.96E+09,3.28E+09,1.32E+09,9.88E+01,1.75E-02,9.88E-03,0.00E+00,0.00E+00,0.00E+00,2.44E+00,4.95E+00,2.08E+00,5.23E+04,7.03E+04,3.97E+06,1.46E+03,8.26E+04,1.00E+00,1.15E+01,8.50E-01,1.00E+02,2.38E+06,1.34E+08,1.16E+00,1.28E+01,0.00E+00,0.00E+00,1.52E+01,4.40E+01,0.00E+00,2.28E+01,1.68E+00,0.00E+00,2.77E+06,1.56E+08,7.05E+04,3.98E+06,2.45E+01,9.52E-01,8.04E+01,,1.75E-02,,9.88E-03,,0.00E+00,,0.00E+00
816760280000,4.71E-02,2.12E+01,6.50E+08,3.23E+01,1.99E+09,3.36E+09,1.38E+09,9.68E+01,4.56E-02,9.68E-03,0.00E+00,0.00E+00,0.00E+00,4.95E+00,2.06E+00,4.07E+01,6.14E+03,3.79E+05,8.04E+06,1.54E+05,3.27E+06,1.01E+00,1.91E+01,8.67E-01,1.00E+02,5.88E+06,1.25E+08,1.17E+00,1.22E+01,0.00E+00,0.00E+00,8.98E+00,4.62E+01,0.00E+00,1.26E+01,3.61E+00,0.00E+00,6.87E+06,1.46E+08,3.83E+05,8.13E+06,1.62E+01,6.78E-05,7.54E+01,,4.56E-02,,9.68E-03,,0.00E+00,,0.00E+00
816760290000,4.71E-02,2.12E+01,6.50E+08,2.97E+01,1.88E+09,3.09E+09,1.21E+09,7.38E+01,3.48E-02,7.38E-03,2.27E+01,1.07E-02,2.27E-03,1.74E+01,2.02E+00,4.07E+01,6.11E+03,1.34E+06,2.84E+07,5.43E+05,1.15E+07,1.01E+00,2.38E+01,5.26E-01,1.00E+02,3.71E+06,7.87E+07,1.06E+00,5.76E+00,0.00E+00,0.00E+00,1.12E+01,4.62E+01,0.00E+00,9.00E+00,1.28E+01,0.00E+00,3.93E+06,8.34E+07,1.35E+06,2.87E+07,2.18E+01,8.37E-06,5.47E+01,,3.48E-02,,7.38E-03,,1.07E-02,,2.27E-03
816760300000,4.71E-02,2.12E+01,6.50E+08,2.97E+01,1.88E+09,3.09E+09,1.21E+09,0.00E+00,0.00E+00,0.00E+00,1.00E+02,4.71E-02,1.00E-02,1.74E+01,2.02E+00,4.07E+01,6.11E+03,1.34E+06,2.84E+07,5.43E+05,1.15E+07,1.01E+00,2.38E+01,5.26E-01,1.00E+02,3.71E+06,7.87E+07,1.06E+00,5.76E+00,0.00E+00,0.00E+00,1.12E+01,4.62E+01,0.00E+00,9.00E+00,1.28E+01,0.00E+00,3.93E+06,8.34E+07,1.35E+06,2.87E+07,2.18E+01,8.37E-06,5.47E+01,,0.00E+00,,0.00E+00,,4.71E-02,,1.00E-02
816760310000,4.88E-02,2.05E+01,6.50E+08,2.36E+01,1.31E+09,2.46E+09,1.15E+09,5.03E+01,2.46E-02,5.03E-03,7.05E+01,3.44E-02,7.05E-03,8.31E+00,2.09E+00,4.07E+01,2.54E+03,6.59E+05,1.35E+07,2.68E+05,5.50E+06,1.01E+00,0.00E+00,3.99E-01,1.00E+02,4.85E+06,9.93E+07,1.02E+00,5.88E+00,0.00E+00,0.00E+00,4.13E+01,4.62E+01,0.00E+00,4.03E+01,6.08E+00,0.00E+00,4.96E+06,1.02E+08,6.68E+05,1.37E+07,4.64E+01,7.40E-01,5.27E+01,,2.46E-02,,5.03E-03,,3.44E-02,,7.05E-03
816760320000,1.05E-01,9.55E+00,6.50E+08,2.30E+01,1.26E+09,2.39E+09,1.13E+09,9.55E+01,1.00E-01,9.55E-03,7.16E+01,7.50E-02,7.16E-03,5.97E+00,2.54E+00,3.41E+01,2.24E+03,1.01E+06,9.70E+06,3.46E+05,3.31E+06,1.01E+00,0.00E+00,2.60E-01,1.00E+02,1.13E+07,1.08E+08,1.00E+00,5.48E+00,0.00E+00,0.00E+00,6.06E+01,4.41E+01,0.00E+00,6.31E+01,4.16E+00,0.00E+00,1.13E+07,1.08E+08,1.03E+06,9.82E+06,6.72E+01,3.21E+00,5.94E+01,,1.00E-01,,9.55E-03,,7.50E-02,,7.16E-03
816760330000,1.05E-01,9.55E+00,6.50E+08,2.62E+01,1.55E+09,2.73E+09,1.17E+09,9.43E+01,9.87E-02,9.43E-03,1.00E+02,1.05E-01,1.00E-02,1.15E+01,2.37E+00,4.30E+01,3.22E+04,1.95E+06,1.87E+07,8.41E+05,8.03E+06,1.01E+00,0.00E+00,2.39E-01,1.00E+02,1.04E+07,9.95E+07,1.00E+00,5.10E+00,0.00E+00,0.00E+00,6.06E+01,4.40E+01,0.00E+00,5.79E+01,7.96E+00,0.00E+00,1.04E+07,9.95E+07,1.97E+06,1.88E+07,6.59E+01,4.40E+00,6.70E+01,,9.87E-02,,9.43E-03,,1.05E-01,,1.00E-02
816760340000,1.05E-01,9.55E+00,6.50E+08,2.40E+01,1.49E+09,2.50E+09,1.01E+09,9.53E+01,9.98E-02,9.53E-03,1.00E+02,1.05E-01,1.00E-02,1.15E+01,2.07E+00,3.31E+01,3.38E+04,1.95E+06,1.87E+07,6.48E+05,6.19E+06,1.01E+00,0.00E+00,2.28E-01,1.00E+02,9.93E+06,9.49E+07,1.00E+00,4.84E+00,0.00E+00,0.00E+00,6.06E+01,4.40E+01,0.00E+00,5.53E+01,7.97E+00,0.00E+00,9.93E+06,9.49E+07,1.97E+06,1.88E+07,6.32E+01,5.95E+00,6.84E+01,,9.98E-02,,9.53E-03,,1.05E-01,,1.00E-02
816760350000,1.05E-01,9.55E+00,6.50E+08,2.46E+01,1.50E+09,2.56E+09,1.06E+09,9.37E+01,9.81E-02,9.37E-03,1.00E+02,1.05E-01,1.00E-02,1.08E+01,1.84E+00,4.92E+01,3.52E+04,1.85E+06,1.76E+07,9.07E+05,8.67E+06,1.01E+00,0.00E+00,2.21E-01,1.00E+02,9.60E+06,9.18E+07,1.00E+00,4.68E+00,0.00E+00,0.00E+00,6.06E+01,4.40E+01,0.00E+00,5.34E+01,7.51E+00,0.00E+00,9.60E+06,9.18E+07,1.86E+06,1.78E+07,6.09E+01,7.20E+00,6.88E+01,,9.81E-02,,9.37E-03,,1.05E-01,,1.00E-02
816760360000,1.05E-01,9.55E+00,6.50E+08,2.16E+01,1.31E+09,2.25E+09,9.43E+08,9.42E+01,9.86E-02,9.42E-03,7.68E+01,8.04E-02,7.68E-03,8.05E+00,1.95E+00,2.97E+01,4.10E+04,1.37E+06,1.31E+07,4.07E+05,3.89E+06,1.01E+00,0.00E+00,2.34E-01,1.00E+02,1.02E+07,9.75E+07,1.00E+00,4.94E+00,0.00E+00,0.00E+00,6.06E+01,4.40E+01,0.00E+00,5.68E+01,5.56E+00,0.00E+00,1.02E+07,9.75E+07,1.38E+06,1.31E+07,6.23E+01,6.30E+00,6.46E+01,,9.86E-02,,9.42E-03,,8.04E-02,,7.68E-03
816760370000,1.05E-01,9.55E+00,6.50E+08,2.04E+01,1.04E+09,2.12E+09,1.08E+09,9.66E+01,1.01E-01,9.66E-03,0.00E+00,0.00E+00,0.00E+00,0.00E+00,,,,0.00E+00,0.00E+00,0.00E+00,0.00E+00,,0.00E+00,5.15E-01,1.00E+02,1.29E+07,1.23E+08,1.07E+00,8.73E+00,0.00E+00,0.00E+00,3.82E+01,,0.00E+00,4.86E+01,0.00E+00,0.00E+00,1.38E+07,1.32E+08,0.00E+00,0.00E+00,4.86E+01,1.42E+00,6.30E+01,,1.01E-01,,9.66E-03,,0.00E+00,,0.00E+00
816760380000,1.05E-01,9.55E+00,6.50E+08,3.17E+01,1.93E+09,3.30E+09,1.37E+09,1.00E+02,1.05E-01,1.00E-02,0.00E+00,0.00E+00,0.00E+00,0.00E+00,,,,0.00E+00,0.00E+00,0.00E+00,0.00E+00,,1.81E+01,9.55E-01,1.00E+02,1.43E+07,1.36E+08,1.19E+00,1.42E+01,0.00E+00,0.00E+00,8.54E+00,,0.00E+00,1.34E+01,0.00E+00,0.00E+00,1.70E+07,1.63E+08,0.00E+00,0.00E+00,1.34E+01,1.64E-04,8.36E+01,,1.05E-01,,1.00E-02,,0.00E+00,,0.00E+00
816760390000,1.05E-01,9.55E+00,6.50E+08,3.06E+01,1.92E+09,3.19E+09,1.27E+09,9.68E+01,1.01E-01,9.68E-03,0.00E+00,0.00E+00,0.00E+00,1.35E+01,2.02E+00,4.07E+01,6.11E+03,2.29E+06,2.19E+07,9.34E+05,8.92E+06,1.01E+00,2.17E+01,6.39E-01,1.00E+02,9.83E+06,9.40E+07,1.11E+00,7.96E+00,0.00E+00,0.00E+00,1.02E+01,4.62E+01,0.00E+00,1.02E+01,9.87E+00,0.00E+00,1.09E+07,1.04E+08,2.33E+06,2.22E+07,2.01E+01,9.59E-05,6.01E+01,,1.01E-01,,9.68E-03,,0.00E+00,,0.00E+00
816760400000,1.05E-01,9.55E+00,6.50E+08,3.03E+01,1.92E+09,3.15E+09,1.23E+09,2.84E+01,2.98E-02,2.84E-03,6.80E+01,7.11E-02,6.80E-03,1.78E+01,2.02E+00,4.07E+01,6.11E+03,3.03E+06,2.89E+07,1.23E+06,1.18E+07,1.01E+00,2.38E+01,5.37E-01,1.00E+02,8.41E+06,8.04E+07,1.06E+00,5.96E+00,0.00E+00,0.00E+00,1.12E+01,4.62E+01,0.00E+00,9.19E+00,1.30E+01,0.00E+00,8.91E+06,8.51E+07,3.07E+06,2.93E+07,2.22E+01,7.40E-05,5.26E+01,,2.98E-02,,2.84E-03,,7.11E-02,,6.80E-03
816760410000,1.05E-01,9.55E+00,6.50E+08,2.96E+01,1.85E+09,3.08E+09,1.22E+09,5.58E+00,5.84E-03,5.58E-04,9.51E+01,9.96E-02,9.51E-03,1.68E+01,2.02E+00,4.07E+01,5.70E+03,2.86E+06,2.73E+07,1.16E+06,1.11E+07,1.01E+00,2.01E+01,5.23E-01,1.00E+02,8.62E+06,8.23E+07,1.05E+00,5.96E+00,0.00E+00,0.00E+00,1.49E+01,4.62E+01,0.00E+00,1.24E+01,1.23E+01,0.00E+00,9.09E+06,8.69E+07,2.90E+06,2.77E+07,2.48E+01,7.53E-02,5.25E+01,,5.84E-03,,5.58E-04,,9.96E-02,,9.51E-03
816760420000,1.04E-01,9.65E+00,6.50E+08,1.75E+01,7.26E+08,1.82E+09,1.09E+09,9.60E+01,9.95E-02,9.60E-03,3.15E+01,3.27E-02,3.15E-03,3.78E-03,2.46E+02,1.00E+02,1.29E+00,6.37E+02,6.14E+03,6.37E+02,6.14E+03,2.00E+00,0.00E+00,2.85E-01,1.00E+02,1.23E+07,1.19E+08,1.00E+00,5.99E+00,0.00E+00,0.00E+00,6.06E+01,5.70E+01,0.00E+00,6.91E+01,6.74E-03,0.00E+00,1.23E+07,1.19E+08,1.27E+03,1.23E+04,6.91E+01,1.12E+00,5.04E+01,,9.95E-02,,9.60E-03,,3.27E-02,,3.15E-03
816760430000,1.03E-01,9.71E+00,6.50E+08,2.05E+01,1.06E+09,2.13E+09,1.07E+09,9.43E+01,9.71E-02,9.43E-03,4.56E+01,4.69E-02,4.56E-03,4.27E+00,2.14E+00,3.28E+01,2.96E+03,7.15E+05,6.94E+06,2.34E+05,2.28E+06,1.01E+00,0.00E+00,2.72E-01,1.00E+02,1.17E+07,1.13E+08,1.00E+00,5.69E+00,0.00E+00,0.00E+00,6.06E+01,4.41E+01,0.00E+00,6.60E+01,2.98E+00,0.00E+00,1.17E+07,1.13E+08,7.25E+05,7.04E+06,6.89E+01,2.21E+00,5.71E+01,,9.71E-02,,9.43E-03,,4.69E-02,,4.56E-03
816760440000,1.03E-01,9.71E+00,6.50E+08,2.63E+01,1.60E+09,2.74E+09,1.14E+09,9.58E+01,9.87E-02,9.58E-03,1.00E+02,1.03E-01,1.00E-02,1.17E+01,2.38E+00,3.91E+01,3.36E+04,1.96E+06,1.91E+07,7.67E+05,7.45E+06,1.01E+00,0.00E+00,2.38E-01,1.00E+02,1.02E+07,9.90E+07,1.00E+00,5.05E+00,0.00E+00,0.00E+00,6.06E+01,4.40E+01,0.00E+00,5.77E+01,8.13E+00,0.00E+00,1.02E+07,9.90E+07,1.98E+06,1.92E+07,6.58E+01,4.53E+00,6.74E+01,,9.87E-02,,9.58E-03,,1.03E-01,,1.00E-02
816760450000,1.03E-01,9.71E+00,6.50E+08,2.57E+01,1.57E+09,2.68E+09,1.11E+09,9.47E+01,9.75E-02,9.47E-03,1.00E+02,1.03E-01,1.00E-02,1.20E+01,2.12E+00,3.83E+01,3.35E+04,2.01E+06,1.95E+07,7.69E+05,7.46E+06,1.01E+00,0.00E+00,2.41E-01,1.00E+02,1.03E+07,1.00E+08,1.00E+00,5.11E+00,0.00E+00,0.00E+00,6.06E+01,4.40E+01,0.00E+00,5.83E+01,8.31E+00,0.00E+00,1.03E+07,1.00E+08,2.02E+06,1.96E+07,6.66E+01,4.31E+00,6.72E+01,,9.75E-02,,9.47E-03,,1.03E-01,,1.00E-02
816760460000,1.03E-01,9.71E+00,6.50E+08,2.64E+01,1.61E+09,2.74E+09,1.13E+09,9.43E+01,9.71E-02,9.43E-03,1.00E+02,1.03E-01,1.00E-02,1.18E+01,1.83E+00,4.75E+01,3.33E+04,1.98E+06,1.92E+07,9.38E+05,9.11E+06,1.01E+00,0.00E+00,2.37E-01,1.00E+02,1.02E+07,9.86E+07,1.00E+00,5.03E+00,0.00E+00,0.00E+00,6.06E+01,4.40E+01,0.00E+00,5.74E+01,8.17E+00,0.00E+00,1.02E+07,9.86E+07,1.99E+06,1.93E+07,6.56E+01,4.63E+00,6.72E+01,,9.71E-02,,9.43E-03,,1.03E-01,,1.00E-02
816760470000,1.03E-01,9.71E+00,6.50E+08,2.87E+01,1.82E+09,2.99E+09,1.17E+09,9.62E+01,9.91E-02,9.62E-03,6.97E+01,7.18E-02,6.97E-03,7.98E+00,1.96E+00,2.90E+01,3.66E+04,1.34E+06,1.30E+07,3.87E+05,3.76E+06,1.01E+00,0.00E+00,5.01E-01,1.00E+02,1.19E+07,1.15E+08,1.08E+00,8.36E+00,0.00E+00,0.00E+00,3.64E+01,4.40E+01,0.00E+00,4.36E+01,5.53E+00,0.00E+00,1.29E+07,1.25E+08,1.35E+06,1.31E+07,4.92E+01,3.16E+00,7.27E+01,,9.91E-02,,9.62E-03,,7.18E-02,,6.97E-03
816760480000,1.03E-01,9.71E+00,6.50E+08,3.44E+01,2.09E+09,3.57E+09,1.49E+09,1.00E+02,1.03E-01,1.00E-02,0.00E+00,0.00E+00,0.00E+00,4.93E-02,8.63E+00,3.60E+01,,8.26E+03,8.02E+04,2.97E+03,2.88E+04,6.96E-01,1.81E+01,1.03E+00,1.00E+02,1.51E+07,1.47E+08,1.19E+00,1.50E+01,0.00E+00,0.00E+00,8.54E+00,4.09E+01,0.00E+00,1.44E+01,2.20E-02,0.00E+00,1.81E+07,1.75E+08,5.75E+03,5.58E+04,1.44E+01,1.35E-04,8.41E+01,,1.03E-01,,1.00E-02,,0.00E+00,,0.00E+00
816760490000,1.03E-01,9.71E+00,6.50E+08,2.99E+01,1.88E+09,3.11E+09,1.23E+09,9.68E+01,9.97E-02,9.68E-03,0.00E+00,0.00E+00,0.00E+00,1.46E+01,2.02E+00,4.07E+01,6.11E+03,2.45E+06,2.38E+07,9.98E+05,9.69E+06,1.01E+00,2.23E+01,5.92E-01,1.00E+02,9.01E+06,8.75E+07,1.09E+00,7.11E+00,0.00E+00,0.00E+00,1.05E+01,4.62E+01,0.00E+00,9.66E+00,1.07E+01,0.00E+00,9.85E+06,9.56E+07,2.48E+06,2.41E+07,2.04E+01,2.68E-05,5.93E+01,,9.97E-02,,9.68E-03,,0.00E+00,,0.00E+00
816760500000,1.03E-01,9.71E+00,6.50E+08,2.91E+01,1.84E+09,3.03E+09,1.19E+09,1.70E+01,1.75E-02,1.70E-03,7.94E+01,8.18E-02,7.94E-03,1.71E+01,2.02E+00,4.07E+01,6.11E+03,2.87E+06,2.79E+07,1.17E+06,1.13E+07,1.01E+00,2.38E+01,5.17E-01,1.00E+02,7.97E+06,7.73E+07,1.06E+00,5.75E+00,0.00E+00,0.00E+00,1.12E+01,4.62E+01,0.00E+00,8.85E+00,1.25E+01,0.00E+00,8.44E+06,8.19E+07,2.91E+06,2.82E+07,2.14E+01,8.22E-06,5.51E+01,,1.75E-02,,1.70E-03,,8.18E-02,,7.94E-03
816760510000,1.03E-01,9.71E+00,6.50E+08,2.85E+01,1.79E+09,2.97E+09,1.18E+09,4.67E+00,4.81E-03,4.67E-04,9.52E+01,9.81E-02,9.52E-03,1.63E+01,2.02E+00,4.07E+01,5.82E+03,2.74E+06,2.66E+07,1.11E+06,1.08E+07,1.01E+00,2.07E+01,5.05E-01,1.00E+02,8.13E+06,7.89E+07,1.06E+00,5.75E+00,0.00E+00,0.00E+00,1.43E+01,4.62E+01,0.00E+00,1.15E+01,1.20E+01,0.00E+00,8.58E+06,8.33E+07,2.77E+06,2.69E+07,2.34E+01,1.41E-01,5.49E+01,,4.81E-03,,4.67E-04,,9.81E-02,,9.52E-03
816760520000,1.02E-01,9.76E+00,6.50E+08,1.57E+01,6.49E+08,1.63E+09,9.83E+08,9.53E+01,9.77E-02,9.53E-03,2.79E+01,2.86E-02,2.79E-03,2.24E-03,1.46E+02,1.00E+02,1.15E+00,3.73E+02,3.64E+03,3.73E+02,3.64E+03,2.00E+00,0.00E+00,2.69E-01,1.00E+02,1.15E+07,1.12E+08,1.00E+00,5.66E+00,0.00E+00,0.00E+00,6.06E+01,5.33E+01,0.00E+00,6.51E+01,3.73E-03,0.00E+00,1.15E+07,1.12E+08,7.45E+02,7.27E+03,6.51E+01,2.61E+00,5.14E+01,,9.77E-02,,9.53E-03,,2.86E-02,,2.79E-03
816760530000,1.01E-01,9.88E+00,6.50E+08,1.59E+01,6.34E+08,1.65E+09,1.02E+09,9.53E+01,9.65E-02,9.53E-03,2.32E+01,2.35E-02,2.32E-03,3.05E-03,3.63E+02,1.00E+02,1.50E+00,5.02E+02,4.96E+03,5.02E+02,4.96E+03,2.00E+00,0.00E+00,2.73E-01,1.00E+02,1.15E+07,1.14E+08,1.00E+00,5.73E+00,0.00E+00,0.00E+00,6.06E+01,6.13E+01,0.00E+00,6.61E+01,5.85E-03,0.00E+00,1.15E+07,1.14E+08,1.00E+03,9.92E+03,6.61E+01,2.60E+00,5.21E+01,,9.65E-02,,9.53E-03,,2.35E-02,,2.32E-03
816760540000,1.01E-01,9.88E+00,6.50E+08,2.12E+01,1.23E+09,2.21E+09,9.75E+08,9.41E+01,9.52E-02,9.41E-03,6.92E+01,7.01E-02,6.92E-03,7.10E+00,2.07E+00,3.55E+01,1.39E+04,1.17E+06,1.15E+07,4.15E+05,4.10E+06,1.01E+00,0.00E+00,2.36E-01,1.00E+02,9.94E+06,9.82E+07,1.00E+00,5.00E+00,0.00E+00,0.00E+00,6.06E+01,4.40E+01,0.00E+00,5.72E+01,4.93E+00,0.00E+00,9.94E+06,9.82E+07,1.18E+06,1.17E+07,6.21E+01,6.05E+00,6.36E+01,,9.52E-02,,9.41E-03,,7.01E-02,,6.92E-03
816760550000,1.01E-01,9.88E+00,6.50E+08,2.37E+01,1.39E+09,2.47E+09,1.08E+09,9.30E+01,9.41E-02,9.30E-03,1.00E+02,1.01E-01,1.00E-02,1.05E+01,2.30E+00,4.50E+01,3.47E+04,1.72E+06,1.70E+07,7.76E+05,7.67E+06,1.01E+00,0.00E+00,2.18E-01,1.00E+02,9.16E+06,9.05E+07,1.00E+00,4.69E+00,0.00E+00,0.00E+00,6.06E+01,4.40E+01,0.00E+00,5.27E+01,7.27E+00,0.00E+00,9.16E+06,9.05E+07,1.74E+06,1.72E+07,6.00E+01,7.16E+00,6.84E+01,,9.41E-02,,9.30E-03,,1.01E-01,,1.00E-02
816760560000,1.01E-01,9.88E+00,6.50E+08,2.33E+01,1.44E+09,2.42E+09,9.78E+08,9.47E+01,9.59E-02,9.47E-03,1.00E+02,1.01E-01,1.00E-02,1.12E+01,2.10E+00,3.22E+01,3.27E+04,1.84E+06,1.82E+07,5.91E+05,5.84E+06,1.01E+00,0.00E+00,2.24E-01,1.00E+02,9.41E+06,9.30E+07,1.00E+00,4.78E+00,0.00E+00,0.00E+00,6.06E+01,4.40E+01,0.00E+00,5.42E+01,7.74E+00,0.00E+00,9.41E+06,9.30E+07,1.85E+06,1.83E+07,6.19E+01,6.44E+00,6.91E+01,,9.59E-02,,9.47E-03,,1.01E-01,,1.00E-02
816760570000,1.01E-01,9.88E+00,6.50E+08,2.66E+01,1.62E+09,2.77E+09,1.15E+09,9.51E+01,9.62E-02,9.51E-03,1.00E+02,1.01E-01,1.00E-02,1.19E+01,1.84E+00,4.71E+01,3.68E+04,1.95E+06,1.93E+07,9.18E+05,9.07E+06,1.01E+00,0.00E+00,2.42E-01,1.00E+02,1.02E+07,1.01E+08,1.00E+00,5.13E+00,0.00E+00,0.00E+00,6.06E+01,4.40E+01,0.00E+00,5.87E+01,8.22E+00,0.00E+00,1.02E+07,1.01E+08,1.97E+06,1.94E+07,6.69E+01,4.19E+00,6.66E+01,,9.62E-02,,9.51E-03,,1.01E-01,,1.00E-02
816760580000,1.01E-01,9.88E+00,6.50E+08,3.51E+01,2.22E+09,3.65E+09,1.42E+09,9.85E+01,9.97E-02,9.85E-03,3.61E+01,3.66E-02,3.61E-03,4.79E+00,1.89E+00,3.77E+01,3.37E+04,7.88E+05,7.78E+06,2.97E+05,2.93E+06,1.01E+00,1.28E+01,8.61E-01,1.00E+02,1.35E+07,1.33E+08,1.17E+00,1.29E+01,0.00E+00,0.00E+00,1.39E+01,4.40E+01,0.00E+00,2.09E+01,3.31E+00,0.00E+00,1.58E+07,1.56E+08,7.92E+05,7.82E+06,2.42E+01,9.94E-01,8.37E+01,,9.97E-02,,9.85E-03,,3.66E-02,,3.61E-03
816760590000,1.01E-01,9.88E+00,6.50E+08,3.45E+01,2.19E+09,3.59E+09,1.40E+09,9.67E+01,9.79E-02,9.67E-03,0.00E+00,0.00E+00,0.00E+00,7.76E+00,2.09E+00,3.18E+01,8.34E+03,1.28E+06,1.26E+07,4.06E+05,4.01E+06,1.01E+00,1.92E+01,8.60E-01,1.00E+02,1.25E+07,1.24E+08,1.17E+00,1.21E+01,0.00E+00,0.00E+00,9.02E+00,4.55E+01,0.00E+00,1.25E+01,5.58E+00,0.00E+00,1.46E+07,1.45E+08,1.29E+06,1.28E+07,1.81E+01,3.28E-04,7.67E+01,,9.79E-02,,9.67E-03,,0.00E+00,,0.00E+00
816760600000,1.01E-01,9.88E+00,6.50E+08,3.11E+01,1.96E+09,3.23E+09,1.27E+09,7.27E+01,7.36E-02,7.27E-03,2.40E+01,2.43E-02,2.40E-03,1.83E+01,2.02E+00,4.07E+01,6.11E+03,3.01E+06,2.97E+07,1.23E+06,1.21E+07,1.01E+00,2.38E+01,5.52E-01,1.00E+02,8.36E+06,8.25E+07,1.06E+00,6.23E+00,0.00E+00,0.00E+00,1.12E+01,4.62E+01,0.00E+00,9.44E+00,1.34E+01,0.00E+00,8.85E+06,8.75E+07,3.05E+06,3.01E+07,2.28E+01,8.77E-06,5.21E+01,,7.36E-02,,7.27E-03,,2.43E-02,,2.40E-03
816760610000,1.01E-01,9.88E+00,6.50E+08,3.11E+01,1.96E+09,3.23E+09,1.27E+09,0.00E+00,0.00E+00,0.00E+00,1.00E+02,1.01E-01,1.00E-02,1.83E+01,2.02E+00,4.07E+01,6.11E+03,3.01E+06,2.97E+07,1.23E+06,1.21E+07,1.01E+00,2.38E+01,5.52E-01,1.00E+02,8.36E+06,8.25E+07,1.06E+00,6.23E+00,0.00E+00,0.00E+00,1.12E+01,4.62E+01,0.00E+00,9.44E+00,1.34E+01,0.00E+00,8.85E+06,8.75E+07,3.05E+06,3.01E+07,2.28E+01,8.77E-06,5.21E+01,,0.00E+00,,0.00E+00,,1.01E-01,,1.00E-02
816760620000,1.01E-01,9.92E+00,6.50E+08,2.20E+01,1.15E+09,2.29E+09,1.13E+09,6.34E+01,6.39E-02,6.34E-03,5.49E+01,5.53E-02,5.49E-03,6.19E+00,2.09E+00,4.07E+01,2.22E+03,1.01E+06,1.01E+07,4.13E+05,4.09E+06,1.01E+00,0.00E+00,3.75E-01,1.00E+02,1.07E+07,1.06E+08,1.02E+00,6.06E+00,0.00E+00,0.00E+00,4.70E+01,4.62E+01,0.00E+00,4.88E+01,4.53E+00,0.00E+00,1.09E+07,1.08E+08,1.03E+06,1.02E+07,5.33E+01,9.15E-01,5.14E+01,,6.39E-02,,6.34E-03,,5.53E-02,,5.49E-03
816760630000,9.91E-02,1.01E+01,6.50E+08,1.66E+01,6.62E+08,1.73E+09,1.06E+09,9.56E+01,9.47E-02,9.56E-03,2.01E+01,1.99E-02,2.01E-03,3.33E-03,3.63E+02,1.00E+02,1.50E+00,5.37E+02,5.42E+03,5.37E+02,5.42E+03,2.00E+00,0.00E+00,2.85E-01,1.00E+02,1.17E+07,1.18E+08,1.00E+00,5.97E+00,0.00E+00,0.00E+00,6.06E+01,6.13E+01,0.00E+00,6.90E+01,6.39E-03,0.00E+00,1.17E+07,1.18E+08,1.07E+03,1.08E+04,6.90E+01,1.22E+00,5.06E+01,,9.47E-02,,9.56E-03,,1.99E-02,,2.01E-03
816760640000,9.91E-02,1.01E+01,6.50E+08,2.22E+01,1.26E+09,2.31E+09,1.05E+09,9.53E+01,9.45E-02,9.53E-03,5.99E+01,5.94E-02,5.99E-03,6.70E+00,1.98E+00,3.55E+01,1.03E+04,1.08E+06,1.09E+07,3.83E+05,3.87E+06,1.01E+00,0.00E+00,2.60E-01,1.00E+02,1.07E+07,1.08E+08,1.00E+00,5.47E+00,0.00E+00,0.00E+00,6.06E+01,4.41E+01,0.00E+00,6.30E+01,4.66E+00,0.00E+00,1.07E+07,1.08E+08,1.09E+06,1.10E+07,6.77E+01,3.14E+00,6.01E+01,,9.45E-02,,9.53E-03,,5.94E-02,,5.99E-03
816760650000,9.91E-02,1.01E+01,6.50E+08,2.61E+01,1.53E+09,2.72E+09,1.18E+09,9.39E+01,9.31E-02,9.39E-03,1.00E+02,9.91E-02,1.00E-02,1.15E+01,2.36E+00,4.50E+01,3.25E+04,1.86E+06,1.87E+07,8.36E+05,8.44E+06,1.01E+00,0.00E+00,2.37E-01,1.00E+02,9.78E+06,9.87E+07,1.00E+00,5.08E+00,0.00E+00,0.00E+00,6.06E+01,4.40E+01,0.00E+00,5.75E+01,7.99E+00,0.00E+00,9.78E+06,9.87E+07,1.87E+06,1.89E+07,6.55E+01,4.36E+00,6.68E+01,,9.31E-02,,9.39E-03,,9.91E-02,,1.00E-02
816760660000,9.91E-02,1.01E+01,6.50E+08,2.48E+01,1.55E+09,2.58E+09,1.03E+09,9.44E+01,9.35E-02,9.44E-03,1.00E+02,9.91E-02,1.00E-02,1.19E+01,2.02E+00,3.07E+01,3.34E+04,1.92E+06,1.93E+07,5.88E+05,5.93E+06,1.01E+00,0.00E+00,2.39E-01,1.00E+02,9.86E+06,9.95E+07,1.00E+00,5.05E+00,0.00E+00,0.00E+00,6.06E+01,4.40E+01,0.00E+00,5.79E+01,8.25E+00,0.00E+00,9.86E+06,9.95E+07,1.93E+06,1.95E+07,6.62E+01,4.27E+00,6.73E+01,,9.35E-02,,9.44E-03,,9.91E-02,,1.00E-02
816760670000,9.91E-02,1.01E+01,6.50E+08,2.61E+01,1.58E+09,2.72E+09,1.13E+09,9.56E+01,9.47E-02,9.56E-03,1.00E+02,9.91E-02,1.00E-02,1.12E+01,1.83E+00,5.11E+01,3.84E+04,1.80E+06,1.81E+07,9.19E+05,9.27E+06,1.01E+00,0.00E+00,2.34E-01,1.00E+02,9.66E+06,9.75E+07,1.00E+00,4.98E+00,0.00E+00,0.00E+00,6.06E+01,4.40E+01,0.00E+00,5.68E+01,7.73E+00,0.00E+00,9.66E+06,9.75E+07,1.81E+06,1.83E+07,6.45E+01,4.98E+00,6.68E+01,,9.47E-02,,9.56E-03,,9.91E-02,,1.00E-02
816760680000,9.91E-02,1.01E+01,6.50E+08,3.53E+01,2.25E+09,3.67E+09,1.42E+09,9.83E+01,9.74E-02,9.83E-03,2.78E+01,2.76E-02,2.78E-03,4.09E+00,2.09E+00,2.50E+01,3.46E+04,6.59E+05,6.65E+06,1.65E+05,1.66E+06,1.01E+00,1.74E+01,9.33E-01,1.00E+02,1.34E+07,1.35E+08,1.19E+00,1.39E+01,0.00E+00,0.00E+00,9.32E+00,4.40E+01,0.00E+00,1.44E+01,2.83E+00,0.00E+00,1.59E+07,1.60E+08,6.63E+05,6.69E+06,1.72E+01,1.45E-01,8.68E+01,,9.74E-02,,9.83E-03,,2.76E-02,,2.78E-03
816760690000,9.91E-02,1.01E+01,6.50E+08,3.38E+01,2.15E+09,3.51E+09,1.36E+09,9.67E+01,9.58E-02,9.67E-03,0.00E+00,0.00E+00,0.00E+00,9.27E+00,2.04E+00,3.60E+01,7.79E+03,1.49E+06,1.51E+07,5.38E+05,5.43E+06,1.01E+00,1.96E+01,7.99E-01,1.00E+02,1.14E+07,1.16E+08,1.16E+00,1.11E+01,0.00E+00,0.00E+00,9.20E+00,4.56E+01,0.00E+00,1.18E+01,6.69E+00,0.00E+00,1.33E+07,1.34E+08,1.51E+06,1.52E+07,1.85E+01,1.55E-03,7.40E+01,,9.58E-02,,9.67E-03,,0.00E+00,,0.00E+00
816760700000,9.91E-02,1.01E+01,6.50E+08,3.09E+01,1.95E+09,3.21E+09,1.26E+09,6.61E+01,6.55E-02,6.61E-03,3.06E+01,3.04E-02,3.06E-03,1.82E+01,2.02E+00,4.07E+01,6.11E+03,2.92E+06,2.95E+07,1.19E+06,1.20E+07,1.01E+00,2.38E+01,5.47E-01,1.00E+02,8.12E+06,8.19E+07,1.06E+00,6.13E+00,0.00E+00,0.00E+00,1.12E+01,4.62E+01,0.00E+00,9.37E+00,1.33E+01,0.00E+00,8.60E+06,8.68E+07,2.96E+06,2.99E+07,2.27E+01,4.64E-05,5.19E+01,,6.55E-02,,6.61E-03,,3.04E-02,,3.06E-03
816760710000,9.91E-02,1.01E+01,6.50E+08,3.09E+01,1.95E+09,3.21E+09,1.26E+09,0.00E+00,0.00E+00,0.00E+00,1.00E+02,9.91E-02,1.00E-02,1.82E+01,2.02E+00,4.07E+01,6.11E+03,2.92E+06,2.95E+07,1.19E+06,1.20E+07,1.01E+00,2.38E+01,5.47E-01,1.00E+02,8.12E+06,8.19E+07,1.06E+00,6.13E+00,0.00E+00,0.00E+00,1.12E+01,4.62E+01,0.00E+00,9.37E+00,1.33E+01,0.00E+00,8.60E+06,8.68E+07,2.96E+06,2.99E+07,2.27E+01,4.64E-05,5.19E+01,,0.00E+00,,0.00E+00,,9.91E-02,,1.00E-02
816760720000,1.02E-01,9.84E+00,6.50E+08,2.13E+01,1.08E+09,2.21E+09,1.13E+09,6.94E+01,7.06E-02,6.94E-03,5.46E+01,5.55E-02,5.46E-03,4.99E+00,2.22E+00,4.07E+01,1.64E+03,8.24E+05,8.10E+06,3.35E+05,3.30E+06,1.01E+00,0.00E+00,3.56E-01,1.00E+02,1.10E+07,1.08E+08,1.01E+00,6.03E+00,0.00E+00,0.00E+00,4.98E+01,4.62E+01,0.00E+00,5.25E+01,3.65E+00,0.00E+00,1.11E+07,1.10E+08,8.35E+05,8.22E+06,5.62E+01,9.44E-01,5.12E+01,,7.06E-02,,6.94E-03,,5.55E-02,,5.46E-03
816760730000,1.09E-01,9.14E+00,6.50E+08,1.65E+01,6.54E+08,1.71E+09,1.06E+09,9.60E+01,1.05E-01,9.60E-03,1.68E+01,1.84E-02,1.68E-03,2.87E-03,3.63E+02,1.00E+02,1.50E+00,5.11E+02,4.67E+03,5.11E+02,4.67E+03,2.00E+00,0.00E+00,2.87E-01,1.00E+02,1.31E+07,1.19E+08,1.00E+00,6.00E+00,0.00E+00,0.00E+00,6.06E+01,6.13E+01,0.00E+00,6.95E+01,5.50E-03,0.00E+00,1.31E+07,1.19E+08,1.02E+03,9.33E+03,6.95E+01,1.10E+00,5.06E+01,,1.05E-01,,9.60E-03,,1.84E-02,,1.68E-03
816760740000,1.09E-01,9.14E+00,6.50E+08,2.35E+01,1.41E+09,2.44E+09,1.04E+09,9.41E+01,1.03E-01,9.41E-03,7.57E+01,8.28E-02,7.57E-03,8.93E+00,2.15E+00,3.36E+01,1.73E+04,1.59E+06,1.45E+07,5.34E+05,4.88E+06,1.01E+00,0.00E+00,2.43E-01,1.00E+02,1.10E+07,1.01E+08,1.00E+00,5.11E+00,0.00E+00,0.00E+00,6.06E+01,4.41E+01,0.00E+00,5.88E+01,6.21E+00,0.00E+00,1.10E+07,1.01E+08,1.61E+06,1.47E+07,6.50E+01,4.11E+00,6.43E+01,,1.03E-01,,9.41E-03,,8.28E-02,,7.57E-03
816760750000,1.09E-01,9.14E+00,6.50E+08,2.63E+01,1.53E+09,2.73E+09,1.20E+09,9.36E+01,1.02E-01,9.36E-03,1.00E+02,1.09E-01,1.00E-02,1.17E+01,2.24E+00,5.03E+01,3.33E+04,2.09E+06,1.91E+07,1.05E+06,9.59E+06,1.01E+00,0.00E+00,2.35E-01,1.00E+02,1.07E+07,9.76E+07,1.00E+00,5.00E+00,0.00E+00,0.00E+00,6.06E+01,4.40E+01,0.00E+00,5.68E+01,8.12E+00,0.00E+00,1.07E+07,9.76E+07,2.10E+06,1.92E+07,6.49E+01,4.71E+00,6.78E+01,,1.02E-01,,9.36E-03,,1.09E-01,,1.00E-02
816760760000,1.09E-01,9.14E+00,6.50E+08,2.50E+01,1.56E+09,2.60E+09,1.04E+09,9.44E+01,1.03E-01,9.44E-03,1.00E+02,1.09E-01,1.00E-02,1.21E+01,1.86E+00,3.27E+01,3.41E+04,2.15E+06,1.97E+07,7.03E+05,6.43E+06,1.01E+00,0.00E+00,2.38E-01,1.00E+02,1.08E+07,9.90E+07,1.00E+00,5.03E+00,0.00E+00,0.00E+00,6.06E+01,4.40E+01,0.00E+00,5.76E+01,8.39E+00,0.00E+00,1.08E+07,9.90E+07,2.17E+06,1.98E+07,6.60E+01,4.23E+00,6.75E+01,,1.03E-01,,9.44E-03,,1.09E-01,,1.00E-02
816760770000,1.09E-01,9.14E+00,6.50E+08,2.65E+01,1.64E+09,2.75E+09,1.11E+09,9.53E+01,1.04E-01,9.53E-03,1.00E+02,1.09E-01,1.00E-02,1.14E+01,1.90E+00,4.73E+01,3.32E+04,2.03E+06,1.86E+07,9.62E+05,8.78E+06,1.01E+00,0.00E+00,2.34E-01,1.00E+02,1.06E+07,9.72E+07,1.00E+00,4.95E+00,0.00E+00,0.00E+00,6.06E+01,4.40E+01,0.00E+00,5.66E+01,7.92E+00,0.00E+00,1.06E+07,9.72E+07,2.05E+06,1.87E+07,6.45E+01,5.33E+00,6.75E+01,,1.04E-01,,9.53E-03,,1.09E-01,,1.00E-02
816760780000,1.09E-01,9.14E+00,6.50E+08,3.10E+01,1.95E+09,3.23E+09,1.27E+09,9.75E+01,1.07E-01,9.75E-03,3.24E+01,3.55E-02,3.24E-03,3.58E+00,2.81E+00,6.42E+00,4.68E+04,6.37E+05,5.82E+06,4.09E+04,3.74E+05,1.00E+00,7.40E+00,7.80E-01,1.00E+02,1.43E+07,1.31E+08,1.15E+00,1.20E+01,0.00E+00,0.00E+00,1.87E+01,4.40E+01,0.00E+00,2.70E+01,2.47E+00,0.00E+00,1.64E+07,1.50E+08,6.40E+05,5.84E+06,2.95E+01,1.47E+00,7.91E+01,,1.07E-01,,9.75E-03,,3.55E-02,,3.24E-03
816760790000,1.09E-01,9.14E+00,6.50E+08,3.27E+01,2.00E+09,3.40E+09,1.40E+09,9.67E+01,1.06E-01,9.67E-03,0.00E+00,0.00E+00,0.00E+00,3.32E+00,2.09E+00,4.03E+01,6.24E+03,5.91E+05,5.39E+06,2.38E+05,2.17E+06,1.01E+00,1.87E+01,9.10E-01,1.00E+02,1.43E+07,1.31E+08,1.18E+00,1.31E+01,0.00E+00,0.00E+00,8.81E+00,4.61E+01,0.00E+00,1.30E+01,2.42E+00,0.00E+00,1.68E+07,1.54E+08,5.97E+05,5.45E+06,1.55E+01,1.48E-04,7.84E+01,,1.06E-01,,9.67E-03,,0.00E+00,,0.00E+00
816760800000,1.09E-01,9.14E+00,6.50E+08,2.87E+01,1.82E+09,2.98E+09,1.17E+09,8.47E+01,9.27E-02,8.47E-03,1.18E+01,1.29E-02,1.18E-03,1.69E+01,2.02E+00,4.07E+01,6.11E+03,3.00E+06,2.74E+07,1.22E+06,1.12E+07,1.01E+00,2.38E+01,5.08E-01,1.00E+02,8.32E+06,7.60E+07,1.06E+00,5.66E+00,0.00E+00,0.00E+00,1.12E+01,4.62E+01,0.00E+00,8.70E+00,1.23E+01,0.00E+00,8.82E+06,8.06E+07,3.04E+06,2.78E+07,2.10E+01,8.62E-05,5.49E+01,,9.27E-02,,8.47E-03,,1.29E-02,,1.18E-03
816760810000,1.09E-01,9.14E+00,6.50E+08,2.87E+01,1.82E+09,2.98E+09,1.17E+09,0.00E+00,0.00E+00,0.00E+00,1.00E+02,1.09E-01,1.00E-02,1.69E+01,2.02E+00,4.07E+01,6.11E+03,3.00E+06,2.74E+07,1.22E+06,1.12E+07,1.01E+00,2.38E+01,5.08E-01,1.00E+02,8.32E+06,7.60E+07,1.06E+00,5.66E+00,0.00E+00,0.00E+00,1.12E+01,4.62E+01,0.00E+00,8.70E+00,1.23E+01,0.00E+00,8.82E+06,8.06E+07,3.04E+06,2.78E+07,2.10E+01,8.62E-05,5.49E+01,,0.00E+00,,0.00E+00,,1.09E-01,,1.00E-02
816760820000,1.09E-01,9.14E+00,6.50E+08,2.44E+01,1.44E+09,2.54E+09,1.10E+09,3.27E+01,3.58E-02,3.27E-03,7.99E+01,8.75E-02,7.99E-03,1.12E+01,2.02E+00,4.07E+01,4.01E+03,1.98E+06,1.81E+07,8.08E+05,7.38E+06,1.01E+00,0.00E+00,4.25E-01,1.00E+02,9.56E+06,8.73E+07,1.03E+00,5.63E+00,0.00E+00,0.00E+00,3.14E+01,4.62E+01,0.00E+00,2.73E+01,8.17E+00,0.00E+00,9.89E+06,9.03E+07,2.01E+06,1.84E+07,3.55E+01,1.15E+00,5.40E+01,,3.58E-02,,3.27E-03,,8.75E-02,,7.99E-03
816760830000,1.04E-01,9.60E+00,6.50E+08,1.55E+01,6.21E+08,1.61E+09,9.90E+08,9.53E+01,9.92E-02,9.53E-03,2.14E+01,2.23E-02,2.14E-03,1.89E-03,2.75E+02,1.00E+02,1.34E+00,3.20E+02,3.07E+03,3.20E+02,3.07E+03,2.00E+00,0.00E+00,2.73E-01,1.00E+02,1.18E+07,1.14E+08,1.00E+00,5.76E+00,0.00E+00,0.00E+00,6.06E+01,5.81E+01,0.00E+00,6.62E+01,3.43E-03,0.00E+00,1.18E+07,1.14E+08,6.40E+02,6.14E+03,6.62E+01,2.48E+00,5.18E+01,,9.92E-02,,9.53E-03,,2.23E-02,,2.14E-03
816760840000,9.43E-02,1.06E+01,6.50E+08,1.57E+01,6.24E+08,1.63E+09,1.01E+09,9.41E+01,8.87E-02,9.41E-03,1.95E+01,1.84E-02,1.95E-03,2.83E-03,3.63E+02,1.00E+02,1.50E+00,4.33E+02,4.60E+03,4.33E+02,4.60E+03,2.00E+00,0.00E+00,2.72E-01,1.00E+02,1.07E+07,1.13E+08,1.00E+00,5.72E+00,0.00E+00,0.00E+00,6.06E+01,6.13E+01,0.00E+00,6.58E+01,5.42E-03,0.00E+00,1.07E+07,1.13E+08,8.66E+02,9.19E+03,6.58E+01,3.04E+00,5.27E+01,,8.87E-02,,9.41E-03,,1.84E-02,,1.95E-03
816760850000,9.43E-02,1.06E+01,6.50E+08,2.21E+01,1.32E+09,2.30E+09,9.83E+08,9.51E+01,8.96E-02,9.51E-03,7.67E+01,7.23E-02,7.67E-03,8.30E+00,2.17E+00,3.47E+01,1.84E+04,1.27E+06,1.35E+07,4.41E+05,4.68E+06,1.01E+00,0.00E+00,2.30E-01,1.00E+02,9.03E+06,9.58E+07,1.00E+00,4.88E+00,0.00E+00,0.00E+00,6.06E+01,4.40E+01,0.00E+00,5.58E+01,5.77E+00,0.00E+00,9.03E+06,9.58E+07,1.28E+06,1.36E+07,6.16E+01,6.36E+00,6.57E+01,,8.96E-02,,9.51E-03,,7.23E-02,,7.67E-03
816760860000,9.43E-02,1.06E+01,6.50E+08,2.63E+01,1.53E+09,2.73E+09,1.20E+09,9.46E+01,8.92E-02,9.46E-03,1.00E+02,9.43E-02,1.00E-02,1.13E+01,2.22E+00,4.94E+01,3.25E+04,1.73E+06,1.84E+07,8.56E+05,9.08E+06,1.01E+00,0.00E+00,2.41E-01,1.00E+02,9.45E+06,1.00E+08,1.00E+00,5.13E+00,0.00E+00,0.00E+00,6.06E+01,4.40E+01,0.00E+00,5.84E+01,7.84E+00,0.00E+00,9.45E+06,1.00E+08,1.75E+06,1.85E+07,6.62E+01,4.29E+00,6.63E+01,,8.92E-02,,9.46E-03,,9.43E-02,,1.00E-02
816760870000,9.43E-02,1.06E+01,6.50E+08,2.47E+01,1.55E+09,2.57E+09,1.02E+09,9.49E+01,8.94E-02,9.49E-03,1.00E+02,9.43E-02,1.00E-02,1.19E+01,1.97E+00,2.84E+01,3.39E+04,1.82E+06,1.93E+07,5.17E+05,5.48E+06,1.01E+00,0.00E+00,2.43E-01,1.00E+02,9.51E+06,1.01E+08,1.00E+00,5.10E+00,0.00E+00,0.00E+00,6.06E+01,4.40E+01,0.00E+00,5.88E+01,8.22E+00,0.00E+00,9.51E+06,1.01E+08,1.83E+06,1.94E+07,6.70E+01,3.96E+00,6.66E+01,,8.94E-02,,9.49E-03,,9.43E-02,,1.00E-02
816760880000,9.43E-02,1.06E+01,6.50E+08,3.40E+01,2.12E+09,3.54E+09,1.42E+09,9.74E+01,9.18E-02,9.74E-03,8.62E+01,8.12E-02,8.62E-03,8.88E+00,1.89E+00,5.30E+01,3.59E+04,1.36E+06,1.44E+07,7.21E+05,7.65E+06,1.01E+00,0.00E+00,6.47E-01,1.00E+02,1.13E+07,1.20E+08,1.13E+00,1.03E+01,0.00E+00,0.00E+00,2.48E+01,4.40E+01,0.00E+00,3.22E+01,6.15E+00,0.00E+00,1.27E+07,1.35E+08,1.37E+06,1.45E+07,3.84E+01,1.76E+00,7.94E+01,,9.18E-02,,9.74E-03,,8.12E-02,,8.62E-03
816760890000,9.43E-02,1.06E+01,6.50E+08,3.86E+01,2.54E+09,4.02E+09,1.47E+09,1.00E+02,9.43E-02,1.00E-02,0.00E+00,0.00E+00,0.00E+00,7.19E+00,1.93E+00,2.62E+01,3.78E+04,1.10E+06,1.17E+07,2.89E+05,3.07E+06,1.01E+00,1.81E+01,9.39E-01,1.00E+02,1.26E+07,1.34E+08,1.19E+00,1.40E+01,0.00E+00,0.00E+00,8.54E+00,4.40E+01,0.00E+00,1.31E+01,4.97E+00,0.00E+00,1.51E+07,1.60E+08,1.11E+06,1.18E+07,1.81E+01,6.85E-03,8.91E+01,,9.43E-02,,1.00E-02,,0.00E+00,,0.00E+00
816760900000,9.43E-02,1.06E+01,6.50E+08,3.15E+01,2.00E+09,3.28E+09,1.28E+09,9.67E+01,9.12E-02,9.67E-03,0.00E+00,0.00E+00,0.00E+00,1.80E+01,2.02E+00,4.05E+01,6.19E+03,2.75E+06,2.92E+07,1.11E+06,1.18E+07,1.01E+00,2.34E+01,5.70E-01,1.00E+02,8.02E+06,8.51E+07,1.07E+00,6.39E+00,0.00E+00,0.00E+00,1.10E+01,4.62E+01,0.00E+00,9.64E+00,1.31E+01,0.00E+00,8.56E+06,9.08E+07,2.79E+06,2.96E+07,2.28E+01,2.75E-04,5.34E+01,,9.12E-02,,9.67E-03,,0.00E+00,,0.00E+00
816760910000,9.43E-02,1.06E+01,6.50E+08,3.13E+01,1.98E+09,3.25E+09,1.28E+09,5.42E+00,5.11E-03,5.42E-04,9.13E+01,8.61E-02,9.13E-03,1.84E+01,2.02E+00,4.07E+01,6.11E+03,2.82E+06,2.99E+07,1.15E+06,1.22E+07,1.01E+00,2.38E+01,5.55E-01,1.00E+02,7.83E+06,8.31E+07,1.06E+00,6.08E+00,0.00E+00,0.00E+00,1.12E+01,4.62E+01,0.00E+00,9.50E+00,1.35E+01,0.00E+00,8.30E+06,8.80E+07,2.86E+06,3.03E+07,2.30E+01,8.83E-06,5.20E+01,,5.11E-03,,5.42E-04,,8.61E-02,,9.13E-03
816760920000,9.43E-02,1.06E+01,6.50E+08,2.66E+01,1.56E+09,2.76E+09,1.20E+09,3.38E+01,3.18E-02,3.38E-03,7.98E+01,7.52E-02,7.98E-03,1.20E+01,2.02E+00,4.07E+01,3.83E+03,1.84E+06,1.95E+07,7.49E+05,7.94E+06,1.01E+00,0.00E+00,4.60E-01,1.00E+02,8.93E+06,9.48E+07,1.03E+00,6.02E+00,0.00E+00,0.00E+00,3.17E+01,4.62E+01,0.00E+00,2.98E+01,8.79E+00,0.00E+00,9.24E+06,9.80E+07,1.86E+06,1.98E+07,3.86E+01,4.75E-01,5.14E+01,,3.18E-02,,3.38E-03,,7.52E-02,,7.98E-03
816760930000,1.04E-01,9.66E+00,6.50E+08,1.70E+01,6.86E+08,1.77E+09,1.09E+09,9.52E+01,9.85E-02,9.52E-03,2.99E+01,3.09E-02,2.99E-03,4.35E-03,3.37E+02,1.00E+02,1.45E+00,7.32E+02,7.07E+03,7.32E+02,7.07E+03,2.00E+00,0.00E+00,2.79E-01,1.00E+02,1.20E+07,1.16E+08,1.00E+00,5.87E+00,0.00E+00,0.00E+00,6.06E+01,6.04E+01,0.00E+00,6.75E+01,8.21E-03,0.00E+00,1.20E+07,1.16E+08,1.46E+03,1.41E+04,6.75E+01,1.97E+00,5.13E+01,,9.85E-02,,9.52E-03,,3.09E-02,,2.99E-03
816760940000,1.05E-01,9.54E+00,6.50E+08,2.24E+01,1.32E+09,2.33E+09,1.01E+09,9.45E+01,9.91E-02,9.45E-03,7.56E+01,7.92E-02,7.56E-03,8.03E+00,2.16E+00,3.67E+01,1.70E+04,1.37E+06,1.30E+07,5.02E+05,4.79E+06,1.01E+00,0.00E+00,2.38E-01,1.00E+02,1.04E+07,9.91E+07,1.00E+00,5.08E+00,0.00E+00,0.00E+00,6.06E+01,4.41E+01,0.00E+00,5.77E+01,5.58E+00,0.00E+00,1.04E+07,9.91E+07,1.38E+06,1.32E+07,6.33E+01,5.52E+00,6.43E+01,,9.91E-02,,9.45E-03,,7.92E-02,,7.56E-03
816760950000,1.05E-01,9.54E+00,6.50E+08,2.63E+01,1.54E+09,2.73E+09,1.19E+09,9.48E+01,9.93E-02,9.48E-03,1.00E+02,1.05E-01,1.00E-02,1.14E+01,2.21E+00,4.70E+01,3.65E+04,1.94E+06,1.86E+07,9.15E+05,8.73E+06,1.01E+00,0.00E+00,2.42E-01,1.00E+02,1.05E+07,1.01E+08,1.00E+00,5.13E+00,0.00E+00,0.00E+00,6.06E+01,4.40E+01,0.00E+00,5.86E+01,7.91E+00,0.00E+00,1.05E+07,1.01E+08,1.96E+06,1.87E+07,6.65E+01,4.08E+00,6.61E+01,,9.93E-02,,9.48E-03,,1.05E-01,,1.00E-02
816760960000,1.05E-01,9.54E+00,6.50E+08,2.40E+01,1.51E+09,2.50E+09,9.89E+08,9.47E+01,9.93E-02,9.47E-03,1.00E+02,1.05E-01,1.00E-02,1.16E+01,2.01E+00,2.82E+01,3.29E+04,1.98E+06,1.89E+07,5.57E+05,5.31E+06,1.01E+00,0.00E+00,2.35E-01,1.00E+02,1.02E+07,9.76E+07,1.00E+00,4.93E+00,0.00E+00,0.00E+00,6.06E+01,4.40E+01,0.00E+00,5.69E+01,8.04E+00,0.00E+00,1.02E+07,9.76E+07,1.99E+06,1.90E+07,6.49E+01,5.24E+00,6.79E+01,,9.93E-02,,9.47E-03,,1.05E-01,,1.00E-02
816760970000,1.05E-01,9.54E+00,6.50E+08,2.67E+01,1.62E+09,2.78E+09,1.16E+09,9.44E+01,9.89E-02,9.44E-03,1.00E+02,1.05E-01,1.00E-02,1.16E+01,1.83E+00,5.46E+01,3.32E+04,1.97E+06,1.88E+07,1.07E+06,1.03E+07,1.01E+00,0.00E+00,2.32E-01,1.00E+02,1.01E+07,9.63E+07,1.00E+00,4.91E+00,0.00E+00,0.00E+00,6.06E+01,4.40E+01,0.00E+00,5.61E+01,8.02E+00,0.00E+00,1.01E+07,9.63E+07,1.98E+06,1.89E+07,6.41E+01,5.60E+00,6.81E+01,,9.89E-02,,9.44E-03,,1.05E-01,,1.00E-02
816760980000,1.05E-01,9.54E+00,6.50E+08,2.30E+01,1.37E+09,2.40E+09,1.03E+09,9.59E+01,1.01E-01,9.59E-03,4.93E+01,5.16E-02,4.93E-03,5.22E+00,2.71E+00,1.16E+01,4.18E+04,8.89E+05,8.48E+06,1.03E+05,9.86E+05,1.00E+00,0.00E+00,4.25E-01,1.00E+02,1.18E+07,1.13E+08,1.06E+00,7.47E+00,0.00E+00,0.00E+00,4.31E+01,4.39E+01,0.00E+00,4.93E+01,3.60E+00,0.00E+00,1.25E+07,1.19E+08,8.92E+05,8.51E+06,5.29E+01,2.98E+00,6.61E+01,,1.01E-01,,9.59E-03,,5.16E-02,,4.93E-03
816760990000,1.05E-01,9.54E+00,6.50E+08,3.20E+01,1.95E+09,3.33E+09,1.38E+09,1.00E+02,1.05E-01,1.00E-02,0.00E+00,0.00E+00,0.00E+00,0.00E+00,,,,0.00E+00,0.00E+00,0.00E+00,0.00E+00,,1.81E+01,9.62E-01,1.00E+02,1.44E+07,1.37E+08,1.19E+00,1.42E+01,0.00E+00,0.00E+00,8.54E+00,,0.00E+00,1.35E+01,0.00E+00,0.00E+00,1.72E+07,1.64E+08,0.00E+00,0.00E+00,1.35E+01,1.41E-04,8.36E+01,,1.05E-01,,1.00E-02,,0.00E+00,,0.00E+00
816761000000,1.05E-01,9.54E+00,6.50E+08,3.03E+01,1.89E+09,3.15E+09,1.26E+09,9.67E+01,1.01E-01,9.67E-03,0.00E+00,0.00E+00,0.00E+00,1.15E+01,2.02E+00,4.07E+01,6.11E+03,1.96E+06,1.87E+07,7.97E+05,7.61E+06,1.01E+00,2.10E+01,6.70E-01,1.00E+02,1.03E+07,9.80E+07,1.12E+00,8.64E+00,0.00E+00,0.00E+00,9.88E+00,4.62E+01,0.00E+00,1.05E+01,8.42E+00,0.00E+00,1.15E+07,1.10E+08,1.99E+06,1.89E+07,1.89E+01,1.21E-04,6.41E+01,,1.01E-01,,9.67E-03,,0.00E+00,,0.00E+00
816761010000,1.05E-01,9.54E+00,6.50E+08,2.95E+01,1.87E+09,3.07E+09,1.20E+09,3.67E+01,3.85E-02,3.67E-03,5.96E+01,6.25E-02,5.96E-03,1.73E+01,2.02E+00,4.07E+01,6.11E+03,2.95E+06,2.81E+07,1.20E+06,1.15E+07,1.01E+00,2.38E+01,5.22E-01,1.00E+02,8.19E+06,7.82E+07,1.06E+00,5.83E+00,0.00E+00,0.00E+00,1.12E+01,4.62E+01,0.00E+00,8.94E+00,1.27E+01,0.00E+00,8.68E+06,8.28E+07,2.99E+06,2.85E+07,2.16E+01,1.11E-04,5.43E+01,,3.85E-02,,3.67E-03,,6.25E-02,,5.96E-03
816761020000,1.05E-01,9.54E+00,6.50E+08,2.95E+01,1.87E+09,3.07E+09,1.20E+09,0.00E+00,0.00E+00,0.00E+00,1.00E+02,1.05E-01,1.00E-02,1.73E+01,2.02E+00,4.07E+01,6.11E+03,2.95E+06,2.81E+07,1.20E+06,1.15E+07,1.01E+00,2.38E+01,5.22E-01,1.00E+02,8.19E+06,7.82E+07,1.06E+00,5.83E+00,0.00E+00,0.00E+00,1.12E+01,4.62E+01,0.00E+00,8.94E+00,1.27E+01,0.00E+00,8.68E+06,8.28E+07,2.99E+06,2.85E+07,2.16E+01,1.11E-04,5.43E+01,,0.00E+00,,0.00E+00,,1.05E-01,,1.00E-02
816761030000,1.04E-01,9.64E+00,6.50E+08,1.88E+01,8.60E+08,1.96E+09,1.10E+09,8.51E+01,8.83E-02,8.51E-03,5.30E+01,5.50E-02,5.30E-03,1.98E+00,3.31E+00,4.08E+01,5.39E+02,3.33E+05,3.21E+06,1.36E+05,1.31E+06,1.02E+00,0.00E+00,3.01E-01,1.00E+02,1.13E+07,1.09E+08,1.00E+00,5.78E+00,0.00E+00,0.00E+00,5.63E+01,4.63E+01,0.00E+00,5.96E+01,1.45E+00,0.00E+00,1.14E+07,1.10E+08,3.38E+05,3.26E+06,6.10E+01,2.25E+00,5.21E+01,,8.83E-02,,8.51E-03,,5.50E-02,,5.30E-03
816761040000,1.02E-01,9.79E+00,6.50E+08,1.95E+01,1.06E+09,2.03E+09,9.67E+08,9.47E+01,9.68E-02,9.47E-03,5.40E+01,5.51E-02,5.40E-03,4.85E+00,2.42E+00,2.42E+01,3.86E+03,8.05E+05,7.88E+06,1.95E+05,1.91E+06,1.01E+00,0.00E+00,2.49E-01,1.00E+02,1.06E+07,1.04E+08,1.00E+00,5.25E+00,0.00E+00,0.00E+00,6.06E+01,4.41E+01,0.00E+00,6.04E+01,3.38E+00,0.00E+00,1.06E+07,1.04E+08,8.15E+05,7.98E+06,6.37E+01,4.91E+00,6.03E+01,,9.68E-02,,9.47E-03,,5.51E-02,,5.40E-03
816761050000,1.02E-01,9.79E+00,6.50E+08,2.40E+01,1.43E+09,2.50E+09,1.07E+09,9.36E+01,9.56E-02,9.36E-03,1.00E+02,1.02E-01,1.00E-02,1.06E+01,2.18E+00,4.39E+01,3.59E+04,1.75E+06,1.72E+07,7.70E+05,7.54E+06,1.01E+00,0.00E+00,2.21E-01,1.00E+02,9.37E+06,9.17E+07,1.00E+00,4.72E+00,0.00E+00,0.00E+00,6.06E+01,4.40E+01,0.00E+00,5.34E+01,7.32E+00,0.00E+00,9.37E+06,9.17E+07,1.77E+06,1.73E+07,6.07E+01,7.00E+00,6.82E+01,,9.56E-02,,9.36E-03,,1.02E-01,,1.00E-02
816761060000,1.02E-01,9.79E+00,6.50E+08,2.53E+01,1.51E+09,2.63E+09,1.12E+09,9.39E+01,9.59E-02,9.39E-03,1.00E+02,1.02E-01,1.00E-02,1.16E+01,2.14E+00,4.29E+01,3.46E+04,1.92E+06,1.88E+07,8.24E+05,8.06E+06,1.01E+00,0.00E+00,2.34E-01,1.00E+02,9.95E+06,9.74E+07,1.00E+00,4.98E+00,0.00E+00,0.00E+00,6.06E+01,4.40E+01,0.00E+00,5.67E+01,8.03E+00,0.00E+00,9.95E+06,9.74E+07,1.94E+06,1.90E+07,6.48E+01,5.11E+00,6.77E+01,,9.59E-02,,9.39E-03,,1.02E-01,,1.00E-02
816761070000,1.02E-01,9.79E+00,6.50E+08,2.59E+01,1.59E+09,2.70E+09,1.11E+09,9.61E+01,9.82E-02,9.61E-03,1.00E+02,1.02E-01,1.00E-02,1.19E+01,1.94E+00,3.94E+01,3.30E+04,1.98E+06,1.93E+07,7.79E+05,7.63E+06,1.01E+00,0.00E+00,2.44E-01,1.00E+02,1.04E+07,1.01E+08,1.00E+00,5.14E+00,0.00E+00,0.00E+00,6.06E+01,4.40E+01,0.00E+00,5.91E+01,8.25E+00,0.00E+00,1.04E+07,1.01E+08,1.99E+06,1.95E+07,6.73E+01,3.88E+00,6.64E+01,,9.82E-02,,9.61E-03,,1.02E-01,,1.00E-02
816761080000,1.02E-01,9.79E+00,6.50E+08,2.36E+01,1.42E+09,2.46E+09,1.03E+09,9.50E+01,9.70E-02,9.50E-03,8.04E+01,8.21E-02,8.04E-03,8.94E+00,1.91E+00,3.40E+01,3.52E+04,1.48E+06,1.45E+07,5.04E+05,4.94E+06,1.01E+00,0.00E+00,2.50E-01,1.00E+02,1.06E+07,1.04E+08,1.00E+00,5.28E+00,0.00E+00,0.00E+00,6.06E+01,4.40E+01,0.00E+00,6.05E+01,6.18E+00,0.00E+00,1.06E+07,1.04E+08,1.49E+06,1.46E+07,6.67E+01,3.85E+00,6.26E+01,,9.70E-02,,9.50E-03,,8.21E-02,,8.04E-03
816761090000,1.02E-01,9.79E+00,6.50E+08,3.25E+01,1.97E+09,3.38E+09,1.41E+09,9.90E+01,1.01E-01,9.90E-03,0.00E+00,0.00E+00,0.00E+00,0.00E+00,,,,0.00E+00,0.00E+00,0.00E+00,0.00E+00,,1.68E+01,9.71E-01,1.00E+02,1.44E+07,1.41E+08,1.19E+00,1.44E+01,0.00E+00,0.00E+00,9.87E+00,,0.00E+00,1.59E+01,0.00E+00,0.00E+00,1.72E+07,1.68E+08,0.00E+00,0.00E+00,1.59E+01,2.64E-02,8.28E+01,,1.01E-01,,9.90E-03,,0.00E+00,,0.00E+00
816761100000,1.02E-01,9.79E+00,6.50E+08,3.22E+01,1.99E+09,3.34E+09,1.35E+09,9.68E+01,9.88E-02,9.68E-03,0.00E+00,0.00E+00,0.00E+00,7.97E+00,2.02E+00,4.07E+01,6.11E+03,1.32E+06,1.30E+07,5.39E+05,5.27E+06,1.01E+00,1.98E+01,8.00E-01,1.00E+02,1.18E+07,1.16E+08,1.15E+00,1.09E+01,0.00E+00,0.00E+00,9.31E+00,4.62E+01,0.00E+00,1.19E+01,5.84E+00,0.00E+00,1.36E+07,1.33E+08,1.34E+06,1.31E+07,1.78E+01,7.00E-05,7.01E+01,,9.88E-02,,9.68E-03,,0.00E+00,,0.00E+00
816761110000,1.02E-01,9.79E+00,6.50E+08,3.10E+01,1.96E+09,3.22E+09,1.26E+09,5.84E+01,5.96E-02,5.84E-03,3.83E+01,3.92E-02,3.83E-03,1.82E+01,2.02E+00,4.07E+01,6.11E+03,3.02E+06,2.96E+07,1.23E+06,1.20E+07,1.01E+00,2.38E+01,5.49E-01,1.00E+02,8.39E+06,8.22E+07,1.06E+00,6.07E+00,0.00E+00,0.00E+00,1.12E+01,4.62E+01,0.00E+00,9.40E+00,1.33E+01,0.00E+00,8.89E+06,8.71E+07,3.06E+06,3.00E+07,2.27E+01,1.75E-05,5.22E+01,,5.96E-02,,5.84E-03,,3.92E-02,,3.83E-03
816761120000,1.02E-01,9.79E+00,6.50E+08,3.10E+01,1.96E+09,3.22E+09,1.26E+09,0.00E+00,0.00E+00,0.00E+00,1.00E+02,1.02E-01,1.00E-02,1.82E+01,2.02E+00,4.07E+01,6.11E+03,3.02E+06,2.96E+07,1.23E+06,1.20E+07,1.01E+00,2.38E+01,5.49E-01,1.00E+02,8.39E+06,8.22E+07,1.06E+00,6.07E+00,0.00E+00,0.00E+00,1.12E+01,4.62E+01,0.00E+00,9.40E+00,1.33E+01,0.00E+00,8.89E+06,8.71E+07,3.06E+06,3.00E+07,2.27E+01,1.75E-05,5.22E+01,,0.00E+00,,0.00E+00,,1.02E-01,,1.00E-02
816761130000,1.04E-01,9.59E+00,6.50E+08,1.96E+01,9.60E+08,2.03E+09,1.07E+09,7.61E+01,7.94E-02,7.61E-03,5.33E+01,5.56E-02,5.33E-03,3.72E+00,2.33E+00,4.08E+01,1.26E+03,6.31E+05,6.05E+06,2.57E+05,2.47E+06,1.01E+00,0.00E+00,3.26E-01,1.00E+02,1.10E+07,1.06E+08,1.01E+00,5.74E+00,0.00E+00,0.00E+00,5.23E+01,4.62E+01,0.00E+00,5.36E+01,2.73E+00,0.00E+00,1.11E+07,1.07E+08,6.40E+05,6.14E+06,5.64E+01,1.99E+00,5.12E+01,,7.94E-02,,7.61E-03,,5.56E-02,,5.33E-03
816761140000,1.14E-01,8.79E+00,6.50E+08,2.02E+01,1.09E+09,2.10E+09,1.01E+09,9.39E+01,1.07E-01,9.39E-03,5.90E+01,6.72E-02,5.90E-03,5.08E+00,2.37E+00,2.92E+01,2.63E+03,9.40E+05,8.26E+06,2.75E+05,2.42E+06,1.01E+00,0.00E+00,2.47E-01,1.00E+02,1.17E+07,1.03E+08,1.00E+00,5.22E+00,0.00E+00,0.00E+00,6.06E+01,4.41E+01,0.00E+00,5.98E+01,3.54E+00,0.00E+00,1.17E+07,1.03E+08,9.51E+05,8.36E+06,6.34E+01,4.98E+00,6.15E+01,,1.07E-01,,9.39E-03,,6.72E-02,,5.90E-03
816761150000,1.14E-01,8.79E+00,6.50E+08,2.50E+01,1.41E+09,2.60E+09,1.19E+09,9.35E+01,1.06E-01,9.35E-03,1.00E+02,1.14E-01,1.00E-02,1.05E+01,2.22E+00,6.28E+01,3.37E+04,1.94E+06,1.71E+07,1.22E+06,1.07E+07,1.01E+00,0.00E+00,2.13E-01,1.00E+02,1.01E+07,8.85E+07,1.00E+00,4.61E+00,0.00E+00,0.00E+00,6.06E+01,4.40E+01,0.00E+00,5.16E+01,7.27E+00,0.00E+00,1.01E+07,8.85E+07,1.96E+06,1.72E+07,5.88E+01,7.78E+00,7.02E+01,,1.06E-01,,9.35E-03,,1.14E-01,,1.00E-02
816761160000,1.14E-01,8.79E+00,6.50E+08,2.33E+01,1.47E+09,2.43E+09,9.59E+08,9.39E+01,1.07E-01,9.39E-03,1.00E+02,1.14E-01,1.00E-02,1.13E+01,2.07E+00,2.72E+01,3.27E+04,2.09E+06,1.84E+07,5.69E+05,5.00E+06,1.01E+00,0.00E+00,2.29E-01,1.00E+02,1.08E+07,9.51E+07,1.00E+00,4.83E+00,0.00E+00,0.00E+00,6.06E+01,4.40E+01,0.00E+00,5.54E+01,7.84E+00,0.00E+00,1.08E+07,9.51E+07,2.11E+06,1.85E+07,6.32E+01,6.02E+00,6.83E+01,,1.07E-01,,9.39E-03,,1.14E-01,,1.00E-02
816761170000,1.14E-01,8.79E+00,6.50E+08,2.77E+01,1.67E+09,2.88E+09,1.21E+09,9.48E+01,1.08E-01,9.48E-03,1.00E+02,1.14E-01,1.00E-02,1.19E+01,1.86E+00,5.44E+01,3.32E+04,2.20E+06,1.93E+07,1.20E+06,1.05E+07,1.01E+00,0.00E+00,2.41E-01,1.00E+02,1.14E+07,1.00E+08,1.00E+00,5.11E+00,0.00E+00,0.00E+00,6.06E+01,4.40E+01,0.00E+00,5.85E+01,8.25E+00,0.00E+00,1.14E+07,1.00E+08,2.22E+06,1.95E+07,6.67E+01,4.35E+00,6.68E+01,,1.08E-01,,9.48E-03,,1.14E-01,,1.00E-02
816761180000,1.14E-01,8.79E+00,6.50E+08,1.90E+01,1.01E+09,1.98E+09,9.67E+08,9.56E+01,1.09E-01,9.56E-03,4.60E+01,5.24E-02,4.60E-03,4.88E+00,2.41E+00,1.69E+01,4.27E+04,9.03E+05,7.93E+06,1.52E+05,1.34E+06,1.00E+00,0.00E+00,2.70E-01,1.00E+02,1.28E+07,1.12E+08,1.00E+00,5.64E+00,0.00E+00,0.00E+00,6.06E+01,4.39E+01,0.00E+00,6.53E+01,3.36E+00,0.00E+00,1.28E+07,1.12E+08,9.06E+05,7.96E+06,6.87E+01,2.35E+00,5.68E+01,,1.09E-01,,9.56E-03,,5.24E-02,,4.60E-03
816761190000,1.14E-01,8.79E+00,6.50E+08,2.72E+01,1.54E+09,2.83E+09,1.29E+09,9.79E+01,1.11E-01,9.79E-03,0.00E+00,0.00E+00,0.00E+00,0.00E+00,,,,0.00E+00,0.00E+00,0.00E+00,0.00E+00,,2.75E+00,7.65E-01,1.00E+02,1.55E+07,1.36E+08,1.13E+00,1.18E+01,0.00E+00,0.00E+00,2.24E+01,,0.00E+00,3.34E+01,0.00E+00,0.00E+00,1.76E+07,1.55E+08,0.00E+00,0.00E+00,3.34E+01,2.11E-01,7.23E+01,,1.11E-01,,9.79E-03,,0.00E+00,,0.00E+00
816761200000,1.14E-01,8.79E+00,6.50E+08,3.32E+01,2.02E+09,3.45E+09,1.43E+09,9.69E+01,1.10E-01,9.69E-03,0.00E+00,0.00E+00,0.00E+00,2.67E+00,2.01E+00,4.45E+01,5.67E+03,4.93E+05,4.33E+06,2.19E+05,1.93E+06,1.01E+00,1.86E+01,9.43E-01,1.00E+02,1.54E+07,1.35E+08,1.18E+00,1.35E+01,0.00E+00,0.00E+00,8.78E+00,4.63E+01,0.00E+00,1.35E+01,1.96E+00,0.00E+00,1.82E+07,1.60E+08,5.00E+05,4.40E+06,1.54E+01,1.27E-04,7.86E+01,,1.10E-01,,9.69E-03,,0.00E+00,,0.00E+00
816761210000,1.14E-01,8.79E+00,6.50E+08,3.16E+01,1.95E+09,3.29E+09,1.34E+09,8.68E+01,9.88E-02,8.68E-03,9.98E+00,1.14E-02,9.98E-04,1.76E+01,2.01E+00,4.45E+01,5.67E+03,3.26E+06,2.87E+07,1.45E+06,1.27E+07,1.01E+00,2.39E+01,5.82E-01,1.00E+02,9.92E+06,8.71E+07,1.06E+00,6.37E+00,0.00E+00,0.00E+00,1.13E+01,4.63E+01,0.00E+00,9.97E+00,1.30E+01,0.00E+00,1.05E+07,9.21E+07,3.31E+06,2.91E+07,2.29E+01,6.48E-05,5.02E+01,,9.88E-02,,8.68E-03,,1.14E-02,,9.98E-04
816761220000,1.14E-01,8.79E+00,6.50E+08,3.16E+01,1.95E+09,3.29E+09,1.34E+09,0.00E+00,0.00E+00,0.00E+00,1.00E+02,1.14E-01,1.00E-02,1.76E+01,2.01E+00,4.45E+01,5.67E+03,3.26E+06,2.87E+07,1.45E+06,1.27E+07,1.01E+00,2.39E+01,5.82E-01,1.00E+02,9.92E+06,8.71E+07,1.06E+00,6.37E+00,0.00E+00,0.00E+00,1.13E+01,4.63E+01,0.00E+00,9.97E+00,1.30E+01,0.00E+00,1.05E+07,9.21E+07,3.31E+06,2.91E+07,2.29E+01,6.48E-05,5.02E+01,,0.00E+00,,0.00E+00,,1.14E-01,,1.00E-02
816761230000,1.14E-01,8.79E+00,6.50E+08,2.14E+01,1.11E+09,2.22E+09,1.11E+09,6.36E+01,7.24E-02,6.36E-03,5.39E+01,6.13E-02,5.39E-03,6.01E+00,2.01E+00,4.45E+01,2.55E+03,1.11E+06,9.76E+06,4.94E+05,4.34E+06,1.01E+00,0.00E+00,3.79E-01,1.00E+02,1.19E+07,1.05E+08,1.02E+00,5.99E+00,0.00E+00,0.00E+00,4.60E+01,4.63E+01,0.00E+00,4.71E+01,4.41E+00,0.00E+00,1.21E+07,1.06E+08,1.13E+06,9.90E+06,5.16E+01,1.69E+00,5.15E+01,,7.24E-02,,6.36E-03,,6.13E-02,,5.39E-03
816761240000,1.14E-01,8.79E+00,6.50E+08,1.42E+01,5.49E+08,1.48E+09,9.28E+08,9.44E+01,1.07E-01,9.44E-03,0.00E+00,0.00E+00,0.00E+00,0.00E+00,,,,0.00E+00,0.00E+00,0.00E+00,0.00E+00,,0.00E+00,2.78E-01,1.00E+02,1.32E+07,1.16E+08,1.00E+00,5.79E+00,0.00E+00,0.00E+00,6.06E+01,,0.00E+00,6.73E+01,0.00E+00,0.00E+00,1.32E+07,1.16E+08,0.00E+00,0.00E+00,6.73E+01,2.28E+00,5.20E+01,,1.07E-01,,9.44E-03,,0.00E+00,,0.00E+00
816761250000,1.61E-01,6.22E+00,6.50E+08,1.67E+01,6.62E+08,1.73E+09,1.07E+09,9.56E+01,1.54E-01,9.56E-03,2.47E+01,3.97E-02,2.47E-03,3.94E-03,3.63E+02,1.00E+02,1.50E+00,1.03E+03,6.40E+03,1.03E+03,6.40E+03,2.00E+00,0.00E+00,2.80E-01,1.00E+02,1.87E+07,1.17E+08,1.00E+00,5.89E+00,0.00E+00,0.00E+00,6.06E+01,6.13E+01,0.00E+00,6.79E+01,7.55E-03,0.00E+00,1.87E+07,1.17E+08,2.06E+03,1.28E+04,6.79E+01,2.01E+00,5.18E+01,,1.54E-01,,9.56E-03,,3.97E-02,,2.47E-03
816761260000,1.77E-01,5.64E+00,6.50E+08,1.68E+01,7.27E+08,1.75E+09,1.02E+09,9.43E+01,1.67E-01,9.43E-03,7.62E+01,1.35E-01,7.62E-03,8.64E+00,4.08E+00,4.24E+00,2.21E+03,2.49E+06,1.40E+07,1.06E+05,5.96E+05,1.38E+00,0.00E+00,2.77E-01,1.00E+02,2.05E+07,1.15E+08,1.00E+00,5.81E+00,0.00E+00,0.00E+00,6.06E+01,2.82E+01,0.00E+00,6.72E+01,5.27E+00,0.00E+00,2.05E+07,1.15E+08,3.44E+06,1.94E+07,7.25E+01,1.08E+00,4.99E+01,,1.67E-01,,9.43E-03,,1.35E-01,,7.62E-03
816761270000,1.77E-01,5.64E+00,6.50E+08,1.79E+01,7.69E+08,1.86E+09,1.09E+09,9.55E+01,1.69E-01,9.55E-03,9.37E+01,1.66E-01,9.37E-03,9.55E+00,3.45E+00,6.37E+00,1.89E+03,2.75E+06,1.55E+07,1.75E+05,9.88E+05,1.38E+00,0.00E+00,2.83E-01,1.00E+02,2.08E+07,1.18E+08,1.00E+00,5.91E+00,0.00E+00,0.00E+00,6.06E+01,2.86E+01,0.00E+00,6.85E+01,5.89E+00,0.00E+00,2.08E+07,1.18E+08,3.80E+06,2.14E+07,7.44E+01,5.70E-01,4.93E+01,,1.69E-01,,9.55E-03,,1.66E-01,,9.37E-03
816761280000,1.77E-01,5.64E+00,6.50E+08,3.55E+01,2.16E+09,3.69E+09,1.54E+09,9.89E+01,1.75E-01,9.89E-03,8.96E+01,1.59E-01,8.96E-03,2.43E+01,2.29E+00,9.40E+00,1.87E+03,7.00E+06,3.95E+07,6.58E+05,3.71E+06,1.38E+00,1.41E+01,7.76E-01,1.00E+02,2.08E+07,1.17E+08,1.18E+00,1.65E+01,0.00E+00,0.00E+00,1.27E+01,2.90E+01,0.00E+00,1.69E+01,1.52E+01,0.00E+00,2.46E+07,1.39E+08,9.68E+06,5.46E+07,3.21E+01,7.51E-02,8.08E+01,,1.75E-01,,9.89E-03,,1.59E-01,,8.96E-03
816761290000,1.77E-01,5.64E+00,6.50E+08,3.58E+01,2.20E+09,3.73E+09,1.53E+09,9.65E+01,1.71E-01,9.65E-03,9.19E+01,1.63E-01,9.19E-03,2.48E+01,2.27E+00,9.07E+00,2.00E+03,7.14E+06,4.03E+07,6.48E+05,3.66E+06,1.40E+00,1.54E+01,7.91E-01,1.00E+02,2.07E+07,1.17E+08,1.19E+00,1.68E+01,0.00E+00,0.00E+00,1.14E+01,2.86E+01,0.00E+00,1.53E+01,1.55E+01,0.00E+00,2.47E+07,1.39E+08,9.99E+06,5.64E+07,3.08E+01,6.80E-02,8.17E+01,,1.71E-01,,9.65E-03,,1.63E-01,,9.19E-03
816761300000,1.77E-01,5.64E+00,6.50E+08,1.83E+01,8.24E+08,1.90E+09,1.07E+09,9.53E+01,1.69E-01,9.53E-03,9.68E+01,1.72E-01,9.68E-03,1.02E+01,3.37E+00,5.65E+00,2.34E+03,2.93E+06,1.65E+07,1.66E+05,9.34E+05,1.44E+00,0.00E+00,6.37E-01,1.00E+02,1.97E+07,1.11E+08,1.46E+00,1.95E+01,0.00E+00,0.00E+00,4.47E+01,2.70E+01,0.00E+00,6.98E+01,6.17E+00,0.00E+00,2.88E+07,1.62E+08,4.21E+06,2.38E+07,7.59E+01,7.85E-01,5.06E+01,,1.69E-01,,9.53E-03,,1.72E-01,,9.68E-03
816761310000,1.77E-01,5.64E+00,6.50E+08,1.76E+01,8.05E+08,1.83E+09,1.02E+09,9.48E+01,1.68E-01,9.48E-03,9.65E+01,1.71E-01,9.65E-03,1.01E+01,2.84E+00,4.45E+00,2.22E+03,2.91E+06,1.64E+07,1.29E+05,7.30E+05,1.40E+00,0.00E+00,5.76E-01,1.00E+02,1.94E+07,1.09E+08,1.37E+00,2.17E+01,0.00E+00,0.00E+00,4.72E+01,2.76E+01,0.00E+00,6.81E+01,6.11E+00,0.00E+00,2.66E+07,1.50E+08,4.08E+06,2.30E+07,7.43E+01,1.23E+00,5.20E+01,,1.68E-01,,9.48E-03,,1.71E-01,,9.65E-03
816761320000,1.77E-01,5.64E+00,6.50E+08,1.62E+01,7.30E+08,1.69E+09,9.56E+08,9.40E+01,1.67E-01,9.40E-03,9.63E+01,1.71E-01,9.63E-03,1.03E+01,2.44E+00,4.91E+00,2.44E+03,2.97E+06,1.68E+07,1.46E+05,8.22E+05,1.38E+00,0.00E+00,2.58E-01,1.00E+02,1.90E+07,1.07E+08,1.00E+00,5.45E+00,0.00E+00,0.00E+00,6.06E+01,2.91E+01,0.00E+00,6.25E+01,6.45E+00,0.00E+00,1.90E+07,1.07E+08,4.09E+06,2.31E+07,6.89E+01,1.53E+00,4.86E+01,,1.67E-01,,9.40E-03,,1.71E-01,,9.63E-03
816761330000,1.77E-01,5.64E+00,6.50E+08,1.42E+01,7.15E+08,1.48E+09,7.60E+08,5.16E+01,9.15E-02,5.16E-03,8.71E+01,1.54E-01,8.71E-03,2.02E+01,2.24E+00,8.12E+00,1.91E+03,5.81E+06,3.28E+07,4.72E+05,2.66E+06,1.38E+00,0.00E+00,1.49E-01,1.00E+02,1.10E+07,6.21E+07,1.00E+00,3.12E+00,0.00E+00,0.00E+00,6.06E+01,2.89E+01,0.00E+00,3.62E+01,1.26E+01,0.00E+00,1.10E+07,6.21E+07,8.03E+06,4.53E+07,4.88E+01,1.02E+00,2.83E+01,,9.15E-02,,5.16E-03,,1.54E-01,,8.71E-03
816761340000,1.77E-01,5.64E+00,6.50E+08,1.39E+01,7.13E+08,1.44E+09,7.27E+08,5.85E+01,1.04E-01,5.85E-03,9.14E+01,1.62E-01,9.14E-03,2.05E+01,3.15E+00,5.11E+00,1.98E+03,5.91E+06,3.33E+07,3.02E+05,1.70E+06,1.39E+00,0.00E+00,1.47E-01,1.00E+02,1.09E+07,6.13E+07,1.00E+00,3.10E+00,0.00E+00,0.00E+00,6.06E+01,2.83E+01,0.00E+00,3.57E+01,1.26E+01,0.00E+00,1.09E+07,6.13E+07,8.24E+06,4.65E+07,4.84E+01,1.06E+00,2.79E+01,,1.04E-01,,5.85E-03,,1.62E-01,,9.14E-03
816761350000,1.77E-01,5.64E+00,6.50E+08,1.38E+01,7.31E+08,1.44E+09,7.05E+08,4.61E+01,8.18E-02,4.61E-03,9.17E+01,1.63E-01,9.17E-03,2.11E+01,2.76E+00,4.88E+00,2.03E+03,6.08E+06,3.43E+07,2.97E+05,1.67E+06,1.38E+00,0.00E+00,1.51E-01,1.00E+02,1.12E+07,6.30E+07,1.00E+00,3.16E+00,0.00E+00,0.00E+00,6.06E+01,2.86E+01,0.00E+00,3.67E+01,1.30E+01,0.00E+00,1.12E+07,6.30E+07,8.38E+06,4.73E+07,4.97E+01,9.62E-01,2.83E+01,,8.18E-02,,4.61E-03,,1.63E-01,,9.17E-03
816761360000,1.77E-01,5.64E+00,6.50E+08,1.45E+01,7.55E+08,1.51E+09,7.51E+08,5.62E+01,9.96E-02,5.62E-03,8.90E+01,1.58E-01,8.90E-03,2.15E+01,3.28E+00,4.70E+00,2.06E+03,6.21E+06,3.50E+07,2.92E+05,1.65E+06,1.39E+00,0.00E+00,1.55E-01,1.00E+02,1.15E+07,6.46E+07,1.00E+00,3.23E+00,0.00E+00,0.00E+00,6.06E+01,2.82E+01,0.00E+00,3.76E+01,1.32E+01,0.00E+00,1.15E+07,6.46E+07,8.64E+06,4.87E+07,5.09E+01,3.79E-01,2.74E+01,,9.96E-02,,5.62E-03,,1.58E-01,,8.90E-03
816761370000,1.77E-01,5.64E+00,6.50E+08,2.17E+01,1.40E+09,2.26E+09,8.57E+08,5.34E+01,9.47E-02,5.34E-03,9.43E+01,1.67E-01,9.43E-03,2.29E+01,2.14E+00,2.44E+01,3.88E+03,6.60E+06,3.72E+07,1.61E+06,9.11E+06,1.15E+00,0.00E+00,2.10E-01,1.00E+02,9.07E+06,5.12E+07,1.22E+00,7.32E+00,0.00E+00,0.00E+00,5.20E+01,3.70E+01,0.00E+00,3.11E+01,1.53E+01,0.00E+00,1.10E+07,6.23E+07,7.62E+06,4.30E+07,4.64E+01,2.71E-01,5.92E+01,,9.47E-02,,5.34E-03,,1.67E-01,,9.43E-03
816761380000,1.77E-01,5.64E+00,6.50E+08,2.78E+01,2.02E+09,2.89E+09,8.68E+08,0.00E+00,0.00E+00,0.00E+00,1.00E+02,1.77E-01,1.00E-02,2.99E+01,2.06E+00,3.54E+01,1.89E+04,8.61E+06,4.86E+07,3.05E+06,1.72E+07,1.06E+00,1.44E+01,2.07E-01,1.00E+02,2.66E+06,1.50E+07,2.46E+00,1.01E+01,0.00E+00,0.00E+00,3.20E+01,4.11E+01,0.00E+00,1.13E+01,2.03E+01,0.00E+00,6.53E+06,3.68E+07,9.12E+06,5.14E+07,3.17E+01,5.50E-04,7.99E+01,,0.00E+00,,0.00E+00,,1.77E-01,,1.00E-02
816761390000,1.77E-01,5.64E+00,6.50E+08,4.16E+01,2.60E+09,4.32E+09,1.73E+09,7.60E+01,1.35E-01,7.60E-03,8.92E+01,1.58E-01,8.92E-03,2.16E+01,2.13E+00,3.88E+01,1.46E+04,6.23E+06,3.51E+07,2.41E+06,1.36E+07,1.02E+00,2.38E+01,8.92E-01,1.00E+02,2.29E+07,1.29E+08,1.09E+00,1.32E+01,0.00E+00,0.00E+00,1.26E+01,4.37E+01,0.00E+00,1.71E+01,1.51E+01,0.00E+00,2.51E+07,1.41E+08,6.38E+06,3.60E+07,3.22E+01,6.88E-04,6.90E+01,,1.35E-01,,7.60E-03,,1.58E-01,,8.92E-03
816761400000,1.77E-01,5.64E+00,6.50E+08,4.06E+01,2.46E+09,4.22E+09,1.76E+09,9.60E+01,1.70E-01,9.60E-03,8.41E+01,1.49E-01,8.41E-03,1.55E+01,1.96E+00,5.15E+01,1.24E+04,4.47E+06,2.52E+07,2.30E+06,1.30E+07,1.01E+00,2.13E+01,1.05E+00,1.00E+02,2.27E+07,1.28E+08,1.34E+00,2.74E+01,0.00E+00,0.00E+00,2.42E+01,4.50E+01,0.00E+00,3.99E+01,1.10E+01,0.00E+00,3.04E+07,1.72E+08,4.50E+06,2.54E+07,5.09E+01,1.07E-02,7.06E+01,,1.70E-01,,9.60E-03,,1.49E-01,,8.41E-03
816761410000,1.77E-01,5.64E+00,6.50E+08,3.24E+01,2.02E+09,3.37E+09,1.36E+09,9.52E+01,1.69E-01,9.52E-03,8.97E+01,1.59E-01,8.97E-03,1.01E+01,1.89E+00,5.12E+01,9.79E+03,2.90E+06,1.63E+07,1.48E+06,8.37E+06,1.01E+00,1.58E+01,1.14E+00,1.00E+02,1.67E+07,9.40E+07,2.13E+00,5.23E+01,0.00E+00,0.00E+00,3.75E+01,4.50E+01,0.00E+00,7.22E+01,7.15E+00,0.00E+00,3.55E+07,2.00E+08,2.93E+06,1.65E+07,7.93E+01,1.62E-02,7.71E+01,,1.69E-01,,9.52E-03,,1.59E-01,,8.97E-03
816761420000,1.68E-01,5.96E+00,6.50E+08,2.46E+01,1.46E+09,2.56E+09,1.11E+09,9.58E+01,1.61E-01,9.58E-03,8.01E+01,1.34E-01,8.01E-03,6.08E+00,3.03E+00,9.87E+00,7.71E+02,1.66E+06,9.89E+06,1.64E+05,9.76E+05,1.06E+00,1.44E+01,1.44E+00,1.00E+02,1.66E+07,9.89E+07,2.60E+00,5.60E+01,0.00E+00,0.00E+00,3.09E+01,5.53E+01,0.00E+00,7.64E+01,5.57E+00,0.00E+00,4.32E+07,2.57E+08,1.76E+06,1.05E+07,8.20E+01,5.25E-03,6.93E+01,,1.61E-01,,9.58E-03,,1.34E-01,,8.01E-03
816761430000,1.08E-01,9.30E+00,6.50E+08,2.14E+01,1.01E+09,2.23E+09,1.22E+09,9.51E+01,1.02E-01,9.51E-03,2.09E+01,2.25E-02,2.09E-03,3.04E-03,3.63E+02,1.00E+02,1.50E+00,5.31E+02,4.94E+03,5.31E+02,4.94E+03,2.00E+00,1.47E+01,1.55E+00,1.00E+02,1.19E+07,1.11E+08,2.48E+00,6.09E+01,0.00E+00,0.00E+00,3.18E+01,6.13E+01,0.00E+00,8.39E+01,5.83E-03,0.00E+00,2.95E+07,2.74E+08,1.06E+03,9.88E+03,8.39E+01,5.02E-03,5.50E+01,,1.02E-01,,9.51E-03,,2.25E-02,,2.09E-03
816761440000,1.08E-01,9.30E+00,6.50E+08,1.97E+01,1.00E+09,2.05E+09,1.05E+09,9.58E+01,1.03E-01,9.58E-03,8.91E+01,9.58E-02,8.91E-03,1.21E+01,1.00E+01,6.11E-01,2.65E+03,2.11E+06,1.96E+07,1.29E+04,1.20E+05,1.41E+00,1.41E+01,1.45E+00,1.00E+02,1.07E+07,9.95E+07,2.60E+00,6.80E+01,0.00E+00,0.00E+00,3.03E+01,2.77E+01,0.00E+00,7.52E+01,7.36E+00,0.00E+00,2.78E+07,2.58E+08,2.97E+06,2.76E+07,8.26E+01,1.76E-03,5.52E+01,,1.03E-01,,9.58E-03,,9.58E-02,,8.91E-03
816761450000,1.08E-01,9.30E+00,6.50E+08,2.23E+01,1.20E+09,2.32E+09,1.12E+09,9.51E+01,1.02E-01,9.51E-03,9.67E+01,1.04E-01,9.67E-03,1.42E+01,2.27E+00,1.16E+01,4.47E+03,2.48E+06,2.31E+07,2.89E+05,2.68E+06,1.28E+00,0.00E+00,8.31E-01,1.00E+02,1.11E+07,1.03E+08,1.74E+00,4.53E+01,0.00E+00,0.00E+00,3.49E+01,3.18E+01,0.00E+00,6.01E+01,9.04E+00,0.00E+00,1.93E+07,1.79E+08,3.18E+06,2.96E+07,6.92E+01,4.14E-01,5.67E+01,,1.02E-01,,9.51E-03,,1.04E-01,,9.67E-03
816761460000,1.08E-01,9.30E+00,6.50E+08,4.41E+01,3.08E+09,4.59E+09,1.50E+09,1.00E+02,1.08E-01,1.00E-02,1.00E+02,1.08E-01,1.00E-02,2.33E+01,2.06E+00,3.48E+01,1.96E+04,4.07E+06,3.78E+07,1.41E+06,1.31E+07,1.02E+00,1.72E+01,6.76E-01,1.00E+02,1.02E+07,9.49E+07,1.23E+00,1.48E+01,0.00E+00,0.00E+00,9.44E+00,4.33E+01,0.00E+00,1.06E+01,1.60E+01,0.00E+00,1.25E+07,1.16E+08,4.14E+06,3.85E+07,2.66E+01,3.93E-02,9.50E+01,,1.08E-01,,1.00E-02,,1.08E-01,,1.00E-02
816761470000,1.08E-01,9.30E+00,6.50E+08,4.41E+01,3.08E+09,4.59E+09,1.50E+09,1.00E+02,1.08E-01,1.00E-02,1.00E+02,1.08E-01,1.00E-02,2.33E+01,2.06E+00,3.48E+01,1.96E+04,4.07E+06,3.78E+07,1.41E+06,1.31E+07,1.02E+00,1.72E+01,6.76E-01,1.00E+02,1.02E+07,9.49E+07,1.23E+00,1.48E+01,0.00E+00,0.00E+00,9.44E+00,4.33E+01,0.00E+00,1.06E+01,1.60E+01,0.00E+00,1.25E+07,1.16E+08,4.14E+06,3.85E+07,2.66E+01,3.93E-02,9.50E+01,,1.08E-01,,1.00E-02,,1.08E-01,,1.00E-02
816761480000,1.08E-01,9.30E+00,6.50E+08,3.93E+01,2.47E+09,4.09E+09,1.62E+09,9.48E+01,1.02E-01,9.48E-03,9.82E+01,1.06E-01,9.82E-03,1.99E+01,2.01E+00,4.22E+01,2.66E+04,3.48E+06,3.24E+07,1.47E+06,1.37E+07,1.01E+00,1.13E+01,6.59E-01,1.00E+02,1.24E+07,1.16E+08,1.05E+00,1.10E+01,0.00E+00,0.00E+00,2.18E+01,4.48E+01,0.00E+00,2.55E+01,1.41E+01,0.00E+00,1.31E+07,1.22E+08,3.52E+06,3.27E+07,3.96E+01,1.78E+00,8.32E+01,,1.02E-01,,9.48E-03,,1.06E-01,,9.82E-03
816761490000,1.08E-01,9.30E+00,6.50E+08,4.48E+01,2.75E+09,4.66E+09,1.90E+09,9.34E+01,1.00E-01,9.34E-03,1.00E+02,1.08E-01,1.00E-02,2.41E+01,2.01E+00,4.52E+01,3.34E+04,4.21E+06,3.92E+07,1.90E+06,1.77E+07,1.01E+00,2.37E+01,8.43E-01,1.00E+02,1.37E+07,1.27E+08,1.05E+00,1.32E+01,0.00E+00,0.00E+00,1.13E+01,4.50E+01,0.00E+00,1.46E+01,1.71E+01,0.00E+00,1.44E+07,1.34E+08,4.24E+06,3.94E+07,3.16E+01,1.80E-05,8.86E+01,,1.00E-01,,9.34E-03,,1.08E-01,,1.00E-02
816761500000,1.08E-01,9.30E+00,6.50E+08,1.65E+01,6.10E+08,1.72E+09,1.11E+09,8.57E+01,9.21E-02,8.57E-03,8.34E+01,8.97E-02,8.34E-03,8.26E+00,2.39E+00,1.22E+01,1.05E+03,1.44E+06,1.34E+07,1.76E+05,1.63E+06,1.05E+00,0.00E+00,7.15E-01,1.00E+02,1.11E+07,1.03E+08,1.97E+00,5.97E+01,0.00E+00,0.00E+00,3.45E+01,5.27E+01,0.00E+00,6.75E+01,7.13E+00,0.00E+00,2.19E+07,2.03E+08,1.51E+06,1.41E+07,7.46E+01,2.56E-01,5.63E+01,,9.21E-02,,8.57E-03,,8.97E-02,,8.34E-03
816761510000,1.08E-01,9.30E+00,6.50E+08,1.55E+01,6.21E+08,1.61E+09,9.87E+08,9.47E+01,1.02E-01,9.47E-03,1.35E+01,1.45E-02,1.35E-03,7.93E-04,1.00E+00,1.00E+02,1.00E+00,1.39E+02,1.29E+03,1.39E+02,1.29E+03,2.00E+00,0.00E+00,2.84E-01,1.00E+02,1.27E+07,1.18E+08,1.00E+00,5.96E+00,0.00E+00,0.00E+00,6.06E+01,4.80E+01,0.00E+00,6.88E+01,1.19E-03,0.00E+00,1.27E+07,1.18E+08,2.77E+02,2.58E+03,6.88E+01,1.50E+00,5.12E+01,,1.02E-01,,9.47E-03,,1.45E-02,,1.35E-03
816761520000,1.08E-01,9.30E+00,6.50E+08,1.46E+01,5.63E+08,1.51E+09,9.51E+08,9.57E+01,1.03E-01,9.57E-03,0.00E+00,0.00E+00,0.00E+00,0.00E+00,,,,0.00E+00,0.00E+00,0.00E+00,0.00E+00,,0.00E+00,2.85E-01,1.00E+02,1.27E+07,1.18E+08,1.00E+00,5.95E+00,0.00E+00,0.00E+00,6.06E+01,,0.00E+00,6.90E+01,0.00E+00,0.00E+00,1.27E+07,1.18E+08,0.00E+00,0.00E+00,6.90E+01,1.48E+00,5.12E+01,,1.03E-01,,9.57E-03,,0.00E+00,,0.00E+00
816761530000,1.07E-01,9.35E+00,6.50E+08,1.50E+01,5.84E+08,1.56E+09,9.72E+08,9.47E+01,1.01E-01,9.47E-03,5.89E+00,6.30E-03,5.89E-04,9.65E-04,3.63E+02,1.00E+02,1.50E+00,1.68E+02,1.57E+03,1.68E+02,1.57E+03,2.00E+00,0.00E+00,2.81E-01,1.00E+02,1.25E+07,1.17E+08,1.00E+00,5.89E+00,0.00E+00,0.00E+00,6.06E+01,6.13E+01,0.00E+00,6.80E+01,1.85E-03,0.00E+00,1.25E+07,1.17E+08,3.36E+02,3.14E+03,6.80E+01,1.80E+00,5.12E+01,,1.01E-01,,9.47E-03,,6.30E-03,,5.89E-04
816761540000,1.06E-01,9.45E+00,6.50E+08,1.60E+01,6.35E+08,1.66E+09,1.03E+09,9.57E+01,1.01E-01,9.57E-03,1.69E+01,1.79E-02,1.69E-03,2.64E-03,3.63E+02,1.00E+02,1.50E+00,4.55E+02,4.30E+03,4.55E+02,4.30E+03,2.00E+00,0.00E+00,2.80E-01,1.00E+02,1.23E+07,1.16E+08,1.00E+00,5.88E+00,0.00E+00,0.00E+00,6.06E+01,6.13E+01,0.00E+00,6.78E+01,5.07E-03,0.00E+00,1.23E+07,1.16E+08,9.10E+02,8.59E+03,6.78E+01,2.00E+00,5.16E+01,,1.01E-01,,9.57E-03,,1.79E-02,,1.69E-03
816761550000,1.06E-01,9.45E+00,6.50E+08,2.81E+01,1.65E+09,2.92E+09,1.27E+09,9.80E+01,1.04E-01,9.80E-03,2.67E+01,2.83E-02,2.67E-03,1.22E+01,3.96E+00,4.34E+00,1.95E+03,2.10E+06,1.98E+07,9.09E+04,8.59E+05,1.43E+00,0.00E+00,6.63E-01,1.00E+02,1.26E+07,1.19E+08,1.16E+00,1.27E+01,0.00E+00,0.00E+00,2.41E+01,2.75E+01,0.00E+00,3.21E+01,7.49E+00,0.00E+00,1.47E+07,1.39E+08,3.00E+06,2.83E+07,3.95E+01,3.92E-01,7.27E+01,,1.04E-01,,9.80E-03,,2.83E-02,,2.67E-03
816761560000,1.06E-01,9.45E+00,6.50E+08,3.39E+01,2.14E+09,3.52E+09,1.39E+09,1.00E+02,1.06E-01,1.00E-02,7.49E+01,7.93E-02,7.49E-03,1.80E+01,3.53E+00,4.33E+00,2.09E+03,3.10E+06,2.93E+07,1.34E+05,1.27E+06,1.43E+00,1.59E+01,8.43E-01,1.00E+02,1.26E+07,1.19E+08,1.24E+00,1.59E+01,0.00E+00,0.00E+00,9.83E+00,2.75E+01,0.00E+00,1.39E+01,1.11E+01,0.00E+00,1.56E+07,1.47E+08,4.43E+06,4.19E+07,2.50E+01,9.96E-03,8.31E+01,,1.06E-01,,1.00E-02,,7.93E-02,,7.49E-03
816761570000,1.06E-01,9.45E+00,6.50E+08,2.12E+01,1.16E+09,2.20E+09,1.04E+09,9.24E+01,9.77E-02,9.24E-03,9.89E+01,1.05E-01,9.89E-03,1.48E+01,2.36E+00,1.43E+01,2.59E+03,2.55E+06,2.41E+07,3.63E+05,3.43E+06,1.26E+00,0.00E+00,3.19E-01,1.00E+02,1.04E+07,9.86E+07,1.04E+00,6.43E+00,0.00E+00,0.00E+00,4.98E+01,3.34E+01,0.00E+00,4.93E+01,9.72E+00,0.00E+00,1.09E+07,1.03E+08,3.20E+06,3.02E+07,5.90E+01,4.65E-01,5.87E+01,,9.77E-02,,9.24E-03,,1.05E-01,,9.89E-03
816761580000,1.06E-01,9.45E+00,6.50E+08,2.72E+01,1.96E+09,2.82E+09,8.60E+08,4.36E+00,4.61E-03,4.36E-04,9.81E+01,1.04E-01,9.81E-03,3.22E+01,2.07E+00,3.29E+01,1.41E+04,5.55E+06,5.24E+07,1.83E+06,1.73E+07,1.07E+00,0.00E+00,3.55E-02,1.00E+02,1.56E+06,1.48E+07,1.00E+00,7.41E-01,0.00E+00,0.00E+00,6.06E+01,4.06E+01,0.00E+00,8.59E+00,2.19E+01,0.00E+00,1.56E+06,1.48E+07,5.93E+06,5.61E+07,3.05E+01,7.40E-02,7.70E+01,,4.61E-03,,4.36E-04,,1.04E-01,,9.81E-03
816761590000,1.06E-01,9.45E+00,6.50E+08,3.41E+01,2.27E+09,3.55E+09,1.28E+09,3.91E+01,4.13E-02,3.91E-03,9.68E+01,1.02E-01,9.68E-03,2.84E+01,2.05E+00,3.79E+01,1.69E+04,4.89E+06,4.62E+07,1.85E+06,1.75E+07,1.05E+00,1.54E+01,3.55E-01,1.00E+02,6.35E+06,6.00E+07,1.04E+00,5.94E+00,0.00E+00,0.00E+00,1.84E+01,4.19E+01,0.00E+00,1.11E+01,1.96E+01,0.00E+00,6.62E+06,6.26E+07,5.14E+06,4.86E+07,3.07E+01,4.78E-02,8.06E+01,,4.13E-02,,3.91E-03,,1.02E-01,,9.68E-03
816761600000,1.06E-01,9.45E+00,6.50E+08,4.50E+01,2.74E+09,4.69E+09,1.95E+09,1.00E+02,1.06E-01,1.00E-02,1.00E+02,1.06E-01,1.00E-02,2.25E+01,2.01E+00,4.90E+01,3.04E+04,3.87E+06,3.66E+07,1.90E+06,1.79E+07,1.01E+00,2.28E+01,8.54E-01,1.00E+02,1.38E+07,1.31E+08,1.05E+00,1.41E+01,0.00E+00,0.00E+00,1.14E+01,4.50E+01,0.00E+00,1.50E+01,1.60E+01,0.00E+00,1.45E+07,1.37E+08,3.90E+06,3.69E+07,3.09E+01,6.92E-03,8.62E+01,,1.06E-01,,1.00E-02,,1.06E-01,,1.00E-02
816761610000,1.06E-01,9.45E+00,6.50E+08,3.07E+01,1.87E+09,3.19E+09,1.32E+09,9.06E+01,9.59E-02,9.06E-03,9.30E+01,9.84E-02,9.30E-03,1.35E+01,1.98E+00,2.97E+01,1.74E+04,2.33E+06,2.20E+07,6.92E+05,6.54E+06,1.01E+00,3.39E+01,1.54E+00,1.00E+02,1.12E+07,1.06E+08,1.99E+00,3.78E+01,0.00E+00,0.00E+00,2.81E+01,4.50E+01,0.00E+00,5.71E+01,9.61E+00,0.00E+00,2.24E+07,2.11E+08,2.35E+06,2.22E+07,6.67E+01,2.99E-03,7.87E+01,,9.59E-02,,9.06E-03,,9.84E-02,,9.30E-03
816761620000,1.06E-01,9.45E+00,6.50E+08,1.61E+01,6.79E+08,1.68E+09,9.96E+08,8.67E+01,9.17E-02,8.67E-03,7.50E+01,7.94E-02,7.50E-03,5.43E+00,3.66E+00,3.98E+00,6.35E+02,9.34E+05,8.83E+06,3.72E+04,3.52E+05,1.07E+00,0.00E+00,6.67E-01,1.00E+02,1.05E+07,9.92E+07,1.52E+00,3.81E+01,0.00E+00,0.00E+00,4.61E+01,5.75E+01,0.00E+00,6.70E+01,5.23E+00,0.00E+00,1.60E+07,1.51E+08,1.00E+06,9.47E+06,7.22E+01,7.73E-01,5.75E+01,,9.17E-02,,8.67E-03,,7.94E-02,,7.50E-03
816761630000,1.06E-01,9.45E+00,6.50E+08,1.48E+01,5.80E+08,1.54E+09,9.61E+08,9.49E+01,1.00E-01,9.49E-03,4.06E+00,4.29E-03,4.06E-04,2.25E-04,1.00E+00,1.00E+02,1.00E+00,3.87E+01,3.66E+02,3.87E+01,3.66E+02,2.00E+00,0.00E+00,2.84E-01,1.00E+02,1.25E+07,1.18E+08,1.00E+00,5.92E+00,0.00E+00,0.00E+00,6.06E+01,4.80E+01,0.00E+00,6.87E+01,3.38E-04,0.00E+00,1.25E+07,1.18E+08,7.75E+01,7.32E+02,6.87E+01,1.56E+00,5.12E+01,,1.00E-01,,9.49E-03,,4.29E-03,,4.06E-04
816761640000,1.02E-01,9.82E+00,6.50E+08,1.62E+01,6.41E+08,1.68E+09,1.04E+09,9.52E+01,9.69E-02,9.52E-03,1.53E+01,1.56E-02,1.53E-03,2.89E-03,3.63E+02,1.00E+02,1.50E+00,4.78E+02,4.69E+03,4.78E+02,4.69E+03,2.00E+00,0.00E+00,2.82E-01,1.00E+02,1.20E+07,1.17E+08,1.00E+00,5.93E+00,0.00E+00,0.00E+00,6.06E+01,6.13E+01,0.00E+00,6.83E+01,5.53E-03,0.00E+00,1.20E+07,1.17E+08,9.55E+02,9.38E+03,6.83E+01,1.62E+00,5.11E+01,,9.69E-02,,9.52E-03,,1.56E-02,,1.53E-03
816761650000,1.01E-01,9.94E+00,6.50E+08,1.57E+01,6.47E+08,1.64E+09,9.91E+08,9.52E+01,9.57E-02,9.52E-03,3.62E+01,3.64E-02,3.62E-03,3.29E+00,1.89E+01,1.17E+00,1.29E+03,5.37E+05,5.34E+06,6.30E+03,6.27E+04,1.34E+00,0.00E+00,2.79E-01,1.00E+02,1.17E+07,1.16E+08,1.00E+00,5.83E+00,0.00E+00,0.00E+00,6.06E+01,2.93E+01,0.00E+00,6.75E+01,2.02E+00,0.00E+00,1.17E+07,1.16E+08,7.22E+05,7.18E+06,6.95E+01,1.48E+00,5.06E+01,,9.57E-02,,9.52E-03,,3.64E-02,,3.62E-03
816761660000,1.01E-01,9.94E+00,6.50E+08,2.17E+01,1.28E+09,2.26E+09,9.81E+08,9.53E+01,9.58E-02,9.53E-03,9.82E+01,9.88E-02,9.82E-03,1.08E+01,2.07E+00,1.56E+01,7.51E+03,1.76E+06,1.75E+07,2.74E+05,2.72E+06,1.19E+00,0.00E+00,2.54E-01,1.00E+02,1.06E+07,1.06E+08,1.00E+00,5.33E+00,0.00E+00,0.00E+00,6.06E+01,3.52E+01,0.00E+00,6.16E+01,7.06E+00,0.00E+00,1.06E+07,1.06E+08,2.10E+06,2.09E+07,6.87E+01,3.36E+00,5.89E+01,,9.58E-02,,9.53E-03,,9.88E-02,,9.82E-03
816761670000,1.01E-01,9.94E+00,6.50E+08,4.60E+01,3.20E+09,4.78E+09,1.59E+09,9.85E+01,9.90E-02,9.85E-03,1.00E+02,1.01E-01,1.00E-02,2.38E+01,2.05E+00,3.55E+01,3.27E+04,3.88E+06,3.86E+07,1.38E+06,1.37E+07,1.01E+00,1.43E+01,6.88E-01,1.00E+02,1.01E+07,1.00E+08,1.22E+00,1.55E+01,0.00E+00,0.00E+00,1.07E+01,4.41E+01,0.00E+00,1.26E+01,1.65E+01,0.00E+00,1.23E+07,1.23E+08,3.91E+06,3.89E+07,2.91E+01,1.75E-01,9.73E+01,,9.90E-02,,9.85E-03,,1.01E-01,,1.00E-02
816761680000,1.01E-01,9.94E+00,6.50E+08,4.65E+01,3.24E+09,4.83E+09,1.60E+09,1.00E+02,1.01E-01,1.00E-02,9.76E+01,9.81E-02,9.76E-03,2.41E+01,2.05E+00,3.56E+01,3.26E+04,3.93E+06,3.91E+07,1.40E+06,1.39E+07,1.01E+00,1.53E+01,6.99E-01,1.00E+02,1.01E+07,1.00E+08,1.23E+00,1.57E+01,0.00E+00,0.00E+00,9.74E+00,4.41E+01,0.00E+00,1.15E+01,1.67E+01,0.00E+00,1.24E+07,1.23E+08,3.96E+06,3.94E+07,2.82E+01,4.22E-02,9.80E+01,,1.01E-01,,1.00E-02,,9.81E-02,,9.76E-03
816761690000,1.01E-01,9.94E+00,6.50E+08,4.17E+01,2.60E+09,4.34E+09,1.74E+09,9.42E+01,9.47E-02,9.42E-03,1.00E+02,1.01E-01,1.00E-02,2.24E+01,2.08E+00,3.91E+01,3.14E+04,3.67E+06,3.65E+07,1.43E+06,1.43E+07,1.01E+00,1.06E+01,7.16E-01,1.00E+02,1.25E+07,1.25E+08,1.07E+00,1.25E+01,0.00E+00,0.00E+00,2.08E+01,4.48E+01,0.00E+00,2.66E+01,1.58E+01,0.00E+00,1.34E+07,1.33E+08,3.69E+06,3.67E+07,4.24E+01,1.07E+00,8.40E+01,,9.47E-02,,9.42E-03,,1.01E-01,,1.00E-02
816761700000,1.01E-01,9.94E+00,6.50E+08,4.59E+01,2.78E+09,4.77E+09,1.99E+09,8.78E+01,8.83E-02,8.78E-03,9.70E+01,9.76E-02,9.70E-03,2.63E+01,1.97E+00,3.99E+01,1.39E+04,4.30E+06,4.27E+07,1.71E+06,1.70E+07,1.01E+00,1.96E+01,9.44E-01,1.00E+02,1.43E+07,1.42E+08,1.11E+00,1.72E+01,0.00E+00,0.00E+00,1.26E+01,4.54E+01,0.00E+00,1.91E+01,1.88E+01,0.00E+00,1.59E+07,1.58E+08,4.34E+06,4.32E+07,3.79E+01,6.35E-05,8.56E+01,,8.83E-02,,8.78E-03,,9.76E-02,,9.70E-03
816761710000,1.01E-01,9.94E+00,6.50E+08,1.52E+01,6.03E+08,1.58E+09,9.77E+08,8.93E+01,8.98E-02,8.93E-03,4.79E+01,4.82E-02,4.79E-03,2.01E+00,3.55E+00,6.83E+00,2.89E+02,3.29E+05,3.27E+06,2.25E+04,2.23E+05,1.14E+00,0.00E+00,4.15E-01,1.00E+02,1.06E+07,1.06E+08,1.42E+00,1.98E+01,0.00E+00,0.00E+00,4.52E+01,6.86E+01,0.00E+00,6.54E+01,2.47E+00,0.00E+00,1.51E+07,1.51E+08,3.76E+05,3.74E+06,6.79E+01,1.62E+00,5.16E+01,,8.98E-02,,8.93E-03,,4.82E-02,,4.79E-03
816761720000,1.01E-01,9.94E+00,6.50E+08,1.45E+01,5.59E+08,1.50E+09,9.45E+08,9.56E+01,9.62E-02,9.56E-03,0.00E+00,0.00E+00,0.00E+00,0.00E+00,,,,0.00E+00,0.00E+00,0.00E+00,0.00E+00,,0.00E+00,2.83E-01,1.00E+02,1.18E+07,1.18E+08,1.00E+00,5.88E+00,0.00E+00,0.00E+00,6.06E+01,,0.00E+00,6.85E+01,0.00E+00,0.00E+00,1.18E+07,1.18E+08,0.00E+00,0.00E+00,6.85E+01,1.79E+00,5.15E+01,,9.62E-02,,9.56E-03,,0.00E+00,,0.00E+00
816761730000,1.01E-01,9.94E+00,6.50E+08,1.47E+01,5.68E+08,1.53E+09,9.60E+08,9.48E+01,9.54E-02,9.48E-03,0.00E+00,0.00E+00,0.00E+00,0.00E+00,,,,0.00E+00,0.00E+00,0.00E+00,0.00E+00,,0.00E+00,2.87E-01,1.00E+02,1.20E+07,1.20E+08,1.00E+00,5.97E+00,0.00E+00,0.00E+00,6.06E+01,,0.00E+00,6.96E+01,0.00E+00,0.00E+00,1.20E+07,1.20E+08,0.00E+00,0.00E+00,6.96E+01,1.19E+00,5.10E+01,,9.54E-02,,9.48E-03,,0.00E+00,,0.00E+00
816761740000,1.04E-01,9.58E+00,6.50E+08,1.58E+01,6.25E+08,1.65E+09,1.02E+09,9.56E+01,9.98E-02,9.56E-03,1.27E+01,1.33E-02,1.27E-03,2.21E-03,3.63E+02,1.00E+02,1.50E+00,3.74E+02,3.59E+03,3.74E+02,3.59E+03,2.00E+00,0.00E+00,2.83E-01,1.00E+02,1.23E+07,1.18E+08,1.00E+00,5.92E+00,0.00E+00,0.00E+00,6.06E+01,6.13E+01,0.00E+00,6.85E+01,4.23E-03,0.00E+00,1.23E+07,1.18E+08,7.49E+02,7.17E+03,6.85E+01,1.53E+00,5.10E+01,,9.98E-02,,9.56E-03,,1.33E-02,,1.27E-03
816761750000,1.06E-01,9.42E+00,6.50E+08,1.70E+01,6.98E+08,1.76E+09,1.07E+09,9.39E+01,9.96E-02,9.39E-03,1.34E+01,1.42E-02,1.34E-03,1.85E-03,3.63E+02,1.00E+02,1.50E+00,3.20E+02,3.01E+03,3.20E+02,3.01E+03,2.00E+00,0.00E+00,2.68E-01,1.00E+02,1.48E+07,1.39E+08,1.00E+00,5.58E+00,0.00E+00,0.00E+00,4.93E+01,6.13E+01,0.00E+00,6.60E+01,3.55E-03,0.00E+00,1.48E+07,1.39E+08,6.39E+02,6.03E+03,6.60E+01,1.24E+00,5.06E+01,,9.96E-02,,9.39E-03,,1.42E-02,,1.34E-03
816761760000,1.06E-01,9.42E+00,6.50E+08,3.54E+01,2.28E+09,3.68E+09,1.40E+09,9.97E+01,1.06E-01,9.97E-03,6.73E+00,7.15E-03,6.73E-04,9.76E+00,2.41E+00,1.97E+01,3.05E+03,1.68E+06,1.59E+07,3.32E+05,3.13E+06,1.23E+00,0.00E+00,7.65E-01,1.00E+02,1.47E+07,1.38E+08,1.18E+00,1.50E+01,0.00E+00,0.00E+00,8.83E+00,3.41E+01,0.00E+00,1.39E+01,6.40E+00,0.00E+00,1.73E+07,1.63E+08,2.07E+06,1.95E+07,2.03E+01,3.11E-01,8.70E+01,,1.06E-01,,9.97E-03,,7.15E-03,,6.73E-04
816761770000,1.06E-01,9.42E+00,6.50E+08,3.53E+01,2.27E+09,3.67E+09,1.40E+09,9.35E+01,9.93E-02,9.35E-03,8.48E+01,9.00E-02,8.48E-03,9.81E+00,2.38E+00,2.09E+01,3.12E+03,1.69E+06,1.59E+07,3.53E+05,3.33E+06,1.22E+00,0.00E+00,7.56E-01,1.00E+02,1.46E+07,1.37E+08,1.18E+00,1.48E+01,0.00E+00,0.00E+00,9.35E+00,3.43E+01,0.00E+00,1.46E+01,6.44E+00,0.00E+00,1.72E+07,1.62E+08,2.07E+06,1.95E+07,2.10E+01,3.89E-01,8.66E+01,,9.93E-02,,9.35E-03,,9.00E-02,,8.48E-03
816761780000,1.06E-01,9.42E+00,6.50E+08,2.75E+01,1.76E+09,2.86E+09,1.10E+09,7.40E+01,7.86E-02,7.40E-03,1.00E+02,1.06E-01,1.00E-02,2.06E+01,2.05E+00,4.39E+01,3.37E+04,3.55E+06,3.35E+07,1.56E+06,1.47E+07,1.01E+00,0.00E+00,1.49E-01,1.00E+02,6.58E+06,6.20E+07,1.00E+00,3.20E+00,0.00E+00,0.00E+00,6.06E+01,4.40E+01,0.00E+00,3.61E+01,1.43E+01,0.00E+00,6.58E+06,6.20E+07,3.58E+06,3.37E+07,5.04E+01,3.01E+00,7.49E+01,,7.86E-02,,7.40E-03,,1.06E-01,,1.00E-02
816761790000,1.06E-01,9.42E+00,6.50E+08,3.49E+01,2.38E+09,3.63E+09,1.25E+09,3.80E+01,4.03E-02,3.80E-03,9.67E+01,1.03E-01,9.67E-03,2.89E+01,1.98E+00,3.58E+01,3.37E+04,4.99E+06,4.70E+07,1.78E+06,1.68E+07,1.01E+00,1.05E+01,3.53E-01,1.00E+02,6.71E+06,6.33E+07,1.04E+00,5.83E+00,0.00E+00,0.00E+00,2.24E+01,4.43E+01,0.00E+00,1.42E+01,2.02E+01,0.00E+00,6.97E+06,6.57E+07,5.02E+06,4.73E+07,3.43E+01,8.09E-01,8.57E+01,,4.03E-02,,3.80E-03,,1.03E-01,,9.67E-03
816761800000,1.06E-01,9.42E+00,6.50E+08,4.62E+01,2.86E+09,4.80E+09,1.94E+09,1.00E+02,1.06E-01,1.00E-02,1.00E+02,1.06E-01,1.00E-02,2.45E+01,2.00E+00,4.63E+01,3.07E+04,4.22E+06,3.98E+07,1.95E+06,1.84E+07,1.01E+00,2.28E+01,8.36E-01,1.00E+02,1.36E+07,1.28E+08,1.05E+00,1.34E+01,0.00E+00,0.00E+00,1.14E+01,4.50E+01,0.00E+00,1.47E+01,1.74E+01,0.00E+00,1.42E+07,1.34E+08,4.26E+06,4.01E+07,3.20E+01,9.96E-05,8.69E+01,,1.06E-01,,1.00E-02,,1.06E-01,,1.00E-02
816761810000,1.06E-01,9.42E+00,6.50E+08,2.68E+01,1.63E+09,2.79E+09,1.16E+09,5.72E+01,6.08E-02,5.72E-03,8.31E+01,8.82E-02,8.31E-03,1.65E+01,2.11E+00,2.41E+01,1.99E+03,2.84E+06,2.68E+07,6.83E+05,6.44E+06,1.03E+00,2.38E+01,7.57E-01,1.00E+02,9.74E+06,9.18E+07,1.31E+00,1.92E+01,0.00E+00,0.00E+00,3.34E+01,4.90E+01,0.00E+00,3.85E+01,1.30E+01,0.00E+00,1.27E+07,1.20E+08,2.92E+06,2.75E+07,5.15E+01,5.56E-01,7.35E+01,,6.08E-02,,5.72E-03,,8.82E-02,,8.31E-03
816761820000,1.06E-01,9.42E+00,6.50E+08,1.53E+01,6.09E+08,1.59E+09,9.81E+08,9.46E+01,1.00E-01,9.46E-03,1.23E+01,1.30E-02,1.23E-03,5.94E-04,1.00E+00,1.00E+02,1.00E+00,1.02E+02,9.65E+02,1.02E+02,9.65E+02,2.00E+00,0.00E+00,2.84E-01,1.00E+02,1.25E+07,1.18E+08,1.00E+00,5.97E+00,0.00E+00,0.00E+00,6.06E+01,4.80E+01,0.00E+00,6.88E+01,8.91E-04,0.00E+00,1.25E+07,1.18E+08,2.05E+02,1.93E+03,6.88E+01,1.53E+00,5.12E+01,,1.00E-01,,9.46E-03,,1.30E-02,,1.23E-03
816761830000,1.06E-01,9.42E+00,6.50E+08,1.45E+01,5.60E+08,1.51E+09,9.46E+08,9.55E+01,1.01E-01,9.55E-03,0.00E+00,0.00E+00,0.00E+00,0.00E+00,,,,0.00E+00,0.00E+00,0.00E+00,0.00E+00,,0.00E+00,2.83E-01,1.00E+02,1.25E+07,1.18E+08,1.00E+00,5.91E+00,0.00E+00,0.00E+00,6.06E+01,,0.00E+00,6.86E+01,0.00E+00,0.00E+00,1.25E+07,1.18E+08,0.00E+00,0.00E+00,6.86E+01,1.63E+00,5.12E+01,,1.01E-01,,9.55E-03,,0.00E+00,,0.00E+00
816761840000,1.05E-01,9.53E+00,6.50E+08,1.46E+01,5.67E+08,1.52E+09,9.54E+08,9.44E+01,9.91E-02,9.44E-03,2.08E+00,2.18E-03,2.08E-04,2.44E-04,3.63E+02,1.00E+02,1.50E+00,4.16E+01,3.96E+02,4.16E+01,3.96E+02,2.00E+00,0.00E+00,2.83E-01,1.00E+02,1.24E+07,1.18E+08,1.00E+00,5.90E+00,0.00E+00,0.00E+00,6.06E+01,6.13E+01,0.00E+00,6.86E+01,4.68E-04,0.00E+00,1.24E+07,1.18E+08,8.32E+01,7.93E+02,6.86E+01,1.58E+00,5.12E+01,,9.91E-02,,9.44E-03,,2.18E-03,,2.08E-04
816761850000,9.26E-02,1.08E+01,6.50E+08,1.69E+01,6.73E+08,1.76E+09,1.09E+09,9.54E+01,8.83E-02,9.54E-03,2.34E+01,2.17E-02,2.34E-03,3.81E-03,3.63E+02,1.00E+02,1.50E+00,5.74E+02,6.20E+03,5.74E+02,6.20E+03,2.00E+00,0.00E+00,2.86E-01,1.00E+02,1.10E+07,1.19E+08,1.00E+00,5.97E+00,0.00E+00,0.00E+00,6.06E+01,6.13E+01,0.00E+00,6.92E+01,7.31E-03,0.00E+00,1.10E+07,1.19E+08,1.15E+03,1.24E+04,6.92E+01,1.37E+00,5.10E+01,,8.83E-02,,9.54E-03,,2.17E-02,,2.34E-03
816761860000,9.26E-02,1.08E+01,6.50E+08,2.51E+01,1.41E+09,2.61E+09,1.20E+09,9.73E+01,9.01E-02,9.73E-03,2.44E+01,2.26E-02,2.44E-03,2.76E+00,1.27E+01,7.20E-01,2.45E+03,4.15E+05,4.48E+06,2.99E+03,3.23E+04,1.38E+00,0.00E+00,6.30E-01,1.00E+02,1.25E+07,1.34E+08,1.12E+00,1.04E+01,0.00E+00,0.00E+00,2.73E+01,2.84E+01,0.00E+00,3.96E+01,1.69E+00,0.00E+00,1.40E+07,1.51E+08,5.72E+05,6.18E+06,4.13E+01,6.76E-01,6.91E+01,,9.01E-02,,9.73E-03,,2.26E-02,,2.44E-03
816761870000,9.26E-02,1.08E+01,6.50E+08,3.36E+01,2.09E+09,3.50E+09,1.40E+09,1.00E+02,9.26E-02,1.00E-02,0.00E+00,0.00E+00,0.00E+00,5.03E+00,9.36E+00,7.13E-01,2.76E+03,7.56E+05,8.17E+06,5.40E+03,5.82E+04,1.38E+00,6.45E+00,9.15E-01,1.00E+02,1.37E+07,1.48E+08,1.20E+00,1.40E+01,0.00E+00,0.00E+00,9.20E+00,2.84E+01,0.00E+00,1.58E+01,3.07E+00,0.00E+00,1.65E+07,1.78E+08,1.04E+06,1.12E+07,1.88E+01,8.86E-03,8.41E+01,,9.26E-02,,1.00E-02,,0.00E+00,,0.00E+00
816761880000,9.26E-02,1.08E+01,6.50E+08,2.95E+01,2.14E+09,3.07E+09,9.22E+08,3.24E+01,3.00E-02,3.24E-03,8.76E+01,8.11E-02,8.76E-03,2.82E+01,2.06E+00,3.48E+01,2.70E+04,4.24E+06,4.58E+07,1.48E+06,1.60E+07,1.01E+00,0.00E+00,1.30E-01,1.00E+02,2.74E+06,2.96E+07,1.11E+00,2.19E+00,0.00E+00,0.00E+00,3.10E+01,4.36E+01,0.00E+00,9.79E+00,1.95E+01,0.00E+00,3.04E+06,3.28E+07,4.31E+06,4.65E+07,2.93E+01,9.25E-01,8.56E+01,,3.00E-02,,3.24E-03,,8.11E-02,,8.76E-03
816761890000,9.26E-02,1.08E+01,6.50E+08,3.25E+01,2.30E+09,3.38E+09,1.08E+09,2.14E+01,1.98E-02,2.14E-03,9.67E+01,8.96E-02,9.67E-03,3.01E+01,2.05E+00,3.65E+01,3.22E+04,4.54E+06,4.90E+07,1.66E+06,1.79E+07,1.01E+00,4.98E+00,2.03E-01,1.00E+02,3.59E+06,3.87E+07,1.03E+00,3.18E+00,0.00E+00,0.00E+00,2.64E+01,4.42E+01,0.00E+00,1.02E+01,2.10E+01,0.00E+00,3.71E+06,4.00E+07,4.57E+06,4.94E+07,3.12E+01,8.12E-01,8.61E+01,,1.98E-02,,2.14E-03,,8.96E-02,,9.67E-03
816761900000,9.26E-02,1.08E+01,6.50E+08,4.54E+01,2.83E+09,4.72E+09,1.89E+09,1.00E+02,9.26E-02,1.00E-02,1.00E+02,9.26E-02,1.00E-02,2.72E+01,2.01E+00,4.06E+01,3.11E+04,4.10E+06,4.42E+07,1.66E+06,1.80E+07,1.01E+00,2.29E+01,8.09E-01,1.00E+02,1.14E+07,1.24E+08,1.05E+00,1.20E+01,0.00E+00,0.00E+00,1.14E+01,4.50E+01,0.00E+00,1.42E+01,1.93E+01,0.00E+00,1.20E+07,1.30E+08,4.13E+06,4.46E+07,3.35E+01,9.19E-05,8.71E+01,,9.26E-02,,1.00E-02,,9.26E-02,,1.00E-02
816761910000,9.26E-02,1.08E+01,6.50E+08,3.19E+01,1.91E+09,3.32E+09,1.41E+09,5.20E+01,4.81E-02,5.20E-03,9.06E+01,8.40E-02,9.06E-03,1.93E+01,2.05E+00,3.21E+01,2.43E+03,2.90E+06,3.13E+07,9.31E+05,1.01E+07,1.03E+00,0.00E+00,7.17E-01,1.00E+02,9.52E+06,1.03E+08,1.55E+00,2.61E+01,0.00E+00,0.00E+00,2.15E+01,4.84E+01,0.00E+00,3.29E+01,1.50E+01,0.00E+00,1.48E+07,1.60E+08,2.98E+06,3.21E+07,4.79E+01,1.37E-01,7.48E+01,,4.81E-02,,5.20E-03,,8.40E-02,,9.06E-03
816761920000,9.26E-02,1.08E+01,6.50E+08,1.58E+01,6.41E+08,1.64E+09,1.00E+09,9.57E+01,8.86E-02,9.57E-03,1.76E+01,1.63E-02,1.76E-03,1.09E-03,1.00E+00,1.00E+02,1.00E+00,1.64E+02,1.77E+03,1.64E+02,1.77E+03,2.00E+00,0.00E+00,2.85E-01,1.00E+02,1.10E+07,1.19E+08,1.00E+00,5.96E+00,0.00E+00,0.00E+00,6.06E+01,4.80E+01,0.00E+00,6.91E+01,1.63E-03,0.00E+00,1.10E+07,1.19E+08,3.28E+02,3.54E+03,6.91E+01,1.43E+00,5.12E+01,,8.86E-02,,9.57E-03,,1.63E-02,,1.76E-03
816761930000,9.26E-02,1.08E+01,6.50E+08,1.44E+01,5.58E+08,1.50E+09,9.43E+08,9.46E+01,8.77E-02,9.46E-03,0.00E+00,0.00E+00,0.00E+00,0.00E+00,,,,0.00E+00,0.00E+00,0.00E+00,0.00E+00,,0.00E+00,2.82E-01,1.00E+02,1.09E+07,1.17E+08,1.00E+00,5.89E+00,0.00E+00,0.00E+00,6.06E+01,,0.00E+00,6.84E+01,0.00E+00,0.00E+00,1.09E+07,1.17E+08,0.00E+00,0.00E+00,6.84E+01,1.67E+00,5.13E+01,,8.77E-02,,9.46E-03,,0.00E+00,,0.00E+00
816761940000,1.24E-01,8.08E+00,6.50E+08,1.57E+01,6.22E+08,1.63E+09,1.01E+09,9.54E+01,1.18E-01,9.54E-03,1.42E+01,1.75E-02,1.42E-03,2.42E-03,3.63E+02,1.00E+02,1.50E+00,4.88E+02,3.94E+03,4.88E+02,3.94E+03,2.00E+00,0.00E+00,2.78E-01,1.00E+02,1.43E+07,1.16E+08,1.00E+00,5.83E+00,0.00E+00,0.00E+00,6.06E+01,6.13E+01,0.00E+00,6.74E+01,4.65E-03,0.00E+00,1.43E+07,1.16E+08,9.75E+02,7.88E+03,6.74E+01,2.16E+00,5.17E+01,,1.18E-01,,9.54E-03,,1.75E-02,,1.42E-03
816761950000,1.34E-01,7.47E+00,6.50E+08,1.67E+01,6.87E+08,1.74E+09,1.05E+09,9.33E+01,1.25E-01,9.33E-03,9.05E+00,1.21E-02,9.05E-04,1.27E-03,3.63E+02,1.00E+02,1.50E+00,2.76E+02,2.06E+03,2.76E+02,2.06E+03,2.00E+00,0.00E+00,2.70E-01,1.00E+02,1.88E+07,1.40E+08,1.00E+00,5.66E+00,0.00E+00,0.00E+00,4.93E+01,6.13E+01,0.00E+00,6.65E+01,2.43E-03,0.00E+00,1.88E+07,1.40E+08,5.52E+02,4.12E+03,6.65E+01,1.34E+00,5.16E+01,,1.25E-01,,9.33E-03,,1.21E-02,,9.05E-04
816761960000,1.34E-01,7.47E+00,6.50E+08,1.83E+01,8.00E+08,1.91E+09,1.11E+09,9.43E+01,1.26E-01,9.43E-03,2.26E+00,3.02E-03,2.26E-04,2.04E-01,1.23E+01,7.44E+00,5.71E+02,4.44E+04,3.31E+05,3.30E+03,2.46E+04,1.45E+00,0.00E+00,2.79E-01,1.00E+02,2.20E+07,1.64E+08,1.01E+00,5.76E+00,0.00E+00,0.00E+00,3.95E+01,2.74E+01,0.00E+00,6.28E+01,1.26E-01,0.00E+00,2.22E+07,1.65E+08,6.42E+04,4.80E+05,6.29E+01,1.45E+00,5.44E+01,,1.26E-01,,9.43E-03,,3.02E-03,,2.26E-04
816761970000,1.34E-01,7.47E+00,6.50E+08,2.99E+01,1.81E+09,3.11E+09,1.30E+09,1.00E+02,1.34E-01,1.00E-02,2.50E+00,3.35E-03,2.50E-04,5.00E+00,3.53E+00,7.27E+00,1.83E+03,1.09E+06,8.12E+06,7.90E+04,5.90E+05,1.45E+00,0.00E+00,7.63E-01,1.00E+02,1.84E+07,1.37E+08,1.18E+00,1.43E+01,0.00E+00,0.00E+00,8.76E+00,2.73E+01,0.00E+00,1.37E+01,3.08E+00,0.00E+00,2.17E+07,1.62E+08,1.57E+06,1.17E+07,1.68E+01,1.14E-02,8.22E+01,,1.34E-01,,1.00E-02,,3.35E-03,,2.50E-04
816761980000,1.34E-01,7.47E+00,6.50E+08,2.91E+01,1.75E+09,3.03E+09,1.28E+09,9.46E+01,1.27E-01,9.46E-03,4.26E+01,5.70E-02,4.26E-03,4.94E+00,3.78E+00,7.01E+00,1.65E+03,1.08E+06,8.03E+06,7.54E+04,5.63E+05,1.45E+00,0.00E+00,7.37E-01,1.00E+02,1.82E+07,1.36E+08,1.17E+00,1.38E+01,0.00E+00,0.00E+00,1.08E+01,2.70E+01,0.00E+00,1.65E+01,3.02E+00,0.00E+00,2.14E+07,1.60E+08,1.56E+06,1.16E+07,1.96E+01,8.30E-02,8.05E+01,,1.27E-01,,9.46E-03,,5.70E-02,,4.26E-03
816761990000,1.34E-01,7.47E+00,6.50E+08,1.82E+01,8.97E+08,1.90E+09,9.98E+08,8.56E+01,1.15E-01,8.56E-03,8.16E+01,1.09E-01,8.16E-03,1.17E+01,3.51E+00,5.08E+00,1.70E+03,2.55E+06,1.91E+07,1.30E+05,9.68E+05,1.41E+00,7.64E+00,7.68E-01,1.00E+02,1.34E+07,9.97E+07,1.48E+00,1.38E+01,0.00E+00,0.00E+00,4.43E+01,2.85E+01,0.00E+00,6.29E+01,7.37E+00,0.00E+00,1.98E+07,1.48E+08,3.61E+06,2.69E+07,7.03E+01,6.41E-01,4.65E+01,,1.15E-01,,8.56E-03,,1.09E-01,,8.16E-03
816762000000,1.34E-01,7.47E+00,6.50E+08,1.83E+01,9.80E+08,1.91E+09,9.26E+08,6.97E+01,9.33E-02,6.97E-03,9.41E+01,1.26E-01,9.41E-03,1.71E+01,2.73E+00,6.19E+00,2.28E+03,3.72E+06,2.78E+07,2.30E+05,1.72E+06,1.45E+00,3.15E+01,9.92E-01,1.00E+02,1.04E+07,7.76E+07,1.82E+00,2.72E+01,0.00E+00,0.00E+00,3.95E+01,2.68E+01,0.00E+00,5.36E+01,1.04E+01,0.00E+00,1.89E+07,1.41E+08,5.41E+06,4.04E+07,6.40E+01,3.93E-01,4.15E+01,,9.33E-02,,6.97E-03,,1.26E-01,,9.41E-03
816762010000,1.34E-01,7.47E+00,6.50E+08,2.91E+01,2.15E+09,3.02E+09,8.78E+08,2.42E+01,3.24E-02,2.42E-03,9.78E+01,1.31E-01,9.78E-03,3.02E+01,2.06E+00,3.68E+01,2.47E+04,6.57E+06,4.91E+07,2.42E+06,1.80E+07,1.01E+00,0.00E+00,3.80E-02,1.00E+02,2.12E+06,1.58E+07,1.00E+00,7.89E-01,0.00E+00,0.00E+00,6.06E+01,4.40E+01,0.00E+00,9.20E+00,2.09E+01,0.00E+00,2.12E+06,1.58E+07,6.62E+06,4.95E+07,3.01E+01,7.71E-01,8.56E+01,,3.24E-02,,2.42E-03,,1.31E-01,,9.78E-03
816762020000,1.34E-01,7.47E+00,6.50E+08,3.37E+01,2.31E+09,3.50E+09,1.19E+09,3.44E+01,4.60E-02,3.44E-03,9.70E+01,1.30E-01,9.70E-03,2.79E+01,2.04E+00,3.90E+01,2.62E+04,6.06E+06,4.53E+07,2.36E+06,1.77E+07,1.01E+00,1.22E+01,2.87E-01,1.00E+02,6.75E+06,5.04E+07,1.04E+00,4.79E+00,0.00E+00,0.00E+00,2.11E+01,4.43E+01,0.00E+00,1.06E+01,1.95E+01,0.00E+00,7.02E+06,5.24E+07,6.11E+06,4.56E+07,3.01E+01,5.08E-01,8.59E+01,,4.60E-02,,3.44E-03,,1.30E-01,,9.70E-03
816762030000,1.34E-01,7.47E+00,6.50E+08,4.24E+01,2.63E+09,4.41E+09,1.78E+09,1.00E+02,1.34E-01,1.00E-02,1.00E+02,1.34E-01,1.00E-02,2.34E+01,2.01E+00,4.45E+01,3.09E+04,5.10E+06,3.81E+07,2.27E+06,1.69E+07,1.01E+00,2.28E+01,7.62E-01,1.00E+02,1.56E+07,1.16E+08,1.05E+00,1.24E+01,0.00E+00,0.00E+00,1.14E+01,4.50E+01,0.00E+00,1.34E+01,1.66E+01,0.00E+00,1.64E+07,1.22E+08,5.14E+06,3.84E+07,3.00E+01,6.42E-03,8.67E+01,,1.34E-01,,1.00E-02,,1.34E-01,,1.00E-02
816762040000,1.34E-01,7.47E+00,6.50E+08,3.11E+01,1.97E+09,3.24E+09,1.26E+09,5.83E+01,7.81E-02,5.83E-03,9.28E+01,1.24E-01,9.28E-03,1.88E+01,2.07E+00,2.98E+01,2.49E+03,4.08E+06,3.05E+07,1.22E+06,9.08E+06,1.03E+00,1.81E+01,7.27E-01,1.00E+02,1.22E+07,9.12E+07,1.36E+00,2.25E+01,0.00E+00,0.00E+00,2.47E+01,4.84E+01,0.00E+00,2.94E+01,1.45E+01,0.00E+00,1.66E+07,1.24E+08,4.18E+06,3.12E+07,4.39E+01,8.81E-02,7.97E+01,,7.81E-02,,5.83E-03,,1.24E-01,,9.28E-03
816762050000,1.34E-01,7.47E+00,6.50E+08,1.50E+01,6.12E+08,1.56E+09,9.52E+08,9.47E+01,1.27E-01,9.47E-03,1.88E+01,2.51E-02,1.88E-03,1.05E-03,1.00E+00,1.00E+02,1.00E+00,2.28E+02,1.70E+03,2.28E+02,1.70E+03,2.00E+00,0.00E+00,2.71E-01,1.00E+02,1.51E+07,1.13E+08,1.00E+00,5.70E+00,0.00E+00,0.00E+00,6.06E+01,4.80E+01,0.00E+00,6.57E+01,1.57E-03,0.00E+00,1.51E+07,1.13E+08,4.55E+02,3.40E+03,6.57E+01,2.54E+00,5.16E+01,,1.27E-01,,9.47E-03,,2.51E-02,,1.88E-03
816762060000,1.34E-01,7.47E+00,6.50E+08,1.40E+01,5.42E+08,1.46E+09,9.15E+08,9.50E+01,1.27E-01,9.50E-03,0.00E+00,0.00E+00,0.00E+00,0.00E+00,,,,0.00E+00,0.00E+00,0.00E+00,0.00E+00,,0.00E+00,2.74E-01,1.00E+02,1.53E+07,1.14E+08,1.00E+00,5.75E+00,0.00E+00,0.00E+00,6.06E+01,,0.00E+00,6.64E+01,0.00E+00,0.00E+00,1.53E+07,1.14E+08,0.00E+00,0.00E+00,6.64E+01,2.45E+00,5.17E+01,,1.27E-01,,9.50E-03,,0.00E+00,,0.00E+00
816762070000,8.53E-02,1.17E+01,6.50E+08,1.53E+01,6.03E+08,1.59E+09,9.89E+08,9.44E+01,8.05E-02,9.44E-03,1.19E+01,1.01E-02,1.19E-03,1.83E-03,3.63E+02,1.00E+02,1.50E+00,2.53E+02,2.97E+03,2.53E+02,2.97E+03,2.00E+00,0.00E+00,2.78E-01,1.00E+02,9.84E+06,1.15E+08,1.00E+00,5.83E+00,0.00E+00,0.00E+00,6.06E+01,6.13E+01,0.00E+00,6.72E+01,3.50E-03,0.00E+00,9.84E+06,1.15E+08,5.06E+02,5.94E+03,6.72E+01,2.39E+00,5.20E+01,,8.05E-02,,9.44E-03,,1.01E-02,,1.19E-03
816762080000,5.73E-02,1.75E+01,6.50E+08,1.59E+01,6.31E+08,1.66E+09,1.03E+09,9.53E+01,5.46E-02,9.53E-03,1.42E+01,8.13E-03,1.42E-03,2.36E-03,3.63E+02,1.00E+02,1.50E+00,2.20E+02,3.84E+03,2.20E+02,3.84E+03,2.00E+00,0.00E+00,2.82E-01,1.00E+02,6.72E+06,1.17E+08,1.00E+00,5.94E+00,0.00E+00,0.00E+00,6.06E+01,6.13E+01,0.00E+00,6.84E+01,4.53E-03,0.00E+00,6.72E+06,1.17E+08,4.40E+02,7.68E+03,6.84E+01,1.64E+00,5.12E+01,,5.46E-02,,9.53E-03,,8.13E-03,,1.42E-03
816762090000,5.73E-02,1.75E+01,6.50E+08,3.74E+01,2.48E+09,3.89E+09,1.41E+09,9.79E+01,5.61E-02,9.79E-03,6.50E+01,3.72E-02,6.50E-03,1.75E+01,2.08E+00,3.47E+01,1.17E+04,1.63E+06,2.85E+07,5.66E+05,9.88E+06,1.07E+00,0.00E+00,5.81E-01,1.00E+02,6.04E+06,1.06E+08,1.16E+00,1.40E+01,0.00E+00,0.00E+00,2.39E+01,4.09E+01,0.00E+00,2.81E+01,1.19E+01,0.00E+00,6.98E+06,1.22E+08,1.74E+06,3.04E+07,4.00E+01,5.32E-01,8.31E+01,,5.61E-02,,9.79E-03,,3.72E-02,,6.50E-03
816762100000,5.73E-02,1.75E+01,6.50E+08,4.66E+01,3.25E+09,4.85E+09,1.60E+09,1.00E+02,5.73E-02,1.00E-02,1.00E+02,5.73E-02,1.00E-02,2.47E+01,2.08E+00,3.47E+01,1.20E+04,2.30E+06,4.01E+07,7.96E+05,1.39E+07,1.07E+00,1.53E+01,7.01E-01,1.00E+02,5.76E+06,1.01E+08,1.23E+00,1.73E+01,0.00E+00,0.00E+00,9.74E+00,4.09E+01,0.00E+00,1.16E+01,1.68E+01,0.00E+00,7.08E+06,1.24E+08,2.45E+06,4.27E+07,2.84E+01,4.93E-02,9.60E+01,,5.73E-02,,1.00E-02,,5.73E-02,,1.00E-02
816762110000,5.73E-02,1.75E+01,6.50E+08,3.68E+01,2.48E+09,3.83E+09,1.34E+09,8.49E+01,4.86E-02,8.49E-03,9.72E+01,5.57E-02,9.72E-03,2.41E+01,2.06E+00,2.58E+01,1.86E+04,2.24E+06,3.91E+07,5.77E+05,1.01E+07,1.03E+00,1.60E+00,5.48E-01,1.00E+02,5.75E+06,1.00E+08,1.12E+00,1.15E+01,0.00E+00,0.00E+00,2.19E+01,4.28E+01,0.00E+00,2.36E+01,1.66E+01,0.00E+00,6.42E+06,1.12E+08,2.31E+06,4.04E+07,4.02E+01,1.67E-01,8.42E+01,,4.86E-02,,8.49E-03,,5.57E-02,,9.72E-03
816762120000,5.73E-02,1.75E+01,6.50E+08,4.60E+01,2.91E+09,4.79E+09,1.88E+09,1.00E+02,5.73E-02,1.00E-02,1.00E+02,5.73E-02,1.00E-02,2.80E+01,2.01E+00,3.90E+01,3.12E+04,2.61E+06,4.55E+07,1.02E+06,1.77E+07,1.01E+00,1.39E+01,7.97E-01,1.00E+02,7.82E+06,1.37E+08,1.05E+00,1.13E+01,0.00E+00,0.00E+00,1.06E+01,4.50E+01,0.00E+00,1.46E+01,1.98E+01,0.00E+00,8.18E+06,1.43E+08,2.63E+06,4.59E+07,3.44E+01,1.42E-03,8.77E+01,,5.73E-02,,1.00E-02,,5.73E-02,,1.00E-02
816762130000,1.24E-01,8.09E+00,6.50E+08,3.23E+01,1.88E+09,3.36E+09,1.48E+09,5.26E+01,6.50E-02,5.26E-03,8.92E+01,1.10E-01,8.92E-03,1.83E+01,2.05E+00,3.47E+01,2.36E+03,3.68E+06,2.98E+07,1.28E+06,1.03E+07,1.03E+00,0.00E+00,7.39E-01,1.00E+02,1.44E+07,1.17E+08,1.49E+00,2.56E+01,0.00E+00,0.00E+00,2.12E+01,4.85E+01,0.00E+00,3.55E+01,1.42E+01,0.00E+00,2.15E+07,1.74E+08,3.78E+06,3.05E+07,4.97E+01,2.01E-01,7.20E+01,,6.50E-02,,5.26E-03,,1.10E-01,,8.92E-03
816762140000,2.46E-01,4.07E+00,6.50E+08,1.58E+01,6.39E+08,1.64E+09,1.00E+09,9.48E+01,2.33E-01,9.48E-03,1.52E+01,3.75E-02,1.52E-03,9.94E-04,1.00E+00,1.00E+02,1.00E+00,3.97E+02,1.62E+03,3.97E+02,1.62E+03,2.00E+00,0.00E+00,2.86E-01,1.00E+02,2.93E+07,1.19E+08,1.00E+00,5.98E+00,0.00E+00,0.00E+00,6.06E+01,4.80E+01,0.00E+00,6.94E+01,1.49E-03,0.00E+00,2.93E+07,1.19E+08,7.94E+02,3.23E+03,6.94E+01,1.33E+00,5.10E+01,,2.33E-01,,9.48E-03,,3.75E-02,,1.52E-03
816762150000,2.46E-01,4.07E+00,6.50E+08,1.48E+01,5.70E+08,1.54E+09,9.66E+08,9.58E+01,2.36E-01,9.58E-03,0.00E+00,0.00E+00,0.00E+00,0.00E+00,,,,0.00E+00,0.00E+00,0.00E+00,0.00E+00,,0.00E+00,2.89E-01,1.00E+02,2.96E+07,1.20E+08,1.00E+00,6.01E+00,0.00E+00,0.00E+00,6.06E+01,,0.00E+00,7.00E+01,0.00E+00,0.00E+00,2.96E+07,1.20E+08,0.00E+00,0.00E+00,7.00E+01,9.31E-01,5.06E+01,,2.36E-01,,9.58E-03,,0.00E+00,,0.00E+00
816762160000,2.46E-01,4.07E+00,6.50E+08,1.47E+01,5.70E+08,1.53E+09,9.63E+08,9.49E+01,2.33E-01,9.49E-03,0.00E+00,0.00E+00,0.00E+00,0.00E+00,,,,0.00E+00,0.00E+00,0.00E+00,0.00E+00,,0.00E+00,2.88E-01,1.00E+02,2.95E+07,1.20E+08,1.00E+00,6.00E+00,0.00E+00,0.00E+00,6.06E+01,,0.00E+00,6.99E+01,0.00E+00,0.00E+00,2.95E+07,1.20E+08,0.00E+00,0.00E+00,6.99E+01,1.19E+00,5.10E+01,,2.33E-01,,9.49E-03,,0.00E+00,,0.00E+00
816762170000,2.46E-01,4.07E+00,6.50E+08,1.48E+01,5.74E+08,1.54E+09,9.70E+08,9.61E+01,2.36E-01,9.61E-03,0.00E+00,0.00E+00,0.00E+00,0.00E+00,,,,0.00E+00,0.00E+00,0.00E+00,0.00E+00,,0.00E+00,2.91E-01,1.00E+02,2.97E+07,1.21E+08,1.00E+00,6.04E+00,0.00E+00,0.00E+00,6.06E+01,,0.00E+00,7.04E+01,0.00E+00,0.00E+00,2.97E+07,1.21E+08,0.00E+00,0.00E+00,7.04E+01,9.50E-01,5.07E+01,,2.36E-01,,9.61E-03,,0.00E+00,,0.00E+00
816762180000,2.46E-01,4.07E+00,6.50E+08,1.03E+01,5.73E+08,1.54E+09,9.67E+08,9.59E+01,2.36E-01,9.59E-03,2.25E+00,5.53E-03,2.25E-04,0.00E+00,,,,0.00E+00,0.00E+00,0.00E+00,0.00E+00,,0.00E+00,2.01E-01,1.00E+02,2.06E+07,1.20E+08,1.00E+00,4.21E+00,0.00E+00,0.00E+00,6.06E+01,,0.00E+00,4.88E+01,0.00E+00,0.00E+00,2.06E+07,1.20E+08,0.00E+00,0.00E+00,4.88E+01,6.67E-01,6.57E+01,,2.36E-01,,9.59E-03,,5.53E-03,,2.25E-04
816762190000,2.46E-01,4.07E+00,6.50E+08,,,,,1.00E+02,2.46E-01,1.00E-02,1.77E+01,4.35E-02,1.77E-03,,,,,,,,,,,,,,,,,,,,,,,,,,,,,,,,,2.46E-01,,1.00E-02,,4.35E-02,,1.77E-03
816762200000,2.46E-01,4.07E+00,6.50E+08,,,,,4.05E+01,9.95E-02,4.05E-03,2.06E+00,5.06E-03,2.06E-04,,,,,,,,,,,,,,,,,,,,,,,,,,,,,,,,,9.95E-02,,4.05E-03,,5.06E-03,,2.06E-04
816762210000,2.46E-01,4.07E+00,6.50E+08,,,,,5.95E+00,1.46E-02,5.95E-04,3.13E+00,7.70E-03,3.13E-04,,,,,,,,,,,,,,,,,,,,,,,,,,,,,,,,,1.46E-02,,5.95E-04,,7.70E-03,,3.13E-04
816762220000,2.46E-01,4.07E+00,6.50E+08,,,,,6.19E+00,1.52E-02,6.19E-04,2.33E+00,5.74E-03,2.33E-04,,,,,,,,,,,,,,,,,,,,,,,,,,,,,,,,,1.52E-02,,6.19E-04,,5.74E-03,,2.33E-04
816762230000,2.46E-01,4.07E+00,6.50E+08,1.07E+01,7.25E+08,1.46E+09,7.35E+08,4.16E+01,1.02E-01,4.16E-03,7.24E+01,1.78E-01,7.24E-03,1.61E+01,2.68E+00,5.83E+00,2.29E+03,6.41E+06,3.42E+07,3.74E+05,2.00E+06,1.39E+00,0.00E+00,1.14E-01,1.00E+02,1.17E+07,6.24E+07,1.00E+00,2.38E+00,0.00E+00,0.00E+00,6.06E+01,2.83E+01,0.00E+00,2.77E+01,9.89E+00,0.00E+00,1.17E+07,6.24E+07,8.92E+06,4.76E+07,3.76E+01,2.87E-01,4.37E+01,,1.02E-01,,4.16E-03,,1.78E-01,,7.24E-03
816762240000,2.46E-01,4.07E+00,6.50E+08,1.75E+01,8.37E+08,1.81E+09,9.78E+08,7.66E+01,1.88E-01,7.66E-03,8.44E+01,2.07E-01,8.44E-03,1.44E+01,2.45E+00,7.51E+00,1.63E+03,5.77E+06,2.34E+07,4.33E+05,1.76E+06,1.38E+00,0.00E+00,5.96E-01,1.00E+02,2.20E+07,8.96E+07,1.55E+00,2.51E+01,0.00E+00,0.00E+00,4.33E+01,2.94E+01,0.00E+00,5.78E+01,9.12E+00,0.00E+00,3.42E+07,1.39E+08,7.94E+06,3.23E+07,6.69E+01,2.89E-01,4.23E+01,,1.88E-01,,7.66E-03,,2.07E-01,,8.44E-03
816762250000,2.46E-01,4.07E+00,6.50E+08,2.14E+01,1.13E+09,2.23E+09,1.10E+09,7.63E+01,1.88E-01,7.63E-03,9.28E+01,2.28E-01,9.28E-03,1.64E+01,1.99E+00,1.51E+01,1.80E+03,6.53E+06,2.66E+07,9.85E+05,4.01E+06,1.41E+00,1.20E+00,6.49E-01,1.00E+02,2.00E+07,8.15E+07,1.64E+00,2.73E+01,0.00E+00,0.00E+00,4.47E+01,2.86E+01,0.00E+00,5.73E+01,1.03E+01,0.00E+00,3.28E+07,1.33E+08,9.21E+06,3.75E+07,6.76E+01,1.86E-01,3.71E+01,,1.88E-01,,7.63E-03,,2.28E-01,,9.28E-03
816762260000,2.46E-01,4.07E+00,6.50E+08,1.82E+01,1.01E+09,1.89E+09,8.81E+08,7.09E+01,1.74E-01,7.09E-03,9.27E+01,2.28E-01,9.27E-03,1.88E+01,3.26E+00,5.35E+00,2.15E+03,7.50E+06,3.05E+07,4.02E+05,1.63E+06,1.39E+00,0.00E+00,4.49E-01,1.00E+02,1.85E+07,7.51E+07,1.43E+00,1.54E+01,0.00E+00,0.00E+00,4.74E+01,2.83E+01,0.00E+00,4.90E+01,1.15E+01,0.00E+00,2.64E+07,1.07E+08,1.04E+07,4.24E+07,6.05E+01,2.81E-01,3.29E+01,,1.74E-01,,7.09E-03,,2.28E-01,,9.27E-03
816762270000,2.46E-01,4.07E+00,6.50E+08,1.43E+01,7.46E+08,1.49E+09,7.43E+08,5.56E+01,1.37E-01,5.56E-03,9.25E+01,2.28E-01,9.25E-03,2.17E+01,2.49E+00,5.82E+00,2.14E+03,8.65E+06,3.52E+07,5.04E+05,2.05E+06,1.40E+00,0.00E+00,1.54E-01,1.00E+02,1.58E+07,6.41E+07,1.00E+00,3.20E+00,0.00E+00,0.00E+00,6.06E+01,2.82E+01,0.00E+00,3.73E+01,1.33E+01,0.00E+00,1.58E+07,6.41E+07,1.21E+07,4.92E+07,5.06E+01,4.27E-01,2.73E+01,,1.37E-01,,5.56E-03,,2.28E-01,,9.25E-03
816762280000,2.46E-01,4.07E+00,6.50E+08,1.47E+01,7.46E+08,1.53E+09,7.84E+08,4.43E+01,1.09E-01,4.43E-03,8.99E+01,2.21E-01,8.99E-03,2.17E+01,2.40E+00,7.52E+00,1.83E+03,8.66E+06,3.52E+07,6.51E+05,2.65E+06,1.39E+00,0.00E+00,1.51E-01,1.00E+02,1.54E+07,6.28E+07,1.00E+00,3.13E+00,0.00E+00,0.00E+00,6.06E+01,2.87E+01,0.00E+00,3.66E+01,1.35E+01,0.00E+00,1.54E+07,6.28E+07,1.20E+07,4.89E+07,5.01E+01,3.41E-01,2.66E+01,,1.09E-01,,4.43E-03,,2.21E-01,,8.99E-03
816762290000,2.46E-01,4.07E+00,6.50E+08,1.42E+01,7.53E+08,1.48E+09,7.29E+08,6.13E+01,1.51E-01,6.13E-03,9.19E+01,2.26E-01,9.19E-03,2.16E+01,3.50E+00,3.81E+00,2.11E+03,8.64E+06,3.51E+07,3.29E+05,1.34E+06,1.39E+00,0.00E+00,1.58E-01,1.00E+02,1.61E+07,6.55E+07,1.00E+00,3.27E+00,0.00E+00,0.00E+00,6.06E+01,2.83E+01,0.00E+00,3.82E+01,1.33E+01,0.00E+00,1.61E+07,6.55E+07,1.20E+07,4.87E+07,5.14E+01,2.88E-01,2.75E+01,,1.51E-01,,6.13E-03,,2.26E-01,,9.19E-03
816762300000,2.46E-01,4.07E+00,6.50E+08,1.47E+01,7.50E+08,1.53E+09,7.78E+08,4.20E+01,1.03E-01,4.20E-03,9.19E+01,2.26E-01,9.19E-03,2.18E+01,2.55E+00,6.81E+00,1.81E+03,8.71E+06,3.54E+07,5.93E+05,2.41E+06,1.38E+00,0.00E+00,1.53E-01,1.00E+02,1.57E+07,6.37E+07,1.00E+00,3.18E+00,0.00E+00,0.00E+00,6.06E+01,2.86E+01,0.00E+00,3.71E+01,1.35E+01,0.00E+00,1.57E+07,6.37E+07,1.21E+07,4.90E+07,5.06E+01,2.30E-01,2.65E+01,,1.03E-01,,4.20E-03,,2.26E-01,,9.19E-03
816762310000,2.46E-01,4.07E+00,6.50E+08,1.75E+01,8.77E+08,1.82E+09,9.42E+08,7.08E+01,1.74E-01,7.08E-03,8.76E+01,2.15E-01,8.76E-03,1.70E+01,2.91E+00,5.26E+00,1.89E+03,6.80E+06,2.76E+07,3.57E+05,1.45E+06,1.39E+00,0.00E+00,4.51E-01,1.00E+02,2.49E+07,1.01E+08,1.34E+00,1.83E+01,0.00E+00,0.00E+00,3.80E+01,2.84E+01,0.00E+00,4.95E+01,1.05E+01,0.00E+00,3.33E+07,1.35E+08,9.45E+06,3.84E+07,6.00E+01,3.31E-01,3.81E+01,,1.74E-01,,7.08E-03,,2.15E-01,,8.76E-03
816762320000,2.46E-01,4.07E+00,6.50E+08,2.77E+01,1.90E+09,2.88E+09,9.85E+08,4.65E+01,1.14E-01,4.65E-03,5.04E+01,1.24E-01,5.04E-03,2.23E+01,2.06E+00,3.71E+01,1.24E+04,8.92E+06,3.63E+07,3.31E+06,1.35E+07,1.02E+00,0.00E+00,2.45E-01,1.00E+02,1.38E+07,5.61E+07,1.31E+00,9.62E+00,0.00E+00,0.00E+00,3.80E+01,4.33E+01,0.00E+00,2.68E+01,1.54E+01,0.00E+00,1.81E+07,7.35E+07,9.12E+06,3.71E+07,4.23E+01,1.67E-01,7.45E+01,,1.14E-01,,4.65E-03,,1.24E-01,,5.04E-03
816762330000,2.46E-01,4.07E+00,6.50E+08,3.27E+01,2.35E+09,3.40E+09,1.05E+09,8.15E+00,2.00E-02,8.15E-04,9.72E+01,2.39E-01,9.72E-03,2.81E+01,2.06E+00,3.88E+01,3.03E+04,1.12E+07,4.56E+07,4.35E+06,1.77E+07,1.01E+00,0.00E+00,2.60E-01,1.00E+02,1.05E+07,4.26E+07,1.40E+00,9.18E+00,0.00E+00,0.00E+00,2.27E+01,4.41E+01,0.00E+00,1.31E+01,1.95E+01,0.00E+00,1.47E+07,5.98E+07,1.13E+07,4.60E+07,3.25E+01,1.00E-02,8.22E+01,,2.00E-02,,8.15E-04,,2.39E-01,,9.72E-03
816762340000,2.46E-01,4.07E+00,6.50E+08,4.46E+01,2.70E+09,4.64E+09,1.93E+09,1.00E+02,2.46E-01,1.00E-02,8.76E+01,2.15E-01,8.76E-03,1.93E+01,2.05E+00,4.28E+01,1.46E+04,7.70E+06,3.13E+07,3.30E+06,1.34E+07,1.01E+00,2.28E+01,1.01E+00,1.00E+02,3.80E+07,1.55E+08,1.05E+00,1.44E+01,0.00E+00,0.00E+00,1.14E+01,4.50E+01,0.00E+00,1.78E+01,1.37E+01,0.00E+00,4.00E+07,1.63E+08,7.76E+06,3.16E+07,3.14E+01,9.49E-04,6.75E+01,,2.46E-01,,1.00E-02,,2.15E-01,,8.76E-03
816762350000,2.46E-01,4.07E+00,6.50E+08,3.57E+01,2.13E+09,3.71E+09,1.58E+09,9.50E+01,2.34E-01,9.50E-03,8.79E+01,2.16E-01,8.79E-03,1.25E+01,2.03E+00,4.91E+01,1.17E+04,5.01E+06,2.04E+07,2.46E+06,1.00E+07,1.01E+00,1.86E+01,1.08E+00,1.00E+02,2.83E+07,1.15E+08,1.59E+00,4.34E+01,0.00E+00,0.00E+00,3.15E+01,4.50E+01,0.00E+00,5.56E+01,8.90E+00,0.00E+00,4.51E+07,1.83E+08,5.05E+06,2.06E+07,6.45E+01,5.67E-03,7.40E+01,,2.34E-01,,9.50E-03,,2.16E-01,,8.79E-03
816762360000,2.46E-01,4.07E+00,6.50E+08,3.12E+01,1.95E+09,3.24E+09,1.29E+09,9.42E+01,2.32E-01,9.42E-03,9.52E+01,2.34E-01,9.52E-03,1.14E+01,1.84E+00,3.80E+01,1.57E+04,4.56E+06,1.85E+07,1.73E+06,7.05E+06,1.01E+00,1.39E+01,1.44E+00,1.00E+02,2.33E+07,9.48E+07,2.72E+00,5.40E+01,0.00E+00,0.00E+00,2.96E+01,4.50E+01,0.00E+00,7.33E+01,8.09E+00,0.00E+00,6.34E+07,2.58E+08,4.60E+06,1.87E+07,8.14E+01,1.43E-02,8.29E+01,,2.32E-01,,9.42E-03,,2.34E-01,,9.52E-03
816762370000,1.96E-01,5.09E+00,6.50E+08,2.31E+01,1.26E+09,2.40E+09,1.13E+09,9.54E+01,1.87E-01,9.54E-03,6.23E+01,1.22E-01,6.23E-03,3.44E+00,5.62E+00,5.37E+00,4.18E+02,1.10E+06,5.58E+06,5.89E+04,3.00E+05,1.12E+00,1.48E+01,1.45E+00,1.00E+02,2.06E+07,1.05E+08,2.44E+00,6.21E+01,0.00E+00,0.00E+00,3.22E+01,6.52E+01,0.00E+00,7.94E+01,3.90E+00,0.00E+00,5.03E+07,2.56E+08,1.22E+06,6.23E+06,8.33E+01,1.58E-03,6.63E+01,,1.87E-01,,9.54E-03,,1.22E-01,,6.23E-03
816762380000,7.52E-02,1.33E+01,6.50E+08,2.05E+01,9.30E+08,2.13E+09,1.20E+09,9.54E+01,7.17E-02,9.54E-03,2.08E+01,1.57E-02,2.08E-03,2.95E-03,3.63E+02,1.00E+02,1.50E+00,3.60E+02,4.79E+03,3.60E+02,4.79E+03,2.00E+00,1.26E+01,1.41E+00,1.00E+02,8.36E+06,1.11E+08,2.31E+00,6.06E+01,0.00E+00,0.00E+00,3.33E+01,6.13E+01,0.00E+00,8.21E+01,5.65E-03,0.00E+00,1.93E+07,2.57E+08,7.21E+02,9.59E+03,8.22E+01,8.74E-02,5.54E+01,,7.17E-02,,9.54E-03,,1.57E-02,,2.08E-03
816762390000,7.52E-02,1.33E+01,6.50E+08,2.13E+01,1.21E+09,2.22E+09,1.01E+09,9.49E+01,7.13E-02,9.49E-03,5.75E+01,4.32E-02,5.75E-03,6.06E+00,2.28E+00,2.72E+01,7.24E+03,7.40E+05,9.85E+06,2.01E+05,2.68E+06,1.01E+00,0.00E+00,2.60E-01,1.00E+02,8.14E+06,1.08E+08,1.00E+00,5.46E+00,0.00E+00,0.00E+00,6.06E+01,4.40E+01,0.00E+00,6.30E+01,4.22E+00,0.00E+00,8.14E+06,1.08E+08,7.49E+05,9.96E+06,6.73E+01,3.26E+00,6.01E+01,,7.13E-02,,9.49E-03,,4.32E-02,,5.75E-03
816762400000,7.52E-02,1.33E+01,6.50E+08,4.35E+01,3.00E+09,4.53E+09,1.53E+09,9.86E+01,7.41E-02,9.86E-03,1.00E+02,7.52E-02,1.00E-02,1.85E+01,2.06E+00,4.01E+01,3.53E+04,2.26E+06,3.00E+07,9.05E+05,1.20E+07,1.01E+00,9.49E+00,6.70E-01,1.00E+02,7.86E+06,1.05E+08,1.21E+00,1.26E+01,0.00E+00,0.00E+00,1.53E+01,4.40E+01,0.00E+00,1.85E+01,1.28E+01,0.00E+00,9.49E+06,1.26E+08,2.27E+06,3.02E+07,3.13E+01,6.40E-01,9.17E+01,,7.41E-02,,9.86E-03,,7.52E-02,,1.00E-02
816762410000,7.52E-02,1.33E+01,6.50E+08,4.63E+01,3.23E+09,4.82E+09,1.59E+09,1.00E+02,7.52E-02,1.00E-02,7.98E+01,6.00E-02,7.98E-03,1.95E+01,2.04E+00,4.02E+01,3.44E+04,2.38E+06,3.17E+07,9.59E+05,1.28E+07,1.01E+00,1.50E+01,7.38E-01,1.00E+02,7.93E+06,1.05E+08,1.24E+00,1.38E+01,0.00E+00,0.00E+00,9.91E+00,4.40E+01,0.00E+00,1.24E+01,1.35E+01,0.00E+00,9.80E+06,1.30E+08,2.40E+06,3.19E+07,2.59E+01,2.85E-02,9.55E+01,,7.52E-02,,1.00E-02,,6.00E-02,,7.98E-03
816762420000,7.52E-02,1.33E+01,6.50E+08,3.33E+01,2.17E+09,3.47E+09,1.30E+09,9.67E+01,7.27E-02,9.67E-03,0.00E+00,0.00E+00,0.00E+00,1.80E+01,2.03E+00,4.05E+01,6.44E+03,2.20E+06,2.93E+07,8.92E+05,1.19E+07,1.01E+00,2.08E+01,5.62E-01,1.00E+02,6.35E+06,8.45E+07,1.10E+00,7.46E+00,0.00E+00,0.00E+00,1.10E+01,4.61E+01,0.00E+00,9.76E+00,1.31E+01,0.00E+00,6.96E+06,9.26E+07,2.23E+06,2.97E+07,2.29E+01,8.40E-03,6.16E+01,,7.27E-02,,9.67E-03,,0.00E+00,,0.00E+00
816762430000,7.52E-02,1.33E+01,6.50E+08,3.02E+01,1.91E+09,3.14E+09,1.23E+09,2.20E+01,1.65E-02,2.20E-03,7.47E+01,5.61E-02,7.47E-03,1.77E+01,2.02E+00,4.06E+01,5.29E+03,2.16E+06,2.87E+07,8.76E+05,1.17E+07,1.02E+00,2.28E+01,5.20E-01,1.00E+02,5.97E+06,7.95E+07,1.05E+00,5.94E+00,0.00E+00,0.00E+00,1.14E+01,4.66E+01,0.00E+00,9.13E+00,1.31E+01,0.00E+00,6.28E+06,8.35E+07,2.19E+06,2.91E+07,2.22E+01,3.57E-03,5.35E+01,,1.65E-02,,2.20E-03,,5.61E-02,,7.47E-03
816762440000,7.52E-02,1.33E+01,6.50E+08,2.92E+01,1.83E+09,3.04E+09,1.21E+09,7.56E+00,5.68E-03,7.56E-04,9.38E+01,7.05E-02,9.38E-03,1.63E+01,2.02E+00,4.06E+01,4.90E+03,1.99E+06,2.65E+07,8.10E+05,1.08E+07,1.02E+00,1.76E+01,5.02E-01,1.00E+02,6.19E+06,8.24E+07,1.05E+00,5.94E+00,0.00E+00,0.00E+00,1.64E+01,4.66E+01,0.00E+00,1.36E+01,1.21E+01,0.00E+00,6.47E+06,8.61E+07,2.03E+06,2.69E+07,2.57E+01,1.10E-01,5.33E+01,,5.68E-03,,7.56E-04,,7.05E-02,,9.38E-03
816762450000,8.93E-02,1.12E+01,6.50E+08,1.72E+01,7.09E+08,1.79E+09,1.08E+09,9.58E+01,8.55E-02,9.58E-03,2.97E+01,2.65E-02,2.97E-03,3.28E-03,2.34E+02,1.00E+02,1.27E+00,4.76E+02,5.34E+03,4.76E+02,5.34E+03,2.00E+00,0.00E+00,2.85E-01,1.00E+02,1.06E+07,1.19E+08,1.00E+00,6.00E+00,0.00E+00,0.00E+00,6.06E+01,5.66E+01,0.00E+00,6.92E+01,5.81E-03,0.00E+00,1.06E+07,1.19E+08,9.53E+02,1.07E+04,6.92E+01,1.23E+00,5.08E+01,,8.55E-02,,9.58E-03,,2.65E-02,,2.97E-03
816762460000,1.02E-01,9.77E+00,6.50E+08,1.73E+01,7.56E+08,1.80E+09,1.04E+09,9.47E+01,9.70E-02,9.47E-03,2.05E+01,2.10E-02,2.05E-03,9.85E-01,5.29E+00,2.47E+01,6.13E+02,1.64E+05,1.60E+06,4.05E+04,3.95E+05,1.02E+00,0.00E+00,2.83E-01,1.00E+02,1.20E+07,1.18E+08,1.00E+00,5.92E+00,0.00E+00,0.00E+00,6.06E+01,4.42E+01,0.00E+00,6.85E+01,6.93E-01,0.00E+00,1.20E+07,1.18E+08,1.67E+05,1.63E+06,6.91E+01,1.59E+00,5.24E+01,,9.70E-02,,9.47E-03,,2.10E-02,,2.05E-03
816762470000,1.02E-01,9.77E+00,6.50E+08,2.70E+01,1.65E+09,2.81E+09,1.16E+09,9.39E+01,9.61E-02,9.39E-03,1.00E+02,1.02E-01,1.00E-02,1.16E+01,2.13E+00,4.49E+01,3.05E+04,1.93E+06,1.89E+07,8.67E+05,8.47E+06,1.01E+00,0.00E+00,2.38E-01,1.00E+02,1.01E+07,9.89E+07,1.00E+00,5.02E+00,0.00E+00,0.00E+00,6.06E+01,4.40E+01,0.00E+00,5.76E+01,8.06E+00,0.00E+00,1.01E+07,9.89E+07,1.95E+06,1.90E+07,6.57E+01,4.67E+00,6.72E+01,,9.61E-02,,9.39E-03,,1.02E-01,,1.00E-02
816762480000,1.02E-01,9.77E+00,6.50E+08,2.46E+01,1.52E+09,2.56E+09,1.03E+09,9.61E+01,9.83E-02,9.61E-03,1.00E+02,1.02E-01,1.00E-02,1.13E+01,2.27E+00,2.89E+01,3.21E+04,1.88E+06,1.84E+07,5.43E+05,5.31E+06,1.01E+00,0.00E+00,2.42E-01,1.00E+02,1.03E+07,1.01E+08,1.00E+00,5.11E+00,0.00E+00,0.00E+00,6.06E+01,4.40E+01,0.00E+00,5.86E+01,7.83E+00,0.00E+00,1.03E+07,1.01E+08,1.89E+06,1.85E+07,6.64E+01,4.32E+00,6.59E+01,,9.83E-02,,9.61E-03,,1.02E-01,,1.00E-02
816762490000,1.02E-01,9.77E+00,6.50E+08,2.77E+01,1.63E+09,2.88E+09,1.25E+09,9.50E+01,9.72E-02,9.50E-03,1.00E+02,1.02E-01,1.00E-02,1.16E+01,1.89E+00,6.17E+01,3.41E+04,1.93E+06,1.89E+07,1.19E+06,1.17E+07,1.01E+00,0.00E+00,2.39E-01,1.00E+02,1.02E+07,9.93E+07,1.00E+00,5.06E+00,0.00E+00,0.00E+00,6.06E+01,4.40E+01,0.00E+00,5.78E+01,8.06E+00,0.00E+00,1.02E+07,9.93E+07,1.95E+06,1.90E+07,6.59E+01,4.64E+00,6.71E+01,,9.72E-02,,9.50E-03,,1.02E-01,,1.00E-02
816762500000,1.02E-01,9.77E+00,6.50E+08,2.98E+01,1.91E+09,3.10E+09,1.19E+09,9.62E+01,9.84E-02,9.62E-03,7.82E+01,8.00E-02,7.82E-03,8.35E+00,2.06E+00,2.84E+01,3.39E+04,1.39E+06,1.36E+07,3.94E+05,3.85E+06,1.01E+00,0.00E+00,5.34E-01,1.00E+02,1.18E+07,1.15E+08,1.12E+00,8.95E+00,0.00E+00,0.00E+00,3.31E+01,4.40E+01,0.00E+00,4.09E+01,5.79E+00,0.00E+00,1.31E+07,1.28E+08,1.40E+06,1.37E+07,4.67E+01,2.41E+00,7.51E+01,,9.84E-02,,9.62E-03,,8.00E-02,,7.82E-03
816762510000,1.02E-01,9.77E+00,6.50E+08,3.46E+01,2.23E+09,3.60E+09,1.37E+09,1.00E+02,1.02E-01,1.00E-02,0.00E+00,0.00E+00,0.00E+00,3.30E+00,2.91E+00,3.81E+00,4.34E+04,5.49E+05,5.36E+06,2.09E+04,2.04E+05,1.00E+00,1.50E+01,9.39E-01,1.00E+02,1.37E+07,1.34E+08,1.24E+00,1.42E+01,0.00E+00,0.00E+00,9.91E+00,4.40E+01,0.00E+00,1.58E+01,2.27E+00,0.00E+00,1.70E+07,1.66E+08,5.50E+05,5.38E+06,1.81E+01,2.16E-03,8.66E+01,,1.02E-01,,1.00E-02,,0.00E+00,,0.00E+00
816762520000,1.02E-01,9.77E+00,6.50E+08,3.19E+01,2.03E+09,3.32E+09,1.29E+09,9.69E+01,9.91E-02,9.69E-03,0.00E+00,0.00E+00,0.00E+00,1.53E+01,2.03E+00,3.91E+01,5.50E+03,2.55E+06,2.49E+07,9.96E+05,9.73E+06,1.02E+00,2.05E+01,6.19E-01,1.00E+02,9.49E+06,9.28E+07,1.10E+00,7.64E+00,0.00E+00,0.00E+00,1.09E+01,4.65E+01,0.00E+00,1.07E+01,1.13E+01,0.00E+00,1.05E+07,1.02E+08,2.59E+06,2.53E+07,2.20E+01,1.07E-03,5.92E+01,,9.91E-02,,9.69E-03,,0.00E+00,,0.00E+00
816762530000,1.02E-01,9.77E+00,6.50E+08,3.12E+01,1.98E+09,3.25E+09,1.27E+09,2.18E+01,2.24E-02,2.18E-03,7.48E+01,7.66E-02,7.48E-03,1.83E+01,2.02E+00,4.06E+01,5.29E+03,3.05E+06,2.98E+07,1.24E+06,1.21E+07,1.02E+00,2.28E+01,5.40E-01,1.00E+02,8.44E+06,8.25E+07,1.05E+00,6.01E+00,0.00E+00,0.00E+00,1.14E+01,4.66E+01,0.00E+00,9.47E+00,1.36E+01,0.00E+00,8.87E+06,8.67E+07,3.09E+06,3.02E+07,2.30E+01,8.01E-04,5.24E+01,,2.24E-02,,2.18E-03,,7.66E-02,,7.48E-03
816762540000,1.02E-01,9.77E+00,6.50E+08,2.90E+01,1.78E+09,3.01E+09,1.24E+09,1.69E+01,1.73E-02,1.69E-03,8.89E+01,9.10E-02,8.89E-03,1.52E+01,2.02E+00,4.06E+01,4.42E+03,2.53E+06,2.47E+07,1.03E+06,1.01E+07,1.02E+00,1.09E+01,4.97E-01,1.00E+02,9.07E+06,8.86E+07,1.04E+00,6.00E+00,0.00E+00,0.00E+00,2.21E+01,4.66E+01,0.00E+00,1.96E+01,1.13E+01,0.00E+00,9.42E+06,9.21E+07,2.57E+06,2.51E+07,3.08E+01,2.46E-01,5.22E+01,,1.73E-02,,1.69E-03,,9.10E-02,,8.89E-03
816762550000,1.01E-01,9.92E+00,6.50E+08,1.64E+01,6.66E+08,1.71E+09,1.04E+09,9.49E+01,9.56E-02,9.49E-03,1.92E+01,1.94E-02,1.92E-03,2.02E-03,1.99E+02,1.00E+02,1.22E+00,3.30E+02,3.28E+03,3.30E+02,3.28E+03,2.00E+00,0.00E+00,2.88E-01,1.00E+02,1.21E+07,1.20E+08,1.00E+00,6.04E+00,0.00E+00,0.00E+00,6.06E+01,5.53E+01,0.00E+00,6.97E+01,3.49E-03,0.00E+00,1.21E+07,1.20E+08,6.61E+02,6.56E+03,6.97E+01,1.06E+00,5.06E+01,,9.56E-02,,9.49E-03,,1.94E-02,,1.92E-03
816762560000,9.82E-02,1.02E+01,6.50E+08,1.65E+01,6.57E+08,1.72E+09,1.06E+09,9.58E+01,9.41E-02,9.58E-03,1.68E+01,1.65E-02,1.68E-03,2.90E-03,3.63E+02,1.00E+02,1.50E+00,4.63E+02,4.71E+03,4.63E+02,4.71E+03,2.00E+00,0.00E+00,2.88E-01,1.00E+02,1.18E+07,1.20E+08,1.00E+00,6.03E+00,0.00E+00,0.00E+00,6.06E+01,6.13E+01,0.00E+00,6.98E+01,5.56E-03,0.00E+00,1.18E+07,1.20E+08,9.26E+02,9.42E+03,6.98E+01,1.08E+00,5.08E+01,,9.41E-02,,9.58E-03,,1.65E-02,,1.68E-03
816762570000,9.82E-02,1.02E+01,6.50E+08,2.34E+01,1.40E+09,2.43E+09,1.03E+09,9.51E+01,9.34E-02,9.51E-03,7.25E+01,7.12E-02,7.25E-03,8.18E+00,2.26E+00,3.05E+01,1.58E+04,1.30E+06,1.33E+07,3.98E+05,4.06E+06,1.01E+00,0.00E+00,2.52E-01,1.00E+02,1.03E+07,1.05E+08,1.00E+00,5.30E+00,0.00E+00,0.00E+00,6.06E+01,4.41E+01,0.00E+00,6.10E+01,5.69E+00,0.00E+00,1.03E+07,1.05E+08,1.32E+06,1.34E+07,6.67E+01,3.90E+00,6.25E+01,,9.34E-02,,9.51E-03,,7.12E-02,,7.25E-03
816762580000,9.82E-02,1.02E+01,6.50E+08,2.66E+01,1.53E+09,2.76E+09,1.23E+09,9.42E+01,9.25E-02,9.42E-03,1.00E+02,9.82E-02,1.00E-02,1.15E+01,2.13E+00,5.34E+01,3.78E+04,1.83E+06,1.87E+07,9.78E+05,9.96E+06,1.01E+00,0.00E+00,2.41E-01,1.00E+02,9.86E+06,1.00E+08,1.00E+00,5.14E+00,0.00E+00,0.00E+00,6.06E+01,4.40E+01,0.00E+00,5.85E+01,7.96E+00,0.00E+00,9.86E+06,1.00E+08,1.85E+06,1.88E+07,6.64E+01,3.88E+00,6.64E+01,,9.25E-02,,9.42E-03,,9.82E-02,,1.00E-02
816762590000,9.82E-02,1.02E+01,6.50E+08,2.63E+01,1.59E+09,2.73E+09,1.15E+09,9.44E+01,9.27E-02,9.44E-03,1.00E+02,9.82E-02,1.00E-02,1.22E+01,1.95E+00,4.32E+01,3.38E+04,1.94E+06,1.98E+07,8.40E+05,8.55E+06,1.01E+00,0.00E+00,2.43E-01,1.00E+02,9.92E+06,1.01E+08,1.00E+00,5.16E+00,0.00E+00,0.00E+00,6.06E+01,4.40E+01,0.00E+00,5.88E+01,8.44E+00,0.00E+00,9.92E+06,1.01E+08,1.96E+06,1.99E+07,6.72E+01,3.78E+00,6.70E+01,,9.27E-02,,9.44E-03,,9.82E-02,,1.00E-02
816762600000,9.82E-02,1.02E+01,6.50E+08,3.08E+01,1.96E+09,3.20E+09,1.24E+09,9.61E+01,9.44E-02,9.61E-03,9.56E+01,9.39E-02,9.56E-03,9.33E+00,1.92E+00,4.22E+01,3.53E+04,1.49E+06,1.52E+07,6.29E+05,6.40E+06,1.01E+00,0.00E+00,4.86E-01,1.00E+02,1.09E+07,1.11E+08,1.10E+00,8.40E+00,0.00E+00,0.00E+00,3.61E+01,4.40E+01,0.00E+00,4.26E+01,6.46E+00,0.00E+00,1.20E+07,1.22E+08,1.50E+06,1.53E+07,4.90E+01,3.21E+00,7.50E+01,,9.44E-02,,9.61E-03,,9.39E-02,,9.56E-03
816762610000,9.82E-02,1.02E+01,6.50E+08,3.63E+01,2.39E+09,3.77E+09,1.38E+09,1.00E+02,9.82E-02,1.00E-02,0.00E+00,0.00E+00,0.00E+00,5.24E+00,2.36E+00,8.99E+00,3.47E+04,8.37E+05,8.52E+06,7.52E+04,7.65E+05,1.01E+00,1.50E+01,9.33E-01,1.00E+02,1.31E+07,1.33E+08,1.24E+00,1.44E+01,0.00E+00,0.00E+00,9.91E+00,4.40E+01,0.00E+00,1.57E+01,3.62E+00,0.00E+00,1.62E+07,1.65E+08,8.41E+05,8.56E+06,1.93E+01,1.41E-02,8.81E+01,,9.82E-02,,1.00E-02,,0.00E+00,,0.00E+00
816762620000,9.82E-02,1.02E+01,6.50E+08,3.27E+01,2.10E+09,3.40E+09,1.30E+09,9.69E+01,9.51E-02,9.69E-03,0.00E+00,0.00E+00,0.00E+00,1.48E+01,2.03E+00,3.76E+01,5.76E+03,2.37E+06,2.41E+07,8.91E+05,9.07E+06,1.01E+00,1.98E+01,6.47E-01,1.00E+02,9.47E+06,9.64E+07,1.12E+00,8.30E+00,0.00E+00,0.00E+00,1.08E+01,4.63E+01,0.00E+00,1.12E+01,1.09E+01,0.00E+00,1.06E+07,1.08E+08,2.40E+06,2.45E+07,2.21E+01,3.86E-03,6.23E+01,,9.51E-02,,9.69E-03,,0.00E+00,,0.00E+00
816762630000,9.82E-02,1.02E+01,6.50E+08,3.14E+01,1.99E+09,3.27E+09,1.27E+09,2.80E+01,2.75E-02,2.80E-03,6.87E+01,6.74E-02,6.87E-03,1.84E+01,2.02E+00,4.06E+01,5.29E+03,2.93E+06,2.99E+07,1.19E+06,1.21E+07,1.02E+00,2.28E+01,5.41E-01,1.00E+02,8.12E+06,8.27E+07,1.05E+00,6.04E+00,0.00E+00,0.00E+00,1.14E+01,4.66E+01,0.00E+00,9.50E+00,1.36E+01,0.00E+00,8.53E+06,8.69E+07,2.98E+06,3.03E+07,2.31E+01,9.09E-05,5.27E+01,,2.75E-02,,2.80E-03,,6.74E-02,,6.87E-03
816762640000,9.82E-02,1.02E+01,6.50E+08,3.00E+01,1.87E+09,3.12E+09,1.25E+09,1.06E+01,1.04E-02,1.06E-03,9.21E+01,9.04E-02,9.21E-03,1.64E+01,2.02E+00,4.06E+01,4.71E+03,2.62E+06,2.67E+07,1.07E+06,1.08E+07,1.02E+00,1.57E+01,5.14E-01,1.00E+02,8.49E+06,8.64E+07,1.04E+00,6.04E+00,0.00E+00,0.00E+00,1.82E+01,4.66E+01,0.00E+00,1.58E+01,1.21E+01,0.00E+00,8.86E+06,9.02E+07,2.66E+06,2.71E+07,2.79E+01,1.28E-01,5.25E+01,,1.04E-02,,1.06E-03,,9.04E-02,,9.21E-03
816762650000,9.78E-02,1.02E+01,6.50E+08,1.67E+01,6.88E+08,1.74E+09,1.05E+09,9.54E+01,9.33E-02,9.54E-03,2.67E+01,2.61E-02,2.67E-03,2.86E-03,2.32E+02,1.00E+02,1.27E+00,4.54E+02,4.65E+03,4.54E+02,4.65E+03,2.00E+00,0.00E+00,2.83E-01,1.00E+02,1.15E+07,1.18E+08,1.00E+00,5.94E+00,0.00E+00,0.00E+00,6.06E+01,5.65E+01,0.00E+00,6.86E+01,5.05E-03,0.00E+00,1.15E+07,1.18E+08,9.09E+02,9.29E+03,6.86E+01,1.14E+00,5.02E+01,,9.33E-02,,9.54E-03,,2.61E-02,,2.67E-03
816762660000,9.74E-02,1.03E+01,6.50E+08,1.66E+01,6.77E+08,1.73E+09,1.05E+09,9.52E+01,9.28E-02,9.52E-03,1.58E+01,1.54E-02,1.58E-03,3.37E-01,2.23E+01,1.30E+01,1.93E+02,5.33E+04,5.47E+05,6.91E+03,7.09E+04,1.05E+00,0.00E+00,2.87E-01,1.00E+02,1.16E+07,1.19E+08,1.00E+00,5.99E+00,0.00E+00,0.00E+00,6.06E+01,4.46E+01,0.00E+00,6.95E+01,2.47E-01,0.00E+00,1.16E+07,1.19E+08,5.62E+04,5.77E+05,6.97E+01,1.04E+00,5.12E+01,,9.28E-02,,9.52E-03,,1.54E-02,,1.58E-03
816762670000,9.74E-02,1.03E+01,6.50E+08,2.61E+01,1.58E+09,2.71E+09,1.13E+09,9.49E+01,9.25E-02,9.49E-03,9.11E+01,8.87E-02,9.11E-03,1.09E+01,2.25E+00,3.89E+01,2.62E+04,1.72E+06,1.77E+07,6.70E+05,6.88E+06,1.01E+00,0.00E+00,2.46E-01,1.00E+02,9.95E+06,1.02E+08,1.00E+00,5.19E+00,0.00E+00,0.00E+00,6.06E+01,4.40E+01,0.00E+00,5.95E+01,7.55E+00,0.00E+00,9.95E+06,1.02E+08,1.74E+06,1.78E+07,6.71E+01,3.94E+00,6.56E+01,,9.25E-02,,9.49E-03,,8.87E-02,,9.11E-03
816762680000,9.74E-02,1.03E+01,6.50E+08,2.57E+01,1.55E+09,2.68E+09,1.12E+09,9.47E+01,9.22E-02,9.47E-03,1.00E+02,9.74E-02,1.00E-02,1.17E+01,2.09E+00,3.95E+01,3.33E+04,1.86E+06,1.91E+07,7.33E+05,7.52E+06,1.01E+00,0.00E+00,2.43E-01,1.00E+02,9.85E+06,1.01E+08,1.00E+00,5.15E+00,0.00E+00,0.00E+00,6.06E+01,4.40E+01,0.00E+00,5.89E+01,8.13E+00,0.00E+00,9.85E+06,1.01E+08,1.87E+06,1.92E+07,6.70E+01,3.84E+00,6.64E+01,,9.22E-02,,9.47E-03,,9.74E-02,,1.00E-02
816762690000,9.74E-02,1.03E+01,6.50E+08,2.74E+01,1.64E+09,2.85E+09,1.21E+09,9.45E+01,9.21E-02,9.45E-03,1.00E+02,9.74E-02,1.00E-02,1.19E+01,1.92E+00,5.26E+01,3.47E+04,1.88E+06,1.93E+07,9.88E+05,1.01E+07,1.01E+00,0.00E+00,2.42E-01,1.00E+02,9.81E+06,1.01E+08,1.00E+00,5.14E+00,0.00E+00,0.00E+00,6.06E+01,4.40E+01,0.00E+00,5.87E+01,8.23E+00,0.00E+00,9.81E+06,1.01E+08,1.89E+06,1.94E+07,6.69E+01,3.97E+00,6.68E+01,,9.21E-02,,9.45E-03,,9.74E-02,,1.00E-02
816762700000,9.74E-02,1.03E+01,6.50E+08,3.12E+01,2.00E+09,3.25E+09,1.24E+09,9.74E+01,9.48E-02,9.74E-03,7.75E+01,7.55E-02,7.75E-03,7.89E+00,1.98E+00,3.55E+01,3.38E+04,1.25E+06,1.28E+07,4.44E+05,4.56E+06,1.01E+00,0.00E+00,5.82E-01,1.00E+02,1.13E+07,1.16E+08,1.14E+00,9.53E+00,0.00E+00,0.00E+00,2.89E+01,4.40E+01,0.00E+00,3.65E+01,5.47E+00,0.00E+00,1.28E+07,1.31E+08,1.26E+06,1.29E+07,4.20E+01,2.72E+00,7.70E+01,,9.48E-02,,9.74E-03,,7.55E-02,,7.75E-03
816762710000,9.74E-02,1.03E+01,6.50E+08,3.58E+01,2.34E+09,3.72E+09,1.38E+09,1.00E+02,9.74E-02,1.00E-02,0.00E+00,0.00E+00,0.00E+00,4.54E+00,2.28E+00,9.34E+00,4.00E+04,7.18E+05,7.37E+06,6.71E+04,6.89E+05,1.00E+00,1.50E+01,9.34E-01,1.00E+02,1.30E+07,1.33E+08,1.24E+00,1.41E+01,0.00E+00,0.00E+00,9.91E+00,4.40E+01,0.00E+00,1.57E+01,3.13E+00,0.00E+00,1.61E+07,1.65E+08,7.22E+05,7.41E+06,1.89E+01,1.20E-03,8.73E+01,,9.74E-02,,1.00E-02,,0.00E+00,,0.00E+00
816762720000,9.74E-02,1.03E+01,6.50E+08,3.21E+01,2.04E+09,3.34E+09,1.29E+09,9.67E+01,9.42E-02,9.67E-03,0.00E+00,0.00E+00,0.00E+00,1.67E+01,2.03E+00,3.96E+01,5.69E+03,2.64E+06,2.71E+07,1.04E+06,1.07E+07,1.01E+00,2.12E+01,5.95E-01,1.00E+02,8.74E+06,8.97E+07,1.09E+00,7.06E+00,0.00E+00,0.00E+00,1.10E+01,4.64E+01,0.00E+00,1.04E+01,1.23E+01,0.00E+00,9.50E+06,9.75E+07,2.68E+06,2.75E+07,2.26E+01,1.56E-04,5.72E+01,,9.42E-02,,9.67E-03,,0.00E+00,,0.00E+00
816762730000,9.74E-02,1.03E+01,6.50E+08,3.15E+01,2.00E+09,3.28E+09,1.28E+09,1.34E+01,1.30E-02,1.34E-03,8.34E+01,8.13E-02,8.34E-03,1.85E+01,2.02E+00,4.07E+01,5.51E+03,2.92E+06,3.00E+07,1.19E+06,1.22E+07,1.02E+00,2.28E+01,5.45E-01,1.00E+02,8.11E+06,8.32E+07,1.05E+00,6.00E+00,0.00E+00,0.00E+00,1.14E+01,4.65E+01,0.00E+00,9.55E+00,1.36E+01,0.00E+00,8.52E+06,8.74E+07,2.97E+06,3.05E+07,2.32E+01,0.00E+00,5.27E+01,,1.30E-02,,1.34E-03,,8.13E-02,,8.34E-03
816762740000,9.74E-02,1.03E+01,6.50E+08,2.79E+01,1.68E+09,2.90E+09,1.22E+09,2.51E+01,2.45E-02,2.51E-03,8.32E+01,8.10E-02,8.32E-03,1.36E+01,2.02E+00,4.07E+01,4.09E+03,2.16E+06,2.22E+07,8.78E+05,9.02E+06,1.02E+00,3.91E+00,4.76E-01,1.00E+02,8.96E+06,9.20E+07,1.03E+00,5.97E+00,0.00E+00,0.00E+00,2.71E+01,4.65E+01,0.00E+00,2.48E+01,1.01E+01,0.00E+00,9.26E+06,9.51E+07,2.19E+06,2.25E+07,3.49E+01,4.03E-01,5.22E+01,,2.45E-02,,2.51E-03,,8.10E-02,,8.32E-03
816762750000,1.07E-01,9.38E+00,6.50E+08,1.93E+01,8.69E+08,2.00E+09,1.13E+09,9.59E+01,1.02E-01,9.59E-03,4.33E+01,4.62E-02,4.33E-03,1.24E+00,7.97E+00,1.92E+01,3.53E+02,2.16E+05,2.02E+06,4.14E+04,3.89E+05,1.02E+00,0.00E+00,2.82E-01,1.00E+02,1.25E+07,1.17E+08,1.00E+00,5.93E+00,0.00E+00,0.00E+00,6.06E+01,4.43E+01,0.00E+00,6.82E+01,8.81E-01,0.00E+00,1.25E+07,1.17E+08,2.21E+05,2.07E+06,6.91E+01,1.73E+00,5.31E+01,,1.02E-01,,9.59E-03,,4.62E-02,,4.33E-03
816762760000,1.09E-01,9.16E+00,6.50E+08,2.72E+01,1.62E+09,2.82E+09,1.20E+09,9.44E+01,1.03E-01,9.44E-03,1.00E+02,1.09E-01,1.00E-02,1.16E+01,2.15E+00,4.91E+01,3.04E+04,2.05E+06,1.88E+07,1.01E+06,9.23E+06,1.01E+00,0.00E+00,2.41E-01,1.00E+02,1.09E+07,1.00E+08,1.00E+00,5.09E+00,0.00E+00,0.00E+00,6.06E+01,4.40E+01,0.00E+00,5.83E+01,8.02E+00,0.00E+00,1.09E+07,1.00E+08,2.07E+06,1.90E+07,6.63E+01,4.31E+00,6.69E+01,,1.03E-01,,9.44E-03,,1.09E-01,,1.00E-02
816762770000,1.09E-01,9.16E+00,6.50E+08,2.54E+01,1.57E+09,2.64E+09,1.07E+09,9.50E+01,1.04E-01,9.50E-03,1.00E+02,1.09E-01,1.00E-02,1.20E+01,2.07E+00,3.25E+01,3.29E+04,2.12E+06,1.94E+07,6.88E+05,6.31E+06,1.01E+00,0.00E+00,2.46E-01,1.00E+02,1.12E+07,1.02E+08,1.00E+00,5.17E+00,0.00E+00,0.00E+00,6.06E+01,4.40E+01,0.00E+00,5.95E+01,8.29E+00,0.00E+00,1.12E+07,1.02E+08,2.14E+06,1.96E+07,6.78E+01,3.65E+00,6.64E+01,,1.04E-01,,9.50E-03,,1.09E-01,,1.00E-02
816762780000,1.09E-01,9.16E+00,6.50E+08,2.82E+01,1.69E+09,2.93E+09,1.24E+09,9.44E+01,1.03E-01,9.44E-03,1.00E+02,1.09E-01,1.00E-02,1.20E+01,1.94E+00,5.73E+01,3.36E+04,2.13E+06,1.95E+07,1.22E+06,1.12E+07,1.01E+00,0.00E+00,2.40E-01,1.00E+02,1.09E+07,9.98E+07,1.00E+00,5.09E+00,0.00E+00,0.00E+00,6.06E+01,4.40E+01,0.00E+00,5.81E+01,8.32E+00,0.00E+00,1.09E+07,9.98E+07,2.15E+06,1.97E+07,6.64E+01,4.32E+00,6.70E+01,,1.03E-01,,9.44E-03,,1.09E-01,,1.00E-02
816762790000,1.09E-01,9.16E+00,6.50E+08,2.47E+01,1.62E+09,2.57E+09,9.46E+08,9.53E+01,1.04E-01,9.53E-03,9.44E+01,1.03E-01,9.44E-03,1.11E+01,2.28E+00,1.48E+01,3.71E+04,1.96E+06,1.80E+07,2.89E+05,2.65E+06,1.01E+00,0.00E+00,2.47E-01,1.00E+02,1.12E+07,1.03E+08,1.00E+00,5.19E+00,0.00E+00,0.00E+00,6.06E+01,4.40E+01,0.00E+00,5.98E+01,7.64E+00,0.00E+00,1.12E+07,1.03E+08,1.97E+06,1.81E+07,6.75E+01,3.74E+00,6.50E+01,,1.04E-01,,9.53E-03,,1.03E-01,,9.44E-03
816762800000,1.09E-01,9.16E+00,6.50E+08,2.17E+01,1.12E+09,2.26E+09,1.14E+09,9.69E+01,1.06E-01,9.69E-03,0.00E+00,0.00E+00,0.00E+00,0.00E+00,,,,0.00E+00,0.00E+00,0.00E+00,0.00E+00,,0.00E+00,5.48E-01,1.00E+02,1.40E+07,1.29E+08,1.10E+00,9.49E+00,0.00E+00,0.00E+00,3.74E+01,,0.00E+00,5.08E+01,0.00E+00,0.00E+00,1.54E+07,1.41E+08,0.00E+00,0.00E+00,5.08E+01,3.73E-01,6.28E+01,,1.06E-01,,9.69E-03,,0.00E+00,,0.00E+00
816762810000,1.09E-01,9.16E+00,6.50E+08,3.29E+01,2.02E+09,3.42E+09,1.40E+09,1.00E+02,1.09E-01,1.00E-02,0.00E+00,0.00E+00,0.00E+00,0.00E+00,,,,0.00E+00,0.00E+00,0.00E+00,0.00E+00,,1.50E+01,9.78E-01,1.00E+02,1.53E+07,1.40E+08,1.24E+00,1.52E+01,0.00E+00,0.00E+00,9.91E+00,,0.00E+00,1.65E+01,0.00E+00,0.00E+00,1.89E+07,1.73E+08,0.00E+00,0.00E+00,1.65E+01,2.62E-04,8.42E+01,,1.09E-01,,1.00E-02,,0.00E+00,,0.00E+00
816762820000,1.09E-01,9.16E+00,6.50E+08,3.18E+01,2.00E+09,3.30E+09,1.30E+09,9.68E+01,1.06E-01,9.68E-03,0.00E+00,0.00E+00,0.00E+00,1.51E+01,2.02E+00,4.07E+01,5.51E+03,2.68E+06,2.46E+07,1.09E+06,1.00E+07,1.02E+00,2.01E+01,6.18E-01,1.00E+02,1.02E+07,9.35E+07,1.10E+00,7.81E+00,0.00E+00,0.00E+00,1.09E+01,4.65E+01,0.00E+00,1.08E+01,1.12E+01,0.00E+00,1.12E+07,1.03E+08,2.72E+06,2.50E+07,2.20E+01,2.99E-03,5.83E+01,,1.06E-01,,9.68E-03,,0.00E+00,,0.00E+00
816762830000,1.09E-01,9.16E+00,6.50E+08,3.15E+01,1.99E+09,3.28E+09,1.28E+09,1.90E+01,2.08E-02,1.90E-03,7.77E+01,8.48E-02,7.77E-03,1.85E+01,2.02E+00,4.07E+01,5.51E+03,3.28E+06,3.00E+07,1.33E+06,1.22E+07,1.02E+00,2.22E+01,5.38E-01,1.00E+02,9.09E+06,8.33E+07,1.05E+00,6.17E+00,0.00E+00,0.00E+00,1.14E+01,4.65E+01,0.00E+00,9.55E+00,1.36E+01,0.00E+00,9.51E+06,8.71E+07,3.33E+06,3.05E+07,2.32E+01,3.59E-03,5.26E+01,,2.08E-02,,1.90E-03,,8.48E-02,,7.77E-03
816762840000,1.09E-01,9.16E+00,6.50E+08,2.85E+01,1.73E+09,2.97E+09,1.23E+09,2.11E+01,2.31E-02,2.11E-03,8.66E+01,9.45E-02,8.66E-03,1.46E+01,2.02E+00,4.07E+01,4.37E+03,2.59E+06,2.37E+07,1.05E+06,9.64E+06,1.02E+00,7.21E+00,4.84E-01,1.00E+02,9.86E+06,9.03E+07,1.03E+00,6.12E+00,0.00E+00,0.00E+00,2.44E+01,4.65E+01,0.00E+00,2.19E+01,1.07E+01,0.00E+00,1.02E+07,9.33E+07,2.62E+06,2.40E+07,3.26E+01,3.61E-01,5.23E+01,,2.31E-02,,2.11E-03,,9.45E-02,,8.66E-03
816762850000,1.09E-01,9.16E+00,6.50E+08,1.56E+01,6.25E+08,1.62E+09,9.99E+08,9.48E+01,1.04E-01,9.48E-03,1.22E+01,1.33E-02,1.22E-03,7.21E-04,1.00E+00,1.00E+02,1.00E+00,1.28E+02,1.17E+03,1.28E+02,1.17E+03,2.00E+00,0.00E+00,2.89E-01,1.00E+02,1.31E+07,1.20E+08,1.00E+00,6.02E+00,0.00E+00,0.00E+00,6.06E+01,4.80E+01,0.00E+00,6.99E+01,1.08E-03,0.00E+00,1.31E+07,1.20E+08,2.56E+02,2.34E+03,6.99E+01,1.07E+00,5.08E+01,,1.04E-01,,9.48E-03,,1.33E-02,,1.22E-03
816762860000,1.78E-01,5.62E+00,6.50E+08,1.71E+01,6.76E+08,1.78E+09,1.10E+09,9.50E+01,1.69E-01,9.50E-03,2.39E+01,4.25E-02,2.39E-03,1.48E-01,3.00E+02,3.47E+00,5.03E+01,4.29E+04,2.41E+05,1.49E+03,8.37E+03,1.24E+00,0.00E+00,2.87E-01,1.00E+02,2.12E+07,1.19E+08,1.00E+00,6.01E+00,0.00E+00,0.00E+00,6.06E+01,3.89E+01,0.00E+00,6.94E+01,1.12E-01,0.00E+00,2.12E+07,1.19E+08,5.32E+04,2.99E+05,6.95E+01,1.09E+00,5.05E+01,,1.69E-01,,9.50E-03,,4.25E-02,,2.39E-03
816762870000,1.94E-01,5.15E+00,6.50E+08,1.72E+01,7.63E+08,1.79E+09,1.03E+09,9.57E+01,1.86E-01,9.57E-03,9.90E+01,1.92E-01,9.90E-03,1.04E+01,4.20E+00,2.98E+00,2.16E+03,3.30E+06,1.70E+07,9.83E+04,5.06E+05,1.37E+00,0.00E+00,2.83E-01,1.00E+02,2.29E+07,1.18E+08,1.00E+00,5.91E+00,0.00E+00,0.00E+00,6.06E+01,2.86E+01,0.00E+00,6.86E+01,6.37E+00,0.00E+00,2.29E+07,1.18E+08,4.50E+06,2.32E+07,7.49E+01,4.65E-01,4.92E+01,,1.86E-01,,9.57E-03,,1.92E-01,,9.90E-03
816762880000,1.94E-01,5.15E+00,6.50E+08,1.78E+01,7.72E+08,1.85E+09,1.07E+09,9.47E+01,1.84E-01,9.47E-03,9.71E+01,1.89E-01,9.71E-03,1.04E+01,2.93E+00,6.12E+00,2.61E+03,3.28E+06,1.69E+07,2.01E+05,1.03E+06,1.39E+00,0.00E+00,2.83E-01,1.00E+02,2.29E+07,1.18E+08,1.00E+00,5.94E+00,0.00E+00,0.00E+00,6.06E+01,2.86E+01,0.00E+00,6.85E+01,6.48E+00,0.00E+00,2.29E+07,1.18E+08,4.57E+06,2.35E+07,7.50E+01,4.91E-01,4.93E+01,,1.84E-01,,9.47E-03,,1.89E-01,,9.71E-03
816762890000,1.94E-01,5.15E+00,6.50E+08,1.95E+01,9.39E+08,2.03E+09,1.09E+09,9.55E+01,1.86E-01,9.55E-03,9.71E+01,1.89E-01,9.71E-03,1.19E+01,2.57E+00,5.45E+00,2.24E+03,3.75E+06,1.93E+07,2.04E+05,1.05E+06,1.40E+00,0.00E+00,3.39E-01,1.00E+02,2.27E+07,1.17E+08,1.03E+00,7.17E+00,0.00E+00,0.00E+00,5.38E+01,2.81E+01,0.00E+00,6.19E+01,7.29E+00,0.00E+00,2.33E+07,1.20E+08,5.25E+06,2.70E+07,6.92E+01,5.68E-01,5.31E+01,,1.86E-01,,9.55E-03,,1.89E-01,,9.71E-03
816762900000,1.94E-01,5.15E+00,6.50E+08,3.72E+01,2.31E+09,3.87E+09,1.57E+09,1.00E+02,1.94E-01,1.00E-02,9.04E+01,1.76E-01,9.04E-03,2.63E+01,2.35E+00,9.34E+00,1.93E+03,8.29E+06,4.27E+07,7.75E+05,3.99E+06,1.40E+00,1.40E+01,7.94E-01,1.00E+02,2.23E+07,1.15E+08,1.24E+00,1.72E+01,0.00E+00,0.00E+00,1.00E+01,2.83E+01,0.00E+00,1.37E+01,1.63E+01,0.00E+00,2.76E+07,1.42E+08,1.16E+07,5.99E+07,3.00E+01,1.50E-03,8.30E+01,,1.94E-01,,1.00E-02,,1.76E-01,,9.04E-03
816762910000,1.94E-01,5.15E+00,6.50E+08,3.31E+01,1.98E+09,3.44E+09,1.46E+09,9.62E+01,1.87E-01,9.62E-03,8.98E+01,1.74E-01,8.98E-03,2.29E+01,2.49E+00,8.70E+00,1.71E+03,7.22E+06,3.71E+07,6.28E+05,3.23E+06,1.38E+00,3.84E+00,6.81E-01,1.00E+02,2.23E+07,1.15E+08,1.19E+00,1.47E+01,0.00E+00,0.00E+00,1.94E+01,2.89E+01,0.00E+00,2.54E+01,1.43E+01,0.00E+00,2.65E+07,1.36E+08,9.97E+06,5.13E+07,3.97E+01,1.00E-01,7.56E+01,,1.87E-01,,9.62E-03,,1.74E-01,,8.98E-03
816762920000,1.94E-01,5.15E+00,6.50E+08,1.97E+01,9.97E+08,2.05E+09,1.05E+09,9.49E+01,1.84E-01,9.49E-03,9.71E+01,1.89E-01,9.71E-03,1.26E+01,2.91E+00,3.33E+00,3.03E+03,3.99E+06,2.05E+07,1.33E+05,6.84E+05,1.44E+00,0.00E+00,9.24E-01,1.00E+02,2.06E+07,1.06E+08,1.85E+00,3.41E+01,0.00E+00,0.00E+00,3.80E+01,2.76E+01,0.00E+00,7.18E+01,7.83E+00,0.00E+00,3.82E+07,1.97E+08,5.73E+06,2.95E+07,7.96E+01,2.17E-01,5.10E+01,,1.84E-01,,9.49E-03,,1.89E-01,,9.71E-03
816762930000,1.94E-01,5.15E+00,6.50E+08,2.03E+01,9.63E+08,2.11E+09,1.15E+09,9.56E+01,1.86E-01,9.56E-03,9.70E+01,1.89E-01,9.70E-03,1.14E+01,2.11E+00,9.18E+00,2.08E+03,3.60E+06,1.85E+07,3.31E+05,1.70E+06,1.41E+00,0.00E+00,8.64E-01,1.00E+02,2.13E+07,1.10E+08,1.70E+00,3.68E+01,0.00E+00,0.00E+00,4.07E+01,2.72E+01,0.00E+00,7.30E+01,6.81E+00,0.00E+00,3.62E+07,1.87E+08,5.06E+06,2.60E+07,7.98E+01,2.17E-01,5.21E+01,,1.86E-01,,9.56E-03,,1.89E-01,,9.70E-03
816762940000,1.94E-01,5.15E+00,6.50E+08,2.24E+01,1.28E+09,2.33E+09,1.05E+09,9.66E+01,1.88E-01,9.66E-03,9.41E+01,1.83E-01,9.41E-03,1.27E+01,2.31E+00,7.51E+00,1.61E+03,4.02E+06,2.07E+07,3.01E+05,1.55E+06,1.31E+00,0.00E+00,7.15E-01,1.00E+02,1.90E+07,9.77E+07,1.55E+00,2.74E+01,0.00E+00,0.00E+00,4.66E+01,3.23E+01,0.00E+00,6.79E+01,8.43E+00,0.00E+00,2.95E+07,1.52E+08,5.28E+06,2.71E+07,7.63E+01,1.87E-01,4.38E+01,,1.88E-01,,9.66E-03,,1.83E-01,,9.41E-03
816762950000,1.94E-01,5.15E+00,6.50E+08,2.03E+01,1.00E+09,2.11E+09,1.11E+09,9.57E+01,1.86E-01,9.57E-03,9.71E+01,1.89E-01,9.71E-03,1.21E+01,3.21E+00,5.40E+00,2.26E+03,3.81E+06,1.96E+07,2.06E+05,1.06E+06,1.48E+00,0.00E+00,1.01E+00,1.00E+02,2.05E+07,1.06E+08,2.00E+00,3.29E+01,0.00E+00,0.00E+00,3.54E+01,2.59E+01,0.00E+00,7.20E+01,7.23E+00,0.00E+00,4.11E+07,2.12E+08,5.65E+06,2.91E+07,7.92E+01,2.38E-01,4.99E+01,,1.86E-01,,9.57E-03,,1.89E-01,,9.71E-03
816762960000,1.94E-01,5.15E+00,6.50E+08,1.96E+01,9.28E+08,2.04E+09,1.11E+09,9.45E+01,1.84E-01,9.45E-03,9.71E+01,1.89E-01,9.71E-03,1.15E+01,2.95E+00,4.93E+00,2.19E+03,3.64E+06,1.87E+07,1.79E+05,9.24E+05,1.36E+00,0.00E+00,8.64E-01,1.00E+02,2.13E+07,1.10E+08,1.70E+00,3.94E+01,0.00E+00,0.00E+00,4.07E+01,2.85E+01,0.00E+00,7.29E+01,6.96E+00,0.00E+00,3.62E+07,1.86E+08,4.93E+06,2.54E+07,7.99E+01,2.75E-01,5.30E+01,,1.84E-01,,9.45E-03,,1.89E-01,,9.71E-03
816762970000,1.94E-01,5.15E+00,6.50E+08,1.98E+01,1.03E+09,2.06E+09,1.03E+09,9.54E+01,1.85E-01,9.54E-03,9.42E+01,1.83E-01,9.42E-03,1.15E+01,4.26E+00,2.24E+00,1.83E+03,3.62E+06,1.86E+07,8.11E+04,4.17E+05,1.33E+00,0.00E+00,7.32E-01,1.00E+02,2.04E+07,1.05E+08,1.50E+00,3.50E+01,0.00E+00,0.00E+00,4.66E+01,3.07E+01,0.00E+00,7.07E+01,7.33E+00,0.00E+00,3.06E+07,1.58E+08,4.83E+06,2.48E+07,7.80E+01,3.69E-01,5.03E+01,,1.85E-01,,9.54E-03,,1.83E-01,,9.42E-03
816762980000,1.94E-01,5.15E+00,6.50E+08,2.05E+01,9.81E+08,2.13E+09,1.15E+09,9.56E+01,1.86E-01,9.56E-03,9.71E+01,1.89E-01,9.71E-03,1.20E+01,2.36E+00,8.81E+00,2.03E+03,3.78E+06,1.95E+07,3.33E+05,1.71E+06,1.43E+00,0.00E+00,8.55E-01,1.00E+02,2.10E+07,1.08E+08,1.69E+00,3.59E+01,0.00E+00,0.00E+00,4.10E+01,2.69E+01,0.00E+00,7.21E+01,7.20E+00,0.00E+00,3.55E+07,1.83E+08,5.41E+06,2.78E+07,7.93E+01,2.52E-01,5.17E+01,,1.86E-01,,9.56E-03,,1.89E-01,,9.71E-03
816762990000,1.94E-01,5.15E+00,6.50E+08,1.86E+01,8.43E+08,1.94E+09,1.09E+09,9.57E+01,1.86E-01,9.57E-03,9.69E+01,1.88E-01,9.69E-03,1.04E+01,2.94E+00,4.93E+00,1.98E+03,3.28E+06,1.69E+07,1.62E+05,8.33E+05,1.41E+00,0.00E+00,8.44E-01,1.00E+02,2.14E+07,1.10E+08,1.66E+00,4.13E+01,0.00E+00,0.00E+00,4.15E+01,2.81E+01,0.00E+00,7.27E+01,6.40E+00,0.00E+00,3.54E+07,1.82E+08,4.61E+06,2.37E+07,7.91E+01,2.73E-01,5.37E+01,,1.86E-01,,9.57E-03,,1.88E-01,,9.69E-03
816763000000,1.94E-01,5.15E+00,6.50E+08,1.83E+01,9.23E+08,1.90E+09,9.76E+08,9.57E+01,1.86E-01,9.57E-03,9.61E+01,1.87E-01,9.61E-03,1.29E+01,3.03E+00,2.77E+00,2.22E+03,4.06E+06,2.09E+07,1.12E+05,5.79E+05,1.37E+00,0.00E+00,6.08E-01,1.00E+02,1.99E+07,1.03E+08,1.41E+00,2.61E+01,0.00E+00,0.00E+00,4.78E+01,2.83E+01,0.00E+00,6.63E+01,7.80E+00,0.00E+00,2.80E+07,1.44E+08,5.57E+06,2.87E+07,7.41E+01,2.31E-01,4.57E+01,,1.86E-01,,9.57E-03,,1.87E-01,,9.61E-03
816763010000,1.94E-01,5.15E+00,6.50E+08,2.60E+01,1.79E+09,2.71E+09,9.21E+08,5.80E+01,1.13E-01,5.80E-03,9.57E+01,1.86E-01,9.57E-03,2.38E+01,2.11E+00,2.54E+01,5.47E+03,7.52E+06,3.87E+07,1.91E+06,9.83E+06,1.10E+00,0.00E+00,3.84E-01,1.00E+02,9.79E+06,5.04E+07,1.65E+00,1.74E+01,0.00E+00,0.00E+00,4.20E+01,3.95E+01,0.00E+00,3.36E+01,1.62E+01,0.00E+00,1.62E+07,8.32E+07,8.28E+06,4.26E+07,4.97E+01,1.18E+00,6.61E+01,,1.13E-01,,5.80E-03,,1.86E-01,,9.57E-03
816763020000,1.94E-01,5.15E+00,6.50E+08,3.20E+01,2.40E+09,3.32E+09,9.23E+08,0.00E+00,0.00E+00,0.00E+00,1.00E+02,1.94E-01,1.00E-02,3.24E+01,2.08E+00,3.43E+01,3.51E+04,1.02E+07,5.27E+07,3.51E+06,1.81E+07,1.01E+00,1.59E+01,2.09E-01,1.00E+02,3.33E+06,1.71E+07,2.14E+00,1.09E+01,0.00E+00,0.00E+00,3.68E+01,4.40E+01,0.00E+00,1.30E+01,2.25E+01,0.00E+00,7.12E+06,3.66E+07,1.03E+07,5.31E+07,3.54E+01,1.13E-02,8.86E+01,,0.00E+00,,0.00E+00,,1.94E-01,,1.00E-02
816763030000,1.94E-01,5.15E+00,6.50E+08,4.65E+01,2.93E+09,4.83E+09,1.90E+09,9.27E+01,1.80E-01,9.27E-03,9.72E+01,1.89E-01,9.72E-03,2.68E+01,2.00E+00,4.24E+01,3.12E+04,8.48E+06,4.36E+07,3.59E+06,1.85E+07,1.01E+00,2.07E+01,7.83E-01,1.00E+02,2.39E+07,1.23E+08,1.05E+00,1.28E+01,0.00E+00,0.00E+00,1.19E+01,4.49E+01,0.00E+00,1.48E+01,1.90E+01,0.00E+00,2.51E+07,1.29E+08,8.54E+06,4.40E+07,3.38E+01,5.53E-03,8.77E+01,,1.80E-01,,9.27E-03,,1.89E-01,,9.72E-03
816763040000,1.94E-01,5.15E+00,6.50E+08,4.19E+01,2.68E+09,4.35E+09,1.68E+09,6.41E+01,1.25E-01,6.41E-03,9.72E+01,1.89E-01,9.72E-03,2.27E+01,2.00E+00,3.75E+01,2.74E+04,7.15E+06,3.68E+07,2.69E+06,1.38E+07,1.01E+00,1.89E+01,8.60E-01,1.00E+02,2.28E+07,1.17E+08,1.24E+00,2.22E+01,0.00E+00,0.00E+00,1.95E+01,4.50E+01,0.00E+00,2.72E+01,1.61E+01,0.00E+00,2.82E+07,1.45E+08,7.21E+06,3.71E+07,4.33E+01,3.84E-03,8.50E+01,,1.25E-01,,6.41E-03,,1.89E-01,,9.72E-03
816763050000,2.46E-02,4.07E+01,6.50E+08,1.78E+01,7.01E+08,1.86E+09,1.15E+09,8.57E+01,2.11E-02,8.57E-03,7.54E+01,1.85E-02,7.54E-03,5.21E+00,7.43E+00,4.46E+00,5.54E+02,2.08E+05,8.47E+06,9.29E+03,3.78E+05,1.08E+00,0.00E+00,4.69E-01,1.00E+02,3.09E+06,1.26E+08,1.26E+00,3.74E+01,0.00E+00,0.00E+00,4.32E+01,5.78E+01,0.00E+00,6.58E+01,5.07E+00,0.00E+00,3.89E+06,1.58E+08,2.24E+05,9.12E+06,7.09E+01,6.11E-01,5.55E+01,,9.72E-02,,8.57E-03,,8.55E-02,,7.54E-03
816763060000,1.48E-02,6.74E+01,6.50E+08,3.46E+01,2.24E+09,3.60E+09,1.36E+09,9.90E+01,1.47E-02,9.90E-03,8.24E+01,1.22E-02,8.24E-03,2.08E+01,2.55E+00,1.22E+01,2.36E+03,5.03E+05,3.39E+07,6.13E+04,4.13E+06,1.31E+00,7.54E+00,6.74E-01,1.00E+02,1.58E+06,1.07E+08,1.22E+00,1.70E+01,0.00E+00,0.00E+00,1.48E+01,3.09E+01,0.00E+00,1.84E+01,1.32E+01,0.00E+00,1.92E+06,1.30E+08,6.59E+05,4.44E+07,3.16E+01,1.95E-01,8.35E+01,0.00E+00,7.43E-02,0.00E+00,9.90E-03,1.39E-03,6.13E-02,7.25E-05,8.16E-03
816763070000,5.05E-02,1.98E+01,6.50E+08,3.63E+01,2.40E+09,3.78E+09,1.37E+09,1.00E+02,5.05E-02,1.00E-02,9.02E+01,4.55E-02,9.02E-03,2.31E+01,2.44E+00,1.22E+01,2.52E+03,1.89E+06,3.75E+07,2.31E+05,4.58E+06,1.31E+00,1.21E+01,7.17E-01,1.00E+02,5.32E+06,1.05E+08,1.24E+00,1.82E+01,0.00E+00,0.00E+00,1.04E+01,3.09E+01,0.00E+00,1.31E+01,1.46E+01,0.00E+00,6.61E+06,1.31E+08,2.48E+06,4.92E+07,2.77E+01,5.26E-02,8.70E+01,0.00E+00,7.51E-02,0.00E+00,1.00E-02,1.05E-03,6.62E-02,2.08E-04,8.81E-03
816763080000,5.05E-02,1.98E+01,6.50E+08,2.76E+01,1.67E+09,2.87E+09,1.20E+09,8.90E+01,4.49E-02,8.90E-03,1.00E+02,5.05E-02,1.00E-02,1.40E+01,2.02E+00,4.46E+01,8.05E+03,1.15E+06,2.27E+07,5.11E+05,1.01E+07,1.09E+00,0.00E+00,2.98E-01,1.00E+02,4.72E+06,9.36E+07,1.04E+00,6.81E+00,0.00E+00,0.00E+00,4.98E+01,3.99E+01,0.00E+00,4.68E+01,9.48E+00,0.00E+00,4.93E+06,9.77E+07,1.25E+06,2.47E+07,5.63E+01,3.84E+00,7.07E+01,7.08E-04,6.57E-02,1.40E-04,8.76E-03,0.00E+00,7.51E-02,0.00E+00,1.00E-02
816763090000,5.05E-02,1.98E+01,6.50E+08,2.75E+01,2.14E+09,2.86E+09,7.19E+08,2.61E+01,1.32E-02,2.61E-03,1.00E+02,5.05E-02,1.00E-02,2.87E+01,2.19E+00,2.18E+01,3.61E+04,2.35E+06,4.66E+07,5.13E+05,1.02E+07,1.01E+00,3.86E+01,5.10E-01,1.00E+02,1.39E+06,2.75E+07,2.36E+00,1.44E+01,0.00E+00,0.00E+00,3.27E+01,4.40E+01,0.00E+00,2.05E+01,1.99E+01,0.00E+00,3.29E+06,6.51E+07,2.37E+06,4.69E+07,4.04E+01,9.10E-02,8.89E+01,0.00E+00,1.96E-02,0.00E+00,2.61E-03,0.00E+00,7.51E-02,0.00E+00,1.00E-02
816763100000,5.05E-02,1.98E+01,6.50E+08,4.72E+01,2.84E+09,4.91E+09,2.07E+09,9.83E+01,4.96E-02,9.83E-03,9.51E+01,4.80E-02,9.51E-03,2.34E+01,2.02E+00,4.60E+01,2.74E+04,1.92E+06,3.80E+07,8.82E+05,1.75E+07,1.01E+00,2.51E+01,9.81E-01,1.00E+02,7.50E+06,1.49E+08,1.03E+00,1.58E+01,0.00E+00,0.00E+00,1.15E+01,4.50E+01,0.00E+00,1.69E+01,1.66E+01,0.00E+00,7.71E+06,1.53E+08,1.93E+06,3.83E+07,3.35E+01,2.45E-04,8.63E+01,0.00E+00,7.38E-02,0.00E+00,9.83E-03,5.45E-04,7.06E-02,1.08E-04,9.40E-03
816763110000,3.08E-02,3.25E+01,6.50E+08,3.42E+01,2.21E+09,3.56E+09,1.35E+09,4.58E+01,1.41E-02,4.58E-03,7.90E+01,2.43E-02,7.90E-03,2.27E+01,2.01E+00,3.18E+01,1.63E+04,1.13E+06,3.69E+07,3.61E+05,1.17E+07,1.01E+00,1.68E+01,6.54E-01,1.00E+02,2.93E+06,9.51E+07,1.19E+00,1.59E+01,0.00E+00,0.00E+00,1.91E+01,4.50E+01,0.00E+00,2.08E+01,1.61E+01,0.00E+00,3.48E+06,1.13E+08,1.14E+06,3.72E+07,3.69E+01,1.15E-02,7.86E+01,2.02E-03,3.20E-02,3.15E-04,4.27E-03,3.70E-04,5.89E-02,5.75E-05,7.85E-03
816763120000,1.27E-02,7.85E+01,6.50E+08,1.76E+01,7.75E+08,1.84E+09,1.06E+09,8.11E+01,1.03E-02,8.11E-03,7.27E+01,9.26E-03,7.27E-03,4.79E+00,4.69E+00,6.02E+00,5.13E+02,9.91E+04,7.78E+06,5.96E+03,4.68E+05,1.10E+00,0.00E+00,5.22E-01,1.00E+02,1.31E+06,1.03E+08,1.37E+00,3.95E+01,0.00E+00,0.00E+00,5.05E+01,6.19E+01,0.00E+00,6.85E+01,5.09E+00,0.00E+00,1.80E+06,1.41E+08,1.09E+05,8.54E+06,7.36E+01,6.33E-01,6.09E+01,0.00E+00,6.09E-02,0.00E+00,8.11E-03,0.00E+00,5.46E-02,0.00E+00,7.27E-03
816763130000,7.49E-02,1.34E+01,6.50E+08,1.72E+01,6.92E+08,1.79E+09,1.10E+09,9.48E+01,7.10E-02,9.48E-03,2.72E+01,2.04E-02,2.72E-03,7.31E-02,6.54E+01,2.85E+01,2.72E+01,8.89E+03,1.19E+05,2.53E+03,3.38E+04,1.09E+00,0.00E+00,2.86E-01,1.00E+02,8.91E+06,1.19E+08,1.00E+00,6.01E+00,0.00E+00,0.00E+00,6.06E+01,4.60E+01,0.00E+00,6.93E+01,5.72E-02,0.00E+00,8.91E+06,1.19E+08,9.68E+03,1.29E+05,6.93E+01,1.21E+00,5.10E+01,0.00E+00,9.87E-02,0.00E+00,9.48E-03,0.00E+00,2.83E-02,0.00E+00,2.72E-03
816763140000,1.07E-01,9.37E+00,6.50E+08,2.54E+01,1.51E+09,2.64E+09,1.13E+09,9.44E+01,1.01E-01,9.44E-03,1.00E+00,1.07E-03,1.00E-04,1.00E+01,2.00E+00,4.47E+01,2.14E+04,1.74E+06,1.63E+07,7.79E+05,7.30E+06,1.01E+00,0.00E+00,2.47E-01,1.00E+02,1.10E+07,1.03E+08,1.00E+00,5.20E+00,0.00E+00,0.00E+00,6.06E+01,4.40E+01,0.00E+00,5.98E+01,6.97E+00,0.00E+00,1.10E+07,1.03E+08,1.76E+06,1.65E+07,6.68E+01,3.96E+00,6.55E+01,0.00E+00,1.01E-01,0.00E+00,9.44E-03,0.00E+00,1.07E-03,0.00E+00,1.00E-04
816763150000,1.07E-01,9.37E+00,6.50E+08,2.61E+01,1.52E+09,2.71E+09,1.19E+09,9.60E+01,1.02E-01,9.60E-03,0.00E+00,0.00E+00,0.00E+00,1.11E+01,2.01E+00,5.46E+01,3.22E+04,1.92E+06,1.80E+07,1.05E+06,9.82E+06,1.01E+00,0.00E+00,2.39E-01,1.00E+02,1.06E+07,9.96E+07,1.00E+00,5.10E+00,0.00E+00,0.00E+00,6.06E+01,4.40E+01,0.00E+00,5.80E+01,7.68E+00,0.00E+00,1.06E+07,9.96E+07,1.94E+06,1.81E+07,6.57E+01,4.57E+00,6.62E+01,0.00E+00,1.02E-01,0.00E+00,9.60E-03,0.00E+00,0.00E+00,0.00E+00,0.00E+00
816763160000,1.07E-01,9.37E+00,6.50E+08,2.58E+01,1.64E+09,2.68E+09,1.04E+09,9.46E+01,1.01E-01,9.46E-03,0.00E+00,0.00E+00,0.00E+00,1.20E+01,2.17E+00,2.93E+01,3.26E+04,2.08E+06,1.95E+07,6.10E+05,5.72E+06,1.01E+00,0.00E+00,2.39E-01,1.00E+02,1.06E+07,9.95E+07,1.00E+00,5.06E+00,0.00E+00,0.00E+00,6.06E+01,4.40E+01,0.00E+00,5.79E+01,8.32E+00,0.00E+00,1.06E+07,9.95E+07,2.10E+06,1.97E+07,6.63E+01,4.39E+00,6.73E+01,0.00E+00,1.01E-01,0.00E+00,9.46E-03,0.00E+00,0.00E+00,0.00E+00,0.00E+00
816763170000,1.07E-01,9.37E+00,6.50E+08,2.86E+01,1.83E+09,2.98E+09,1.15E+09,9.61E+01,1.03E-01,9.61E-03,0.00E+00,0.00E+00,0.00E+00,9.24E+00,2.26E+00,1.80E+01,3.65E+04,1.60E+06,1.50E+07,2.89E+05,2.71E+06,1.01E+00,0.00E+00,5.24E-01,1.00E+02,1.23E+07,1.15E+08,1.11E+00,9.02E+00,0.00E+00,0.00E+00,3.50E+01,4.40E+01,0.00E+00,4.30E+01,6.40E+00,0.00E+00,1.36E+07,1.28E+08,1.61E+06,1.51E+07,4.94E+01,2.42E+00,7.46E+01,0.00E+00,1.03E-01,0.00E+00,9.61E-03,0.00E+00,0.00E+00,0.00E+00,0.00E+00
816763180000,1.07E-01,9.37E+00,6.50E+08,3.39E+01,2.10E+09,3.53E+09,1.43E+09,1.00E+02,1.07E-01,1.00E-02,0.00E+00,0.00E+00,0.00E+00,4.54E+00,4.76E+00,4.65E+00,3.87E+04,7.87E+05,7.38E+06,3.66E+04,3.43E+05,1.01E+00,1.60E+01,9.77E-01,1.00E+02,1.47E+07,1.38E+08,1.24E+00,1.53E+01,0.00E+00,0.00E+00,1.06E+01,4.39E+01,0.00E+00,1.74E+01,3.13E+00,0.00E+00,1.82E+07,1.71E+08,7.91E+05,7.41E+06,2.05E+01,4.74E-04,8.74E+01,0.00E+00,1.07E-01,0.00E+00,1.00E-02,0.00E+00,0.00E+00,0.00E+00,0.00E+00
816763190000,1.07E-01,9.37E+00,6.50E+08,2.71E+01,1.61E+09,2.81E+09,1.21E+09,9.58E+01,1.02E-01,9.58E-03,0.00E+00,0.00E+00,0.00E+00,1.19E+01,2.09E+00,3.35E+01,5.51E+03,2.06E+06,1.93E+07,6.89E+05,6.46E+06,1.02E+00,8.55E+00,5.73E-01,1.00E+02,1.09E+07,1.02E+08,1.07E+00,7.86E+00,0.00E+00,0.00E+00,2.29E+01,4.66E+01,0.00E+00,2.40E+01,8.78E+00,0.00E+00,1.16E+07,1.09E+08,2.09E+06,1.96E+07,3.28E+01,3.24E-01,5.98E+01,0.00E+00,1.02E-01,0.00E+00,9.58E-03,0.00E+00,0.00E+00,0.00E+00,0.00E+00
816763200000,1.07E-01,9.37E+00,6.50E+08,2.95E+01,1.84E+09,3.07E+09,1.23E+09,3.56E+01,3.80E-02,3.56E-03,6.13E+01,6.54E-02,6.13E-03,1.87E+01,2.06E+00,3.58E+01,5.16E+03,3.24E+06,3.04E+07,1.16E+06,1.09E+07,1.02E+00,2.54E+01,5.51E-01,1.00E+02,8.97E+06,8.40E+07,1.02E+00,6.17E+00,0.00E+00,0.00E+00,1.13E+01,4.68E+01,0.00E+00,9.30E+00,1.39E+01,0.00E+00,9.12E+06,8.55E+07,3.30E+06,3.09E+07,2.32E+01,2.05E-03,5.40E+01,0.00E+00,3.80E-02,0.00E+00,3.56E-03,0.00E+00,6.54E-02,0.00E+00,6.13E-03
816763210000,1.07E-01,9.37E+00,6.50E+08,2.94E+01,1.83E+09,3.06E+09,1.23E+09,5.58E-01,5.95E-04,5.58E-05,9.75E+01,1.04E-01,9.75E-03,1.86E+01,2.06E+00,3.58E+01,5.13E+03,3.22E+06,3.02E+07,1.15E+06,1.08E+07,1.02E+00,2.50E+01,5.49E-01,1.00E+02,8.99E+06,8.42E+07,1.02E+00,6.17E+00,0.00E+00,0.00E+00,1.17E+01,4.68E+01,0.00E+00,9.63E+00,1.38E+01,0.00E+00,9.14E+06,8.57E+07,3.28E+06,3.07E+07,2.35E+01,1.13E-02,5.40E+01,0.00E+00,5.95E-04,0.00E+00,5.58E-05,0.00E+00,1.04E-01,0.00E+00,9.75E-03
816763220000,1.07E-01,9.37E+00,6.50E+08,1.60E+01,6.56E+08,1.66E+09,1.01E+09,9.58E+01,1.02E-01,9.58E-03,2.03E+01,2.17E-02,2.03E-03,1.27E-03,1.00E+00,1.00E+02,1.00E+00,2.21E+02,2.07E+03,2.21E+02,2.07E+03,2.00E+00,0.00E+00,2.86E-01,1.00E+02,1.27E+07,1.19E+08,1.00E+00,6.01E+00,0.00E+00,0.00E+00,6.06E+01,4.80E+01,0.00E+00,6.93E+01,1.91E-03,0.00E+00,1.27E+07,1.19E+08,4.42E+02,4.14E+03,6.93E+01,1.30E+00,5.10E+01,0.00E+00,1.02E-01,0.00E+00,9.58E-03,0.00E+00,2.17E-02,0.00E+00,2.03E-03
816763230000,1.04E-01,9.65E+00,6.50E+08,1.49E+01,5.82E+08,1.55E+09,9.71E+08,9.44E+01,9.78E-02,9.44E-03,4.28E+00,4.43E-03,4.28E-04,7.66E-04,3.63E+02,1.00E+02,1.50E+00,1.29E+02,1.24E+03,1.29E+02,1.24E+03,2.00E+00,0.00E+00,2.83E-01,1.00E+02,1.22E+07,1.18E+08,1.00E+00,5.92E+00,0.00E+00,0.00E+00,6.06E+01,6.13E+01,0.00E+00,6.85E+01,1.47E-03,0.00E+00,1.22E+07,1.18E+08,2.58E+02,2.49E+03,6.85E+01,1.55E+00,5.11E+01,0.00E+00,9.78E-02,0.00E+00,9.44E-03,0.00E+00,4.43E-03,0.00E+00,4.28E-04
816763240000,9.61E-02,1.04E+01,6.50E+08,1.62E+01,6.41E+08,1.68E+09,1.04E+09,9.58E+01,9.21E-02,9.58E-03,1.67E+01,1.60E-02,1.67E-03,2.67E-03,3.63E+02,1.00E+02,1.50E+00,4.18E+02,4.35E+03,4.18E+02,4.35E+03,2.00E+00,0.00E+00,2.83E-01,1.00E+02,1.13E+07,1.18E+08,1.00E+00,5.94E+00,0.00E+00,0.00E+00,6.06E+01,6.13E+01,0.00E+00,6.86E+01,5.13E-03,0.00E+00,1.13E+07,1.18E+08,8.35E+02,8.69E+03,6.86E+01,1.54E+00,5.12E+01,0.00E+00,9.21E-02,0.00E+00,9.58E-03,0.00E+00,1.60E-02,0.00E+00,1.67E-03
816763250000,9.61E-02,1.04E+01,6.50E+08,2.19E+01,1.23E+09,2.27E+09,1.04E+09,7.45E+01,7.16E-02,7.45E-03,5.51E+01,5.29E-02,5.51E-03,6.43E+00,2.02E+00,3.48E+01,9.15E+03,1.00E+06,1.05E+07,3.49E+05,3.64E+06,1.01E+00,0.00E+00,2.61E-01,1.00E+02,1.04E+07,1.09E+08,1.00E+00,5.48E+00,0.00E+00,0.00E+00,6.06E+01,4.41E+01,0.00E+00,6.33E+01,4.48E+00,0.00E+00,1.04E+07,1.09E+08,1.02E+06,1.06E+07,6.78E+01,3.13E+00,6.04E+01,0.00E+00,7.16E-02,0.00E+00,7.45E-03,0.00E+00,5.29E-02,0.00E+00,5.51E-03
816763260000,9.61E-02,1.04E+01,6.50E+08,2.97E+01,1.69E+09,3.08E+09,1.40E+09,9.40E+01,9.03E-02,9.40E-03,1.00E+02,9.61E-02,1.00E-02,1.18E+01,1.95E+00,7.18E+01,3.58E+04,1.84E+06,1.92E+07,1.32E+06,1.38E+07,1.01E+00,0.00E+00,3.16E-01,1.00E+02,9.79E+06,1.02E+08,1.03E+00,6.42E+00,0.00E+00,0.00E+00,5.17E+01,4.40E+01,0.00E+00,5.24E+01,8.18E+00,0.00E+00,1.01E+07,1.05E+08,1.86E+06,1.93E+07,6.06E+01,3.75E+00,7.02E+01,0.00E+00,9.03E-02,0.00E+00,9.40E-03,0.00E+00,9.61E-02,0.00E+00,1.00E-02
816763270000,9.61E-02,1.04E+01,6.50E+08,4.15E+01,2.90E+09,4.32E+09,1.41E+09,1.00E+02,9.61E-02,1.00E-02,1.00E+02,9.61E-02,1.00E-02,1.73E+01,2.43E+00,1.71E+01,3.45E+04,2.71E+06,2.82E+07,4.64E+05,4.83E+06,1.01E+00,1.65E+01,8.34E-01,1.00E+02,1.14E+07,1.18E+08,1.23E+00,1.52E+01,0.00E+00,0.00E+00,1.07E+01,4.40E+01,0.00E+00,1.49E+01,1.20E+01,0.00E+00,1.39E+07,1.45E+08,2.73E+06,2.84E+07,2.69E+01,3.14E-02,9.43E+01,0.00E+00,9.61E-02,0.00E+00,1.00E-02,0.00E+00,9.61E-02,0.00E+00,1.00E-02
816763280000,9.61E-02,1.04E+01,6.50E+08,3.78E+01,2.58E+09,3.93E+09,1.35E+09,9.71E+01,9.33E-02,9.71E-03,8.82E+00,8.47E-03,8.82E-04,1.76E+01,2.25E+00,2.26E+01,1.26E+04,2.75E+06,2.86E+07,6.21E+05,6.46E+06,1.01E+00,1.81E+01,7.45E-01,1.00E+02,1.03E+07,1.08E+08,1.18E+00,1.25E+01,0.00E+00,0.00E+00,1.08E+01,4.49E+01,0.00E+00,1.32E+01,1.25E+01,0.00E+00,1.22E+07,1.27E+08,2.78E+06,2.89E+07,2.57E+01,2.23E-02,8.27E+01,0.00E+00,9.33E-02,0.00E+00,9.71E-03,0.00E+00,8.47E-03,0.00E+00,8.82E-04
816763290000,9.61E-02,1.04E+01,6.50E+08,2.87E+01,1.80E+09,2.99E+09,1.19E+09,6.54E+01,6.28E-02,6.54E-03,3.14E+01,3.02E-02,3.14E-03,1.83E+01,2.06E+00,3.50E+01,5.16E+03,2.85E+06,2.97E+07,9.99E+05,1.04E+07,1.02E+00,2.42E+01,5.28E-01,1.00E+02,7.90E+06,8.22E+07,1.01E+00,5.94E+00,0.00E+00,0.00E+00,1.13E+01,4.68E+01,0.00E+00,9.06E+00,1.36E+01,0.00E+00,8.01E+06,8.34E+07,2.90E+06,3.02E+07,2.27E+01,7.28E-05,5.46E+01,0.00E+00,6.28E-02,0.00E+00,6.54E-03,0.00E+00,3.02E-02,0.00E+00,3.14E-03
816763300000,9.61E-02,1.04E+01,6.50E+08,2.87E+01,1.80E+09,2.99E+09,1.19E+09,0.00E+00,0.00E+00,0.00E+00,1.00E+02,9.61E-02,1.00E-02,1.83E+01,2.06E+00,3.50E+01,5.16E+03,2.85E+06,2.97E+07,9.99E+05,1.04E+07,1.02E+00,2.42E+01,5.28E-01,1.00E+02,7.90E+06,8.22E+07,1.01E+00,5.94E+00,0.00E+00,0.00E+00,1.13E+01,4.68E+01,0.00E+00,9.06E+00,1.36E+01,0.00E+00,8.01E+06,8.34E+07,2.90E+06,3.02E+07,2.27E+01,7.28E-05,5.46E+01,0.00E+00,0.00E+00,0.00E+00,0.00E+00,0.00E+00,9.61E-02,0.00E+00,1.00E-02
816763310000,9.61E-02,1.04E+01,6.50E+08,2.08E+01,1.08E+09,2.16E+09,1.08E+09,6.31E+01,6.06E-02,6.31E-03,5.40E+01,5.19E-02,5.40E-03,6.36E+00,2.06E+00,3.50E+01,2.46E+03,9.93E+05,1.03E+07,3.48E+05,3.62E+06,1.02E+00,0.00E+00,3.66E-01,1.00E+02,1.00E+07,1.04E+08,1.00E+00,5.90E+00,0.00E+00,0.00E+00,4.69E+01,4.68E+01,0.00E+00,4.73E+01,4.74E+00,0.00E+00,1.01E+07,1.05E+08,1.01E+06,1.05E+07,5.20E+01,1.24E+00,5.26E+01,0.00E+00,6.06E-02,0.00E+00,6.31E-03,0.00E+00,5.19E-02,0.00E+00,5.40E-03
816763320000,9.61E-02,1.04E+01,6.50E+08,1.45E+01,5.61E+08,1.51E+09,9.47E+08,9.45E+01,9.08E-02,9.45E-03,0.00E+00,0.00E+00,0.00E+00,0.00E+00,,,,0.00E+00,0.00E+00,0.00E+00,0.00E+00,,0.00E+00,2.84E-01,1.00E+02,1.13E+07,1.18E+08,1.00E+00,5.92E+00,0.00E+00,0.00E+00,6.06E+01,,0.00E+00,6.87E+01,0.00E+00,0.00E+00,1.13E+07,1.18E+08,0.00E+00,0.00E+00,6.87E+01,1.51E+00,5.12E+01,0.00E+00,9.08E-02,0.00E+00,9.45E-03,0.00E+00,0.00E+00,0.00E+00,0.00E+00
816763330000,1.03E-01,9.70E+00,6.50E+08,1.56E+01,6.13E+08,1.62E+09,1.01E+09,9.56E+01,9.86E-02,9.56E-03,1.13E+01,1.17E-02,1.13E-03,1.79E-03,3.63E+02,1.00E+02,1.50E+00,2.99E+02,2.90E+03,2.99E+02,2.90E+03,2.00E+00,0.00E+00,2.84E-01,1.00E+02,1.22E+07,1.18E+08,1.00E+00,5.93E+00,0.00E+00,0.00E+00,6.06E+01,6.13E+01,0.00E+00,6.87E+01,3.42E-03,0.00E+00,1.22E+07,1.18E+08,5.98E+02,5.80E+03,6.87E+01,1.32E+00,5.06E+01,0.00E+00,9.86E-02,0.00E+00,9.56E-03,0.00E+00,1.17E-02,0.00E+00,1.13E-03
816763340000,1.07E-01,9.34E+00,6.50E+08,1.59E+01,6.31E+08,1.66E+09,1.03E+09,7.37E+01,7.89E-02,7.37E-03,1.32E+01,1.41E-02,1.32E-03,2.28E-03,3.63E+02,1.00E+02,1.50E+00,3.96E+02,3.70E+03,3.96E+02,3.70E+03,2.00E+00,0.00E+00,2.84E-01,1.00E+02,1.27E+07,1.18E+08,1.00E+00,5.95E+00,0.00E+00,0.00E+00,6.06E+01,6.13E+01,0.00E+00,6.89E+01,4.36E-03,0.00E+00,1.27E+07,1.18E+08,7.92E+02,7.40E+03,6.89E+01,1.21E+00,5.05E+01,0.00E+00,7.89E-02,0.00E+00,7.37E-03,0.00E+00,1.41E-02,0.00E+00,1.32E-03
816763350000,1.07E-01,9.34E+00,6.50E+08,1.66E+01,7.01E+08,1.72E+09,1.02E+09,9.51E+01,1.02E-01,9.51E-03,7.28E+01,7.79E-02,7.28E-03,7.71E+00,2.33E+00,6.71E+00,2.16E+03,1.34E+06,1.25E+07,9.00E+04,8.41E+05,1.45E+00,0.00E+00,2.79E-01,1.00E+02,1.24E+07,1.16E+08,1.00E+00,5.83E+00,0.00E+00,0.00E+00,6.06E+01,2.66E+01,0.00E+00,6.76E+01,4.66E+00,0.00E+00,1.24E+07,1.16E+08,1.95E+06,1.82E+07,7.22E+01,9.53E-01,4.97E+01,0.00E+00,1.02E-01,0.00E+00,9.51E-03,0.00E+00,7.79E-02,0.00E+00,7.28E-03
816763360000,1.07E-01,9.34E+00,6.50E+08,3.91E+01,2.64E+09,4.07E+09,1.43E+09,9.73E+01,1.04E-01,9.73E-03,9.42E+01,1.01E-01,9.42E-03,1.92E+01,2.07E+00,3.11E+01,8.11E+03,3.35E+06,3.12E+07,1.04E+06,9.72E+06,1.01E+00,8.15E-01,5.88E-01,1.00E+02,1.12E+07,1.05E+08,1.16E+00,1.43E+01,0.00E+00,0.00E+00,2.32E+01,4.40E+01,0.00E+00,2.71E+01,1.34E+01,0.00E+00,1.30E+07,1.21E+08,3.40E+06,3.17E+07,4.05E+01,6.78E-01,8.67E+01,0.00E+00,1.04E-01,0.00E+00,9.73E-03,0.00E+00,1.01E-01,0.00E+00,9.42E-03
816763370000,1.07E-01,9.34E+00,6.50E+08,4.62E+01,3.23E+09,4.80E+09,1.57E+09,1.00E+02,1.07E-01,1.00E-02,1.00E+02,1.07E-01,1.00E-02,2.35E+01,2.10E+00,3.29E+01,3.20E+04,4.08E+06,3.81E+07,1.34E+06,1.25E+07,1.01E+00,1.53E+01,7.16E-01,1.00E+02,1.11E+07,1.03E+08,1.22E+00,1.77E+01,0.00E+00,0.00E+00,1.06E+01,4.41E+01,0.00E+00,1.29E+01,1.63E+01,0.00E+00,1.35E+07,1.26E+08,4.11E+06,3.84E+07,2.91E+01,5.20E-02,9.78E+01,0.00E+00,1.07E-01,0.00E+00,1.00E-02,0.00E+00,1.07E-01,0.00E+00,1.00E-02
816763380000,1.07E-01,9.34E+00,6.50E+08,3.48E+01,2.25E+09,3.62E+09,1.37E+09,9.26E+01,9.92E-02,9.26E-03,2.35E+01,2.51E-02,2.35E-03,1.66E+01,2.04E+00,3.78E+01,3.21E+04,2.89E+06,2.70E+07,1.09E+06,1.02E+07,1.01E+00,0.00E+00,4.67E-01,1.00E+02,1.10E+07,1.02E+08,1.09E+00,1.05E+01,0.00E+00,0.00E+00,3.42E+01,4.45E+01,0.00E+00,3.66E+01,1.16E+01,0.00E+00,1.19E+07,1.11E+08,2.91E+06,2.72E+07,4.82E+01,3.06E+00,8.07E+01,0.00E+00,9.92E-02,0.00E+00,9.26E-03,0.00E+00,2.51E-02,0.00E+00,2.35E-03
816763390000,1.07E-01,9.34E+00,6.50E+08,4.71E+01,2.87E+09,4.89E+09,2.02E+09,1.00E+02,1.07E-01,1.00E-02,0.00E+00,0.00E+00,0.00E+00,2.67E+01,2.05E+00,3.52E+01,3.37E+04,4.65E+06,4.35E+07,1.64E+06,1.53E+07,1.01E+00,2.42E+01,9.99E-01,1.00E+02,1.66E+07,1.55E+08,1.01E+00,1.59E+01,0.00E+00,0.00E+00,1.13E+01,4.50E+01,0.00E+00,1.71E+01,1.89E+01,0.00E+00,1.69E+07,1.58E+08,4.69E+06,4.38E+07,3.61E+01,9.48E-03,8.63E+01,0.00E+00,1.07E-01,0.00E+00,1.00E-02,0.00E+00,0.00E+00,0.00E+00,0.00E+00
816763400000,1.07E-01,9.34E+00,6.50E+08,2.91E+01,1.70E+09,3.02E+09,1.32E+09,7.26E+01,7.78E-02,7.26E-03,4.63E+01,4.96E-02,4.63E-03,1.14E+01,2.20E+00,3.01E+01,1.27E+03,1.98E+06,1.85E+07,5.96E+05,5.57E+06,1.05E+00,6.68E+00,7.05E-01,1.00E+02,1.23E+07,1.15E+08,1.19E+00,2.27E+01,0.00E+00,0.00E+00,3.56E+01,5.30E+01,0.00E+00,4.68E+01,9.91E+00,0.00E+00,1.46E+07,1.37E+08,2.08E+06,1.94E+07,5.67E+01,6.92E-01,6.94E+01,0.00E+00,7.78E-02,0.00E+00,7.26E-03,0.00E+00,4.96E-02,0.00E+00,4.63E-03
816763410000,1.07E-01,9.34E+00,6.50E+08,1.44E+01,5.64E+08,1.49E+09,9.30E+08,9.49E+01,1.02E-01,9.49E-03,6.02E+00,6.44E-03,6.02E-04,2.85E-04,1.00E+00,1.00E+02,1.00E+00,4.96E+01,4.63E+02,4.96E+01,4.63E+02,2.00E+00,0.00E+00,2.74E-01,1.00E+02,1.22E+07,1.14E+08,1.00E+00,5.76E+00,0.00E+00,0.00E+00,6.06E+01,4.80E+01,0.00E+00,6.63E+01,4.28E-04,0.00E+00,1.22E+07,1.14E+08,9.92E+01,9.27E+02,6.63E+01,2.61E+00,5.20E+01,0.00E+00,1.02E-01,0.00E+00,9.49E-03,0.00E+00,6.44E-03,0.00E+00,6.02E-04
816763420000,1.07E-01,9.34E+00,6.50E+08,1.44E+01,5.55E+08,1.49E+09,9.39E+08,9.45E+01,1.01E-01,9.45E-03,0.00E+00,0.00E+00,0.00E+00,0.00E+00,,,,0.00E+00,0.00E+00,0.00E+00,0.00E+00,,0.00E+00,2.81E-01,1.00E+02,1.25E+07,1.17E+08,1.00E+00,5.85E+00,0.00E+00,0.00E+00,6.06E+01,,0.00E+00,6.81E+01,0.00E+00,0.00E+00,1.25E+07,1.17E+08,0.00E+00,0.00E+00,6.81E+01,1.90E+00,5.15E+01,0.00E+00,1.01E-01,0.00E+00,9.45E-03,0.00E+00,0.00E+00,0.00E+00,0.00E+00
816763430000,1.07E-01,9.34E+00,6.50E+08,1.44E+01,5.57E+08,1.50E+09,9.38E+08,9.53E+01,1.02E-01,9.53E-03,0.00E+00,0.00E+00,0.00E+00,1.22E-04,3.63E+02,1.00E+02,1.50E+00,2.13E+01,1.99E+02,2.13E+01,1.99E+02,2.00E+00,0.00E+00,2.80E-01,1.00E+02,1.25E+07,1.16E+08,1.00E+00,5.85E+00,0.00E+00,0.00E+00,6.06E+01,6.13E+01,0.00E+00,6.78E+01,2.34E-04,0.00E+00,1.25E+07,1.16E+08,4.25E+01,3.97E+02,6.78E+01,1.99E+00,5.15E+01,0.00E+00,1.02E-01,0.00E+00,9.53E-03,0.00E+00,0.00E+00,0.00E+00,0.00E+00
816763440000,9.71E-02,1.03E+01,6.50E+08,1.81E+01,7.42E+08,1.88E+09,1.14E+09,9.42E+01,9.15E-02,9.42E-03,2.33E+01,2.26E-02,2.33E-03,3.57E-03,3.63E+02,1.00E+02,1.50E+00,5.63E+02,5.80E+03,5.63E+02,5.80E+03,2.00E+00,0.00E+00,2.72E-01,1.00E+02,1.37E+07,1.41E+08,1.00E+00,5.72E+00,0.00E+00,0.00E+00,4.96E+01,6.13E+01,0.00E+00,6.70E+01,6.84E-03,0.00E+00,1.37E+07,1.41E+08,1.13E+03,1.16E+04,6.71E+01,1.54E+00,5.18E+01,0.00E+00,9.15E-02,0.00E+00,9.42E-03,0.00E+00,2.26E-02,0.00E+00,2.33E-03
816763450000,9.67E-02,1.03E+01,6.50E+08,3.56E+01,2.11E+09,3.70E+09,1.60E+09,9.79E+01,9.46E-02,9.79E-03,6.92E+00,6.69E-03,6.92E-04,7.24E+00,1.98E+00,6.08E+01,4.00E+03,1.14E+06,1.18E+07,6.91E+05,7.15E+06,1.03E+00,0.00E+00,6.35E-01,1.00E+02,1.64E+07,1.69E+08,1.11E+00,1.63E+01,0.00E+00,0.00E+00,1.56E+01,4.30E+01,0.00E+00,2.81E+01,5.02E+00,0.00E+00,1.81E+07,1.87E+08,1.17E+06,1.22E+07,3.31E+01,7.43E-01,8.07E+01,0.00E+00,9.46E-02,0.00E+00,9.79E-03,0.00E+00,6.69E-03,0.00E+00,6.92E-04
816763460000,9.67E-02,1.03E+01,6.50E+08,4.06E+01,2.51E+09,4.22E+09,1.71E+09,9.96E+01,9.63E-02,9.96E-03,6.98E+00,6.75E-03,6.98E-04,9.77E+00,1.97E+00,6.08E+01,4.30E+03,1.53E+06,1.59E+07,9.33E+05,9.65E+06,1.03E+00,0.00E+00,7.71E-01,1.00E+02,1.49E+07,1.54E+08,1.16E+00,2.01E+01,0.00E+00,0.00E+00,9.03E+00,4.30E+01,0.00E+00,1.55E+01,6.78E+00,0.00E+00,1.73E+07,1.79E+08,1.59E+06,1.64E+07,2.23E+01,7.86E-01,9.01E+01,0.00E+00,9.63E-02,0.00E+00,9.96E-03,0.00E+00,6.75E-03,0.00E+00,6.98E-04
816763470000,9.67E-02,1.03E+01,6.50E+08,2.84E+01,2.04E+09,2.95E+09,9.18E+08,6.39E+01,6.17E-02,6.39E-03,0.00E+00,0.00E+00,0.00E+00,2.07E+01,2.30E+00,2.03E+01,2.02E+04,3.25E+06,3.36E+07,6.60E+05,6.82E+06,1.01E+00,0.00E+00,2.60E-01,1.00E+02,7.11E+06,7.36E+07,1.07E+00,6.27E+00,0.00E+00,0.00E+00,3.62E+01,4.39E+01,0.00E+00,2.74E+01,1.43E+01,0.00E+00,7.60E+06,7.87E+07,3.28E+06,3.40E+07,4.17E+01,1.84E+00,7.94E+01,0.00E+00,6.17E-02,0.00E+00,6.39E-03,0.00E+00,0.00E+00,0.00E+00,0.00E+00
816763480000,9.67E-02,1.03E+01,6.50E+08,3.94E+01,2.63E+09,4.10E+09,1.47E+09,6.18E+01,5.97E-02,6.18E-03,5.97E+01,5.77E-02,5.97E-03,2.78E+01,2.08E+00,3.10E+01,3.27E+04,4.36E+06,4.51E+07,1.35E+06,1.40E+07,1.01E+00,1.86E+01,5.87E-01,1.00E+02,9.48E+06,9.81E+07,1.01E+00,8.47E+00,0.00E+00,0.00E+00,1.67E+01,4.46E+01,0.00E+00,1.60E+01,1.95E+01,0.00E+00,9.60E+06,9.93E+07,4.40E+06,4.55E+07,3.55E+01,5.65E-01,8.53E+01,0.00E+00,5.97E-02,0.00E+00,6.18E-03,0.00E+00,5.77E-02,0.00E+00,5.97E-03
816763490000,9.67E-02,1.03E+01,6.50E+08,4.53E+01,2.83E+09,4.71E+09,1.89E+09,6.48E+01,6.26E-02,6.48E-03,9.69E+01,9.37E-02,9.69E-03,2.60E+01,2.00E+00,3.78E+01,1.15E+04,4.09E+06,4.23E+07,1.55E+06,1.60E+07,1.01E+00,2.22E+01,8.66E-01,1.00E+02,1.30E+07,1.34E+08,1.04E+00,1.44E+01,0.00E+00,0.00E+00,1.31E+01,4.57E+01,0.00E+00,1.76E+01,1.88E+01,0.00E+00,1.36E+07,1.40E+08,4.13E+06,4.27E+07,3.64E+01,2.57E-03,8.61E+01,0.00E+00,6.26E-02,0.00E+00,6.48E-03,0.00E+00,9.37E-02,0.00E+00,9.69E-03
816763500000,9.67E-02,1.03E+01,6.50E+08,1.74E+01,8.99E+08,1.80E+09,9.06E+08,7.60E+01,7.34E-02,7.60E-03,6.24E+01,6.03E-02,6.24E-03,5.68E+00,4.14E+00,9.39E+00,6.53E+02,8.92E+05,9.23E+06,8.38E+04,8.66E+05,1.09E+00,0.00E+00,3.17E-01,1.00E+02,8.60E+06,8.90E+07,1.24E+00,1.69E+01,0.00E+00,0.00E+00,5.28E+01,5.98E+01,0.00E+00,5.58E+01,5.78E+00,0.00E+00,1.06E+07,1.10E+08,9.72E+05,1.01E+07,6.16E+01,1.77E+00,5.89E+01,0.00E+00,7.34E-02,0.00E+00,7.60E-03,0.00E+00,6.03E-02,0.00E+00,6.24E-03
816763510000,9.67E-02,1.03E+01,6.50E+08,1.42E+01,5.48E+08,1.47E+09,9.27E+08,9.54E+01,9.22E-02,9.54E-03,0.00E+00,0.00E+00,0.00E+00,0.00E+00,,,,0.00E+00,0.00E+00,0.00E+00,0.00E+00,,0.00E+00,2.77E-01,1.00E+02,1.11E+07,1.15E+08,1.00E+00,5.79E+00,0.00E+00,0.00E+00,6.06E+01,,0.00E+00,6.71E+01,0.00E+00,0.00E+00,1.11E+07,1.15E+08,0.00E+00,0.00E+00,6.71E+01,2.40E+00,5.21E+01,0.00E+00,9.22E-02,0.00E+00,9.54E-03,0.00E+00,0.00E+00,0.00E+00,0.00E+00
816763520000,9.67E-02,1.03E+01,6.50E+08,1.41E+01,5.45E+08,1.47E+09,9.21E+08,9.41E+01,9.10E-02,9.41E-03,0.00E+00,0.00E+00,0.00E+00,0.00E+00,,,,0.00E+00,0.00E+00,0.00E+00,0.00E+00,,0.00E+00,2.76E-01,1.00E+02,1.11E+07,1.15E+08,1.00E+00,5.77E+00,0.00E+00,0.00E+00,6.06E+01,,0.00E+00,6.68E+01,0.00E+00,0.00E+00,1.11E+07,1.15E+08,0.00E+00,0.00E+00,6.68E+01,2.41E+00,5.19E+01,0.00E+00,9.10E-02,0.00E+00,9.41E-03,0.00E+00,0.00E+00,0.00E+00,0.00E+00
816763530000,9.68E-02,1.03E+01,6.50E+08,1.50E+01,5.87E+08,1.56E+09,9.69E+08,9.53E+01,9.23E-02,9.53E-03,1.09E+01,1.05E-02,1.09E-03,1.71E-03,3.63E+02,1.00E+02,1.50E+00,2.69E+02,2.77E+03,2.69E+02,2.77E+03,2.00E+00,0.00E+00,2.73E-01,1.00E+02,1.10E+07,1.13E+08,1.00E+00,5.73E+00,0.00E+00,0.00E+00,6.06E+01,6.13E+01,0.00E+00,6.61E+01,3.27E-03,0.00E+00,1.10E+07,1.13E+08,5.37E+02,5.55E+03,6.61E+01,2.72E+00,5.22E+01,0.00E+00,9.23E-02,0.00E+00,9.53E-03,0.00E+00,1.05E-02,0.00E+00,1.09E-03
816763540000,9.73E-02,1.03E+01,6.50E+08,1.76E+01,7.44E+08,1.83E+09,1.09E+09,9.46E+01,9.20E-02,9.46E-03,1.48E+01,1.44E-02,1.48E-03,2.10E-03,3.63E+02,1.00E+02,1.50E+00,3.33E+02,3.42E+03,3.33E+02,3.42E+03,2.00E+00,0.00E+00,2.51E-01,1.00E+02,1.46E+07,1.50E+08,1.00E+00,5.28E+00,0.00E+00,0.00E+00,4.34E+01,6.13E+01,0.00E+00,6.26E+01,4.03E-03,0.00E+00,1.46E+07,1.50E+08,6.65E+02,6.84E+03,6.26E+01,2.60E+00,5.43E+01,0.00E+00,9.20E-02,0.00E+00,9.46E-03,0.00E+00,1.44E-02,0.00E+00,1.48E-03
816763550000,9.73E-02,1.03E+01,6.50E+08,2.82E+01,1.51E+09,2.93E+09,1.42E+09,9.62E+01,9.36E-02,9.62E-03,9.18E+00,8.93E-03,9.18E-04,6.26E-01,2.18E+00,8.87E+01,2.58E+02,9.90E+04,1.02E+06,8.78E+04,9.02E+05,1.66E+00,0.00E+00,6.28E-01,1.00E+02,1.77E+07,1.82E+08,1.10E+00,1.21E+01,0.00E+00,0.00E+00,1.73E+01,2.58E+01,0.00E+00,3.33E+01,4.19E-01,0.00E+00,1.94E+07,1.99E+08,1.64E+05,1.69E+06,3.37E+01,1.05E+00,7.31E+01,0.00E+00,9.36E-02,0.00E+00,9.62E-03,0.00E+00,8.93E-03,0.00E+00,9.18E-04
816763560000,9.73E-02,1.03E+01,6.50E+08,3.36E+01,1.90E+09,3.49E+09,1.59E+09,9.76E+01,9.50E-02,9.76E-03,8.16E+00,7.94E-03,8.16E-04,1.01E+00,2.01E+00,8.87E+01,2.77E+02,1.60E+05,1.64E+06,1.42E+05,1.46E+06,1.66E+00,0.00E+00,8.76E-01,1.00E+02,1.70E+07,1.75E+08,1.16E+00,1.67E+01,0.00E+00,0.00E+00,9.08E+00,2.58E+01,0.00E+00,1.78E+01,6.77E-01,0.00E+00,1.98E+07,2.03E+08,2.65E+05,2.73E+06,1.84E+01,2.44E-02,8.32E+01,0.00E+00,9.50E-02,0.00E+00,9.76E-03,0.00E+00,7.94E-03,0.00E+00,8.16E-04
816763570000,9.73E-02,1.03E+01,6.50E+08,2.80E+01,1.90E+09,2.91E+09,1.01E+09,8.83E+01,8.59E-02,8.83E-03,8.79E+01,8.55E-02,8.79E-03,1.59E+01,2.00E+00,3.52E+01,1.78E+04,2.52E+06,2.59E+07,8.87E+05,9.12E+06,1.01E+00,0.00E+00,2.56E-01,1.00E+02,7.38E+06,7.59E+07,1.11E+00,8.27E+00,0.00E+00,0.00E+00,4.55E+01,4.38E+01,0.00E+00,3.70E+01,1.11E+01,0.00E+00,8.22E+06,8.45E+07,2.55E+06,2.63E+07,4.80E+01,3.52E+00,7.66E+01,0.00E+00,8.59E-02,0.00E+00,8.83E-03,0.00E+00,8.55E-02,0.00E+00,8.79E-03
816763580000,9.73E-02,1.03E+01,6.50E+08,2.99E+01,2.25E+09,3.11E+09,8.58E+08,0.00E+00,0.00E+00,0.00E+00,1.00E+02,9.73E-02,1.00E-02,2.85E+01,2.15E+00,3.44E+01,3.39E+04,4.51E+06,4.63E+07,1.55E+06,1.59E+07,1.01E+00,0.00E+00,1.27E-01,1.00E+02,1.74E+06,1.79E+07,1.96E+00,1.15E+01,0.00E+00,0.00E+00,4.06E+01,4.40E+01,0.00E+00,1.37E+01,1.97E+01,0.00E+00,3.41E+06,3.50E+07,4.54E+06,4.66E+07,3.34E+01,1.29E-02,8.86E+01,0.00E+00,0.00E+00,0.00E+00,0.00E+00,0.00E+00,9.73E-02,0.00E+00,1.00E-02
816763590000,9.73E-02,1.03E+01,6.50E+08,4.55E+01,2.93E+09,4.73E+09,1.80E+09,8.78E+01,8.54E-02,8.78E-03,9.72E+01,9.45E-02,9.72E-03,2.77E+01,2.01E+00,3.71E+01,3.12E+04,4.38E+06,4.50E+07,1.63E+06,1.67E+07,1.01E+00,2.32E+01,7.91E-01,1.00E+02,1.19E+07,1.23E+08,1.03E+00,1.28E+01,0.00E+00,0.00E+00,1.26E+01,4.49E+01,0.00E+00,1.53E+01,1.96E+01,0.00E+00,1.23E+07,1.26E+08,4.41E+06,4.53E+07,3.49E+01,2.60E-03,8.81E+01,0.00E+00,8.54E-02,0.00E+00,8.78E-03,0.00E+00,9.45E-02,0.00E+00,9.72E-03
816763600000,9.73E-02,1.03E+01,6.50E+08,4.11E+01,2.61E+09,4.27E+09,1.66E+09,5.88E+01,5.72E-02,5.88E-03,9.70E+01,9.44E-02,9.70E-03,2.28E+01,2.10E+00,3.60E+01,3.34E+03,3.60E+06,3.70E+07,1.30E+06,1.33E+07,1.02E+00,1.65E+01,7.42E-01,1.00E+02,1.12E+07,1.15E+08,1.12E+00,2.05E+01,0.00E+00,0.00E+00,1.97E+01,4.83E+01,0.00E+00,2.45E+01,1.76E+01,0.00E+00,1.25E+07,1.29E+08,3.69E+06,3.79E+07,4.21E+01,2.48E-02,8.44E+01,0.00E+00,5.72E-02,0.00E+00,5.88E-03,0.00E+00,9.44E-02,0.00E+00,9.70E-03
816763610000,9.73E-02,1.03E+01,6.50E+08,1.68E+01,7.63E+08,1.74E+09,9.80E+08,8.42E+01,8.19E-02,8.42E-03,3.45E+01,3.35E-02,3.45E-03,1.40E+00,2.96E+00,2.69E+01,3.58E+02,2.21E+05,2.27E+06,5.94E+04,6.10E+05,1.13E+00,0.00E+00,2.89E-01,1.00E+02,1.05E+07,1.07E+08,1.05E+00,9.81E+00,0.00E+00,0.00E+00,5.89E+01,6.57E+01,0.00E+00,6.37E+01,1.61E+00,0.00E+00,1.10E+07,1.13E+08,2.49E+05,2.55E+06,6.53E+01,2.45E+00,5.53E+01,0.00E+00,8.19E-02,0.00E+00,8.42E-03,0.00E+00,3.35E-02,0.00E+00,3.45E-03
816763620000,9.73E-02,1.03E+01,6.50E+08,1.41E+01,5.45E+08,1.47E+09,9.22E+08,9.43E+01,9.17E-02,9.43E-03,0.00E+00,0.00E+00,0.00E+00,0.00E+00,,,,0.00E+00,0.00E+00,0.00E+00,0.00E+00,,0.00E+00,2.76E-01,1.00E+02,1.12E+07,1.15E+08,1.00E+00,5.76E+00,0.00E+00,0.00E+00,6.06E+01,,0.00E+00,6.68E+01,0.00E+00,0.00E+00,1.12E+07,1.15E+08,0.00E+00,0.00E+00,6.68E+01,2.49E+00,5.22E+01,0.00E+00,9.17E-02,0.00E+00,9.43E-03,0.00E+00,0.00E+00,0.00E+00,0.00E+00
816763630000,8.59E-02,1.16E+01,6.50E+08,1.54E+01,6.07E+08,1.60E+09,9.92E+08,9.54E+01,8.19E-02,9.54E-03,1.36E+01,1.17E-02,1.36E-03,2.26E-03,3.63E+02,1.00E+02,1.50E+00,3.15E+02,3.67E+03,3.15E+02,3.67E+03,2.00E+00,0.00E+00,2.74E-01,1.00E+02,9.78E+06,1.14E+08,1.00E+00,5.75E+00,0.00E+00,0.00E+00,6.06E+01,6.13E+01,0.00E+00,6.63E+01,4.32E-03,0.00E+00,9.78E+06,1.14E+08,6.30E+02,7.33E+03,6.64E+01,2.56E+00,5.20E+01,0.00E+00,8.19E-02,0.00E+00,9.54E-03,0.00E+00,1.17E-02,0.00E+00,1.36E-03
816763640000,7.86E-02,1.27E+01,6.50E+08,2.01E+01,1.07E+09,2.09E+09,1.02E+09,9.53E+01,7.49E-02,9.53E-03,1.36E+01,1.07E-02,1.36E-03,4.29E+00,2.33E+00,3.19E+01,2.77E+03,5.48E+05,6.98E+06,1.75E+05,2.23E+06,1.01E+00,0.00E+00,2.57E-01,1.00E+02,8.41E+06,1.07E+08,1.00E+00,5.39E+00,0.00E+00,0.00E+00,6.06E+01,4.41E+01,0.00E+00,6.23E+01,3.00E+00,0.00E+00,8.41E+06,1.07E+08,5.55E+05,7.07E+06,6.53E+01,4.08E+00,5.85E+01,0.00E+00,7.49E-02,0.00E+00,9.53E-03,0.00E+00,1.07E-02,0.00E+00,1.36E-03
816763650000,7.86E-02,1.27E+01,6.50E+08,2.78E+01,1.55E+09,2.89E+09,1.35E+09,9.42E+01,7.40E-02,9.42E-03,0.00E+00,0.00E+00,0.00E+00,1.14E+01,1.95E+00,7.32E+01,3.53E+04,1.46E+06,1.86E+07,1.07E+06,1.36E+07,1.01E+00,0.00E+00,2.41E-01,1.00E+02,7.88E+06,1.00E+08,1.00E+00,5.15E+00,0.00E+00,0.00E+00,6.06E+01,4.40E+01,0.00E+00,5.84E+01,7.92E+00,0.00E+00,7.88E+06,1.00E+08,1.47E+06,1.87E+07,6.63E+01,4.01E+00,6.64E+01,0.00E+00,7.40E-02,0.00E+00,9.42E-03,0.00E+00,0.00E+00,0.00E+00,0.00E+00
816763660000,7.86E-02,1.27E+01,6.50E+08,4.03E+01,2.80E+09,4.19E+09,1.40E+09,9.88E+01,7.77E-02,9.88E-03,0.00E+00,0.00E+00,0.00E+00,1.57E+01,2.31E+00,2.34E+01,3.35E+04,2.01E+06,2.55E+07,4.70E+05,5.98E+06,1.01E+00,9.73E+00,7.34E-01,1.00E+02,9.07E+06,1.15E+08,1.19E+00,1.40E+01,0.00E+00,0.00E+00,1.61E+01,4.40E+01,0.00E+00,2.14E+01,1.09E+01,0.00E+00,1.08E+07,1.38E+08,2.02E+06,2.57E+07,3.23E+01,5.87E-01,9.07E+01,0.00E+00,7.77E-02,0.00E+00,9.88E-03,0.00E+00,0.00E+00,0.00E+00,0.00E+00
816763670000,7.86E-02,1.27E+01,6.50E+08,4.26E+01,3.01E+09,4.43E+09,1.42E+09,9.68E+01,7.61E-02,9.68E-03,0.00E+00,0.00E+00,0.00E+00,1.65E+01,2.37E+00,1.91E+01,3.35E+04,2.11E+06,2.69E+07,4.04E+05,5.14E+06,1.01E+00,1.54E+01,8.14E-01,1.00E+02,9.22E+06,1.17E+08,1.22E+00,1.54E+01,0.00E+00,0.00E+00,1.08E+01,4.40E+01,0.00E+00,1.48E+01,1.15E+01,0.00E+00,1.13E+07,1.43E+08,2.13E+06,2.71E+07,2.63E+01,2.32E-02,9.46E+01,0.00E+00,7.61E-02,0.00E+00,9.68E-03,0.00E+00,0.00E+00,0.00E+00,0.00E+00
816763680000,7.86E-02,1.27E+01,6.50E+08,3.04E+01,1.93E+09,3.16E+09,1.23E+09,9.45E+01,7.43E-02,9.45E-03,2.28E+00,1.80E-03,2.28E-04,1.86E+01,2.06E+00,3.65E+01,4.79E+03,2.37E+06,3.02E+07,8.65E+05,1.10E+07,1.02E+00,2.44E+01,5.37E-01,1.00E+02,6.55E+06,8.33E+07,1.01E+00,6.24E+00,0.00E+00,0.00E+00,1.16E+01,4.72E+01,0.00E+00,9.44E+00,1.40E+01,0.00E+00,6.64E+06,8.45E+07,2.42E+06,3.08E+07,2.34E+01,1.95E-03,5.40E+01,0.00E+00,7.43E-02,0.00E+00,9.45E-03,0.00E+00,1.80E-03,0.00E+00,2.28E-04
816763690000,7.86E-02,1.27E+01,6.50E+08,3.04E+01,1.93E+09,3.16E+09,1.23E+09,0.00E+00,0.00E+00,0.00E+00,1.00E+02,7.86E-02,1.00E-02,1.86E+01,2.06E+00,3.65E+01,4.79E+03,2.37E+06,3.02E+07,8.65E+05,1.10E+07,1.02E+00,2.44E+01,5.37E-01,1.00E+02,6.55E+06,8.33E+07,1.01E+00,6.24E+00,0.00E+00,0.00E+00,1.16E+01,4.72E+01,0.00E+00,9.44E+00,1.40E+01,0.00E+00,6.64E+06,8.45E+07,2.42E+06,3.08E+07,2.34E+01,1.95E-03,5.40E+01,0.00E+00,0.00E+00,0.00E+00,0.00E+00,0.00E+00,7.86E-02,0.00E+00,1.00E-02
816763700000,7.86E-02,1.27E+01,6.50E+08,2.51E+01,1.46E+09,2.61E+09,1.15E+09,3.91E+01,3.08E-02,3.91E-03,7.54E+01,5.93E-02,7.54E-03,1.11E+01,2.06E+00,3.65E+01,3.10E+03,1.42E+06,1.80E+07,5.17E+05,6.57E+06,1.02E+00,0.00E+00,4.32E-01,1.00E+02,7.57E+06,9.62E+07,1.01E+00,6.08E+00,0.00E+00,0.00E+00,3.51E+01,4.72E+01,0.00E+00,3.27E+01,8.34E+00,0.00E+00,7.62E+06,9.69E+07,1.44E+06,1.84E+07,4.11E+01,8.89E-01,5.31E+01,0.00E+00,3.08E-02,0.00E+00,3.91E-03,0.00E+00,5.93E-02,0.00E+00,7.54E-03
816763710000,9.21E-02,1.09E+01,6.50E+08,1.53E+01,6.08E+08,1.59E+09,9.84E+08,7.23E+01,6.66E-02,7.23E-03,1.82E+01,1.68E-02,1.82E-03,2.05E-03,3.36E+02,1.00E+02,1.45E+00,3.07E+02,3.33E+03,3.07E+02,3.33E+03,2.00E+00,0.00E+00,2.71E-01,1.00E+02,1.04E+07,1.13E+08,1.00E+00,5.68E+00,0.00E+00,0.00E+00,6.06E+01,6.03E+01,0.00E+00,6.56E+01,3.87E-03,0.00E+00,1.04E+07,1.13E+08,6.14E+02,6.67E+03,6.56E+01,2.77E+00,5.20E+01,0.00E+00,6.66E-02,0.00E+00,7.23E-03,0.00E+00,1.68E-02,0.00E+00,1.82E-03
816763720000,9.94E-02,1.01E+01,6.50E+08,1.64E+01,7.09E+08,1.70E+09,9.93E+08,9.54E+01,9.49E-02,9.54E-03,1.46E+01,1.45E-02,1.46E-03,8.40E-01,5.54E+00,2.76E+01,5.17E+02,1.36E+05,1.36E+06,3.75E+04,3.77E+05,1.02E+00,0.00E+00,2.68E-01,1.00E+02,1.11E+07,1.12E+08,1.00E+00,5.64E+00,0.00E+00,0.00E+00,6.06E+01,4.42E+01,0.00E+00,6.50E+01,5.91E-01,0.00E+00,1.11E+07,1.12E+08,1.38E+05,1.39E+06,6.55E+01,3.12E+00,5.34E+01,0.00E+00,9.49E-02,0.00E+00,9.54E-03,0.00E+00,1.45E-02,0.00E+00,1.46E-03
816763730000,9.94E-02,1.01E+01,6.50E+08,2.52E+01,1.51E+09,2.62E+09,1.11E+09,9.43E+01,9.37E-02,9.43E-03,0.00E+00,0.00E+00,0.00E+00,1.08E+01,1.94E+00,5.50E+01,3.03E+04,1.74E+06,1.75E+07,9.58E+05,9.63E+06,1.01E+00,0.00E+00,2.16E-01,1.00E+02,8.93E+06,8.98E+07,1.00E+00,4.64E+00,0.00E+00,0.00E+00,6.06E+01,4.40E+01,0.00E+00,5.23E+01,7.48E+00,0.00E+00,8.93E+06,8.98E+07,1.76E+06,1.77E+07,5.98E+01,7.55E+00,7.01E+01,0.00E+00,9.37E-02,0.00E+00,9.43E-03,0.00E+00,0.00E+00,0.00E+00,0.00E+00
816763740000,9.94E-02,1.01E+01,6.50E+08,2.48E+01,1.51E+09,2.58E+09,1.07E+09,9.32E+01,9.27E-02,9.32E-03,0.00E+00,0.00E+00,0.00E+00,1.15E+01,2.01E+00,4.05E+01,3.29E+04,1.86E+06,1.87E+07,7.51E+05,7.55E+06,1.01E+00,0.00E+00,2.31E-01,1.00E+02,9.57E+06,9.62E+07,1.00E+00,4.97E+00,0.00E+00,0.00E+00,6.06E+01,4.40E+01,0.00E+00,5.60E+01,7.96E+00,0.00E+00,9.57E+06,9.62E+07,1.87E+06,1.88E+07,6.40E+01,5.43E+00,6.81E+01,0.00E+00,9.27E-02,0.00E+00,9.32E-03,0.00E+00,0.00E+00,0.00E+00,0.00E+00
816763750000,9.94E-02,1.01E+01,6.50E+08,2.61E+01,1.68E+09,2.72E+09,1.04E+09,9.50E+01,9.44E-02,9.50E-03,0.00E+00,0.00E+00,0.00E+00,1.19E+01,2.21E+00,2.77E+01,3.32E+04,1.93E+06,1.94E+07,5.34E+05,5.37E+06,1.01E+00,0.00E+00,2.42E-01,1.00E+02,1.00E+07,1.01E+08,1.00E+00,5.11E+00,0.00E+00,0.00E+00,6.06E+01,4.40E+01,0.00E+00,5.86E+01,8.28E+00,0.00E+00,1.00E+07,1.01E+08,1.95E+06,1.96E+07,6.69E+01,4.30E+00,6.72E+01,0.00E+00,9.44E-02,0.00E+00,9.50E-03,0.00E+00,0.00E+00,0.00E+00,0.00E+00
816763760000,9.94E-02,1.01E+01,6.50E+08,3.04E+01,1.93E+09,3.16E+09,1.22E+09,9.74E+01,9.68E-02,9.74E-03,0.00E+00,0.00E+00,0.00E+00,7.94E+00,2.29E+00,2.06E+01,3.44E+04,1.28E+06,1.29E+07,2.65E+05,2.66E+06,1.01E+00,0.00E+00,6.20E-01,1.00E+02,1.18E+07,1.19E+08,1.14E+00,1.07E+01,0.00E+00,0.00E+00,2.75E+01,4.40E+01,0.00E+00,3.59E+01,5.50E+00,0.00E+00,1.35E+07,1.36E+08,1.29E+06,1.30E+07,4.14E+01,2.07E+00,7.99E+01,0.00E+00,9.68E-02,0.00E+00,9.74E-03,0.00E+00,0.00E+00,0.00E+00,0.00E+00
816763770000,9.94E-02,1.01E+01,6.50E+08,3.54E+01,2.24E+09,3.68E+09,1.44E+09,1.00E+02,9.94E-02,1.00E-02,0.00E+00,0.00E+00,0.00E+00,4.58E+00,2.97E+00,1.60E+01,3.97E+04,7.40E+05,7.44E+06,1.19E+05,1.19E+06,1.00E+00,1.53E+01,9.43E-01,1.00E+02,1.35E+07,1.36E+08,1.22E+00,1.55E+01,0.00E+00,0.00E+00,1.08E+01,4.40E+01,0.00E+00,1.72E+01,3.16E+00,0.00E+00,1.65E+07,1.66E+08,7.44E+05,7.48E+06,2.03E+01,6.45E-04,9.03E+01,0.00E+00,9.94E-02,0.00E+00,1.00E-02,0.00E+00,0.00E+00,0.00E+00,0.00E+00
816763780000,9.94E-02,1.01E+01,6.50E+08,3.00E+01,1.91E+09,3.12E+09,1.22E+09,9.50E+01,9.45E-02,9.50E-03,0.00E+00,0.00E+00,0.00E+00,1.74E+01,2.07E+00,3.62E+01,5.11E+03,2.81E+06,2.82E+07,1.02E+06,1.02E+07,1.02E+00,2.35E+01,5.49E-01,1.00E+02,8.41E+06,8.46E+07,1.03E+00,6.37E+00,0.00E+00,0.00E+00,1.15E+01,4.71E+01,0.00E+00,9.68E+00,1.30E+01,0.00E+00,8.69E+06,8.74E+07,2.86E+06,2.88E+07,2.27E+01,9.59E-04,5.82E+01,0.00E+00,9.45E-02,0.00E+00,9.50E-03,0.00E+00,0.00E+00,0.00E+00,0.00E+00
816763790000,9.94E-02,1.01E+01,6.50E+08,2.97E+01,1.89E+09,3.09E+09,1.21E+09,0.00E+00,0.00E+00,0.00E+00,9.88E+01,9.82E-02,9.88E-03,1.82E+01,2.06E+00,3.65E+01,5.04E+03,2.93E+06,2.95E+07,1.07E+06,1.08E+07,1.02E+00,2.44E+01,5.25E-01,1.00E+02,8.10E+06,8.15E+07,1.01E+00,5.82E+00,0.00E+00,0.00E+00,1.16E+01,4.72E+01,0.00E+00,9.22E+00,1.36E+01,0.00E+00,8.22E+06,8.26E+07,2.99E+06,3.01E+07,2.29E+01,9.79E-04,5.63E+01,0.00E+00,0.00E+00,0.00E+00,0.00E+00,0.00E+00,9.82E-02,0.00E+00,9.88E-03
816763800000,9.94E-02,1.01E+01,6.50E+08,2.60E+01,1.56E+09,2.71E+09,1.15E+09,2.66E+01,2.65E-02,2.66E-03,8.35E+01,8.30E-02,8.35E-03,1.31E+01,2.06E+00,3.65E+01,3.85E+03,2.12E+06,2.13E+07,7.73E+05,7.77E+06,1.02E+00,3.84E+00,4.54E-01,1.00E+02,8.95E+06,9.00E+07,1.01E+00,5.78E+00,0.00E+00,0.00E+00,2.84E+01,4.72E+01,0.00E+00,2.48E+01,9.85E+00,0.00E+00,9.03E+06,9.08E+07,2.16E+06,2.17E+07,3.47E+01,9.37E-01,5.54E+01,0.00E+00,2.65E-02,0.00E+00,2.66E-03,0.00E+00,8.30E-02,0.00E+00,8.35E-03
816763810000,1.00E-01,9.96E+00,6.50E+08,1.62E+01,6.60E+08,1.69E+09,1.03E+09,9.53E+01,9.56E-02,9.53E-03,3.36E+01,3.38E-02,3.36E-03,3.36E-03,2.97E+02,1.00E+02,1.38E+00,5.48E+02,5.46E+03,5.48E+02,5.46E+03,2.00E+00,0.00E+00,2.70E-01,1.00E+02,1.13E+07,1.12E+08,1.00E+00,5.68E+00,0.00E+00,0.00E+00,6.06E+01,5.89E+01,0.00E+00,6.54E+01,6.19E-03,0.00E+00,1.13E+07,1.12E+08,1.10E+03,1.09E+04,6.54E+01,2.64E+00,5.16E+01,0.00E+00,9.56E-02,0.00E+00,9.53E-03,0.00E+00,3.38E-02,0.00E+00,3.36E-03
816763820000,1.01E-01,9.93E+00,6.50E+08,1.79E+01,8.99E+08,1.86E+09,9.61E+08,9.45E+01,9.52E-02,9.45E-03,1.16E+01,1.17E-02,1.16E-03,2.99E+00,2.53E+00,2.56E+01,2.52E+03,4.89E+05,4.85E+06,1.25E+05,1.24E+06,1.02E+00,0.00E+00,2.56E-01,1.00E+02,1.07E+07,1.06E+08,1.00E+00,5.38E+00,0.00E+00,0.00E+00,6.06E+01,4.41E+01,0.00E+00,6.20E+01,2.09E+00,0.00E+00,1.07E+07,1.06E+08,4.97E+05,4.93E+06,6.41E+01,3.86E+00,5.71E+01,0.00E+00,9.52E-02,0.00E+00,9.45E-03,0.00E+00,1.17E-02,0.00E+00,1.16E-03
816763830000,1.01E-01,9.93E+00,6.50E+08,2.71E+01,1.52E+09,2.82E+09,1.30E+09,9.42E+01,9.48E-02,9.42E-03,0.00E+00,0.00E+00,0.00E+00,1.11E+01,1.97E+00,6.98E+01,3.47E+04,1.82E+06,1.81E+07,1.27E+06,1.26E+07,1.01E+00,0.00E+00,2.37E-01,1.00E+02,9.91E+06,9.84E+07,1.00E+00,5.07E+00,0.00E+00,0.00E+00,6.06E+01,4.40E+01,0.00E+00,5.73E+01,7.72E+00,0.00E+00,9.91E+06,9.84E+07,1.84E+06,1.83E+07,6.50E+01,4.78E+00,6.69E+01,0.00E+00,9.48E-02,0.00E+00,9.42E-03,0.00E+00,0.00E+00,0.00E+00,0.00E+00
816763840000,1.01E-01,9.93E+00,6.50E+08,2.47E+01,1.57E+09,2.57E+09,9.95E+08,9.47E+01,9.54E-02,9.47E-03,0.00E+00,0.00E+00,0.00E+00,1.19E+01,2.10E+00,2.42E+01,3.31E+04,1.95E+06,1.93E+07,4.70E+05,4.67E+06,1.01E+00,0.00E+00,2.42E-01,1.00E+02,1.01E+07,1.01E+08,1.00E+00,5.10E+00,0.00E+00,0.00E+00,6.06E+01,4.40E+01,0.00E+00,5.85E+01,8.25E+00,0.00E+00,1.01E+07,1.01E+08,1.96E+06,1.95E+07,6.68E+01,4.12E+00,6.70E+01,0.00E+00,9.54E-02,0.00E+00,9.47E-03,0.00E+00,0.00E+00,0.00E+00,0.00E+00
816763850000,1.01E-01,9.93E+00,6.50E+08,2.57E+01,1.64E+09,2.68E+09,1.04E+09,9.55E+01,9.61E-02,9.55E-03,0.00E+00,0.00E+00,0.00E+00,1.19E+01,2.09E+00,3.15E+01,3.44E+04,1.95E+06,1.94E+07,6.15E+05,6.10E+06,1.01E+00,0.00E+00,2.36E-01,1.00E+02,9.90E+06,9.83E+07,1.00E+00,4.99E+00,0.00E+00,0.00E+00,6.06E+01,4.40E+01,0.00E+00,5.73E+01,8.26E+00,0.00E+00,9.90E+06,9.83E+07,1.97E+06,1.95E+07,6.55E+01,4.81E+00,6.74E+01,0.00E+00,9.61E-02,0.00E+00,9.55E-03,0.00E+00,0.00E+00,0.00E+00,0.00E+00
816763860000,1.01E-01,9.93E+00,6.50E+08,2.75E+01,1.74E+09,2.86E+09,1.11E+09,9.59E+01,9.66E-02,9.59E-03,0.00E+00,0.00E+00,0.00E+00,7.26E+00,2.85E+00,1.30E+01,3.36E+04,1.19E+06,1.18E+07,1.55E+05,1.54E+06,1.01E+00,0.00E+00,5.36E-01,1.00E+02,1.14E+07,1.14E+08,1.11E+00,9.57E+00,0.00E+00,0.00E+00,3.27E+01,4.40E+01,0.00E+00,3.97E+01,5.03E+00,0.00E+00,1.27E+07,1.26E+08,1.20E+06,1.19E+07,4.48E+01,3.55E+00,7.62E+01,0.00E+00,9.66E-02,0.00E+00,9.59E-03,0.00E+00,0.00E+00,0.00E+00,0.00E+00
816763870000,1.01E-01,9.93E+00,6.50E+08,3.38E+01,2.08E+09,3.51E+09,1.44E+09,1.00E+02,1.01E-01,1.00E-02,0.00E+00,0.00E+00,0.00E+00,2.28E+00,3.46E+00,1.53E+01,5.80E+04,3.73E+05,3.70E+06,5.69E+04,5.65E+05,1.00E+00,1.53E+01,9.63E-01,1.00E+02,1.40E+07,1.39E+08,1.22E+00,1.61E+01,0.00E+00,0.00E+00,1.08E+01,4.40E+01,0.00E+00,1.76E+01,1.57E+00,0.00E+00,1.71E+07,1.70E+08,3.74E+05,3.71E+06,1.91E+01,4.37E-04,8.83E+01,0.00E+00,1.01E-01,0.00E+00,1.00E-02,0.00E+00,0.00E+00,0.00E+00,0.00E+00
816763880000,1.01E-01,9.93E+00,6.50E+08,3.05E+01,1.93E+09,3.18E+09,1.25E+09,9.69E+01,9.76E-02,9.69E-03,0.00E+00,0.00E+00,0.00E+00,1.59E+01,2.08E+00,3.60E+01,5.14E+03,2.61E+06,2.59E+07,9.39E+05,9.32E+06,1.02E+00,2.22E+01,5.94E-01,1.00E+02,9.12E+06,9.05E+07,1.06E+00,7.48E+00,0.00E+00,0.00E+00,1.14E+01,4.71E+01,0.00E+00,1.05E+01,1.19E+01,0.00E+00,9.68E+06,9.61E+07,2.65E+06,2.64E+07,2.25E+01,3.49E-03,6.01E+01,0.00E+00,9.76E-02,0.00E+00,9.69E-03,0.00E+00,0.00E+00,0.00E+00,0.00E+00
816763890000,1.01E-01,9.93E+00,6.50E+08,3.00E+01,1.90E+09,3.12E+09,1.22E+09,8.09E+00,8.14E-03,8.09E-04,8.88E+01,8.94E-02,8.88E-03,1.83E+01,2.06E+00,3.65E+01,5.04E+03,2.99E+06,2.97E+07,1.09E+06,1.09E+07,1.02E+00,2.44E+01,5.29E-01,1.00E+02,8.27E+06,8.21E+07,1.01E+00,5.97E+00,0.00E+00,0.00E+00,1.16E+01,4.72E+01,0.00E+00,9.30E+00,1.37E+01,0.00E+00,8.39E+06,8.33E+07,3.05E+06,3.03E+07,2.30E+01,4.03E-03,5.51E+01,0.00E+00,8.14E-03,0.00E+00,8.09E-04,0.00E+00,8.94E-02,0.00E+00,8.88E-03
816763900000,1.01E-01,9.93E+00,6.50E+08,2.71E+01,1.65E+09,2.82E+09,1.16E+09,2.09E+01,2.10E-02,2.09E-03,8.63E+01,8.69E-02,8.63E-03,1.45E+01,2.06E+00,3.65E+01,4.18E+03,2.37E+06,2.35E+07,8.64E+05,8.58E+06,1.02E+00,9.92E+00,4.74E-01,1.00E+02,8.85E+06,8.79E+07,1.01E+00,5.89E+00,0.00E+00,0.00E+00,2.42E+01,4.72E+01,0.00E+00,2.07E+01,1.09E+01,0.00E+00,8.94E+06,8.88E+07,2.41E+06,2.40E+07,3.16E+01,6.79E-01,5.44E+01,0.00E+00,2.10E-02,0.00E+00,2.09E-03,0.00E+00,8.69E-02,0.00E+00,8.63E-03
816763910000,1.04E-01,9.58E+00,6.50E+08,1.62E+01,6.63E+08,1.69E+09,1.02E+09,9.42E+01,9.82E-02,9.42E-03,2.75E+01,2.87E-02,2.75E-03,3.13E-03,2.68E+02,1.00E+02,1.33E+00,5.32E+02,5.09E+03,5.32E+02,5.09E+03,2.00E+00,0.00E+00,2.71E-01,1.00E+02,1.18E+07,1.13E+08,1.00E+00,5.73E+00,0.00E+00,0.00E+00,6.06E+01,5.78E+01,0.00E+00,6.56E+01,5.67E-03,0.00E+00,1.18E+07,1.13E+08,1.06E+03,1.02E+04,6.56E+01,2.77E+00,5.21E+01,0.00E+00,9.82E-02,0.00E+00,9.42E-03,0.00E+00,2.87E-02,0.00E+00,2.75E-03
816763920000,1.06E-01,9.42E+00,6.50E+08,1.66E+01,7.39E+08,1.73E+09,9.91E+08,9.54E+01,1.01E-01,9.54E-03,1.21E+01,1.29E-02,1.21E-03,1.13E+00,4.04E+00,2.86E+01,8.24E+02,1.95E+05,1.84E+06,5.60E+04,5.27E+05,1.02E+00,0.00E+00,2.70E-01,1.00E+02,1.19E+07,1.12E+08,1.00E+00,5.67E+00,0.00E+00,0.00E+00,6.06E+01,4.42E+01,0.00E+00,6.54E+01,7.97E-01,0.00E+00,1.19E+07,1.12E+08,1.99E+05,1.88E+06,6.62E+01,2.86E+00,5.35E+01,0.00E+00,1.01E-01,0.00E+00,9.54E-03,0.00E+00,1.29E-02,0.00E+00,1.21E-03
816763930000,1.06E-01,9.42E+00,6.50E+08,2.75E+01,1.62E+09,2.86E+09,1.23E+09,9.45E+01,1.00E-01,9.45E-03,0.00E+00,0.00E+00,0.00E+00,1.12E+01,1.98E+00,5.81E+01,3.11E+04,1.94E+06,1.83E+07,1.13E+06,1.06E+07,1.01E+00,0.00E+00,2.39E-01,1.00E+02,1.06E+07,9.95E+07,1.00E+00,5.08E+00,0.00E+00,0.00E+00,6.06E+01,4.40E+01,0.00E+00,5.79E+01,7.80E+00,0.00E+00,1.06E+07,9.95E+07,1.96E+06,1.84E+07,6.57E+01,4.62E+00,6.68E+01,0.00E+00,1.00E-01,0.00E+00,9.45E-03,0.00E+00,0.00E+00,0.00E+00,0.00E+00
816763940000,1.06E-01,9.42E+00,6.50E+08,2.50E+01,1.54E+09,2.60E+09,1.06E+09,7.03E+01,7.46E-02,7.03E-03,0.00E+00,0.00E+00,0.00E+00,1.16E+01,1.96E+00,3.52E+01,3.23E+04,2.00E+06,1.88E+07,7.02E+05,6.62E+06,1.01E+00,0.00E+00,2.41E-01,1.00E+02,1.06E+07,1.00E+08,1.00E+00,5.09E+00,0.00E+00,0.00E+00,6.06E+01,4.40E+01,0.00E+00,5.83E+01,8.02E+00,0.00E+00,1.06E+07,1.00E+08,2.01E+06,1.90E+07,6.64E+01,4.29E+00,6.66E+01,0.00E+00,7.46E-02,0.00E+00,7.03E-03,0.00E+00,0.00E+00,0.00E+00,0.00E+00
816763950000,1.06E-01,9.42E+00,6.50E+08,2.58E+01,1.64E+09,2.68E+09,1.04E+09,9.58E+01,1.02E-01,9.58E-03,0.00E+00,0.00E+00,0.00E+00,1.17E+01,2.19E+00,3.16E+01,3.43E+04,2.02E+06,1.90E+07,6.38E+05,6.01E+06,1.01E+00,0.00E+00,2.35E-01,1.00E+02,1.04E+07,9.78E+07,1.00E+00,4.97E+00,0.00E+00,0.00E+00,6.06E+01,4.40E+01,0.00E+00,5.70E+01,8.11E+00,0.00E+00,1.04E+07,9.78E+07,2.03E+06,1.92E+07,6.51E+01,5.24E+00,6.78E+01,0.00E+00,1.02E-01,0.00E+00,9.58E-03,0.00E+00,0.00E+00,0.00E+00,0.00E+00
816763960000,1.06E-01,9.42E+00,6.50E+08,2.88E+01,1.86E+09,2.99E+09,1.13E+09,9.63E+01,1.02E-01,9.63E-03,0.00E+00,0.00E+00,0.00E+00,8.35E+00,2.35E+00,1.35E+01,3.46E+04,1.44E+06,1.36E+07,1.94E+05,1.83E+06,1.01E+00,0.00E+00,5.43E-01,1.00E+02,1.23E+07,1.16E+08,1.11E+00,9.68E+00,0.00E+00,0.00E+00,3.30E+01,4.40E+01,0.00E+00,4.09E+01,5.78E+00,0.00E+00,1.37E+07,1.29E+08,1.45E+06,1.37E+07,4.67E+01,2.58E+00,7.66E+01,0.00E+00,1.02E-01,0.00E+00,9.63E-03,0.00E+00,0.00E+00,0.00E+00,0.00E+00
816763970000,1.06E-01,9.42E+00,6.50E+08,3.46E+01,2.15E+09,3.60E+09,1.45E+09,1.00E+02,1.06E-01,1.00E-02,0.00E+00,0.00E+00,0.00E+00,3.30E+00,3.08E+00,2.03E+01,4.25E+04,5.69E+05,5.36E+06,1.16E+05,1.09E+06,1.00E+00,1.53E+01,9.52E-01,1.00E+02,1.45E+07,1.37E+08,1.22E+00,1.59E+01,0.00E+00,0.00E+00,1.08E+01,4.40E+01,0.00E+00,1.73E+01,2.28E+00,0.00E+00,1.78E+07,1.68E+08,5.71E+05,5.38E+06,1.96E+01,1.81E-03,8.90E+01,0.00E+00,1.06E-01,0.00E+00,1.00E-02,0.00E+00,0.00E+00,0.00E+00,0.00E+00
816763980000,1.06E-01,9.42E+00,6.50E+08,3.08E+01,1.95E+09,3.20E+09,1.26E+09,9.68E+01,1.03E-01,9.68E-03,0.00E+00,0.00E+00,0.00E+00,1.59E+01,2.08E+00,3.59E+01,5.19E+03,2.75E+06,2.59E+07,9.89E+05,9.32E+06,1.02E+00,2.21E+01,5.98E-01,1.00E+02,9.66E+06,9.11E+07,1.06E+00,7.73E+00,0.00E+00,0.00E+00,1.14E+01,4.71E+01,0.00E+00,1.06E+01,1.19E+01,0.00E+00,1.03E+07,9.69E+07,2.80E+06,2.64E+07,2.25E+01,1.17E-03,5.95E+01,0.00E+00,1.03E-01,0.00E+00,9.68E-03,0.00E+00,0.00E+00,0.00E+00,0.00E+00
816763990000,1.06E-01,9.42E+00,6.50E+08,3.01E+01,1.91E+09,3.13E+09,1.22E+09,1.24E+01,1.32E-02,1.24E-03,8.44E+01,8.95E-02,8.44E-03,1.83E+01,2.06E+00,3.65E+01,5.04E+03,3.16E+06,2.98E+07,1.15E+06,1.09E+07,1.02E+00,2.44E+01,5.31E-01,1.00E+02,8.74E+06,8.24E+07,1.01E+00,6.18E+00,0.00E+00,0.00E+00,1.16E+01,4.72E+01,0.00E+00,9.32E+00,1.38E+01,0.00E+00,8.86E+06,8.35E+07,3.22E+06,3.04E+07,2.31E+01,1.04E-03,5.39E+01,0.00E+00,1.32E-02,0.00E+00,1.24E-03,0.00E+00,8.95E-02,0.00E+00,8.44E-03
816764000000,1.06E-01,9.42E+00,6.50E+08,2.75E+01,1.68E+09,2.86E+09,1.18E+09,2.04E+01,2.17E-02,2.04E-03,8.68E+01,9.21E-02,8.68E-03,1.46E+01,2.06E+00,3.65E+01,4.10E+03,2.52E+06,2.37E+07,9.18E+05,8.66E+06,1.02E+00,9.61E+00,4.79E-01,1.00E+02,9.46E+06,8.92E+07,1.01E+00,6.12E+00,0.00E+00,0.00E+00,2.45E+01,4.72E+01,0.00E+00,2.12E+01,1.10E+01,0.00E+00,9.56E+06,9.01E+07,2.56E+06,2.42E+07,3.21E+01,4.13E-01,5.34E+01,0.00E+00,2.17E-02,0.00E+00,2.04E-03,0.00E+00,9.21E-02,0.00E+00,8.68E-03
816764010000,1.05E-01,9.50E+00,6.50E+08,1.49E+01,5.97E+08,1.54E+09,9.47E+08,9.39E+01,9.89E-02,9.39E-03,1.57E+01,1.66E-02,1.57E-03,1.03E-03,1.00E+02,1.00E+02,1.10E+00,1.77E+02,1.68E+03,1.77E+02,1.68E+03,2.00E+00,0.00E+00,2.70E-01,1.00E+02,1.18E+07,1.12E+08,1.00E+00,5.68E+00,0.00E+00,0.00E+00,6.06E+01,5.17E+01,0.00E+00,6.53E+01,1.67E-03,0.00E+00,1.18E+07,1.12E+08,3.54E+02,3.36E+03,6.53E+01,2.81E+00,5.19E+01,0.00E+00,9.89E-02,0.00E+00,9.39E-03,0.00E+00,1.66E-02,0.00E+00,1.57E-03
816764020000,9.61E-02,1.04E+01,6.50E+08,1.54E+01,6.13E+08,1.60E+09,9.92E+08,9.52E+01,9.15E-02,9.52E-03,1.65E+01,1.59E-02,1.65E-03,2.39E-03,3.63E+02,1.00E+02,1.50E+00,3.74E+02,3.89E+03,3.74E+02,3.89E+03,2.00E+00,0.00E+00,2.72E-01,1.00E+02,1.09E+07,1.13E+08,1.00E+00,5.71E+00,0.00E+00,0.00E+00,6.06E+01,6.13E+01,0.00E+00,6.59E+01,4.58E-03,0.00E+00,1.09E+07,1.13E+08,7.47E+02,7.77E+03,6.59E+01,2.96E+00,5.26E+01,0.00E+00,9.15E-02,0.00E+00,9.52E-03,0.00E+00,1.59E-02,0.00E+00,1.65E-03
816764030000,9.61E-02,1.04E+01,6.50E+08,1.67E+01,7.69E+08,1.74E+09,9.70E+08,9.54E+01,9.17E-02,9.54E-03,2.30E+01,2.21E-02,2.30E-03,1.57E+00,3.06E+00,3.09E+01,1.34E+03,2.46E+05,2.56E+06,7.59E+04,7.90E+05,1.02E+00,0.00E+00,2.64E-01,1.00E+02,1.06E+07,1.10E+08,1.00E+00,5.54E+00,0.00E+00,0.00E+00,6.06E+01,4.41E+01,0.00E+00,6.39E+01,1.10E+00,0.00E+00,1.06E+07,1.10E+08,2.50E+05,2.60E+06,6.51E+01,3.61E+00,5.51E+01,0.00E+00,9.17E-02,0.00E+00,9.54E-03,0.00E+00,2.21E-02,0.00E+00,2.30E-03
816764040000,9.61E-02,1.04E+01,6.50E+08,2.63E+01,1.54E+09,2.74E+09,1.20E+09,9.36E+01,9.00E-02,9.36E-03,1.00E+02,9.61E-02,1.00E-02,1.10E+01,1.98E+00,5.95E+01,3.38E+04,1.71E+06,1.78E+07,1.02E+06,1.06E+07,1.01E+00,0.00E+00,2.30E-01,1.00E+02,9.20E+06,9.57E+07,1.00E+00,4.93E+00,0.00E+00,0.00E+00,6.06E+01,4.40E+01,0.00E+00,5.57E+01,7.61E+00,0.00E+00,9.20E+06,9.57E+07,1.73E+06,1.80E+07,6.33E+01,5.74E+00,6.79E+01,0.00E+00,9.00E-02,0.00E+00,9.36E-03,0.00E+00,9.61E-02,0.00E+00,1.00E-02
816764050000,9.61E-02,1.04E+01,6.50E+08,2.49E+01,1.54E+09,2.59E+09,1.05E+09,9.49E+01,9.12E-02,9.49E-03,1.00E+02,9.61E-02,1.00E-02,1.16E+01,1.95E+00,3.46E+01,3.24E+04,1.82E+06,1.89E+07,6.28E+05,6.54E+06,1.01E+00,0.00E+00,2.41E-01,1.00E+02,9.63E+06,1.00E+08,1.00E+00,5.09E+00,0.00E+00,0.00E+00,6.06E+01,4.40E+01,0.00E+00,5.84E+01,8.06E+00,0.00E+00,9.63E+06,1.00E+08,1.83E+06,1.90E+07,6.64E+01,4.29E+00,6.67E+01,0.00E+00,9.12E-02,0.00E+00,9.49E-03,0.00E+00,9.61E-02,0.00E+00,1.00E-02
816764060000,9.61E-02,1.04E+01,6.50E+08,3.22E+01,2.09E+09,3.35E+09,1.26E+09,9.70E+01,9.33E-02,9.70E-03,1.00E+02,9.61E-02,1.00E-02,1.09E+01,2.29E+00,3.14E+01,3.44E+04,1.70E+06,1.77E+07,5.34E+05,5.56E+06,1.01E+00,0.00E+00,5.51E-01,1.00E+02,1.07E+07,1.11E+08,1.13E+00,1.01E+01,0.00E+00,0.00E+00,3.00E+01,4.40E+01,0.00E+00,3.60E+01,7.55E+00,0.00E+00,1.20E+07,1.25E+08,1.72E+06,1.79E+07,4.36E+01,2.69E+00,8.04E+01,0.00E+00,9.33E-02,0.00E+00,9.70E-03,0.00E+00,9.61E-02,0.00E+00,1.00E-02
816764070000,9.61E-02,1.04E+01,6.50E+08,3.81E+01,2.58E+09,3.96E+09,1.39E+09,1.00E+02,9.61E-02,1.00E-02,1.98E+01,1.91E-02,1.98E-03,1.03E+01,2.48E+00,1.61E+01,3.64E+04,1.61E+06,1.67E+07,2.59E+05,2.70E+06,1.01E+00,1.53E+01,8.65E-01,1.00E+02,1.20E+07,1.25E+08,1.22E+00,1.51E+01,0.00E+00,0.00E+00,1.08E+01,4.40E+01,0.00E+00,1.58E+01,7.12E+00,0.00E+00,1.46E+07,1.52E+08,1.62E+06,1.68E+07,2.29E+01,5.32E-03,9.27E+01,0.00E+00,9.61E-02,0.00E+00,1.00E-02,0.00E+00,1.91E-02,0.00E+00,1.98E-03
816764080000,9.61E-02,1.04E+01,6.50E+08,3.19E+01,2.06E+09,3.32E+09,1.25E+09,9.69E+01,9.31E-02,9.69E-03,0.00E+00,0.00E+00,0.00E+00,1.63E+01,2.09E+00,3.34E+01,5.79E+03,2.55E+06,2.66E+07,8.53E+05,8.87E+06,1.02E+00,2.13E+01,6.09E-01,1.00E+02,8.86E+06,9.22E+07,1.08E+00,8.25E+00,0.00E+00,0.00E+00,1.13E+01,4.67E+01,0.00E+00,1.08E+01,1.21E+01,0.00E+00,9.59E+06,9.98E+07,2.60E+06,2.70E+07,2.30E+01,1.47E-03,6.33E+01,0.00E+00,9.31E-02,0.00E+00,9.69E-03,0.00E+00,0.00E+00,0.00E+00,0.00E+00
816764090000,9.61E-02,1.04E+01,6.50E+08,2.99E+01,1.90E+09,3.11E+09,1.21E+09,2.09E+01,2.01E-02,2.09E-03,7.58E+01,7.29E-02,7.58E-03,1.83E+01,2.06E+00,3.65E+01,5.04E+03,2.85E+06,2.97E+07,1.04E+06,1.08E+07,1.02E+00,2.44E+01,5.28E-01,1.00E+02,7.88E+06,8.20E+07,1.01E+00,6.08E+00,0.00E+00,0.00E+00,1.16E+01,4.72E+01,0.00E+00,9.28E+00,1.37E+01,0.00E+00,7.99E+06,8.31E+07,2.91E+06,3.02E+07,2.30E+01,2.59E-04,5.39E+01,0.00E+00,2.01E-02,0.00E+00,2.09E-03,0.00E+00,7.29E-02,0.00E+00,7.58E-03
816764100000,9.61E-02,1.04E+01,6.50E+08,2.84E+01,1.77E+09,2.96E+09,1.19E+09,1.11E+01,1.07E-02,1.11E-03,9.13E+01,8.78E-02,9.13E-03,1.62E+01,2.06E+00,3.65E+01,4.59E+03,2.54E+06,2.64E+07,9.25E+05,9.62E+06,1.02E+00,1.70E+01,4.99E-01,1.00E+02,8.18E+06,8.51E+07,1.01E+00,6.04E+00,0.00E+00,0.00E+00,1.86E+01,4.72E+01,0.00E+00,1.54E+01,1.22E+01,0.00E+00,8.28E+06,8.62E+07,2.58E+06,2.69E+07,2.76E+01,3.44E-01,5.37E+01,0.00E+00,1.07E-02,0.00E+00,1.11E-03,0.00E+00,8.78E-02,0.00E+00,9.13E-03
816764110000,9.75E-02,1.03E+01,6.50E+08,1.60E+01,6.63E+08,1.67E+09,1.00E+09,9.51E+01,9.27E-02,9.51E-03,3.58E+01,3.49E-02,3.58E-03,3.19E-03,2.38E+02,1.00E+02,1.28E+00,5.05E+02,5.18E+03,5.05E+02,5.18E+03,2.00E+00,0.00E+00,2.64E-01,1.00E+02,1.07E+07,1.10E+08,1.00E+00,5.62E+00,0.00E+00,0.00E+00,6.06E+01,5.67E+01,0.00E+00,6.41E+01,5.65E-03,0.00E+00,1.07E+07,1.10E+08,1.01E+03,1.04E+04,6.41E+01,3.03E+00,5.16E+01,0.00E+00,9.27E-02,0.00E+00,9.51E-03,0.00E+00,3.49E-02,0.00E+00,3.58E-03
816764120000,9.92E-02,1.01E+01,6.50E+08,1.80E+01,9.05E+08,1.88E+09,9.71E+08,9.46E+01,9.38E-02,9.46E-03,1.50E+01,1.48E-02,1.50E-03,2.97E+00,2.96E+00,2.23E+01,1.85E+03,4.78E+05,4.82E+06,1.07E+05,1.07E+06,1.02E+00,0.00E+00,2.54E-01,1.00E+02,1.05E+07,1.06E+08,1.00E+00,5.40E+00,0.00E+00,0.00E+00,6.06E+01,4.41E+01,0.00E+00,6.16E+01,2.07E+00,0.00E+00,1.05E+07,1.06E+08,4.86E+05,4.90E+06,6.37E+01,4.24E+00,5.81E+01,0.00E+00,9.38E-02,0.00E+00,9.46E-03,0.00E+00,1.48E-02,0.00E+00,1.50E-03
816764130000,9.92E-02,1.01E+01,6.50E+08,2.54E+01,1.43E+09,2.64E+09,1.21E+09,9.17E+01,9.10E-02,9.17E-03,0.00E+00,0.00E+00,0.00E+00,1.07E+01,1.98E+00,6.97E+01,3.22E+04,1.73E+06,1.74E+07,1.20E+06,1.21E+07,1.01E+00,0.00E+00,2.15E-01,1.00E+02,8.87E+06,8.94E+07,1.00E+00,4.64E+00,0.00E+00,0.00E+00,6.06E+01,4.40E+01,0.00E+00,5.21E+01,7.43E+00,0.00E+00,8.87E+06,8.94E+07,1.74E+06,1.75E+07,5.95E+01,7.31E+00,6.99E+01,0.00E+00,9.10E-02,0.00E+00,9.17E-03,0.00E+00,0.00E+00,0.00E+00,0.00E+00
816764140000,9.92E-02,1.01E+01,6.50E+08,2.40E+01,1.52E+09,2.49E+09,9.75E+08,9.56E+01,9.49E-02,9.56E-03,0.00E+00,0.00E+00,0.00E+00,1.16E+01,2.02E+00,2.70E+01,3.43E+04,1.87E+06,1.88E+07,5.04E+05,5.08E+06,1.01E+00,0.00E+00,2.32E-01,1.00E+02,9.59E+06,9.67E+07,1.00E+00,4.95E+00,0.00E+00,0.00E+00,6.06E+01,4.40E+01,0.00E+00,5.63E+01,8.03E+00,0.00E+00,9.59E+06,9.67E+07,1.88E+06,1.90E+07,6.43E+01,5.32E+00,6.80E+01,0.00E+00,9.49E-02,0.00E+00,9.56E-03,0.00E+00,0.00E+00,0.00E+00,0.00E+00
816764150000,9.92E-02,1.01E+01,6.50E+08,2.60E+01,1.65E+09,2.70E+09,1.05E+09,9.43E+01,9.35E-02,9.43E-03,0.00E+00,0.00E+00,0.00E+00,1.18E+01,2.10E+00,3.22E+01,3.44E+04,1.90E+06,1.92E+07,6.14E+05,6.19E+06,1.01E+00,0.00E+00,2.39E-01,1.00E+02,9.86E+06,9.94E+07,1.00E+00,5.04E+00,0.00E+00,0.00E+00,6.06E+01,4.40E+01,0.00E+00,5.79E+01,8.18E+00,0.00E+00,9.86E+06,9.94E+07,1.92E+06,1.93E+07,6.60E+01,4.60E+00,6.72E+01,0.00E+00,9.35E-02,0.00E+00,9.43E-03,0.00E+00,0.00E+00,0.00E+00,0.00E+00
816764160000,9.92E-02,1.01E+01,6.50E+08,2.53E+01,1.63E+09,2.63E+09,1.00E+09,9.51E+01,9.44E-02,9.51E-03,0.00E+00,0.00E+00,0.00E+00,1.04E+01,2.97E+00,1.40E+01,3.49E+04,1.67E+06,1.68E+07,2.35E+05,2.36E+06,1.01E+00,0.00E+00,3.20E-01,1.00E+02,1.04E+07,1.05E+08,1.03E+00,6.24E+00,0.00E+00,0.00E+00,5.20E+01,4.40E+01,0.00E+00,5.40E+01,7.18E+00,0.00E+00,1.07E+07,1.08E+08,1.68E+06,1.70E+07,6.11E+01,3.97E+00,6.85E+01,0.00E+00,9.44E-02,0.00E+00,9.51E-03,0.00E+00,0.00E+00,0.00E+00,0.00E+00
816764170000,9.92E-02,1.01E+01,6.50E+08,3.23E+01,1.94E+09,3.36E+09,1.42E+09,1.00E+02,9.92E-02,1.00E-02,0.00E+00,0.00E+00,0.00E+00,2.74E-01,1.06E+01,1.95E+00,,4.41E+04,4.45E+05,8.59E+02,8.66E+03,9.66E-01,1.53E+01,9.75E-01,1.00E+02,1.39E+07,1.40E+08,1.22E+00,1.59E+01,0.00E+00,0.00E+00,1.08E+01,4.31E+01,0.00E+00,1.78E+01,1.78E-01,0.00E+00,1.70E+07,1.72E+08,4.26E+04,4.30E+05,1.79E+01,4.72E-04,8.55E+01,0.00E+00,9.92E-02,0.00E+00,1.00E-02,0.00E+00,0.00E+00,0.00E+00,0.00E+00
816764180000,9.92E-02,1.01E+01,6.50E+08,3.17E+01,1.96E+09,3.30E+09,1.33E+09,9.69E+01,9.62E-02,9.69E-03,0.00E+00,0.00E+00,0.00E+00,1.08E+01,2.07E+00,3.62E+01,5.74E+03,1.74E+06,1.76E+07,6.30E+05,6.35E+06,1.02E+00,1.91E+01,7.38E-01,1.00E+02,1.09E+07,1.10E+08,1.13E+00,1.05E+01,0.00E+00,0.00E+00,1.11E+01,4.66E+01,0.00E+00,1.32E+01,8.00E+00,0.00E+00,1.23E+07,1.24E+08,1.77E+06,1.78E+07,2.12E+01,2.13E-04,6.77E+01,0.00E+00,9.62E-02,0.00E+00,9.69E-03,0.00E+00,0.00E+00,0.00E+00,0.00E+00
816764190000,9.92E-02,1.01E+01,6.50E+08,3.12E+01,1.98E+09,3.25E+09,1.27E+09,3.72E+01,3.69E-02,3.72E-03,5.97E+01,5.92E-02,5.97E-03,1.91E+01,2.06E+00,3.66E+01,5.68E+03,3.07E+06,3.10E+07,1.12E+06,1.13E+07,1.02E+00,2.44E+01,5.53E-01,1.00E+02,8.51E+06,8.58E+07,1.01E+00,6.23E+00,0.00E+00,0.00E+00,1.16E+01,4.67E+01,0.00E+00,9.71E+00,1.41E+01,0.00E+00,8.63E+06,8.70E+07,3.12E+06,3.15E+07,2.38E+01,9.12E-06,5.37E+01,0.00E+00,3.69E-02,0.00E+00,3.72E-03,0.00E+00,5.92E-02,0.00E+00,5.97E-03
816764200000,9.92E-02,1.01E+01,6.50E+08,3.08E+01,1.94E+09,3.21E+09,1.26E+09,2.94E+00,2.92E-03,2.94E-04,9.64E+01,9.56E-02,9.64E-03,1.85E+01,2.06E+00,3.66E+01,5.51E+03,2.98E+06,3.01E+07,1.09E+06,1.10E+07,1.02E+00,2.25E+01,5.45E-01,1.00E+02,8.59E+06,8.66E+07,1.01E+00,6.22E+00,0.00E+00,0.00E+00,1.35E+01,4.67E+01,0.00E+00,1.14E+01,1.37E+01,0.00E+00,8.71E+06,8.78E+07,3.03E+06,3.05E+07,2.51E+01,4.46E-02,5.36E+01,0.00E+00,2.92E-03,0.00E+00,2.94E-04,0.00E+00,9.56E-02,0.00E+00,9.64E-03
816764210000,9.89E-02,1.01E+01,6.50E+08,1.70E+01,7.06E+08,1.77E+09,1.06E+09,9.58E+01,9.48E-02,9.58E-03,3.15E+01,3.12E-02,3.15E-03,3.22E-03,2.15E+02,1.00E+02,1.25E+00,5.18E+02,5.24E+03,5.18E+02,5.24E+03,2.00E+00,0.00E+00,2.81E-01,1.00E+02,1.16E+07,1.17E+08,1.00E+00,5.90E+00,0.00E+00,0.00E+00,6.06E+01,5.59E+01,0.00E+00,6.81E+01,5.63E-03,0.00E+00,1.16E+07,1.17E+08,1.04E+03,1.05E+04,6.81E+01,1.46E+00,5.06E+01,0.00E+00,9.48E-02,0.00E+00,9.58E-03,0.00E+00,3.12E-02,0.00E+00,3.15E-03
816764220000,9.86E-02,1.01E+01,6.50E+08,1.59E+01,6.37E+08,1.66E+09,1.02E+09,9.45E+01,9.31E-02,9.45E-03,1.23E+01,1.21E-02,1.23E-03,9.44E-02,2.74E+01,3.49E+01,6.03E+01,1.51E+04,1.53E+05,5.28E+03,5.36E+04,1.04E+00,0.00E+00,2.81E-01,1.00E+02,1.15E+07,1.17E+08,1.00E+00,5.89E+00,0.00E+00,0.00E+00,6.06E+01,4.50E+01,0.00E+00,6.80E+01,6.92E-02,0.00E+00,1.15E+07,1.17E+08,1.58E+04,1.60E+05,6.81E+01,1.88E+00,5.16E+01,0.00E+00,9.31E-02,0.00E+00,9.45E-03,0.00E+00,1.21E-02,0.00E+00,1.23E-03
816764230000,9.86E-02,1.01E+01,6.50E+08,2.67E+01,1.60E+09,2.78E+09,1.18E+09,9.59E+01,9.45E-02,9.59E-03,0.00E+00,0.00E+00,0.00E+00,1.09E+01,2.01E+00,5.06E+01,2.63E+04,1.75E+06,1.77E+07,8.84E+05,8.96E+06,1.01E+00,0.00E+00,2.42E-01,1.00E+02,9.90E+06,1.00E+08,1.00E+00,5.11E+00,0.00E+00,0.00E+00,6.06E+01,4.40E+01,0.00E+00,5.85E+01,7.58E+00,0.00E+00,9.90E+06,1.00E+08,1.76E+06,1.79E+07,6.61E+01,4.41E+00,6.63E+01,0.00E+00,9.45E-02,0.00E+00,9.59E-03,0.00E+00,0.00E+00,0.00E+00,0.00E+00
816764240000,9.86E-02,1.01E+01,6.50E+08,2.55E+01,1.53E+09,2.66E+09,1.13E+09,9.40E+01,9.27E-02,9.40E-03,0.00E+00,0.00E+00,0.00E+00,1.16E+01,1.92E+00,4.51E+01,3.44E+04,1.86E+06,1.89E+07,8.40E+05,8.52E+06,1.01E+00,0.00E+00,2.40E-01,1.00E+02,9.84E+06,9.98E+07,1.00E+00,5.09E+00,0.00E+00,0.00E+00,6.06E+01,4.40E+01,0.00E+00,5.81E+01,8.06E+00,0.00E+00,9.84E+06,9.98E+07,1.88E+06,1.90E+07,6.62E+01,4.25E+00,6.71E+01,0.00E+00,9.27E-02,0.00E+00,9.40E-03,0.00E+00,0.00E+00,0.00E+00,0.00E+00
816764250000,9.86E-02,1.01E+01,6.50E+08,2.59E+01,1.67E+09,2.70E+09,1.03E+09,9.46E+01,9.32E-02,9.46E-03,0.00E+00,0.00E+00,0.00E+00,1.20E+01,2.20E+00,2.87E+01,3.49E+04,1.92E+06,1.94E+07,5.49E+05,5.57E+06,1.01E+00,0.00E+00,2.38E-01,1.00E+02,9.78E+06,9.92E+07,1.00E+00,5.03E+00,0.00E+00,0.00E+00,6.06E+01,4.40E+01,0.00E+00,5.78E+01,8.29E+00,0.00E+00,9.78E+06,9.92E+07,1.93E+06,1.96E+07,6.61E+01,4.70E+00,6.75E+01,0.00E+00,9.32E-02,0.00E+00,9.46E-03,0.00E+00,0.00E+00,0.00E+00,0.00E+00
816764260000,9.86E-02,1.01E+01,6.50E+08,2.79E+01,1.80E+09,2.90E+09,1.10E+09,9.64E+01,9.50E-02,9.64E-03,0.00E+00,0.00E+00,0.00E+00,9.09E+00,2.26E+00,1.62E+01,3.29E+04,1.46E+06,1.48E+07,2.35E+05,2.39E+06,1.01E+00,0.00E+00,4.76E-01,1.00E+02,1.10E+07,1.12E+08,1.09E+00,8.60E+00,0.00E+00,0.00E+00,3.78E+01,4.40E+01,0.00E+00,4.43E+01,6.30E+00,0.00E+00,1.20E+07,1.22E+08,1.47E+06,1.49E+07,5.06E+01,3.04E+00,7.47E+01,0.00E+00,9.50E-02,0.00E+00,9.64E-03,0.00E+00,0.00E+00,0.00E+00,0.00E+00
816764270000,9.86E-02,1.01E+01,6.50E+08,3.44E+01,2.14E+09,3.58E+09,1.44E+09,1.00E+02,9.86E-02,1.00E-02,0.00E+00,0.00E+00,0.00E+00,3.30E+00,3.08E+00,2.02E+01,4.27E+04,5.29E+05,5.36E+06,1.07E+05,1.09E+06,1.00E+00,1.57E+01,9.44E-01,1.00E+02,1.34E+07,1.36E+08,1.21E+00,1.56E+01,0.00E+00,0.00E+00,1.06E+01,4.40E+01,0.00E+00,1.68E+01,2.28E+00,0.00E+00,1.63E+07,1.65E+08,5.31E+05,5.38E+06,1.91E+01,5.46E-04,8.96E+01,0.00E+00,9.86E-02,0.00E+00,1.00E-02,0.00E+00,0.00E+00,0.00E+00,0.00E+00
816764280000,9.86E-02,1.01E+01,6.50E+08,3.18E+01,2.01E+09,3.31E+09,1.30E+09,9.71E+01,9.57E-02,9.71E-03,0.00E+00,0.00E+00,0.00E+00,1.49E+01,2.10E+00,3.56E+01,5.98E+03,2.38E+06,2.42E+07,8.49E+05,8.61E+06,1.02E+00,2.11E+01,6.50E-01,1.00E+02,9.68E+06,9.82E+07,1.09E+00,8.59E+00,0.00E+00,0.00E+00,1.12E+01,4.65E+01,0.00E+00,1.15E+01,1.10E+01,0.00E+00,1.05E+07,1.07E+08,2.42E+06,2.45E+07,2.24E+01,1.45E-04,6.30E+01,0.00E+00,9.57E-02,0.00E+00,9.71E-03,0.00E+00,0.00E+00,0.00E+00,0.00E+00
816764290000,9.86E-02,1.01E+01,6.50E+08,3.09E+01,1.96E+09,3.22E+09,1.26E+09,1.94E+01,1.91E-02,1.94E-03,7.73E+01,7.62E-02,7.73E-03,1.89E+01,2.06E+00,3.66E+01,5.68E+03,3.02E+06,3.07E+07,1.11E+06,1.12E+07,1.02E+00,2.44E+01,5.48E-01,1.00E+02,8.38E+06,8.50E+07,1.01E+00,6.17E+00,0.00E+00,0.00E+00,1.16E+01,4.67E+01,0.00E+00,9.62E+00,1.40E+01,0.00E+00,8.50E+06,8.62E+07,3.07E+06,3.12E+07,2.36E+01,6.02E-06,5.38E+01,0.00E+00,1.91E-02,0.00E+00,1.94E-03,0.00E+00,7.62E-02,0.00E+00,7.73E-03
816764300000,9.86E-02,1.01E+01,6.50E+08,2.82E+01,1.73E+09,2.93E+09,1.20E+09,1.88E+01,1.85E-02,1.88E-03,8.73E+01,8.61E-02,8.73E-03,1.53E+01,2.06E+00,3.66E+01,4.74E+03,2.46E+06,2.49E+07,8.99E+05,9.11E+06,1.02E+00,1.19E+01,4.95E-01,1.00E+02,8.85E+06,8.97E+07,1.01E+00,6.07E+00,0.00E+00,0.00E+00,2.28E+01,4.67E+01,0.00E+00,1.99E+01,1.14E+01,0.00E+00,8.94E+06,9.07E+07,2.50E+06,2.53E+07,3.12E+01,5.51E-01,5.34E+01,0.00E+00,1.85E-02,0.00E+00,1.88E-03,0.00E+00,8.61E-02,0.00E+00,8.73E-03
816764310000,1.01E-01,9.93E+00,6.50E+08,1.82E+01,7.54E+08,1.89E+09,1.13E+09,7.31E+01,7.36E-02,7.31E-03,3.83E+01,3.86E-02,3.83E-03,2.31E-01,2.49E+01,2.75E+01,6.32E+01,3.79E+04,3.76E+05,1.04E+04,1.03E+05,1.05E+00,0.00E+00,2.84E-01,1.00E+02,1.19E+07,1.18E+08,1.00E+00,5.99E+00,0.00E+00,0.00E+00,6.06E+01,4.50E+01,0.00E+00,6.88E+01,1.71E-01,0.00E+00,1.19E+07,1.18E+08,3.99E+04,3.96E+05,6.89E+01,1.53E+00,5.18E+01,0.00E+00,7.36E-02,0.00E+00,7.31E-03,0.00E+00,3.86E-02,0.00E+00,3.83E-03
816764320000,1.02E-01,9.83E+00,6.50E+08,2.61E+01,1.54E+09,2.72E+09,1.17E+09,9.46E+01,9.62E-02,9.46E-03,0.00E+00,0.00E+00,0.00E+00,1.06E+01,1.97E+00,4.97E+01,2.37E+04,1.75E+06,1.71E+07,8.67E+05,8.52E+06,1.01E+00,0.00E+00,2.46E-01,1.00E+02,1.04E+07,1.02E+08,1.00E+00,5.20E+00,0.00E+00,0.00E+00,6.06E+01,4.40E+01,0.00E+00,5.96E+01,7.32E+00,0.00E+00,1.04E+07,1.02E+08,1.76E+06,1.73E+07,6.70E+01,3.95E+00,6.57E+01,0.00E+00,9.62E-02,0.00E+00,9.46E-03,0.00E+00,0.00E+00,0.00E+00,0.00E+00
816764330000,1.02E-01,9.83E+00,6.50E+08,2.55E+01,1.53E+09,2.65E+09,1.13E+09,9.56E+01,9.73E-02,9.56E-03,0.00E+00,0.00E+00,0.00E+00,1.17E+01,1.97E+00,4.68E+01,3.45E+04,1.93E+06,1.90E+07,9.04E+05,8.89E+06,1.01E+00,0.00E+00,2.33E-01,1.00E+02,9.88E+06,9.71E+07,1.00E+00,4.98E+00,0.00E+00,0.00E+00,6.06E+01,4.40E+01,0.00E+00,5.65E+01,8.10E+00,0.00E+00,9.88E+06,9.71E+07,1.95E+06,1.91E+07,6.46E+01,5.19E+00,6.81E+01,0.00E+00,9.73E-02,0.00E+00,9.56E-03,0.00E+00,0.00E+00,0.00E+00,0.00E+00
816764340000,1.02E-01,9.83E+00,6.50E+08,2.52E+01,1.61E+09,2.62E+09,1.01E+09,9.43E+01,9.59E-02,9.43E-03,0.00E+00,0.00E+00,0.00E+00,1.15E+01,2.13E+00,3.08E+01,3.28E+04,1.90E+06,1.87E+07,5.84E+05,5.74E+06,1.01E+00,0.00E+00,2.32E-01,1.00E+02,9.84E+06,9.67E+07,1.00E+00,4.96E+00,0.00E+00,0.00E+00,6.06E+01,4.40E+01,0.00E+00,5.63E+01,7.96E+00,0.00E+00,9.84E+06,9.67E+07,1.91E+06,1.88E+07,6.43E+01,5.54E+00,6.78E+01,0.00E+00,9.59E-02,0.00E+00,9.43E-03,0.00E+00,0.00E+00,0.00E+00,0.00E+00
816764350000,1.02E-01,9.83E+00,6.50E+08,2.49E+01,1.63E+09,2.59E+09,9.66E+08,9.49E+01,9.65E-02,9.49E-03,0.00E+00,0.00E+00,0.00E+00,1.18E+01,2.57E+00,1.67E+01,3.26E+04,1.95E+06,1.92E+07,3.25E+05,3.20E+06,1.01E+00,0.00E+00,2.44E-01,1.00E+02,1.03E+07,1.01E+08,1.00E+00,5.12E+00,0.00E+00,0.00E+00,6.06E+01,4.40E+01,0.00E+00,5.90E+01,8.17E+00,0.00E+00,1.03E+07,1.01E+08,1.96E+06,1.93E+07,6.72E+01,3.94E+00,6.62E+01,0.00E+00,9.65E-02,0.00E+00,9.49E-03,0.00E+00,0.00E+00,0.00E+00,0.00E+00
816764360000,1.02E-01,9.83E+00,6.50E+08,2.37E+01,1.30E+09,2.46E+09,1.16E+09,9.67E+01,9.84E-02,9.67E-03,0.00E+00,0.00E+00,0.00E+00,2.10E+00,3.75E+00,1.21E+01,6.30E+04,3.47E+05,3.41E+06,4.21E+04,4.14E+05,9.99E-01,0.00E+00,5.63E-01,1.00E+02,1.27E+07,1.25E+08,1.10E+00,9.90E+00,0.00E+00,0.00E+00,3.48E+01,4.39E+01,0.00E+00,4.60E+01,1.44E+00,0.00E+00,1.40E+07,1.37E+08,3.47E+05,3.41E+06,4.74E+01,1.17E+00,6.83E+01,0.00E+00,9.84E-02,0.00E+00,9.67E-03,0.00E+00,0.00E+00,0.00E+00,0.00E+00
816764370000,1.02E-01,9.83E+00,6.50E+08,3.17E+01,1.89E+09,3.30E+09,1.40E+09,1.00E+02,1.02E-01,1.00E-02,0.00E+00,0.00E+00,0.00E+00,0.00E+00,,,,0.00E+00,0.00E+00,0.00E+00,0.00E+00,,1.57E+01,9.68E-01,1.00E+02,1.42E+07,1.40E+08,1.21E+00,1.57E+01,0.00E+00,0.00E+00,1.06E+01,,0.00E+00,1.72E+01,0.00E+00,0.00E+00,1.73E+07,1.70E+08,0.00E+00,0.00E+00,1.72E+01,4.11E-04,8.61E+01,0.00E+00,1.02E-01,0.00E+00,1.00E-02,0.00E+00,0.00E+00,0.00E+00,0.00E+00
816764380000,1.02E-01,9.83E+00,6.50E+08,3.08E+01,1.94E+09,3.20E+09,1.27E+09,9.70E+01,9.87E-02,9.70E-03,0.00E+00,0.00E+00,0.00E+00,1.61E+01,2.06E+00,3.66E+01,5.68E+03,2.67E+06,2.62E+07,9.75E+05,9.59E+06,1.02E+00,2.25E+01,6.01E-01,1.00E+02,9.34E+06,9.18E+07,1.06E+00,7.35E+00,0.00E+00,0.00E+00,1.14E+01,4.67E+01,0.00E+00,1.06E+01,1.20E+01,0.00E+00,9.86E+06,9.69E+07,2.71E+06,2.66E+07,2.25E+01,6.97E-04,5.94E+01,0.00E+00,9.87E-02,0.00E+00,9.70E-03,0.00E+00,0.00E+00,0.00E+00,0.00E+00
816764390000,1.02E-01,9.83E+00,6.50E+08,3.06E+01,1.94E+09,3.19E+09,1.24E+09,6.17E+00,6.28E-03,6.17E-04,9.07E+01,9.23E-02,9.07E-03,1.87E+01,2.06E+00,3.66E+01,5.68E+03,3.09E+06,3.04E+07,1.13E+06,1.11E+07,1.02E+00,2.44E+01,5.42E-01,1.00E+02,8.56E+06,8.42E+07,1.01E+00,6.01E+00,0.00E+00,0.00E+00,1.16E+01,4.67E+01,0.00E+00,9.53E+00,1.39E+01,0.00E+00,8.68E+06,8.53E+07,3.14E+06,3.09E+07,2.34E+01,7.43E-04,5.52E+01,0.00E+00,6.28E-03,0.00E+00,6.17E-04,0.00E+00,9.23E-02,0.00E+00,9.07E-03
816764400000,1.02E-01,9.83E+00,6.50E+08,2.70E+01,1.61E+09,2.81E+09,1.19E+09,5.97E+00,6.08E-03,5.97E-04,8.34E+01,8.49E-02,8.34E-03,1.34E+01,2.06E+00,3.66E+01,4.03E+03,2.22E+06,2.18E+07,8.10E+05,7.96E+06,1.02E+00,3.22E+00,4.68E-01,1.00E+02,9.51E+06,9.34E+07,1.01E+00,5.98E+00,0.00E+00,0.00E+00,2.88E+01,4.67E+01,0.00E+00,2.61E+01,9.93E+00,0.00E+00,9.60E+06,9.43E+07,2.25E+06,2.21E+07,3.61E+01,3.82E-01,5.38E+01,0.00E+00,6.08E-03,0.00E+00,5.97E-04,0.00E+00,8.49E-02,0.00E+00,8.34E-03
816764410000,1.08E-01,9.27E+00,6.50E+08,1.74E+01,7.00E+08,1.81E+09,1.11E+09,9.60E+01,1.04E-01,9.60E-03,3.07E+01,3.31E-02,3.07E-03,4.24E-03,3.24E+02,1.00E+02,1.42E+00,7.43E+02,6.88E+03,7.43E+02,6.88E+03,2.00E+00,0.00E+00,2.87E-01,1.00E+02,1.29E+07,1.19E+08,1.00E+00,6.01E+00,0.00E+00,0.00E+00,6.06E+01,5.99E+01,0.00E+00,6.94E+01,7.93E-03,0.00E+00,1.29E+07,1.19E+08,1.49E+03,1.38E+04,6.94E+01,1.27E+00,5.10E+01,0.00E+00,1.04E-01,0.00E+00,9.60E-03,0.00E+00,3.31E-02,0.00E+00,3.07E-03
816764420000,1.15E-01,8.72E+00,6.50E+08,2.42E+01,1.40E+09,2.51E+09,1.11E+09,9.47E+01,1.09E-01,9.47E-03,7.62E+01,8.74E-02,7.62E-03,9.05E+00,1.96E+00,4.85E+01,1.38E+04,1.69E+06,1.47E+07,8.17E+05,7.13E+06,1.01E+00,0.00E+00,2.42E-01,1.00E+02,1.15E+07,1.00E+08,1.00E+00,5.09E+00,0.00E+00,0.00E+00,6.06E+01,4.40E+01,0.00E+00,5.85E+01,6.29E+00,0.00E+00,1.15E+07,1.00E+08,1.70E+06,1.48E+07,6.48E+01,4.72E+00,6.51E+01,0.00E+00,1.09E-01,0.00E+00,9.47E-03,0.00E+00,8.74E-02,0.00E+00,7.62E-03
816764430000,1.15E-01,8.72E+00,6.50E+08,2.49E+01,1.42E+09,2.59E+09,1.18E+09,9.32E+01,1.07E-01,9.32E-03,1.00E+02,1.15E-01,1.00E-02,1.05E+01,1.97E+00,6.38E+01,3.08E+04,1.96E+06,1.71E+07,1.25E+06,1.09E+07,1.01E+00,0.00E+00,2.23E-01,1.00E+02,1.07E+07,9.29E+07,1.00E+00,4.80E+00,0.00E+00,0.00E+00,6.06E+01,4.40E+01,0.00E+00,5.41E+01,7.29E+00,0.00E+00,1.07E+07,9.29E+07,1.97E+06,1.72E+07,6.14E+01,6.63E+00,6.84E+01,0.00E+00,1.07E-01,0.00E+00,9.32E-03,0.00E+00,1.15E-01,0.00E+00,1.00E-02
816764440000,1.15E-01,8.72E+00,6.50E+08,2.32E+01,1.48E+09,2.41E+09,9.29E+08,9.50E+01,1.09E-01,9.50E-03,1.00E+02,1.15E-01,1.00E-02,1.13E+01,2.21E+00,2.38E+01,3.49E+04,2.11E+06,1.84E+07,5.01E+05,4.37E+06,1.01E+00,0.00E+00,2.23E-01,1.00E+02,1.06E+07,9.28E+07,1.00E+00,4.74E+00,0.00E+00,0.00E+00,6.06E+01,4.40E+01,0.00E+00,5.40E+01,7.83E+00,0.00E+00,1.06E+07,9.28E+07,2.12E+06,1.85E+07,6.19E+01,6.58E+00,6.90E+01,0.00E+00,1.09E-01,0.00E+00,9.50E-03,0.00E+00,1.15E-01,0.00E+00,1.00E-02
816764450000,1.15E-01,8.72E+00,6.50E+08,2.50E+01,1.67E+09,2.60E+09,9.28E+08,9.48E+01,1.09E-01,9.48E-03,1.00E+02,1.15E-01,1.00E-02,1.19E+01,2.28E+00,1.58E+01,3.47E+04,2.22E+06,1.94E+07,3.51E+05,3.06E+06,1.01E+00,0.00E+00,2.39E-01,1.00E+02,1.14E+07,9.94E+07,1.00E+00,5.03E+00,0.00E+00,0.00E+00,6.06E+01,4.40E+01,0.00E+00,5.79E+01,8.26E+00,0.00E+00,1.14E+07,9.94E+07,2.24E+06,1.95E+07,6.61E+01,4.59E+00,6.70E+01,0.00E+00,1.09E-01,0.00E+00,9.48E-03,0.00E+00,1.15E-01,0.00E+00,1.00E-02
816764460000,1.15E-01,8.72E+00,6.50E+08,2.42E+01,1.42E+09,2.52E+09,1.10E+09,9.59E+01,1.10E-01,9.59E-03,4.75E+01,5.45E-02,4.75E-03,5.04E+00,3.12E+00,1.57E+01,4.19E+04,9.39E+05,8.19E+06,1.47E+05,1.29E+06,1.00E+00,0.00E+00,4.89E-01,1.00E+02,1.30E+07,1.13E+08,1.09E+00,8.95E+00,0.00E+00,0.00E+00,3.69E+01,4.40E+01,0.00E+00,4.38E+01,3.48E+00,0.00E+00,1.41E+07,1.23E+08,9.43E+05,8.22E+06,4.72E+01,2.97E+00,7.12E+01,0.00E+00,1.10E-01,0.00E+00,9.59E-03,0.00E+00,5.45E-02,0.00E+00,4.75E-03
816764470000,1.15E-01,8.72E+00,6.50E+08,3.02E+01,1.81E+09,3.14E+09,1.33E+09,1.00E+02,1.15E-01,1.00E-02,0.00E+00,0.00E+00,0.00E+00,0.00E+00,,,,0.00E+00,0.00E+00,0.00E+00,0.00E+00,,1.57E+01,9.19E-01,1.00E+02,1.52E+07,1.33E+08,1.21E+00,1.55E+01,0.00E+00,0.00E+00,1.06E+01,,0.00E+00,1.64E+01,0.00E+00,0.00E+00,1.85E+07,1.61E+08,0.00E+00,0.00E+00,1.64E+01,4.70E-04,8.58E+01,0.00E+00,1.15E-01,0.00E+00,1.00E-02,0.00E+00,0.00E+00,0.00E+00,0.00E+00
816764480000,1.15E-01,8.72E+00,6.50E+08,3.09E+01,1.93E+09,3.22E+09,1.29E+09,9.69E+01,1.11E-01,9.69E-03,0.00E+00,0.00E+00,0.00E+00,1.39E+01,2.05E+00,3.64E+01,5.68E+03,2.59E+06,2.26E+07,9.43E+05,8.22E+06,1.02E+00,2.07E+01,6.52E-01,1.00E+02,1.13E+07,9.88E+07,1.09E+00,8.87E+00,0.00E+00,0.00E+00,1.11E+01,4.67E+01,0.00E+00,1.15E+01,1.03E+01,0.00E+00,1.23E+07,1.07E+08,2.63E+06,2.29E+07,2.18E+01,1.97E-04,6.26E+01,0.00E+00,1.11E-01,0.00E+00,9.69E-03,0.00E+00,0.00E+00,0.00E+00,0.00E+00
816764490000,1.15E-01,8.72E+00,6.50E+08,3.12E+01,1.98E+09,3.24E+09,1.27E+09,2.06E+01,2.37E-02,2.06E-03,7.63E+01,8.75E-02,7.63E-03,1.91E+01,2.05E+00,3.64E+01,5.68E+03,3.56E+06,3.11E+07,1.30E+06,1.13E+07,1.02E+00,2.39E+01,5.51E-01,1.00E+02,9.87E+06,8.60E+07,1.01E+00,6.36E+00,0.00E+00,0.00E+00,1.16E+01,4.67E+01,0.00E+00,9.70E+00,1.42E+01,0.00E+00,1.00E+07,8.73E+07,3.62E+06,3.16E+07,2.39E+01,9.45E-05,5.38E+01,0.00E+00,2.37E-02,0.00E+00,2.06E-03,0.00E+00,8.75E-02,0.00E+00,7.63E-03
816764500000,1.15E-01,8.72E+00,6.50E+08,2.84E+01,1.73E+09,2.96E+09,1.22E+09,2.03E+01,2.33E-02,2.03E-03,8.72E+01,1.00E-01,8.72E-03,1.52E+01,2.05E+00,3.64E+01,4.47E+03,2.84E+06,2.48E+07,1.03E+06,9.01E+06,1.02E+00,9.65E+00,4.96E-01,1.00E+02,1.06E+07,9.22E+07,1.01E+00,6.26E+00,0.00E+00,0.00E+00,2.40E+01,4.67E+01,0.00E+00,2.15E+01,1.13E+01,0.00E+00,1.07E+07,9.33E+07,2.89E+06,2.52E+07,3.28E+01,2.51E-01,5.30E+01,0.00E+00,2.33E-02,0.00E+00,2.03E-03,0.00E+00,1.00E-01,0.00E+00,8.72E-03
816764510000,1.15E-01,8.72E+00,6.50E+08,1.53E+01,6.13E+08,1.59E+09,9.81E+08,9.47E+01,1.09E-01,9.47E-03,1.12E+01,1.29E-02,1.12E-03,6.92E-04,1.00E+00,1.00E+02,1.00E+00,1.29E+02,1.13E+03,1.29E+02,1.13E+03,2.00E+00,0.00E+00,2.83E-01,1.00E+02,1.35E+07,1.18E+08,1.00E+00,5.91E+00,0.00E+00,0.00E+00,6.06E+01,4.80E+01,0.00E+00,6.86E+01,1.04E-03,0.00E+00,1.35E+07,1.18E+08,2.58E+02,2.25E+03,6.86E+01,1.70E+00,5.14E+01,0.00E+00,1.09E-01,0.00E+00,9.47E-03,0.00E+00,1.29E-02,0.00E+00,1.12E-03
816764520000,1.13E-01,8.81E+00,6.50E+08,1.44E+01,5.58E+08,1.49E+09,9.37E+08,9.54E+01,1.08E-01,9.54E-03,1.23E+00,1.39E-03,1.23E-04,2.94E-04,3.63E+02,1.00E+02,1.50E+00,5.43E+01,4.78E+02,5.43E+01,4.78E+02,2.00E+00,0.00E+00,2.77E-01,1.00E+02,1.31E+07,1.15E+08,1.00E+00,5.80E+00,0.00E+00,0.00E+00,6.06E+01,6.13E+01,0.00E+00,6.72E+01,5.64E-04,0.00E+00,1.31E+07,1.15E+08,1.09E+02,9.57E+02,6.72E+01,2.28E+00,5.20E+01,0.00E+00,1.08E-01,0.00E+00,9.54E-03,0.00E+00,1.39E-03,0.00E+00,1.23E-04
816764530000,8.79E-02,1.14E+01,6.50E+08,1.69E+01,6.80E+08,1.76E+09,1.08E+09,9.44E+01,8.30E-02,9.44E-03,2.36E+01,2.07E-02,2.36E-03,3.80E-03,3.63E+02,1.00E+02,1.50E+00,5.43E+02,6.18E+03,5.43E+02,6.18E+03,2.00E+00,0.00E+00,2.77E-01,1.00E+02,1.06E+07,1.21E+08,1.00E+00,5.85E+00,0.00E+00,0.00E+00,5.80E+01,6.13E+01,0.00E+00,6.74E+01,7.29E-03,0.00E+00,1.06E+07,1.21E+08,1.09E+03,1.24E+04,6.74E+01,2.12E+00,5.20E+01,0.00E+00,8.30E-02,0.00E+00,9.44E-03,0.00E+00,2.07E-02,0.00E+00,2.36E-03
816764540000,8.79E-02,1.14E+01,6.50E+08,1.79E+01,7.68E+08,1.86E+09,1.09E+09,9.53E+01,8.37E-02,9.53E-03,6.18E+01,5.43E-02,6.18E-03,6.83E+00,2.80E+00,6.51E+00,2.48E+03,9.76E+05,1.11E+07,6.35E+04,7.22E+05,1.47E+00,0.00E+00,2.75E-01,1.00E+02,1.20E+07,1.37E+08,1.00E+00,5.76E+00,0.00E+00,0.00E+00,5.13E+01,2.59E+01,0.00E+00,6.76E+01,4.07E+00,0.00E+00,1.20E+07,1.37E+08,1.44E+06,1.64E+07,7.16E+01,1.01E+00,5.10E+01,0.00E+00,8.37E-02,0.00E+00,9.53E-03,0.00E+00,5.43E-02,0.00E+00,6.18E-03
816764550000,8.79E-02,1.14E+01,6.50E+08,1.81E+01,8.42E+08,1.88E+09,1.04E+09,9.49E+01,8.34E-02,9.49E-03,9.52E+01,8.37E-02,9.52E-03,1.03E+01,3.69E+00,2.20E+00,1.94E+03,1.47E+06,1.68E+07,3.24E+04,3.69E+05,1.37E+00,0.00E+00,2.66E-01,1.00E+02,1.16E+07,1.33E+08,1.00E+00,5.55E+00,0.00E+00,0.00E+00,5.12E+01,2.90E+01,0.00E+00,6.53E+01,6.39E+00,0.00E+00,1.16E+07,1.33E+08,2.02E+06,2.29E+07,7.17E+01,7.39E-01,5.04E+01,0.00E+00,8.34E-02,0.00E+00,9.49E-03,0.00E+00,8.37E-02,0.00E+00,9.52E-03
816764560000,8.79E-02,1.14E+01,6.50E+08,4.41E+01,3.03E+09,4.58E+09,1.55E+09,9.87E+01,8.68E-02,9.87E-03,9.29E+01,8.16E-02,9.29E-03,2.31E+01,2.05E+00,3.21E+01,9.76E+03,3.30E+06,3.75E+07,1.06E+06,1.20E+07,1.08E+00,8.80E+00,6.71E-01,1.00E+02,9.41E+06,1.07E+08,1.19E+00,1.78E+01,0.00E+00,0.00E+00,1.24E+01,4.04E+01,0.00E+00,1.51E+01,1.57E+01,0.00E+00,1.12E+07,1.27E+08,3.56E+06,4.05E+07,3.08E+01,8.77E-02,9.18E+01,0.00E+00,8.68E-02,0.00E+00,9.87E-03,0.00E+00,8.16E-02,0.00E+00,9.29E-03
816764570000,8.79E-02,1.14E+01,6.50E+08,4.56E+01,3.17E+09,4.74E+09,1.58E+09,1.00E+02,8.79E-02,1.00E-02,1.00E+02,8.79E-02,1.00E-02,2.39E+01,2.04E+00,3.31E+01,1.25E+04,3.41E+06,3.88E+07,1.13E+06,1.28E+07,1.07E+00,1.54E+01,7.01E-01,1.00E+02,8.95E+06,1.02E+08,1.21E+00,1.87E+01,0.00E+00,0.00E+00,1.04E+01,4.06E+01,0.00E+00,1.24E+01,1.63E+01,0.00E+00,1.08E+07,1.23E+08,3.66E+06,4.17E+07,2.87E+01,3.97E-02,9.44E+01,0.00E+00,8.79E-02,0.00E+00,1.00E-02,0.00E+00,8.79E-02,0.00E+00,1.00E-02
816764580000,8.79E-02,1.14E+01,6.50E+08,2.67E+01,1.68E+09,2.78E+09,1.10E+09,9.19E+01,8.08E-02,9.19E-03,7.06E+01,6.20E-02,7.06E-03,1.29E+01,2.19E+00,2.35E+01,1.87E+04,1.84E+06,2.09E+07,4.33E+05,4.92E+06,1.03E+00,0.00E+00,3.37E-01,1.00E+02,8.82E+06,1.00E+08,1.04E+00,7.81E+00,0.00E+00,0.00E+00,4.82E+01,4.30E+01,0.00E+00,4.84E+01,8.92E+00,0.00E+00,9.19E+06,1.05E+08,1.90E+06,2.16E+07,5.73E+01,4.09E+00,7.10E+01,0.00E+00,8.08E-02,0.00E+00,9.19E-03,0.00E+00,6.20E-02,0.00E+00,7.06E-03
816764590000,8.79E-02,1.14E+01,6.50E+08,4.70E+01,2.92E+09,4.89E+09,1.96E+09,1.00E+02,8.79E-02,1.00E-02,0.00E+00,0.00E+00,0.00E+00,2.60E+01,2.00E+00,3.89E+01,3.35E+04,3.71E+06,4.22E+07,1.44E+06,1.64E+07,1.01E+00,2.34E+01,9.18E-01,1.00E+02,1.26E+07,1.44E+08,1.02E+00,1.42E+01,0.00E+00,0.00E+00,1.15E+01,4.50E+01,0.00E+00,1.62E+01,1.84E+01,0.00E+00,1.29E+07,1.46E+08,3.73E+06,4.25E+07,3.46E+01,2.04E-04,8.83E+01,0.00E+00,8.79E-02,0.00E+00,1.00E-02,0.00E+00,0.00E+00,0.00E+00,0.00E+00
816764600000,8.79E-02,1.14E+01,6.50E+08,3.74E+01,2.32E+09,3.89E+09,1.57E+09,7.41E+01,6.51E-02,7.41E-03,4.47E+01,3.93E-02,4.47E-03,1.75E+01,2.15E+00,3.38E+01,2.10E+04,2.49E+06,2.84E+07,8.44E+05,9.60E+06,1.01E+00,1.97E+01,9.91E-01,1.00E+02,1.05E+07,1.20E+08,1.38E+00,3.27E+01,0.00E+00,0.00E+00,2.78E+01,4.50E+01,0.00E+00,4.42E+01,1.24E+01,0.00E+00,1.45E+07,1.65E+08,2.52E+06,2.86E+07,5.66E+01,3.23E-03,8.28E+01,0.00E+00,6.51E-02,0.00E+00,7.41E-03,0.00E+00,3.93E-02,0.00E+00,4.47E-03
816764610000,9.41E-02,1.06E+01,6.50E+08,1.63E+01,6.59E+08,1.69E+09,1.03E+09,8.88E+01,8.35E-02,8.88E-03,5.97E+01,5.62E-02,5.97E-03,2.05E+00,5.78E+00,9.37E+00,2.14E+02,3.13E+05,3.33E+06,2.94E+04,3.12E+05,1.22E+00,0.00E+00,3.90E-01,1.00E+02,9.89E+06,1.05E+08,1.19E+00,2.31E+01,0.00E+00,0.00E+00,5.42E+01,8.08E+01,0.00E+00,6.52E+01,3.15E+00,0.00E+00,1.18E+07,1.25E+08,3.82E+05,4.06E+06,6.84E+01,1.08E+00,5.13E+01,0.00E+00,8.35E-02,0.00E+00,8.88E-03,0.00E+00,5.62E-02,0.00E+00,5.97E-03
816764620000,1.20E-01,8.33E+00,6.50E+08,2.06E+01,1.03E+09,2.15E+09,1.11E+09,9.47E+01,1.14E-01,9.47E-03,1.58E+01,1.89E-02,1.58E-03,3.33E+00,2.47E+00,4.68E+01,1.50E+03,6.50E+05,5.41E+06,3.04E+05,2.53E+06,1.02E+00,0.00E+00,2.72E-01,1.00E+02,1.36E+07,1.13E+08,1.00E+00,5.69E+00,0.00E+00,0.00E+00,6.06E+01,4.42E+01,0.00E+00,6.58E+01,2.34E+00,0.00E+00,1.36E+07,1.13E+08,6.60E+05,5.49E+06,6.81E+01,2.47E+00,5.55E+01,0.00E+00,1.14E-01,0.00E+00,9.47E-03,0.00E+00,1.89E-02,0.00E+00,1.58E-03
816764630000,1.20E-01,8.33E+00,6.50E+08,2.80E+01,1.53E+09,2.91E+09,1.39E+09,9.50E+01,1.14E-01,9.50E-03,0.00E+00,0.00E+00,0.00E+00,1.11E+01,2.00E+00,8.12E+01,3.15E+04,2.16E+06,1.80E+07,1.75E+06,1.46E+07,1.01E+00,0.00E+00,2.37E-01,1.00E+02,1.18E+07,9.86E+07,1.00E+00,5.09E+00,0.00E+00,0.00E+00,6.06E+01,4.40E+01,0.00E+00,5.74E+01,7.65E+00,0.00E+00,1.18E+07,9.86E+07,2.17E+06,1.81E+07,6.50E+01,4.39E+00,6.68E+01,0.00E+00,1.14E-01,0.00E+00,9.50E-03,0.00E+00,0.00E+00,0.00E+00,0.00E+00
816764640000,1.20E-01,8.33E+00,6.50E+08,2.28E+01,1.46E+09,2.37E+09,9.03E+08,9.42E+01,1.13E-01,9.42E-03,0.00E+00,0.00E+00,0.00E+00,1.13E+01,2.10E+00,2.02E+01,3.52E+04,2.21E+06,1.84E+07,4.46E+05,3.71E+06,1.01E+00,0.00E+00,2.28E-01,1.00E+02,1.14E+07,9.47E+07,1.00E+00,4.82E+00,0.00E+00,0.00E+00,6.06E+01,4.40E+01,0.00E+00,5.51E+01,7.85E+00,0.00E+00,1.14E+07,9.47E+07,2.23E+06,1.85E+07,6.30E+01,6.07E+00,6.82E+01,0.00E+00,1.13E-01,0.00E+00,9.42E-03,0.00E+00,0.00E+00,0.00E+00,0.00E+00
816764650000,1.20E-01,8.33E+00,6.50E+08,2.35E+01,1.54E+09,2.44E+09,9.01E+08,9.38E+01,1.13E-01,9.38E-03,0.00E+00,0.00E+00,0.00E+00,1.08E+01,2.24E+00,2.27E+01,3.52E+04,2.11E+06,1.75E+07,4.78E+05,3.98E+06,1.01E+00,0.00E+00,2.20E-01,1.00E+02,1.10E+07,9.15E+07,1.00E+00,4.65E+00,0.00E+00,0.00E+00,6.06E+01,4.40E+01,0.00E+00,5.33E+01,7.48E+00,0.00E+00,1.10E+07,9.15E+07,2.12E+06,1.77E+07,6.08E+01,7.65E+00,6.94E+01,0.00E+00,1.13E-01,0.00E+00,9.38E-03,0.00E+00,0.00E+00,0.00E+00,0.00E+00
816764660000,1.20E-01,8.33E+00,6.50E+08,2.66E+01,1.65E+09,2.76E+09,1.11E+09,9.72E+01,1.17E-01,9.72E-03,0.00E+00,0.00E+00,0.00E+00,7.06E+00,3.04E+00,1.28E+01,3.58E+04,1.38E+06,1.15E+07,1.76E+05,1.47E+06,1.01E+00,0.00E+00,5.39E-01,1.00E+02,1.35E+07,1.12E+08,1.11E+00,9.62E+00,0.00E+00,0.00E+00,3.10E+01,4.40E+01,0.00E+00,3.71E+01,4.89E+00,0.00E+00,1.50E+07,1.25E+08,1.39E+06,1.15E+07,4.20E+01,3.51E+00,7.68E+01,0.00E+00,1.17E-01,0.00E+00,9.72E-03,0.00E+00,0.00E+00,0.00E+00,0.00E+00
816764670000,1.20E-01,8.33E+00,6.50E+08,3.10E+01,1.86E+09,3.22E+09,1.37E+09,1.00E+02,1.20E-01,1.00E-02,0.00E+00,0.00E+00,0.00E+00,1.89E+00,4.91E+00,5.33E+00,4.96E+04,3.68E+05,3.07E+06,1.96E+04,1.63E+05,1.00E+00,1.52E+01,9.16E-01,1.00E+02,1.61E+07,1.34E+08,1.20E+00,1.55E+01,0.00E+00,0.00E+00,1.02E+01,4.38E+01,0.00E+00,1.58E+01,1.29E+00,0.00E+00,1.94E+07,1.62E+08,3.69E+05,3.07E+06,1.71E+01,6.80E-04,8.70E+01,0.00E+00,1.20E-01,0.00E+00,1.00E-02,0.00E+00,0.00E+00,0.00E+00,0.00E+00
816764680000,1.20E-01,8.33E+00,6.50E+08,2.63E+01,1.55E+09,2.73E+09,1.19E+09,9.57E+01,1.15E-01,9.57E-03,0.00E+00,0.00E+00,0.00E+00,1.12E+01,2.08E+00,3.67E+01,5.24E+03,2.19E+06,1.82E+07,8.03E+05,6.69E+06,1.02E+00,6.88E+00,5.42E-01,1.00E+02,1.20E+07,9.95E+07,1.05E+00,7.51E+00,0.00E+00,0.00E+00,2.34E+01,4.68E+01,0.00E+00,2.36E+01,8.34E+00,0.00E+00,1.26E+07,1.05E+08,2.22E+06,1.85E+07,3.20E+01,3.12E-01,5.75E+01,0.00E+00,1.15E-01,0.00E+00,9.57E-03,0.00E+00,0.00E+00,0.00E+00,0.00E+00
816764690000,1.20E-01,8.33E+00,6.50E+08,2.93E+01,1.82E+09,3.05E+09,1.23E+09,3.60E+01,4.33E-02,3.60E-03,6.08E+01,7.30E-02,6.08E-03,1.78E+01,2.07E+00,3.76E+01,5.11E+03,3.48E+06,2.89E+07,1.31E+06,1.09E+07,1.02E+00,2.36E+01,5.36E-01,1.00E+02,1.01E+07,8.37E+07,1.02E+00,5.95E+00,0.00E+00,0.00E+00,1.14E+01,4.69E+01,0.00E+00,9.37E+00,1.33E+01,0.00E+00,1.02E+07,8.52E+07,3.54E+06,2.95E+07,2.27E+01,0.00E+00,5.22E+01,0.00E+00,4.33E-02,0.00E+00,3.60E-03,0.00E+00,7.30E-02,0.00E+00,6.08E-03
816764700000,1.20E-01,8.33E+00,6.50E+08,2.91E+01,1.80E+09,3.03E+09,1.22E+09,1.78E+00,2.14E-03,1.78E-04,9.66E+01,1.16E-01,9.66E-03,1.75E+01,2.07E+00,3.76E+01,5.02E+03,3.41E+06,2.84E+07,1.28E+06,1.07E+07,1.02E+00,2.24E+01,5.31E-01,1.00E+02,1.01E+07,8.42E+07,1.02E+00,5.95E+00,0.00E+00,0.00E+00,1.26E+01,4.69E+01,0.00E+00,1.04E+01,1.31E+01,0.00E+00,1.03E+07,8.57E+07,3.47E+06,2.89E+07,2.34E+01,2.94E-02,5.21E+01,0.00E+00,2.14E-03,0.00E+00,1.78E-04,0.00E+00,1.16E-01,0.00E+00,9.66E-03
816764710000,1.20E-01,8.33E+00,6.50E+08,1.58E+01,6.48E+08,1.65E+09,9.98E+08,9.58E+01,1.15E-01,9.58E-03,1.89E+01,2.27E-02,1.89E-03,1.23E-03,1.00E+00,1.00E+02,1.00E+00,2.40E+02,2.00E+03,2.40E+02,2.00E+03,2.00E+00,0.00E+00,2.83E-01,1.00E+02,1.42E+07,1.18E+08,1.00E+00,5.94E+00,0.00E+00,0.00E+00,6.06E+01,4.80E+01,0.00E+00,6.86E+01,1.85E-03,0.00E+00,1.42E+07,1.18E+08,4.80E+02,4.00E+03,6.86E+01,1.38E+00,5.08E+01,0.00E+00,1.15E-01,0.00E+00,9.58E-03,0.00E+00,2.27E-02,0.00E+00,1.89E-03
816764720000,1.20E-01,8.33E+00,6.50E+08,1.46E+01,5.65E+08,1.52E+09,9.56E+08,9.45E+01,1.13E-01,9.45E-03,0.00E+00,0.00E+00,0.00E+00,0.00E+00,,,,0.00E+00,0.00E+00,0.00E+00,0.00E+00,,0.00E+00,2.86E-01,1.00E+02,1.43E+07,1.19E+08,1.00E+00,5.95E+00,0.00E+00,0.00E+00,6.06E+01,,0.00E+00,6.93E+01,0.00E+00,0.00E+00,1.43E+07,1.19E+08,0.00E+00,0.00E+00,6.93E+01,1.23E+00,5.08E+01,0.00E+00,1.13E-01,0.00E+00,9.45E-03,0.00E+00,0.00E+00,0.00E+00,0.00E+00
816764730000,1.13E-01,8.83E+00,6.50E+08,1.45E+01,5.65E+08,1.51E+09,9.47E+08,9.55E+01,1.08E-01,9.55E-03,4.80E+00,5.43E-03,4.80E-04,5.62E-04,3.63E+02,1.00E+02,1.50E+00,1.03E+02,9.13E+02,1.03E+02,9.13E+02,2.00E+00,0.00E+00,2.78E-01,1.00E+02,1.31E+07,1.16E+08,1.00E+00,5.81E+00,0.00E+00,0.00E+00,6.06E+01,6.13E+01,0.00E+00,6.73E+01,1.08E-03,0.00E+00,1.31E+07,1.16E+08,2.07E+02,1.83E+03,6.73E+01,1.87E+00,5.09E+01,0.00E+00,1.08E-01,0.00E+00,9.55E-03,0.00E+00,5.43E-03,0.00E+00,4.80E-04
816764740000,9.57E-02,1.04E+01,6.50E+08,1.62E+01,6.45E+08,1.69E+09,1.04E+09,9.52E+01,9.11E-02,9.52E-03,1.81E+01,1.74E-02,1.81E-03,3.10E-03,3.63E+02,1.00E+02,1.50E+00,4.82E+02,5.03E+03,4.82E+02,5.03E+03,2.00E+00,0.00E+00,2.81E-01,1.00E+02,1.12E+07,1.17E+08,1.00E+00,5.90E+00,0.00E+00,0.00E+00,6.06E+01,6.13E+01,0.00E+00,6.80E+01,5.94E-03,0.00E+00,1.12E+07,1.17E+08,9.63E+02,1.01E+04,6.80E+01,1.73E+00,5.12E+01,0.00E+00,9.11E-02,0.00E+00,9.52E-03,0.00E+00,1.74E-02,0.00E+00,1.81E-03
816764750000,9.57E-02,1.04E+01,6.50E+08,2.08E+01,1.03E+09,2.16E+09,1.14E+09,9.60E+01,9.19E-02,9.60E-03,3.26E+01,3.12E-02,3.26E-03,1.83E+00,3.29E+00,1.03E+01,1.21E+03,2.85E+05,2.98E+06,2.93E+04,3.06E+05,1.38E+00,0.00E+00,4.82E-01,1.00E+02,1.22E+07,1.27E+08,1.07E+00,8.85E+00,0.00E+00,0.00E+00,3.92E+01,2.92E+01,0.00E+00,5.12E+01,1.15E+00,0.00E+00,1.30E+07,1.36E+08,3.93E+05,4.11E+06,5.24E+01,1.25E+00,6.23E+01,0.00E+00,9.19E-02,0.00E+00,9.60E-03,0.00E+00,3.12E-02,0.00E+00,3.26E-03
816764760000,9.57E-02,1.04E+01,6.50E+08,3.34E+01,1.98E+09,3.47E+09,1.49E+09,1.00E+02,9.57E-02,1.00E-02,2.58E+00,2.47E-03,2.58E-04,5.73E+00,2.17E+00,1.03E+01,1.63E+03,8.92E+05,9.32E+06,9.14E+04,9.55E+05,1.38E+00,6.75E+00,9.11E-01,1.00E+02,1.44E+07,1.50E+08,1.17E+00,1.52E+01,0.00E+00,0.00E+00,9.32E+00,2.91E+01,0.00E+00,1.58E+01,3.60E+00,0.00E+00,1.69E+07,1.77E+08,1.23E+06,1.28E+07,1.94E+01,6.21E-03,8.61E+01,0.00E+00,9.57E-02,0.00E+00,1.00E-02,0.00E+00,2.47E-03,0.00E+00,2.58E-04
816764770000,9.57E-02,1.04E+01,6.50E+08,2.98E+01,2.00E+09,3.10E+09,1.11E+09,7.89E+01,7.55E-02,7.89E-03,0.00E+00,0.00E+00,0.00E+00,1.69E+01,2.06E+00,3.37E+01,1.04E+04,2.63E+06,2.74E+07,8.86E+05,9.25E+06,1.05E+00,0.00E+00,3.62E-01,1.00E+02,7.65E+06,7.99E+07,1.10E+00,6.40E+00,0.00E+00,0.00E+00,2.88E+01,4.20E+01,0.00E+00,2.43E+01,1.16E+01,0.00E+00,8.42E+06,8.80E+07,2.75E+06,2.87E+07,3.59E+01,2.17E+00,7.99E+01,0.00E+00,7.55E-02,0.00E+00,7.89E-03,0.00E+00,0.00E+00,0.00E+00,0.00E+00
816764780000,9.57E-02,1.04E+01,6.50E+08,2.85E+01,2.16E+09,2.96E+09,8.01E+08,0.00E+00,0.00E+00,0.00E+00,0.00E+00,0.00E+00,0.00E+00,2.93E+01,2.16E+00,3.28E+01,3.48E+04,4.55E+06,4.76E+07,1.49E+06,1.56E+07,1.01E+00,0.00E+00,4.10E-02,1.00E+02,1.63E+06,1.71E+07,1.00E+00,8.69E-01,0.00E+00,0.00E+00,6.06E+01,4.40E+01,0.00E+00,9.93E+00,2.03E+01,0.00E+00,1.63E+06,1.71E+07,4.59E+06,4.79E+07,3.02E+01,1.12E+00,8.37E+01,0.00E+00,0.00E+00,0.00E+00,0.00E+00,0.00E+00,0.00E+00,0.00E+00,0.00E+00
816764790000,9.57E-02,1.04E+01,6.50E+08,4.05E+01,2.58E+09,4.21E+09,1.62E+09,8.83E+01,8.45E-02,8.83E-03,8.62E+01,8.25E-02,8.62E-03,2.57E+01,2.07E+00,3.68E+01,3.14E+04,3.99E+06,4.17E+07,1.47E+06,1.53E+07,1.01E+00,2.31E+01,6.86E-01,1.00E+02,1.03E+07,1.07E+08,1.02E+00,1.04E+01,0.00E+00,0.00E+00,1.23E+01,4.49E+01,0.00E+00,1.29E+01,1.81E+01,0.00E+00,1.05E+07,1.10E+08,4.02E+06,4.20E+07,3.11E+01,1.35E-01,8.60E+01,0.00E+00,8.45E-02,0.00E+00,8.83E-03,0.00E+00,8.25E-02,0.00E+00,8.62E-03
816764800000,9.57E-02,1.04E+01,6.50E+08,4.08E+01,2.57E+09,4.25E+09,1.67E+09,5.76E+01,5.52E-02,5.76E-03,9.70E+01,9.29E-02,9.70E-03,2.40E+01,2.07E+00,3.68E+01,1.06E+04,3.73E+06,3.90E+07,1.38E+06,1.44E+07,1.01E+00,2.36E+01,7.74E-01,1.00E+02,1.11E+07,1.16E+08,1.06E+00,1.37E+01,0.00E+00,0.00E+00,1.37E+01,4.57E+01,0.00E+00,1.62E+01,1.73E+01,0.00E+00,1.18E+07,1.23E+08,3.78E+06,3.94E+07,3.35E+01,5.88E-03,8.51E+01,0.00E+00,5.52E-02,0.00E+00,5.76E-03,0.00E+00,9.29E-02,0.00E+00,9.70E-03
816764810000,9.57E-02,1.04E+01,6.50E+08,1.82E+01,9.46E+08,1.89E+09,9.48E+08,8.95E+01,8.56E-02,8.95E-03,4.96E+01,4.75E-02,4.96E-03,2.10E+00,3.67E+00,1.00E+01,2.62E+02,3.27E+05,3.42E+06,3.28E+04,3.43E+05,1.20E+00,0.00E+00,4.31E-01,1.00E+02,9.72E+06,1.02E+08,1.19E+00,1.63E+01,0.00E+00,0.00E+00,5.47E+01,7.65E+01,0.00E+00,6.33E+01,3.01E+00,0.00E+00,1.15E+07,1.21E+08,3.92E+05,4.10E+06,6.64E+01,1.66E+00,5.62E+01,0.00E+00,8.56E-02,0.00E+00,8.95E-03,0.00E+00,4.75E-02,0.00E+00,4.96E-03
816764820000,9.57E-02,1.04E+01,6.50E+08,1.38E+01,5.32E+08,1.43E+09,8.99E+08,9.50E+01,9.10E-02,9.50E-03,0.00E+00,0.00E+00,0.00E+00,0.00E+00,,,,0.00E+00,0.00E+00,0.00E+00,0.00E+00,,0.00E+00,2.69E-01,1.00E+02,1.07E+07,1.12E+08,1.00E+00,5.65E+00,0.00E+00,0.00E+00,6.06E+01,,0.00E+00,6.52E+01,0.00E+00,0.00E+00,1.07E+07,1.12E+08,0.00E+00,0.00E+00,6.52E+01,3.21E+00,5.26E+01,0.00E+00,9.10E-02,0.00E+00,9.50E-03,0.00E+00,0.00E+00,0.00E+00,0.00E+00
816764830000,9.36E-02,1.07E+01,6.50E+08,1.62E+01,6.43E+08,1.69E+09,1.04E+09,9.57E+01,8.95E-02,9.57E-03,1.43E+01,1.34E-02,1.43E-03,2.63E-03,3.63E+02,1.00E+02,1.50E+00,4.00E+02,4.27E+03,4.00E+02,4.27E+03,2.00E+00,0.00E+00,2.85E-01,1.00E+02,1.11E+07,1.19E+08,1.00E+00,5.97E+00,0.00E+00,0.00E+00,6.06E+01,6.13E+01,0.00E+00,6.90E+01,5.04E-03,0.00E+00,1.11E+07,1.19E+08,8.00E+02,8.55E+03,6.90E+01,1.47E+00,5.11E+01,0.00E+00,8.95E-02,0.00E+00,9.57E-03,0.00E+00,1.34E-02,0.00E+00,1.43E-03
816764840000,9.25E-02,1.08E+01,6.50E+08,1.62E+01,6.76E+08,1.68E+09,1.00E+09,9.45E+01,8.74E-02,9.45E-03,4.25E+01,3.93E-02,4.25E-03,4.11E+00,9.28E+01,1.82E-01,1.49E+03,6.17E+05,6.68E+06,1.13E+03,1.22E+04,1.40E+00,0.00E+00,2.82E-01,1.00E+02,1.09E+07,1.17E+08,1.00E+00,5.90E+00,0.00E+00,0.00E+00,6.06E+01,2.78E+01,0.00E+00,6.84E+01,2.51E+00,0.00E+00,1.09E+07,1.17E+08,8.67E+05,9.38E+06,7.09E+01,1.42E+00,5.09E+01,0.00E+00,8.74E-02,0.00E+00,9.45E-03,0.00E+00,3.93E-02,0.00E+00,4.25E-03
816764850000,9.25E-02,1.08E+01,6.50E+08,2.20E+01,1.26E+09,2.29E+09,1.03E+09,9.40E+01,8.70E-02,9.40E-03,4.10E+01,3.80E-02,4.10E-03,1.00E+01,1.78E+00,3.39E+01,6.56E+03,1.51E+06,1.63E+07,5.11E+05,5.52E+06,1.15E+00,0.00E+00,2.42E-01,1.00E+02,9.32E+06,1.01E+08,1.00E+00,5.11E+00,0.00E+00,0.00E+00,6.06E+01,3.67E+01,0.00E+00,5.87E+01,6.63E+00,0.00E+00,9.32E+06,1.01E+08,1.74E+06,1.88E+07,6.53E+01,5.06E+00,6.16E+01,0.00E+00,8.70E-02,0.00E+00,9.40E-03,0.00E+00,3.80E-02,0.00E+00,4.10E-03
816764860000,9.25E-02,1.08E+01,6.50E+08,4.19E+01,2.78E+09,4.36E+09,1.59E+09,9.81E+01,9.07E-02,9.81E-03,0.00E+00,0.00E+00,0.00E+00,2.01E+01,2.09E+00,4.24E+01,3.28E+04,3.02E+06,3.27E+07,1.28E+06,1.39E+07,1.01E+00,6.45E+00,5.98E-01,1.00E+02,9.35E+06,1.01E+08,1.15E+00,1.60E+01,0.00E+00,0.00E+00,1.91E+01,4.42E+01,0.00E+00,2.14E+01,1.40E+01,0.00E+00,1.08E+07,1.16E+08,3.05E+06,3.29E+07,3.54E+01,1.64E+00,9.05E+01,0.00E+00,9.07E-02,0.00E+00,9.81E-03,0.00E+00,0.00E+00,0.00E+00,0.00E+00
816764870000,9.25E-02,1.08E+01,6.50E+08,4.68E+01,3.22E+09,4.86E+09,1.65E+09,1.00E+02,9.25E-02,1.00E-02,1.81E+01,1.67E-02,1.81E-03,2.31E+01,2.15E+00,3.45E+01,3.14E+04,3.48E+06,3.76E+07,1.20E+06,1.30E+07,1.01E+00,1.66E+01,7.16E-01,1.00E+02,9.63E+06,1.04E+08,1.19E+00,1.94E+01,0.00E+00,0.00E+00,9.67E+00,4.42E+01,0.00E+00,1.15E+01,1.61E+01,0.00E+00,1.15E+07,1.24E+08,3.51E+06,3.79E+07,2.77E+01,3.85E-02,9.71E+01,0.00E+00,9.25E-02,0.00E+00,1.00E-02,0.00E+00,1.67E-02,0.00E+00,1.81E-03
816764880000,9.25E-02,1.08E+01,6.50E+08,4.20E+01,2.64E+09,4.37E+09,1.72E+09,9.42E+01,8.72E-02,9.42E-03,1.00E+02,9.25E-02,1.00E-02,2.09E+01,2.15E+00,3.70E+01,3.34E+04,3.15E+06,3.40E+07,1.17E+06,1.26E+07,1.01E+00,1.14E+01,7.36E-01,1.00E+02,1.18E+07,1.28E+08,1.06E+00,1.38E+01,0.00E+00,0.00E+00,2.04E+01,4.47E+01,0.00E+00,2.65E+01,1.47E+01,0.00E+00,1.25E+07,1.36E+08,3.17E+06,3.43E+07,4.13E+01,1.16E+00,8.58E+01,0.00E+00,8.72E-02,0.00E+00,9.42E-03,0.00E+00,9.25E-02,0.00E+00,1.00E-02
816764890000,9.25E-02,1.08E+01,6.50E+08,4.32E+01,2.74E+09,4.49E+09,1.75E+09,9.80E+01,9.06E-02,9.80E-03,9.55E+01,8.84E-02,9.55E-03,2.43E+01,2.18E+00,2.38E+01,8.19E+03,3.65E+06,3.94E+07,8.69E+05,9.39E+06,1.01E+00,2.08E+01,1.03E+00,1.00E+02,1.45E+07,1.56E+08,1.09E+00,1.97E+01,0.00E+00,0.00E+00,1.33E+01,4.61E+01,0.00E+00,2.18E+01,1.77E+01,0.00E+00,1.57E+07,1.70E+08,3.69E+06,3.99E+07,3.95E+01,2.70E-04,8.52E+01,0.00E+00,9.06E-02,0.00E+00,9.80E-03,0.00E+00,8.84E-02,0.00E+00,9.55E-03
816764900000,9.25E-02,1.08E+01,6.50E+08,1.53E+01,6.14E+08,1.59E+09,9.81E+08,8.66E+01,8.01E-02,8.66E-03,4.28E+01,3.96E-02,4.28E-03,1.87E+00,3.74E+00,7.60E+00,2.57E+02,2.81E+05,3.04E+06,2.14E+04,2.31E+05,1.20E+00,0.00E+00,3.69E-01,1.00E+02,9.92E+06,1.07E+08,1.25E+00,2.06E+01,0.00E+00,0.00E+00,5.04E+01,7.64E+01,0.00E+00,6.52E+01,2.68E+00,0.00E+00,1.25E+07,1.35E+08,3.37E+05,3.64E+06,6.79E+01,1.22E+00,5.15E+01,0.00E+00,8.01E-02,0.00E+00,8.66E-03,0.00E+00,3.96E-02,0.00E+00,4.28E-03
816764910000,9.25E-02,1.08E+01,6.50E+08,1.49E+01,5.77E+08,1.55E+09,9.76E+08,9.50E+01,8.79E-02,9.50E-03,0.00E+00,0.00E+00,0.00E+00,0.00E+00,,,,0.00E+00,0.00E+00,0.00E+00,0.00E+00,,0.00E+00,2.92E-01,1.00E+02,1.12E+07,1.22E+08,1.00E+00,6.07E+00,0.00E+00,0.00E+00,6.06E+01,,0.00E+00,7.08E+01,0.00E+00,0.00E+00,1.12E+07,1.22E+08,0.00E+00,0.00E+00,7.08E+01,7.33E-01,5.04E+01,0.00E+00,8.79E-02,0.00E+00,9.50E-03,0.00E+00,0.00E+00,0.00E+00,0.00E+00
816764920000,9.20E-02,1.09E+01,6.50E+08,1.60E+01,6.31E+08,1.66E+09,1.03E+09,9.57E+01,8.81E-02,9.57E-03,1.51E+01,1.39E-02,1.51E-03,2.49E-03,3.63E+02,1.00E+02,1.50E+00,3.72E+02,4.05E+03,3.72E+02,4.05E+03,2.00E+00,0.00E+00,2.84E-01,1.00E+02,1.09E+07,1.18E+08,1.00E+00,5.93E+00,0.00E+00,0.00E+00,6.06E+01,6.13E+01,0.00E+00,6.87E+01,4.78E-03,0.00E+00,1.09E+07,1.18E+08,7.45E+02,8.10E+03,6.87E+01,1.49E+00,5.10E+01,0.00E+00,8.81E-02,0.00E+00,9.57E-03,0.00E+00,1.39E-02,0.00E+00,1.51E-03
816764930000,9.13E-02,1.10E+01,6.50E+08,1.94E+01,8.39E+08,2.01E+09,1.17E+09,9.41E+01,8.59E-02,9.41E-03,1.05E+01,9.54E-03,1.05E-03,1.67E-03,3.63E+02,1.00E+02,1.50E+00,2.47E+02,2.71E+03,2.47E+02,2.71E+03,2.00E+00,0.00E+00,2.54E-01,1.00E+02,1.61E+07,1.76E+08,1.00E+00,5.31E+00,0.00E+00,0.00E+00,3.80E+01,6.13E+01,0.00E+00,6.42E+01,3.19E-03,0.00E+00,1.61E+07,1.76E+08,4.94E+02,5.42E+03,6.42E+01,9.76E-01,5.22E+01,0.00E+00,8.59E-02,0.00E+00,9.41E-03,0.00E+00,9.54E-03,0.00E+00,1.05E-03
816764940000,9.13E-02,1.10E+01,6.50E+08,1.79E+01,8.19E+08,1.86E+09,1.04E+09,9.40E+01,8.58E-02,9.40E-03,6.30E+01,5.75E-02,6.30E-03,7.04E+00,8.72E+00,4.34E-01,2.93E+03,1.04E+06,1.14E+07,4.53E+03,4.97E+04,1.43E+00,0.00E+00,2.60E-01,1.00E+02,1.36E+07,1.49E+08,1.00E+00,5.43E+00,0.00E+00,0.00E+00,4.50E+01,2.71E+01,0.00E+00,6.45E+01,4.24E+00,0.00E+00,1.36E+07,1.49E+08,1.49E+06,1.63E+07,6.87E+01,9.83E-01,5.16E+01,0.00E+00,8.58E-02,0.00E+00,9.40E-03,0.00E+00,5.75E-02,0.00E+00,6.30E-03
816764950000,9.13E-02,1.10E+01,6.50E+08,4.28E+01,2.95E+09,4.45E+09,1.50E+09,6.83E+00,6.24E-03,6.83E-04,1.15E+01,1.05E-02,1.15E-03,2.17E+01,2.14E+00,3.22E+01,1.80E+04,3.22E+06,3.53E+07,1.04E+06,1.14E+07,1.01E+00,1.35E+01,6.70E-01,1.00E+02,9.39E+06,1.03E+08,1.17E+00,1.67E+01,0.00E+00,0.00E+00,1.34E+01,4.36E+01,0.00E+00,1.56E+01,1.50E+01,0.00E+00,1.10E+07,1.21E+08,3.26E+06,3.58E+07,3.06E+01,6.78E-02,9.26E+01,0.00E+00,6.24E-03,0.00E+00,6.83E-04,0.00E+00,1.05E-02,0.00E+00,1.15E-03
816764960000,9.13E-02,1.10E+01,6.50E+08,4.50E+01,3.13E+09,4.68E+09,1.55E+09,0.00E+00,0.00E+00,0.00E+00,0.00E+00,0.00E+00,0.00E+00,2.25E+01,2.14E+00,3.37E+01,2.30E+04,3.34E+06,3.66E+07,1.13E+06,1.23E+07,1.01E+00,1.75E+01,7.03E-01,1.00E+02,9.27E+06,1.02E+08,1.19E+00,1.76E+01,0.00E+00,0.00E+00,9.50E+00,4.40E+01,0.00E+00,1.10E+01,1.56E+01,0.00E+00,1.10E+07,1.21E+08,3.37E+06,3.69E+07,2.67E+01,4.69E-02,9.63E+01,0.00E+00,0.00E+00,0.00E+00,0.00E+00,0.00E+00,0.00E+00,0.00E+00,0.00E+00
816764970000,9.13E-02,1.10E+01,6.50E+08,3.55E+01,2.22E+09,3.70E+09,1.47E+09,7.53E+01,6.87E-02,7.53E-03,7.59E+01,6.93E-02,7.59E-03,1.63E+01,1.92E+00,4.35E+01,2.57E+04,2.42E+06,2.65E+07,1.05E+06,1.15E+07,1.01E+00,0.00E+00,5.05E-01,1.00E+02,9.96E+06,1.09E+08,1.04E+00,9.95E+00,0.00E+00,0.00E+00,3.35E+01,4.47E+01,0.00E+00,3.68E+01,1.15E+01,0.00E+00,1.04E+07,1.14E+08,2.44E+06,2.67E+07,4.83E+01,3.35E+00,7.83E+01,0.00E+00,6.87E-02,0.00E+00,7.53E-03,0.00E+00,6.93E-02,0.00E+00,7.59E-03
816764980000,9.13E-02,1.10E+01,6.50E+08,4.62E+01,2.86E+09,4.81E+09,1.95E+09,1.00E+02,9.13E-02,1.00E-02,1.00E+02,9.13E-02,1.00E-02,2.46E+01,2.13E+00,3.69E+01,3.24E+04,3.65E+06,4.00E+07,1.35E+06,1.48E+07,1.01E+00,2.47E+01,9.71E-01,1.00E+02,1.36E+07,1.49E+08,1.02E+00,1.48E+01,0.00E+00,0.00E+00,1.13E+01,4.50E+01,0.00E+00,1.66E+01,1.74E+01,0.00E+00,1.39E+07,1.52E+08,3.67E+06,4.03E+07,3.40E+01,4.74E-05,8.70E+01,0.00E+00,9.13E-02,0.00E+00,1.00E-02,0.00E+00,9.13E-02,0.00E+00,1.00E-02
816764990000,9.13E-02,1.10E+01,6.50E+08,2.35E+01,1.31E+09,2.44E+09,1.13E+09,6.33E+01,5.77E-02,6.33E-03,7.62E+01,6.95E-02,7.62E-03,1.23E+01,2.39E+00,2.30E+01,1.30E+03,1.82E+06,2.00E+07,4.20E+05,4.60E+06,1.05E+00,0.00E+00,4.71E-01,1.00E+02,8.81E+06,9.65E+07,1.17E+00,2.29E+01,0.00E+00,0.00E+00,4.07E+01,5.25E+01,0.00E+00,4.42E+01,1.06E+01,0.00E+00,1.03E+07,1.13E+08,1.91E+06,2.09E+07,5.47E+01,9.32E-01,6.86E+01,0.00E+00,5.77E-02,0.00E+00,6.33E-03,0.00E+00,6.95E-02,0.00E+00,7.62E-03
816765000000,9.13E-02,1.10E+01,6.50E+08,1.51E+01,5.94E+08,1.57E+09,9.74E+08,9.58E+01,8.74E-02,9.58E-03,6.47E+00,5.91E-03,6.47E-04,3.70E-04,1.00E+00,1.00E+02,1.00E+00,5.48E+01,6.01E+02,5.48E+01,6.01E+02,2.00E+00,0.00E+00,2.86E-01,1.00E+02,1.09E+07,1.19E+08,1.00E+00,5.95E+00,0.00E+00,0.00E+00,6.06E+01,4.80E+01,0.00E+00,6.93E+01,5.54E-04,0.00E+00,1.09E+07,1.19E+08,1.10E+02,1.20E+03,6.93E+01,1.30E+00,5.10E+01,0.00E+00,8.74E-02,0.00E+00,9.58E-03,0.00E+00,5.91E-03,0.00E+00,6.47E-04
816765010000,9.07E-02,1.10E+01,6.50E+08,1.51E+01,5.88E+08,1.57E+09,9.78E+08,9.44E+01,8.56E-02,9.44E-03,6.10E+00,5.54E-03,6.10E-04,1.05E-03,3.63E+02,1.00E+02,1.50E+00,1.54E+02,1.70E+03,1.54E+02,1.70E+03,2.00E+00,0.00E+00,2.82E-01,1.00E+02,1.07E+07,1.17E+08,1.00E+00,5.91E+00,0.00E+00,0.00E+00,6.06E+01,6.13E+01,0.00E+00,6.84E+01,2.00E-03,0.00E+00,1.07E+07,1.17E+08,3.08E+02,3.40E+03,6.84E+01,1.73E+00,5.14E+01,0.00E+00,8.56E-02,0.00E+00,9.44E-03,0.00E+00,5.54E-03,0.00E+00,6.10E-04
816765020000,8.95E-02,1.12E+01,6.50E+08,1.69E+01,6.84E+08,1.76E+09,1.07E+09,9.59E+01,8.58E-02,9.59E-03,3.94E+01,3.52E-02,3.94E-03,1.85E+00,3.60E+01,2.11E+00,4.88E+02,2.69E+05,3.01E+06,5.69E+03,6.36E+04,1.22E+00,0.00E+00,2.83E-01,1.00E+02,1.05E+07,1.18E+08,1.00E+00,5.96E+00,0.00E+00,0.00E+00,6.06E+01,3.84E+01,0.00E+00,6.84E+01,1.35E+00,0.00E+00,1.05E+07,1.18E+08,3.27E+05,3.66E+06,6.98E+01,1.44E+00,5.08E+01,0.00E+00,8.58E-02,0.00E+00,9.59E-03,0.00E+00,3.52E-02,0.00E+00,3.94E-03
816765030000,8.95E-02,1.12E+01,6.50E+08,2.07E+01,1.00E+09,2.16E+09,1.15E+09,9.42E+01,8.43E-02,9.42E-03,9.63E+01,8.61E-02,9.63E-03,1.01E+01,1.59E+00,2.74E+01,3.45E+03,1.47E+06,1.64E+07,4.03E+05,4.50E+06,1.37E+00,0.00E+00,2.73E-01,1.00E+02,1.02E+07,1.14E+08,1.00E+00,5.75E+00,0.00E+00,0.00E+00,6.06E+01,2.88E+01,0.00E+00,6.63E+01,6.25E+00,0.00E+00,1.02E+07,1.14E+08,2.02E+06,2.26E+07,7.25E+01,1.45E+00,5.37E+01,0.00E+00,8.43E-02,0.00E+00,9.42E-03,0.00E+00,8.61E-02,0.00E+00,9.63E-03
816765040000,8.95E-02,1.12E+01,6.50E+08,3.75E+01,2.43E+09,3.91E+09,1.47E+09,4.46E+01,3.99E-02,4.46E-03,1.00E+02,8.95E-02,1.00E-02,1.76E+01,2.02E+00,4.56E+01,3.34E+04,2.55E+06,2.85E+07,1.16E+06,1.30E+07,1.01E+00,0.00E+00,4.88E-01,1.00E+02,9.01E+06,1.01E+08,1.10E+00,1.22E+01,0.00E+00,0.00E+00,3.07E+01,4.41E+01,0.00E+00,3.27E+01,1.22E+01,0.00E+00,9.91E+06,1.11E+08,2.57E+06,2.87E+07,4.49E+01,2.55E+00,8.35E+01,0.00E+00,3.99E-02,0.00E+00,4.46E-03,0.00E+00,8.95E-02,0.00E+00,1.00E-02
816765050000,8.95E-02,1.12E+01,6.50E+08,4.70E+01,3.23E+09,4.88E+09,1.65E+09,0.00E+00,0.00E+00,0.00E+00,1.00E+02,8.95E-02,1.00E-02,2.33E+01,2.13E+00,3.42E+01,3.25E+04,3.38E+06,3.78E+07,1.16E+06,1.29E+07,1.01E+00,1.77E+01,7.29E-01,1.00E+02,9.41E+06,1.05E+08,1.19E+00,1.90E+01,0.00E+00,0.00E+00,9.44E+00,4.42E+01,0.00E+00,1.13E+01,1.62E+01,0.00E+00,1.12E+07,1.25E+08,3.41E+06,3.81E+07,2.75E+01,5.59E-02,9.77E+01,0.00E+00,0.00E+00,0.00E+00,0.00E+00,0.00E+00,8.95E-02,0.00E+00,1.00E-02
816765060000,8.95E-02,1.12E+01,6.50E+08,3.82E+01,2.38E+09,3.97E+09,1.59E+09,4.40E+01,3.94E-02,4.40E-03,9.79E+01,8.75E-02,9.79E-03,1.68E+01,2.17E+00,4.87E+01,3.02E+04,2.45E+06,2.74E+07,1.19E+06,1.33E+07,1.01E+00,0.00E+00,5.06E-01,1.00E+02,9.18E+06,1.03E+08,1.10E+00,1.27E+01,0.00E+00,0.00E+00,2.99E+01,4.44E+01,0.00E+00,3.25E+01,1.18E+01,0.00E+00,1.01E+07,1.13E+08,2.47E+06,2.76E+07,4.43E+01,2.06E+00,8.20E+01,0.00E+00,3.94E-02,0.00E+00,4.40E-03,0.00E+00,8.75E-02,0.00E+00,9.79E-03
816765070000,8.95E-02,1.12E+01,6.50E+08,4.36E+01,2.76E+09,4.53E+09,1.77E+09,9.85E+01,8.81E-02,9.85E-03,1.00E+02,8.95E-02,1.00E-02,2.16E+01,2.13E+00,2.43E+01,3.34E+04,3.14E+06,3.52E+07,7.63E+05,8.53E+06,1.01E+00,2.27E+01,1.06E+00,1.00E+02,1.49E+07,1.66E+08,1.02E+00,1.45E+01,0.00E+00,0.00E+00,1.34E+01,4.50E+01,0.00E+00,2.19E+01,1.53E+01,0.00E+00,1.52E+07,1.70E+08,3.17E+06,3.54E+07,3.72E+01,3.03E-01,7.72E+01,0.00E+00,8.81E-02,0.00E+00,9.85E-03,0.00E+00,8.95E-02,0.00E+00,1.00E-02
816765080000,8.95E-02,1.12E+01,6.50E+08,2.77E+01,1.73E+09,2.89E+09,1.16E+09,7.69E+01,6.88E-02,7.69E-03,6.65E+01,5.95E-02,6.65E-03,1.43E+01,2.46E+00,1.70E+01,1.50E+03,2.08E+06,2.33E+07,3.53E+05,3.95E+06,1.04E+00,1.24E+01,7.11E-01,1.00E+02,9.51E+06,1.06E+08,1.22E+00,2.07E+01,0.00E+00,0.00E+00,3.13E+01,5.16E+01,0.00E+00,3.90E+01,1.21E+01,0.00E+00,1.16E+07,1.30E+08,2.17E+06,2.43E+07,5.11E+01,4.45E-01,6.85E+01,0.00E+00,6.88E-02,0.00E+00,7.69E-03,0.00E+00,5.95E-02,0.00E+00,6.65E-03
816765090000,8.95E-02,1.12E+01,6.50E+08,1.53E+01,6.12E+08,1.59E+09,9.81E+08,9.44E+01,8.44E-02,9.44E-03,1.26E+01,1.12E-02,1.26E-03,6.69E-04,1.00E+00,1.00E+02,1.00E+00,9.72E+01,1.09E+03,9.72E+01,1.09E+03,2.00E+00,0.00E+00,2.84E-01,1.00E+02,1.05E+07,1.18E+08,1.00E+00,5.92E+00,0.00E+00,0.00E+00,6.06E+01,4.80E+01,0.00E+00,6.87E+01,1.00E-03,0.00E+00,1.05E+07,1.18E+08,1.94E+02,2.17E+03,6.87E+01,1.52E+00,5.11E+01,0.00E+00,8.44E-02,0.00E+00,9.44E-03,0.00E+00,1.12E-02,0.00E+00,1.26E-03
816765100000,8.85E-02,1.13E+01,6.50E+08,1.49E+01,5.82E+08,1.55E+09,9.68E+08,7.37E+01,6.52E-02,7.37E-03,6.33E+00,5.60E-03,6.33E-04,8.18E-04,3.63E+02,1.00E+02,1.50E+00,1.18E+02,1.33E+03,1.18E+02,1.33E+03,2.00E+00,0.00E+00,2.81E-01,1.00E+02,1.04E+07,1.17E+08,1.00E+00,5.87E+00,0.00E+00,0.00E+00,6.06E+01,6.13E+01,0.00E+00,6.82E+01,1.57E-03,0.00E+00,1.04E+07,1.17E+08,2.35E+02,2.66E+03,6.82E+01,1.75E+00,5.13E+01,0.00E+00,6.52E-02,0.00E+00,7.37E-03,0.00E+00,5.60E-03,0.00E+00,6.33E-04
816765110000,8.68E-02,1.15E+01,6.50E+08,1.64E+01,6.56E+08,1.71E+09,1.05E+09,9.46E+01,8.21E-02,9.46E-03,2.04E+01,1.77E-02,2.04E-03,3.30E-03,3.63E+02,1.00E+02,1.50E+00,4.65E+02,5.35E+03,4.65E+02,5.35E+03,2.00E+00,0.00E+00,2.82E-01,1.00E+02,1.02E+07,1.17E+08,1.00E+00,5.92E+00,0.00E+00,0.00E+00,6.06E+01,6.13E+01,0.00E+00,6.82E+01,6.32E-03,0.00E+00,1.02E+07,1.17E+08,9.29E+02,1.07E+04,6.82E+01,1.60E+00,5.11E+01,0.00E+00,8.21E-02,0.00E+00,9.46E-03,0.00E+00,1.77E-02,0.00E+00,2.04E-03
816765120000,8.68E-02,1.15E+01,6.50E+08,2.36E+01,1.30E+09,2.46E+09,1.15E+09,9.38E+01,8.14E-02,9.38E-03,5.54E+01,4.81E-02,5.54E-03,6.19E+00,1.73E+00,6.13E+01,1.77E+04,8.73E+05,1.01E+07,5.35E+05,6.17E+06,1.01E+00,0.00E+00,2.42E-01,1.00E+02,1.11E+07,1.28E+08,1.00E+00,5.07E+00,0.00E+00,0.00E+00,4.83E+01,4.41E+01,0.00E+00,5.96E+01,4.31E+00,0.00E+00,1.11E+07,1.28E+08,8.82E+05,1.02E+07,6.40E+01,3.57E+00,6.16E+01,0.00E+00,8.14E-02,0.00E+00,9.38E-03,0.00E+00,4.81E-02,0.00E+00,5.54E-03
816765130000,8.68E-02,1.15E+01,6.50E+08,2.92E+01,1.68E+09,3.04E+09,1.36E+09,7.65E+01,6.64E-02,7.65E-03,1.00E+02,8.68E-02,1.00E-02,1.16E+01,2.08E+00,6.67E+01,3.48E+04,1.64E+06,1.89E+07,1.09E+06,1.26E+07,1.01E+00,0.00E+00,3.37E-01,1.00E+02,8.51E+06,9.81E+07,1.04E+00,6.85E+00,0.00E+00,0.00E+00,4.73E+01,4.40E+01,0.00E+00,4.65E+01,8.05E+00,0.00E+00,8.87E+06,1.02E+08,1.65E+06,1.90E+07,5.45E+01,5.41E+00,7.29E+01,0.00E+00,6.64E-02,0.00E+00,7.65E-03,0.00E+00,8.68E-02,0.00E+00,1.00E-02
816765140000,8.68E-02,1.15E+01,6.50E+08,4.40E+01,3.12E+09,4.58E+09,1.46E+09,0.00E+00,0.00E+00,0.00E+00,1.00E+02,8.68E-02,1.00E-02,1.89E+01,2.55E+00,1.56E+01,3.40E+04,2.66E+06,3.06E+07,4.13E+05,4.76E+06,1.01E+00,1.77E+01,8.47E-01,1.00E+02,1.06E+07,1.22E+08,1.19E+00,1.57E+01,0.00E+00,0.00E+00,9.44E+00,4.40E+01,0.00E+00,1.32E+01,1.31E+01,0.00E+00,1.26E+07,1.45E+08,2.68E+06,3.09E+07,2.62E+01,1.36E-02,9.52E+01,0.00E+00,0.00E+00,0.00E+00,0.00E+00,0.00E+00,8.68E-02,0.00E+00,1.00E-02
816765150000,8.68E-02,1.15E+01,6.50E+08,3.44E+01,2.30E+09,3.58E+09,1.28E+09,3.91E+01,3.39E-02,3.91E-03,3.87E+00,3.35E-03,3.87E-04,1.44E+01,2.37E+00,2.01E+01,1.45E+04,2.02E+06,2.33E+07,4.06E+05,4.68E+06,1.01E+00,7.46E+00,6.58E-01,1.00E+02,9.80E+06,1.13E+08,1.12E+00,1.17E+01,0.00E+00,0.00E+00,2.02E+01,4.47E+01,0.00E+00,2.47E+01,1.01E+01,0.00E+00,1.10E+07,1.27E+08,2.04E+06,2.35E+07,3.48E+01,3.67E-01,7.73E+01,0.00E+00,3.39E-02,0.00E+00,3.91E-03,0.00E+00,3.35E-03,0.00E+00,3.87E-04
816765160000,8.68E-02,1.15E+01,6.50E+08,2.85E+01,1.79E+09,2.96E+09,1.17E+09,8.20E+01,7.11E-02,8.20E-03,1.45E+01,1.26E-02,1.45E-03,1.77E+01,2.09E+00,3.60E+01,4.85E+03,2.50E+06,2.88E+07,9.00E+05,1.04E+07,1.02E+00,2.48E+01,5.22E-01,1.00E+02,6.92E+06,7.97E+07,1.02E+00,5.78E+00,0.00E+00,0.00E+00,1.13E+01,4.70E+01,0.00E+00,8.89E+00,1.33E+01,0.00E+00,7.08E+06,8.16E+07,2.55E+06,2.94E+07,2.22E+01,1.86E-04,5.37E+01,0.00E+00,7.11E-02,0.00E+00,8.20E-03,0.00E+00,1.26E-02,0.00E+00,1.45E-03
816765170000,8.68E-02,1.15E+01,6.50E+08,2.85E+01,1.79E+09,2.96E+09,1.17E+09,0.00E+00,0.00E+00,0.00E+00,1.00E+02,8.68E-02,1.00E-02,1.77E+01,2.09E+00,3.60E+01,4.85E+03,2.50E+06,2.88E+07,9.00E+05,1.04E+07,1.02E+00,2.48E+01,5.22E-01,1.00E+02,6.92E+06,7.97E+07,1.02E+00,5.78E+00,0.00E+00,0.00E+00,1.13E+01,4.70E+01,0.00E+00,8.89E+00,1.33E+01,0.00E+00,7.08E+06,8.16E+07,2.55E+06,2.94E+07,2.22E+01,1.86E-04,5.37E+01,0.00E+00,0.00E+00,0.00E+00,0.00E+00,0.00E+00,8.68E-02,0.00E+00,1.00E-02
816765180000,8.68E-02,1.15E+01,6.50E+08,2.35E+01,1.32E+09,2.44E+09,1.12E+09,4.36E+01,3.78E-02,4.36E-03,7.23E+01,6.28E-02,7.23E-03,9.64E+00,2.09E+00,3.60E+01,2.88E+03,1.36E+06,1.57E+07,4.89E+05,5.63E+06,1.02E+00,0.00E+00,4.11E-01,1.00E+02,8.38E+06,9.65E+07,1.01E+00,5.83E+00,0.00E+00,0.00E+00,3.82E+01,4.70E+01,0.00E+00,3.58E+01,7.21E+00,0.00E+00,8.46E+06,9.75E+07,1.38E+06,1.60E+07,4.30E+01,8.23E-01,5.27E+01,0.00E+00,3.78E-02,0.00E+00,4.36E-03,0.00E+00,6.28E-02,0.00E+00,7.23E-03
816765190000,1.03E-01,9.72E+00,6.50E+08,1.68E+01,6.68E+08,1.75E+09,1.08E+09,8.36E+01,8.61E-02,8.36E-03,2.15E+01,2.21E-02,2.15E-03,3.65E-03,3.63E+02,1.00E+02,1.50E+00,6.10E+02,5.93E+03,6.10E+02,5.93E+03,2.00E+00,0.00E+00,2.85E-01,1.00E+02,1.22E+07,1.19E+08,1.00E+00,5.97E+00,0.00E+00,0.00E+00,6.06E+01,6.13E+01,0.00E+00,6.91E+01,7.00E-03,0.00E+00,1.22E+07,1.19E+08,1.22E+03,1.19E+04,6.91E+01,1.22E+00,5.07E+01,0.00E+00,8.61E-02,0.00E+00,8.36E-03,0.00E+00,2.21E-02,0.00E+00,2.15E-03
816765200000,1.14E-01,8.81E+00,6.50E+08,2.43E+01,1.34E+09,2.53E+09,1.19E+09,8.54E+01,9.69E-02,8.54E-03,7.44E+01,8.45E-02,7.44E-03,8.18E+00,1.91E+00,6.99E+01,1.13E+04,1.51E+06,1.33E+07,1.06E+06,9.30E+06,1.01E+00,0.00E+00,2.39E-01,1.00E+02,1.13E+07,9.94E+07,1.00E+00,5.09E+00,0.00E+00,0.00E+00,6.06E+01,4.41E+01,0.00E+00,5.79E+01,5.69E+00,0.00E+00,1.13E+07,9.94E+07,1.52E+06,1.34E+07,6.36E+01,5.41E+00,6.53E+01,0.00E+00,9.69E-02,0.00E+00,8.54E-03,0.00E+00,8.45E-02,0.00E+00,7.44E-03
816765210000,1.14E-01,8.81E+00,6.50E+08,2.56E+01,1.48E+09,2.66E+09,1.18E+09,9.47E+01,1.07E-01,9.47E-03,1.00E+02,1.14E-01,1.00E-02,1.08E+01,2.08E+00,5.46E+01,3.06E+04,2.00E+06,1.76E+07,1.09E+06,9.62E+06,1.01E+00,0.00E+00,2.37E-01,1.00E+02,1.12E+07,9.85E+07,1.00E+00,5.03E+00,0.00E+00,0.00E+00,6.06E+01,4.40E+01,0.00E+00,5.73E+01,7.51E+00,0.00E+00,1.12E+07,9.85E+07,2.02E+06,1.78E+07,6.49E+01,4.98E+00,6.65E+01,0.00E+00,1.07E-01,0.00E+00,9.47E-03,0.00E+00,1.14E-01,0.00E+00,1.00E-02
816765220000,1.14E-01,8.81E+00,6.50E+08,2.40E+01,1.56E+09,2.50E+09,9.38E+08,9.65E+01,1.09E-01,9.65E-03,1.00E+02,1.14E-01,1.00E-02,1.18E+01,2.26E+00,1.72E+01,3.99E+04,2.18E+06,1.92E+07,3.75E+05,3.31E+06,1.01E+00,0.00E+00,2.40E-01,1.00E+02,1.14E+07,1.00E+08,1.00E+00,5.06E+00,0.00E+00,0.00E+00,6.06E+01,4.40E+01,0.00E+00,5.82E+01,8.19E+00,0.00E+00,1.14E+07,1.00E+08,2.20E+06,1.94E+07,6.64E+01,4.46E+00,6.71E+01,0.00E+00,1.09E-01,0.00E+00,9.65E-03,0.00E+00,1.14E-01,0.00E+00,1.00E-02
816765230000,1.14E-01,8.81E+00,6.50E+08,2.32E+01,1.53E+09,2.41E+09,8.77E+08,9.39E+01,1.07E-01,9.39E-03,1.00E+02,1.14E-01,1.00E-02,1.12E+01,2.51E+00,1.69E+01,3.11E+04,2.06E+06,1.82E+07,3.49E+05,3.07E+06,1.01E+00,0.00E+00,2.18E-01,1.00E+02,1.03E+07,9.08E+07,1.00E+00,4.66E+00,0.00E+00,0.00E+00,6.06E+01,4.40E+01,0.00E+00,5.29E+01,7.75E+00,0.00E+00,1.03E+07,9.08E+07,2.08E+06,1.83E+07,6.06E+01,7.62E+00,6.97E+01,0.00E+00,1.07E-01,0.00E+00,9.39E-03,0.00E+00,1.14E-01,0.00E+00,1.00E-02
816765240000,1.14E-01,8.81E+00,6.50E+08,3.00E+01,1.82E+09,3.12E+09,1.31E+09,1.59E+01,1.81E-02,1.59E-03,3.23E+01,3.67E-02,3.23E-03,3.93E+00,3.38E+00,1.32E+01,3.65E+04,7.24E+05,6.38E+06,9.55E+04,8.41E+05,1.01E+00,1.22E+01,8.13E-01,1.00E+02,1.45E+07,1.28E+08,1.16E+00,1.29E+01,0.00E+00,0.00E+00,1.50E+01,4.39E+01,0.00E+00,2.14E+01,2.71E+00,0.00E+00,1.69E+07,1.49E+08,7.28E+05,6.41E+06,2.42E+01,1.18E+00,8.40E+01,0.00E+00,1.81E-02,0.00E+00,1.59E-03,0.00E+00,3.67E-02,0.00E+00,3.23E-03
816765250000,1.14E-01,8.81E+00,6.50E+08,3.11E+01,1.89E+09,3.23E+09,1.34E+09,2.20E+01,2.50E-02,2.20E-03,0.00E+00,0.00E+00,0.00E+00,5.90E+00,2.21E+00,2.67E+01,6.89E+03,1.09E+06,9.59E+06,2.91E+05,2.56E+06,1.01E+00,1.88E+01,8.48E-01,1.00E+02,1.40E+07,1.23E+08,1.16E+00,1.26E+01,0.00E+00,0.00E+00,9.69E+00,4.60E+01,0.00E+00,1.33E+01,4.30E+00,0.00E+00,1.63E+07,1.43E+08,1.10E+06,9.71E+06,1.76E+01,4.21E-04,8.01E+01,0.00E+00,2.50E-02,0.00E+00,2.20E-03,0.00E+00,0.00E+00,0.00E+00,0.00E+00
816765260000,1.14E-01,8.81E+00,6.50E+08,2.93E+01,1.84E+09,3.04E+09,1.20E+09,7.22E+01,8.19E-02,7.22E-03,2.46E+01,2.79E-02,2.46E-03,1.82E+01,2.09E+00,3.60E+01,4.85E+03,3.36E+06,2.96E+07,1.21E+06,1.06E+07,1.02E+00,2.48E+01,5.36E-01,1.00E+02,9.29E+06,8.19E+07,1.02E+00,5.56E+00,0.00E+00,0.00E+00,1.13E+01,4.70E+01,0.00E+00,9.13E+00,1.36E+01,0.00E+00,9.51E+06,8.37E+07,3.42E+06,3.02E+07,2.28E+01,2.90E-05,5.48E+01,0.00E+00,8.19E-02,0.00E+00,7.22E-03,0.00E+00,2.79E-02,0.00E+00,2.46E-03
816765270000,1.14E-01,8.81E+00,6.50E+08,2.93E+01,1.84E+09,3.04E+09,1.20E+09,0.00E+00,0.00E+00,0.00E+00,1.00E+02,1.14E-01,1.00E-02,1.82E+01,2.09E+00,3.60E+01,4.85E+03,3.36E+06,2.96E+07,1.21E+06,1.06E+07,1.02E+00,2.48E+01,5.36E-01,1.00E+02,9.29E+06,8.19E+07,1.02E+00,5.56E+00,0.00E+00,0.00E+00,1.13E+01,4.70E+01,0.00E+00,9.13E+00,1.36E+01,0.00E+00,9.51E+06,8.37E+07,3.42E+06,3.02E+07,2.28E+01,2.90E-05,5.48E+01,0.00E+00,0.00E+00,0.00E+00,0.00E+00,0.00E+00,1.14E-01,0.00E+00,1.00E-02
816765280000,1.14E-01,8.81E+00,6.50E+08,2.20E+01,1.20E+09,2.29E+09,1.09E+09,4.42E+01,5.02E-02,4.42E-03,6.64E+01,7.54E-02,6.64E-03,7.88E+00,2.09E+00,3.60E+01,2.62E+03,1.45E+06,1.28E+07,5.22E+05,4.60E+06,1.02E+00,0.00E+00,3.88E-01,1.00E+02,1.14E+07,1.00E+08,1.01E+00,5.68E+00,0.00E+00,0.00E+00,4.30E+01,4.70E+01,0.00E+00,4.18E+01,5.89E+00,0.00E+00,1.15E+07,1.01E+08,1.48E+06,1.30E+07,4.77E+01,1.47E+00,5.34E+01,0.00E+00,5.02E-02,0.00E+00,4.42E-03,0.00E+00,7.54E-02,0.00E+00,6.64E-03
816765290000,1.14E-01,8.81E+00,6.50E+08,1.50E+01,5.81E+08,1.56E+09,9.79E+08,8.48E+01,9.63E-02,8.48E-03,0.00E+00,0.00E+00,0.00E+00,3.19E-05,1.00E+00,1.00E+02,1.00E+00,5.89E+00,5.19E+01,5.89E+00,5.19E+01,2.00E+00,0.00E+00,2.91E-01,1.00E+02,1.37E+07,1.21E+08,1.00E+00,6.04E+00,0.00E+00,0.00E+00,6.06E+01,4.80E+01,0.00E+00,7.04E+01,4.79E-05,0.00E+00,1.37E+07,1.21E+08,1.18E+01,1.04E+02,7.04E+01,8.62E-01,5.07E+01,0.00E+00,9.63E-02,0.00E+00,8.48E-03,0.00E+00,0.00E+00,0.00E+00,0.00E+00
816765300000,1.02E-01,9.85E+00,6.50E+08,1.58E+01,6.18E+08,1.64E+09,1.02E+09,9.60E+01,9.75E-02,9.60E-03,1.09E+01,1.10E-02,1.09E-03,1.83E-03,3.63E+02,1.00E+02,1.50E+00,3.01E+02,2.97E+03,3.01E+02,2.97E+03,2.00E+00,0.00E+00,2.87E-01,1.00E+02,1.21E+07,1.20E+08,1.00E+00,6.00E+00,0.00E+00,0.00E+00,6.06E+01,6.13E+01,0.00E+00,6.96E+01,3.50E-03,0.00E+00,1.21E+07,1.20E+08,6.02E+02,5.93E+03,6.96E+01,1.03E+00,5.05E+01,0.00E+00,9.75E-02,0.00E+00,9.60E-03,0.00E+00,1.10E-02,0.00E+00,1.09E-03
816765310000,8.25E-02,1.21E+01,6.50E+08,1.87E+01,7.91E+08,1.94E+09,1.15E+09,9.43E+01,7.78E-02,9.43E-03,1.12E+01,9.26E-03,1.12E-03,1.84E-03,3.63E+02,1.00E+02,1.50E+00,2.47E+02,2.99E+03,2.47E+02,2.99E+03,2.00E+00,0.00E+00,2.65E-01,1.00E+02,1.34E+07,1.62E+08,1.00E+00,5.53E+00,0.00E+00,0.00E+00,4.25E+01,6.13E+01,0.00E+00,6.63E+01,3.53E-03,0.00E+00,1.34E+07,1.62E+08,4.94E+02,5.99E+03,6.63E+01,1.02E+00,5.20E+01,0.00E+00,7.78E-02,0.00E+00,9.43E-03,0.00E+00,9.26E-03,0.00E+00,1.12E-03
816765320000,8.25E-02,1.21E+01,6.50E+08,1.79E+01,7.64E+08,1.86E+09,1.10E+09,9.39E+01,7.74E-02,9.39E-03,3.19E+00,2.63E-03,3.19E-04,3.94E-04,3.63E+02,1.00E+02,1.50E+00,5.29E+01,6.41E+02,5.29E+01,6.41E+02,2.00E+00,0.00E+00,2.57E-01,1.00E+02,1.37E+07,1.66E+08,1.00E+00,5.37E+00,0.00E+00,0.00E+00,4.04E+01,6.13E+01,0.00E+00,6.46E+01,7.56E-04,0.00E+00,1.37E+07,1.66E+08,1.06E+02,1.28E+03,6.46E+01,1.55E+00,5.31E+01,0.00E+00,7.74E-02,0.00E+00,9.39E-03,0.00E+00,2.63E-03,0.00E+00,3.19E-04
816765330000,8.25E-02,1.21E+01,6.50E+08,2.60E+01,1.45E+09,2.71E+09,1.26E+09,7.41E+01,6.11E-02,7.41E-03,2.50E+01,2.06E-02,2.50E-03,5.75E+00,2.17E+00,3.39E+01,1.91E+04,7.71E+05,9.35E+06,2.62E+05,3.17E+06,1.01E+00,0.00E+00,3.74E-01,1.00E+02,1.34E+07,1.62E+08,1.03E+00,8.40E+00,0.00E+00,0.00E+00,3.22E+01,4.40E+01,0.00E+00,5.16E+01,3.99E+00,0.00E+00,1.38E+07,1.67E+08,7.77E+05,9.42E+06,5.56E+01,6.69E-01,6.43E+01,0.00E+00,6.11E-02,0.00E+00,7.41E-03,0.00E+00,2.06E-02,0.00E+00,2.50E-03
816765340000,8.25E-02,1.21E+01,6.50E+08,4.59E+01,3.23E+09,4.77E+09,1.54E+09,1.00E+02,8.25E-02,1.00E-02,1.00E+02,8.25E-02,1.00E-02,2.23E+01,2.13E+00,3.39E+01,3.24E+04,2.99E+06,3.63E+07,1.02E+06,1.23E+07,1.01E+00,1.78E+01,7.03E-01,1.00E+02,8.36E+06,1.01E+08,1.19E+00,1.71E+01,0.00E+00,0.00E+00,9.44E+00,4.40E+01,0.00E+00,1.09E+01,1.55E+01,0.00E+00,9.91E+06,1.20E+08,3.02E+06,3.66E+07,2.64E+01,3.10E-02,9.60E+01,0.00E+00,8.25E-02,0.00E+00,1.00E-02,0.00E+00,8.25E-02,0.00E+00,1.00E-02
816765350000,8.25E-02,1.21E+01,6.50E+08,4.40E+01,3.07E+09,4.58E+09,1.51E+09,9.61E+01,7.93E-02,9.61E-03,8.74E+01,7.21E-02,8.74E-03,2.19E+01,2.13E+00,3.41E+01,2.25E+04,2.93E+06,3.55E+07,1.00E+06,1.21E+07,1.01E+00,1.85E+01,6.84E-01,1.00E+02,8.18E+06,9.92E+07,1.17E+00,1.58E+01,0.00E+00,0.00E+00,9.60E+00,4.42E+01,0.00E+00,1.07E+01,1.52E+01,0.00E+00,9.57E+06,1.16E+08,2.96E+06,3.58E+07,2.60E+01,2.74E-02,9.12E+01,0.00E+00,7.93E-02,0.00E+00,9.61E-03,0.00E+00,7.21E-02,0.00E+00,8.74E-03
816765360000,8.25E-02,1.21E+01,6.50E+08,2.98E+01,1.89E+09,3.10E+09,1.21E+09,8.44E+01,6.96E-02,8.44E-03,1.21E+01,1.00E-02,1.21E-03,1.83E+01,2.09E+00,3.61E+01,5.84E+03,2.46E+06,2.98E+07,8.86E+05,1.07E+07,1.01E+00,2.48E+01,5.40E-01,1.00E+02,6.82E+06,8.26E+07,1.02E+00,5.68E+00,0.00E+00,0.00E+00,1.13E+01,4.63E+01,0.00E+00,9.22E+00,1.34E+01,0.00E+00,6.97E+06,8.45E+07,2.49E+06,3.02E+07,2.27E+01,2.34E-05,5.42E+01,0.00E+00,6.96E-02,0.00E+00,8.44E-03,0.00E+00,1.00E-02,0.00E+00,1.21E-03
816765370000,8.25E-02,1.21E+01,6.50E+08,2.98E+01,1.89E+09,3.10E+09,1.21E+09,0.00E+00,0.00E+00,0.00E+00,1.00E+02,8.25E-02,1.00E-02,1.83E+01,2.09E+00,3.61E+01,5.84E+03,2.46E+06,2.98E+07,8.86E+05,1.07E+07,1.01E+00,2.48E+01,5.40E-01,1.00E+02,6.82E+06,8.26E+07,1.02E+00,5.68E+00,0.00E+00,0.00E+00,1.13E+01,4.63E+01,0.00E+00,9.22E+00,1.34E+01,0.00E+00,6.97E+06,8.45E+07,2.49E+06,3.02E+07,2.27E+01,2.34E-05,5.42E+01,0.00E+00,0.00E+00,0.00E+00,0.00E+00,0.00E+00,8.25E-02,0.00E+00,1.00E-02
816765380000,8.35E-02,1.20E+01,6.50E+08,2.40E+01,1.35E+09,2.50E+09,1.15E+09,4.68E+01,3.91E-02,4.68E-03,7.26E+01,6.06E-02,7.26E-03,9.38E+00,2.13E+00,3.61E+01,2.83E+03,1.27E+06,1.52E+07,4.60E+05,5.50E+06,1.01E+00,0.00E+00,4.14E-01,1.00E+02,8.30E+06,9.93E+07,1.01E+00,5.80E+00,0.00E+00,0.00E+00,3.93E+01,4.63E+01,0.00E+00,3.79E+01,6.89E+00,0.00E+00,8.38E+06,1.00E+08,1.29E+06,1.55E+07,4.48E+01,6.63E-01,5.24E+01,0.00E+00,3.91E-02,0.00E+00,4.68E-03,0.00E+00,6.06E-02,0.00E+00,7.26E-03
816765390000,1.02E-01,9.78E+00,6.50E+08,1.69E+01,6.75E+08,1.76E+09,1.08E+09,9.59E+01,9.81E-02,9.59E-03,2.17E+01,2.22E-02,2.17E-03,3.75E-03,3.63E+02,1.00E+02,1.50E+00,6.23E+02,6.09E+03,6.23E+02,6.09E+03,2.00E+00,0.00E+00,2.86E-01,1.00E+02,1.22E+07,1.19E+08,1.00E+00,5.99E+00,0.00E+00,0.00E+00,6.06E+01,6.13E+01,0.00E+00,6.92E+01,7.19E-03,0.00E+00,1.22E+07,1.19E+08,1.25E+03,1.22E+04,6.92E+01,1.03E+00,5.03E+01,0.00E+00,9.81E-02,0.00E+00,9.59E-03,0.00E+00,2.22E-02,0.00E+00,2.17E-03
816765400000,1.02E-01,9.78E+00,6.50E+08,2.74E+01,1.54E+09,2.85E+09,1.31E+09,9.52E+01,9.73E-02,9.52E-03,0.00E+00,0.00E+00,0.00E+00,9.96E+00,1.96E+00,7.45E+01,2.25E+04,1.65E+06,1.62E+07,1.23E+06,1.21E+07,1.01E+00,0.00E+00,2.45E-01,1.00E+02,1.04E+07,1.02E+08,1.00E+00,5.22E+00,0.00E+00,0.00E+00,6.06E+01,4.40E+01,0.00E+00,5.93E+01,6.92E+00,0.00E+00,1.04E+07,1.02E+08,1.67E+06,1.63E+07,6.63E+01,4.25E+00,6.46E+01,0.00E+00,9.73E-02,0.00E+00,9.52E-03,0.00E+00,0.00E+00,0.00E+00,0.00E+00
816765410000,1.02E-01,9.78E+00,6.50E+08,2.58E+01,1.58E+09,2.68E+09,1.10E+09,9.47E+01,9.68E-02,9.47E-03,0.00E+00,0.00E+00,0.00E+00,1.21E+01,2.04E+00,3.66E+01,3.65E+04,2.00E+06,1.96E+07,7.34E+05,7.18E+06,1.01E+00,0.00E+00,2.45E-01,1.00E+02,1.04E+07,1.02E+08,1.00E+00,5.18E+00,0.00E+00,0.00E+00,6.06E+01,4.40E+01,0.00E+00,5.94E+01,8.36E+00,0.00E+00,1.04E+07,1.02E+08,2.02E+06,1.98E+07,6.77E+01,3.63E+00,6.65E+01,0.00E+00,9.68E-02,0.00E+00,9.47E-03,0.00E+00,0.00E+00,0.00E+00,0.00E+00
816765420000,1.02E-01,9.78E+00,6.50E+08,2.48E+01,1.66E+09,2.58E+09,9.17E+08,9.45E+01,9.65E-02,9.45E-03,0.00E+00,0.00E+00,0.00E+00,1.18E+01,2.24E+00,1.73E+01,3.53E+04,1.96E+06,1.91E+07,3.38E+05,3.31E+06,1.01E+00,0.00E+00,2.34E-01,1.00E+02,9.94E+06,9.73E+07,1.00E+00,4.89E+00,0.00E+00,0.00E+00,6.06E+01,4.40E+01,0.00E+00,5.66E+01,8.17E+00,0.00E+00,9.94E+06,9.73E+07,1.97E+06,1.93E+07,6.48E+01,5.45E+00,6.81E+01,0.00E+00,9.65E-02,0.00E+00,9.45E-03,0.00E+00,0.00E+00,0.00E+00,0.00E+00
816765430000,1.02E-01,9.78E+00,6.50E+08,2.32E+01,1.49E+09,2.41E+09,9.20E+08,9.54E+01,9.75E-02,9.54E-03,0.00E+00,0.00E+00,0.00E+00,1.12E+01,2.71E+00,1.93E+01,3.03E+04,1.87E+06,1.83E+07,3.60E+05,3.52E+06,1.01E+00,0.00E+00,2.22E-01,1.00E+02,9.43E+06,9.22E+07,1.00E+00,4.72E+00,0.00E+00,0.00E+00,6.06E+01,4.40E+01,0.00E+00,5.37E+01,7.79E+00,0.00E+00,9.43E+06,9.22E+07,1.88E+06,1.84E+07,6.15E+01,6.98E+00,6.91E+01,0.00E+00,9.75E-02,0.00E+00,9.54E-03,0.00E+00,0.00E+00,0.00E+00,0.00E+00
816765440000,1.02E-01,9.78E+00,6.50E+08,2.67E+01,1.59E+09,2.78E+09,1.20E+09,9.72E+01,9.93E-02,9.72E-03,0.00E+00,0.00E+00,0.00E+00,2.79E+00,3.62E+00,6.52E+00,7.96E+04,4.63E+05,4.53E+06,3.02E+04,2.95E+05,1.00E+00,4.19E+00,7.00E-01,1.00E+02,1.26E+07,1.23E+08,1.13E+00,1.18E+01,0.00E+00,0.00E+00,2.18E+01,4.39E+01,0.00E+00,2.92E+01,1.91E+00,0.00E+00,1.43E+07,1.39E+08,4.63E+05,4.53E+06,3.11E+01,1.98E+00,7.76E+01,0.00E+00,9.93E-02,0.00E+00,9.72E-03,0.00E+00,0.00E+00,0.00E+00,0.00E+00
816765450000,1.02E-01,9.78E+00,6.50E+08,3.01E+01,1.78E+09,3.13E+09,1.35E+09,9.69E+01,9.91E-02,9.69E-03,0.00E+00,0.00E+00,0.00E+00,1.07E+00,2.09E+00,3.61E+01,5.84E+03,1.78E+05,1.74E+06,6.41E+04,6.27E+05,1.01E+00,1.81E+01,9.18E-01,1.00E+02,1.36E+07,1.33E+08,1.18E+00,1.47E+01,0.00E+00,0.00E+00,9.50E+00,4.63E+01,0.00E+00,1.43E+01,7.85E-01,0.00E+00,1.60E+07,1.56E+08,1.80E+05,1.76E+06,1.51E+01,3.30E-04,8.37E+01,0.00E+00,9.91E-02,0.00E+00,9.69E-03,0.00E+00,0.00E+00,0.00E+00,0.00E+00
816765460000,1.02E-01,9.78E+00,6.50E+08,2.88E+01,1.83E+09,3.00E+09,1.17E+09,8.90E+01,9.10E-02,8.90E-03,7.57E+00,7.73E-03,7.57E-04,1.77E+01,2.09E+00,3.61E+01,5.84E+03,2.94E+06,2.87E+07,1.06E+06,1.04E+07,1.01E+00,2.48E+01,5.21E-01,1.00E+02,8.14E+06,7.97E+07,1.02E+00,5.52E+00,0.00E+00,0.00E+00,1.13E+01,4.63E+01,0.00E+00,8.89E+00,1.30E+01,0.00E+00,8.33E+06,8.15E+07,2.98E+06,2.91E+07,2.19E+01,1.41E-04,5.60E+01,0.00E+00,9.10E-02,0.00E+00,8.90E-03,0.00E+00,7.73E-03,0.00E+00,7.57E-04
816765470000,1.02E-01,9.78E+00,6.50E+08,2.88E+01,1.83E+09,3.00E+09,1.17E+09,0.00E+00,0.00E+00,0.00E+00,1.00E+02,1.02E-01,1.00E-02,1.77E+01,2.09E+00,3.61E+01,5.84E+03,2.94E+06,2.87E+07,1.06E+06,1.04E+07,1.01E+00,2.48E+01,5.21E-01,1.00E+02,8.14E+06,7.97E+07,1.02E+00,5.52E+00,0.00E+00,0.00E+00,1.13E+01,4.63E+01,0.00E+00,8.89E+00,1.30E+01,0.00E+00,8.33E+06,8.15E+07,2.98E+06,2.91E+07,2.19E+01,1.41E-04,5.60E+01,0.00E+00,0.00E+00,0.00E+00,0.00E+00,0.00E+00,1.02E-01,0.00E+00,1.00E-02
816765480000,1.02E-01,9.78E+00,6.50E+08,2.50E+01,1.47E+09,2.60E+09,1.13E+09,3.26E+01,3.33E-02,3.26E-03,7.86E+01,8.04E-02,7.86E-03,1.17E+01,2.09E+00,3.61E+01,3.81E+03,1.95E+06,1.91E+07,7.03E+05,6.88E+06,1.01E+00,0.00E+00,4.40E-01,1.00E+02,9.39E+06,9.19E+07,1.01E+00,5.65E+00,0.00E+00,0.00E+00,3.20E+01,4.63E+01,0.00E+00,2.86E+01,8.61E+00,0.00E+00,9.52E+06,9.31E+07,1.98E+06,1.93E+07,3.72E+01,5.94E-01,5.44E+01,0.00E+00,3.33E-02,0.00E+00,3.26E-03,0.00E+00,8.04E-02,0.00E+00,7.86E-03
816765490000,1.02E-01,9.78E+00,6.50E+08,1.72E+01,6.97E+08,1.79E+09,1.10E+09,9.49E+01,9.70E-02,9.49E-03,2.50E+01,2.55E-02,2.50E-03,3.72E-03,3.29E+02,1.00E+02,1.43E+00,6.18E+02,6.04E+03,6.18E+02,6.04E+03,2.00E+00,0.00E+00,2.89E-01,1.00E+02,1.23E+07,1.20E+08,1.00E+00,6.05E+00,0.00E+00,0.00E+00,6.06E+01,6.01E+01,0.00E+00,6.99E+01,6.98E-03,0.00E+00,1.23E+07,1.20E+08,1.24E+03,1.21E+04,6.99E+01,9.74E-01,5.05E+01,0.00E+00,9.70E-02,0.00E+00,9.49E-03,0.00E+00,2.55E-02,0.00E+00,2.50E-03
816765500000,1.02E-01,9.78E+00,6.50E+08,2.26E+01,1.23E+09,2.35E+09,1.12E+09,9.51E+01,9.72E-02,9.51E-03,4.69E+00,4.79E-03,4.69E-04,5.85E+00,1.83E+00,5.91E+01,6.95E+03,9.72E+05,9.51E+06,5.75E+05,5.62E+06,1.01E+00,0.00E+00,2.62E-01,1.00E+02,1.11E+07,1.09E+08,1.00E+00,5.49E+00,0.00E+00,0.00E+00,6.06E+01,4.40E+01,0.00E+00,6.34E+01,4.08E+00,0.00E+00,1.11E+07,1.09E+08,9.84E+05,9.62E+06,6.75E+01,3.17E+00,5.95E+01,0.00E+00,9.72E-02,0.00E+00,9.51E-03,0.00E+00,4.79E-03,0.00E+00,4.69E-04
816765510000,1.02E-01,9.78E+00,6.50E+08,2.76E+01,1.51E+09,2.87E+09,1.36E+09,7.01E+01,7.16E-02,7.01E-03,0.00E+00,0.00E+00,0.00E+00,1.12E+01,2.08E+00,7.25E+01,3.12E+04,1.87E+06,1.83E+07,1.35E+06,1.32E+07,1.01E+00,0.00E+00,2.43E-01,1.00E+02,1.03E+07,1.01E+08,1.00E+00,5.23E+00,0.00E+00,0.00E+00,6.06E+01,4.40E+01,0.00E+00,5.89E+01,7.79E+00,0.00E+00,1.03E+07,1.01E+08,1.88E+06,1.84E+07,6.67E+01,3.78E+00,6.60E+01,0.00E+00,7.16E-02,0.00E+00,7.01E-03,0.00E+00,0.00E+00,0.00E+00,0.00E+00
816765520000,1.02E-01,9.78E+00,6.50E+08,2.47E+01,1.63E+09,2.57E+09,9.44E+08,9.60E+01,9.82E-02,9.60E-03,0.00E+00,0.00E+00,0.00E+00,1.22E+01,2.27E+00,1.64E+01,3.44E+04,2.03E+06,1.98E+07,3.33E+05,3.26E+06,1.01E+00,0.00E+00,2.42E-01,1.00E+02,1.03E+07,1.01E+08,1.00E+00,5.09E+00,0.00E+00,0.00E+00,6.06E+01,4.40E+01,0.00E+00,5.87E+01,8.46E+00,0.00E+00,1.03E+07,1.01E+08,2.04E+06,2.00E+07,6.72E+01,4.02E+00,6.68E+01,0.00E+00,9.82E-02,0.00E+00,9.60E-03,0.00E+00,0.00E+00,0.00E+00,0.00E+00
816765530000,1.02E-01,9.78E+00,6.50E+08,2.51E+01,1.65E+09,2.61E+09,9.59E+08,9.51E+01,9.72E-02,9.51E-03,0.00E+00,0.00E+00,0.00E+00,1.18E+01,2.59E+00,1.57E+01,3.36E+04,1.96E+06,1.92E+07,3.07E+05,3.00E+06,1.01E+00,0.00E+00,2.43E-01,1.00E+02,1.03E+07,1.01E+08,1.00E+00,5.09E+00,0.00E+00,0.00E+00,6.06E+01,4.40E+01,0.00E+00,5.88E+01,8.18E+00,0.00E+00,1.03E+07,1.01E+08,1.98E+06,1.93E+07,6.70E+01,4.19E+00,6.63E+01,0.00E+00,9.72E-02,0.00E+00,9.51E-03,0.00E+00,0.00E+00,0.00E+00,0.00E+00
816765540000,1.02E-01,9.78E+00,6.50E+08,3.11E+01,1.91E+09,3.23E+09,1.32E+09,9.76E+01,9.98E-02,9.76E-03,0.00E+00,0.00E+00,0.00E+00,5.16E+00,2.89E+00,1.39E+01,4.41E+04,8.57E+05,8.38E+06,1.19E+05,1.16E+06,1.01E+00,5.99E+00,7.66E-01,1.00E+02,1.34E+07,1.31E+08,1.14E+00,1.23E+01,0.00E+00,0.00E+00,2.04E+01,4.40E+01,0.00E+00,2.93E+01,3.57E+00,0.00E+00,1.53E+07,1.50E+08,8.63E+05,8.44E+06,3.29E+01,1.38E+00,8.09E+01,0.00E+00,9.98E-02,0.00E+00,9.76E-03,0.00E+00,0.00E+00,0.00E+00,0.00E+00
816765550000,1.02E-01,9.78E+00,6.50E+08,3.32E+01,2.03E+09,3.46E+09,1.43E+09,9.70E+01,9.91E-02,9.70E-03,0.00E+00,0.00E+00,0.00E+00,5.14E+00,2.22E+00,2.59E+01,7.95E+03,8.53E+05,8.35E+06,2.21E+05,2.16E+06,1.01E+00,1.86E+01,9.21E-01,1.00E+02,1.37E+07,1.34E+08,1.17E+00,1.37E+01,0.00E+00,0.00E+00,9.64E+00,4.56E+01,0.00E+00,1.45E+01,3.70E+00,0.00E+00,1.59E+07,1.56E+08,8.61E+05,8.43E+06,1.82E+01,1.17E-03,8.13E+01,0.00E+00,9.91E-02,0.00E+00,9.70E-03,0.00E+00,0.00E+00,0.00E+00,0.00E+00
816765560000,1.02E-01,9.78E+00,6.50E+08,3.00E+01,1.90E+09,3.12E+09,1.22E+09,7.27E+01,7.43E-02,7.27E-03,2.42E+01,2.48E-02,2.42E-03,1.84E+01,2.09E+00,3.61E+01,5.84E+03,3.06E+06,2.99E+07,1.10E+06,1.08E+07,1.01E+00,2.48E+01,5.44E-01,1.00E+02,8.49E+06,8.31E+07,1.02E+00,5.61E+00,0.00E+00,0.00E+00,1.13E+01,4.63E+01,0.00E+00,9.27E+00,1.35E+01,0.00E+00,8.69E+06,8.50E+07,3.10E+06,3.04E+07,2.28E+01,2.74E-03,5.53E+01,0.00E+00,7.43E-02,0.00E+00,7.27E-03,0.00E+00,2.48E-02,0.00E+00,2.42E-03
816765570000,1.02E-01,9.78E+00,6.50E+08,3.00E+01,1.90E+09,3.12E+09,1.22E+09,0.00E+00,0.00E+00,0.00E+00,1.00E+02,1.02E-01,1.00E-02,1.84E+01,2.09E+00,3.61E+01,5.84E+03,3.06E+06,2.99E+07,1.10E+06,1.08E+07,1.01E+00,2.48E+01,5.44E-01,1.00E+02,8.49E+06,8.31E+07,1.02E+00,5.61E+00,0.00E+00,0.00E+00,1.13E+01,4.63E+01,0.00E+00,9.27E+00,1.35E+01,0.00E+00,8.69E+06,8.50E+07,3.10E+06,3.04E+07,2.28E+01,2.74E-03,5.53E+01,0.00E+00,0.00E+00,0.00E+00,0.00E+00,0.00E+00,1.02E-01,0.00E+00,1.00E-02
816765580000,1.02E-01,9.78E+00,6.50E+08,2.20E+01,1.20E+09,2.29E+09,1.09E+09,5.58E+01,5.70E-02,5.58E-03,6.58E+01,6.73E-02,6.58E-03,7.71E+00,2.09E+00,3.61E+01,2.85E+03,1.28E+06,1.25E+07,4.62E+05,4.52E+06,1.01E+00,0.00E+00,3.85E-01,1.00E+02,1.03E+07,1.00E+08,1.01E+00,5.69E+00,0.00E+00,0.00E+00,4.33E+01,4.63E+01,0.00E+00,4.21E+01,5.66E+00,0.00E+00,1.03E+07,1.01E+08,1.30E+06,1.27E+07,4.78E+01,1.61E+00,5.35E+01,0.00E+00,5.70E-02,0.00E+00,5.58E-03,0.00E+00,6.73E-02,0.00E+00,6.58E-03
816765590000,9.77E-02,1.02E+01,6.50E+08,1.53E+01,6.04E+08,1.59E+09,9.87E+08,9.54E+01,9.32E-02,9.54E-03,1.15E+01,1.12E-02,1.15E-03,1.78E-03,3.56E+02,1.00E+02,1.49E+00,2.83E+02,2.89E+03,2.83E+02,2.89E+03,2.00E+00,0.00E+00,2.75E-01,1.00E+02,1.12E+07,1.14E+08,1.00E+00,5.78E+00,0.00E+00,0.00E+00,6.06E+01,6.11E+01,0.00E+00,6.67E+01,3.40E-03,0.00E+00,1.12E+07,1.14E+08,5.66E+02,5.79E+03,6.67E+01,2.56E+00,5.22E+01,0.00E+00,9.32E-02,0.00E+00,9.54E-03,0.00E+00,1.12E-02,0.00E+00,1.15E-03
816765600000,9.52E-02,1.05E+01,6.50E+08,1.53E+01,6.06E+08,1.59E+09,9.84E+08,9.41E+01,8.95E-02,9.41E-03,1.51E+01,1.44E-02,1.51E-03,2.34E-03,3.63E+02,1.00E+02,1.50E+00,3.62E+02,3.80E+03,3.62E+02,3.80E+03,2.00E+00,0.00E+00,2.70E-01,1.00E+02,1.07E+07,1.13E+08,1.00E+00,5.69E+00,0.00E+00,0.00E+00,6.06E+01,6.13E+01,0.00E+00,6.55E+01,4.49E-03,0.00E+00,1.07E+07,1.13E+08,7.24E+02,7.61E+03,6.55E+01,2.85E+00,5.21E+01,0.00E+00,8.95E-02,0.00E+00,9.41E-03,0.00E+00,1.44E-02,0.00E+00,1.51E-03
816765610000,9.52E-02,1.05E+01,6.50E+08,2.46E+01,1.36E+09,2.55E+09,1.19E+09,9.39E+01,8.94E-02,9.39E-03,7.55E+01,7.18E-02,7.55E-03,8.33E+00,1.83E+00,7.10E+01,2.02E+04,1.29E+06,1.35E+07,9.14E+05,9.60E+06,1.01E+00,0.00E+00,2.43E-01,1.00E+02,9.62E+06,1.01E+08,1.00E+00,5.15E+00,0.00E+00,0.00E+00,6.06E+01,4.40E+01,0.00E+00,5.89E+01,5.78E+00,0.00E+00,9.62E+06,1.01E+08,1.30E+06,1.37E+07,6.47E+01,4.64E+00,6.38E+01,0.00E+00,8.94E-02,0.00E+00,9.39E-03,0.00E+00,7.18E-02,0.00E+00,7.55E-03
816765620000,9.52E-02,1.05E+01,6.50E+08,2.58E+01,1.50E+09,2.69E+09,1.19E+09,9.56E+01,9.09E-02,9.56E-03,1.00E+02,9.52E-02,1.00E-02,1.11E+01,2.13E+00,5.27E+01,3.13E+04,1.71E+06,1.80E+07,9.02E+05,9.48E+06,1.01E+00,0.00E+00,2.38E-01,1.00E+02,9.40E+06,9.88E+07,1.00E+00,5.08E+00,0.00E+00,0.00E+00,6.06E+01,4.40E+01,0.00E+00,5.75E+01,7.68E+00,0.00E+00,9.40E+06,9.88E+07,1.73E+06,1.81E+07,6.52E+01,4.60E+00,6.67E+01,0.00E+00,9.09E-02,0.00E+00,9.56E-03,0.00E+00,9.52E-02,0.00E+00,1.00E-02
816765630000,9.52E-02,1.05E+01,6.50E+08,2.43E+01,1.61E+09,2.53E+09,9.20E+08,9.45E+01,9.00E-02,9.45E-03,1.00E+02,9.52E-02,1.00E-02,1.18E+01,2.31E+00,1.64E+01,3.35E+04,1.83E+06,1.92E+07,3.01E+05,3.16E+06,1.01E+00,0.00E+00,2.36E-01,1.00E+02,9.35E+06,9.83E+07,1.00E+00,4.96E+00,0.00E+00,0.00E+00,6.06E+01,4.40E+01,0.00E+00,5.72E+01,8.21E+00,0.00E+00,9.35E+06,9.83E+07,1.85E+06,1.94E+07,6.54E+01,4.93E+00,6.77E+01,0.00E+00,9.00E-02,0.00E+00,9.45E-03,0.00E+00,9.52E-02,0.00E+00,1.00E-02
816765640000,9.52E-02,1.05E+01,6.50E+08,3.57E+01,2.36E+09,3.72E+09,1.36E+09,1.16E+01,1.10E-02,1.16E-03,7.06E+01,6.72E-02,7.06E-03,9.41E+00,2.74E+00,1.42E+01,3.69E+04,1.45E+06,1.53E+07,2.06E+05,2.17E+06,1.01E+00,1.36E+01,8.20E-01,1.00E+02,1.20E+07,1.26E+08,1.17E+00,1.31E+01,0.00E+00,0.00E+00,1.36E+01,4.40E+01,0.00E+00,1.93E+01,6.51E+00,0.00E+00,1.40E+07,1.47E+08,1.46E+06,1.54E+07,2.58E+01,9.55E-01,8.96E+01,0.00E+00,1.10E-02,0.00E+00,1.16E-03,0.00E+00,6.72E-02,0.00E+00,7.06E-03
816765650000,9.52E-02,1.05E+01,6.50E+08,3.61E+01,2.35E+09,3.76E+09,1.40E+09,2.15E+01,2.05E-02,2.15E-03,0.00E+00,0.00E+00,0.00E+00,1.12E+01,2.38E+00,2.36E+01,1.26E+04,1.73E+06,1.82E+07,4.08E+05,4.29E+06,1.01E+00,1.88E+01,8.32E-01,1.00E+02,1.15E+07,1.21E+08,1.16E+00,1.26E+01,0.00E+00,0.00E+00,9.69E+00,4.48E+01,0.00E+00,1.31E+01,7.90E+00,0.00E+00,1.34E+07,1.41E+08,1.75E+06,1.83E+07,2.10E+01,1.23E-03,8.43E+01,0.00E+00,2.05E-02,0.00E+00,2.15E-03,0.00E+00,0.00E+00,0.00E+00,0.00E+00
816765660000,9.52E-02,1.05E+01,6.50E+08,3.03E+01,1.92E+09,3.15E+09,1.23E+09,7.35E+01,6.99E-02,7.35E-03,2.33E+01,2.22E-02,2.33E-03,1.86E+01,2.09E+00,3.61E+01,5.84E+03,2.87E+06,3.02E+07,1.04E+06,1.09E+07,1.01E+00,2.48E+01,5.48E-01,1.00E+02,7.97E+06,8.37E+07,1.02E+00,5.81E+00,0.00E+00,0.00E+00,1.13E+01,4.63E+01,0.00E+00,9.34E+00,1.36E+01,0.00E+00,8.15E+06,8.56E+07,2.91E+06,3.06E+07,2.30E+01,2.67E-03,5.39E+01,0.00E+00,6.99E-02,0.00E+00,7.35E-03,0.00E+00,2.22E-02,0.00E+00,2.33E-03
816765670000,9.52E-02,1.05E+01,6.50E+08,3.03E+01,1.92E+09,3.15E+09,1.23E+09,0.00E+00,0.00E+00,0.00E+00,1.00E+02,9.52E-02,1.00E-02,1.86E+01,2.09E+00,3.61E+01,5.84E+03,2.87E+06,3.02E+07,1.04E+06,1.09E+07,1.01E+00,2.48E+01,5.48E-01,1.00E+02,7.97E+06,8.37E+07,1.02E+00,5.81E+00,0.00E+00,0.00E+00,1.13E+01,4.63E+01,0.00E+00,9.34E+00,1.36E+01,0.00E+00,8.15E+06,8.56E+07,2.91E+06,3.06E+07,2.30E+01,2.67E-03,5.39E+01,0.00E+00,0.00E+00,0.00E+00,0.00E+00,0.00E+00,9.52E-02,0.00E+00,1.00E-02
816765680000,9.54E-02,1.05E+01,6.50E+08,2.19E+01,1.17E+09,2.27E+09,1.10E+09,6.00E+01,5.73E-02,6.00E-03,6.30E+01,6.01E-02,6.30E-03,7.01E+00,2.19E+00,3.61E+01,2.27E+03,1.09E+06,1.14E+07,3.93E+05,4.11E+06,1.01E+00,0.00E+00,3.75E-01,1.00E+02,9.69E+06,1.02E+08,1.01E+00,5.73E+00,0.00E+00,0.00E+00,4.50E+01,4.63E+01,0.00E+00,4.43E+01,5.15E+00,0.00E+00,9.76E+06,1.02E+08,1.10E+06,1.16E+07,4.94E+01,1.54E+00,5.22E+01,0.00E+00,5.73E-02,0.00E+00,6.00E-03,0.00E+00,6.01E-02,0.00E+00,6.30E-03
816765690000,9.75E-02,1.03E+01,6.50E+08,1.72E+01,6.98E+08,1.79E+09,1.09E+09,8.97E+01,8.74E-02,8.97E-03,2.10E+01,2.05E-02,2.10E-03,2.32E-01,8.05E+00,7.93E+01,1.01E+02,3.68E+04,3.77E+05,2.92E+04,2.99E+05,1.04E+00,0.00E+00,2.87E-01,1.00E+02,1.16E+07,1.19E+08,1.00E+00,6.00E+00,0.00E+00,0.00E+00,6.06E+01,4.46E+01,0.00E+00,6.95E+01,1.69E-01,0.00E+00,1.16E+07,1.19E+08,3.83E+04,3.93E+05,6.97E+01,1.16E+00,5.13E+01,0.00E+00,8.74E-02,0.00E+00,8.97E-03,0.00E+00,2.05E-02,0.00E+00,2.10E-03
816765700000,9.75E-02,1.03E+01,6.50E+08,2.71E+01,1.50E+09,2.82E+09,1.31E+09,7.77E+01,7.57E-02,7.77E-03,8.85E+01,8.63E-02,8.85E-03,1.00E+01,1.93E+00,7.53E+01,2.25E+04,1.58E+06,1.63E+07,1.19E+06,1.22E+07,1.01E+00,0.00E+00,2.44E-01,1.00E+02,9.91E+06,1.02E+08,1.00E+00,5.21E+00,0.00E+00,0.00E+00,6.06E+01,4.40E+01,0.00E+00,5.92E+01,6.94E+00,0.00E+00,9.91E+06,1.02E+08,1.60E+06,1.64E+07,6.62E+01,4.19E+00,6.60E+01,0.00E+00,7.57E-02,0.00E+00,7.77E-03,0.00E+00,8.63E-02,0.00E+00,8.85E-03
816765710000,9.75E-02,1.03E+01,6.50E+08,2.52E+01,1.54E+09,2.62E+09,1.09E+09,9.58E+01,9.34E-02,9.58E-03,1.00E+02,9.75E-02,1.00E-02,1.14E+01,2.15E+00,3.62E+01,3.18E+04,1.81E+06,1.85E+07,6.55E+05,6.72E+06,1.01E+00,0.00E+00,2.43E-01,1.00E+02,9.87E+06,1.01E+08,1.00E+00,5.13E+00,0.00E+00,0.00E+00,6.06E+01,4.40E+01,0.00E+00,5.90E+01,7.92E+00,0.00E+00,9.87E+06,1.01E+08,1.82E+06,1.87E+07,6.69E+01,3.95E+00,6.60E+01,0.00E+00,9.34E-02,0.00E+00,9.58E-03,0.00E+00,9.75E-02,0.00E+00,1.00E-02
816765720000,9.75E-02,1.03E+01,6.50E+08,2.46E+01,1.63E+09,2.56E+09,9.29E+08,9.50E+01,9.26E-02,9.50E-03,1.00E+02,9.75E-02,1.00E-02,1.18E+01,2.23E+00,1.69E+01,3.45E+04,1.87E+06,1.92E+07,3.16E+05,3.24E+06,1.01E+00,0.00E+00,2.38E-01,1.00E+02,9.64E+06,9.89E+07,1.00E+00,5.01E+00,0.00E+00,0.00E+00,6.06E+01,4.40E+01,0.00E+00,5.76E+01,8.17E+00,0.00E+00,9.64E+06,9.89E+07,1.88E+06,1.93E+07,6.58E+01,4.84E+00,6.73E+01,0.00E+00,9.26E-02,0.00E+00,9.50E-03,0.00E+00,9.75E-02,0.00E+00,1.00E-02
816765730000,9.75E-02,1.03E+01,6.50E+08,2.41E+01,1.55E+09,2.51E+09,9.57E+08,9.41E+01,9.17E-02,9.41E-03,1.00E+02,9.75E-02,1.00E-02,1.16E+01,2.65E+00,1.89E+01,3.17E+04,1.84E+06,1.89E+07,3.48E+05,3.57E+06,1.01E+00,0.00E+00,2.33E-01,1.00E+02,9.46E+06,9.71E+07,1.00E+00,4.95E+00,0.00E+00,0.00E+00,6.06E+01,4.40E+01,0.00E+00,5.65E+01,8.07E+00,0.00E+00,9.46E+06,9.71E+07,1.86E+06,1.91E+07,6.46E+01,5.08E+00,6.77E+01,0.00E+00,9.17E-02,0.00E+00,9.41E-03,0.00E+00,9.75E-02,0.00E+00,1.00E-02
816765740000,9.75E-02,1.03E+01,6.50E+08,3.13E+01,1.89E+09,3.26E+09,1.37E+09,1.36E+01,1.32E-02,1.36E-03,2.08E+01,2.03E-02,2.08E-03,2.32E+00,3.89E+00,6.46E+00,6.71E+04,3.67E+05,3.76E+06,2.37E+04,2.43E+05,1.00E+00,1.31E+01,8.85E-01,1.00E+02,1.34E+07,1.37E+08,1.17E+00,1.41E+01,0.00E+00,0.00E+00,1.41E+01,4.40E+01,0.00E+00,2.18E+01,1.60E+00,0.00E+00,1.56E+07,1.60E+08,3.68E+05,3.77E+06,2.34E+01,6.99E-01,8.35E+01,0.00E+00,1.32E-02,0.00E+00,1.36E-03,0.00E+00,2.03E-02,0.00E+00,2.08E-03
816765750000,9.75E-02,1.03E+01,6.50E+08,3.20E+01,1.94E+09,3.33E+09,1.38E+09,3.43E+01,3.34E-02,3.43E-03,0.00E+00,0.00E+00,0.00E+00,6.91E+00,2.11E+00,3.42E+01,6.24E+03,1.09E+06,1.12E+07,3.74E+05,3.84E+06,1.01E+00,1.94E+01,8.46E-01,1.00E+02,1.21E+07,1.24E+08,1.15E+00,1.23E+01,0.00E+00,0.00E+00,9.84E+00,4.62E+01,0.00E+00,1.34E+01,5.05E+00,0.00E+00,1.38E+07,1.42E+08,1.11E+06,1.14E+07,1.85E+01,1.32E-03,7.52E+01,0.00E+00,3.34E-02,0.00E+00,3.43E-03,0.00E+00,0.00E+00,0.00E+00,0.00E+00
816765760000,9.75E-02,1.03E+01,6.50E+08,3.08E+01,1.95E+09,3.20E+09,1.25E+09,5.92E+01,5.77E-02,5.92E-03,3.77E+01,3.68E-02,3.77E-03,1.89E+01,2.09E+00,3.61E+01,5.84E+03,2.99E+06,3.07E+07,1.08E+06,1.11E+07,1.01E+00,2.48E+01,5.57E-01,1.00E+02,8.30E+06,8.52E+07,1.02E+00,5.76E+00,0.00E+00,0.00E+00,1.13E+01,4.63E+01,0.00E+00,9.50E+00,1.39E+01,0.00E+00,8.49E+06,8.71E+07,3.04E+06,3.11E+07,2.34E+01,2.35E-03,5.38E+01,0.00E+00,5.77E-02,0.00E+00,5.92E-03,0.00E+00,3.68E-02,0.00E+00,3.77E-03
816765770000,9.75E-02,1.03E+01,6.50E+08,3.08E+01,1.95E+09,3.20E+09,1.25E+09,0.00E+00,0.00E+00,0.00E+00,1.00E+02,9.75E-02,1.00E-02,1.89E+01,2.09E+00,3.61E+01,5.84E+03,2.99E+06,3.07E+07,1.08E+06,1.11E+07,1.01E+00,2.48E+01,5.57E-01,1.00E+02,8.30E+06,8.52E+07,1.02E+00,5.76E+00,0.00E+00,0.00E+00,1.13E+01,4.63E+01,0.00E+00,9.50E+00,1.39E+01,0.00E+00,8.49E+06,8.71E+07,3.04E+06,3.11E+07,2.34E+01,2.35E-03,5.38E+01,0.00E+00,0.00E+00,0.00E+00,0.00E+00,0.00E+00,9.75E-02,0.00E+00,1.00E-02
816765780000,9.79E-02,1.02E+01,6.50E+08,2.04E+01,9.95E+08,2.13E+09,1.13E+09,7.63E+01,7.47E-02,7.63E-03,4.95E+01,4.84E-02,4.95E-03,3.89E+00,2.60E+00,3.61E+01,1.14E+03,6.19E+05,6.32E+06,2.24E+05,2.29E+06,1.02E+00,0.00E+00,3.39E-01,1.00E+02,1.08E+07,1.11E+08,1.00E+00,5.91E+00,0.00E+00,0.00E+00,5.26E+01,4.63E+01,0.00E+00,5.62E+01,2.86E+00,0.00E+00,1.09E+07,1.11E+08,6.28E+05,6.42E+06,5.91E+01,1.10E+00,5.13E+01,0.00E+00,7.47E-02,0.00E+00,7.63E-03,0.00E+00,4.84E-02,0.00E+00,4.95E-03
816765790000,9.86E-02,1.01E+01,6.50E+08,1.93E+01,9.21E+08,2.01E+09,1.09E+09,7.51E+01,7.40E-02,7.51E-03,3.64E+01,3.59E-02,3.64E-03,2.45E+00,2.28E+00,6.45E+01,1.47E+03,3.92E+05,3.98E+06,2.53E+05,2.57E+06,1.02E+00,0.00E+00,2.74E-01,1.00E+02,1.12E+07,1.14E+08,1.00E+00,5.73E+00,0.00E+00,0.00E+00,6.06E+01,4.42E+01,0.00E+00,6.63E+01,1.72E+00,0.00E+00,1.12E+07,1.14E+08,3.99E+05,4.04E+06,6.80E+01,2.19E+00,5.40E+01,0.00E+00,7.40E-02,0.00E+00,7.51E-03,0.00E+00,3.59E-02,0.00E+00,3.64E-03
816765800000,9.86E-02,1.01E+01,6.50E+08,2.82E+01,1.55E+09,2.93E+09,1.38E+09,9.42E+01,9.29E-02,9.42E-03,1.00E+02,9.86E-02,1.00E-02,1.09E+01,1.98E+00,7.99E+01,3.51E+04,1.75E+06,1.77E+07,1.40E+06,1.41E+07,1.01E+00,0.00E+00,2.42E-01,1.00E+02,9.92E+06,1.01E+08,1.00E+00,5.18E+00,0.00E+00,0.00E+00,6.06E+01,4.40E+01,0.00E+00,5.85E+01,7.55E+00,0.00E+00,9.92E+06,1.01E+08,1.76E+06,1.78E+07,6.61E+01,4.08E+00,6.59E+01,0.00E+00,9.29E-02,0.00E+00,9.42E-03,0.00E+00,9.86E-02,0.00E+00,1.00E-02
816765810000,9.86E-02,1.01E+01,6.50E+08,2.42E+01,1.56E+09,2.52E+09,9.58E+08,9.50E+01,9.37E-02,9.50E-03,1.00E+02,9.86E-02,1.00E-02,1.21E+01,2.13E+00,2.02E+01,3.39E+04,1.94E+06,1.97E+07,3.92E+05,3.98E+06,1.01E+00,0.00E+00,2.40E-01,1.00E+02,9.85E+06,9.99E+07,1.00E+00,5.05E+00,0.00E+00,0.00E+00,6.06E+01,4.40E+01,0.00E+00,5.82E+01,8.39E+00,0.00E+00,9.85E+06,9.99E+07,1.96E+06,1.98E+07,6.66E+01,4.26E+00,6.72E+01,0.00E+00,9.37E-02,0.00E+00,9.50E-03,0.00E+00,9.86E-02,0.00E+00,1.00E-02
816765820000,9.86E-02,1.01E+01,6.50E+08,2.37E+01,1.59E+09,2.46E+09,8.70E+08,9.37E+01,9.24E-02,9.37E-03,1.00E+02,9.86E-02,1.00E-02,1.11E+01,2.37E+00,1.69E+01,3.23E+04,1.78E+06,1.81E+07,3.00E+05,3.04E+06,1.01E+00,0.00E+00,2.22E-01,1.00E+02,9.10E+06,9.23E+07,1.00E+00,4.69E+00,0.00E+00,0.00E+00,6.06E+01,4.40E+01,0.00E+00,5.38E+01,7.70E+00,0.00E+00,9.10E+06,9.23E+07,1.79E+06,1.82E+07,6.15E+01,7.28E+00,6.92E+01,0.00E+00,9.24E-02,0.00E+00,9.37E-03,0.00E+00,9.86E-02,0.00E+00,1.00E-02
816765830000,9.86E-02,1.01E+01,6.50E+08,2.43E+01,1.55E+09,2.53E+09,9.80E+08,9.63E+01,9.50E-02,9.63E-03,9.70E+01,9.57E-02,9.70E-03,1.12E+01,3.04E+00,1.44E+01,3.73E+04,1.79E+06,1.82E+07,2.59E+05,2.63E+06,1.01E+00,0.00E+00,2.46E-01,1.00E+02,1.01E+07,1.02E+08,1.00E+00,5.19E+00,0.00E+00,0.00E+00,6.06E+01,4.40E+01,0.00E+00,5.95E+01,7.74E+00,0.00E+00,1.01E+07,1.02E+08,1.80E+06,1.83E+07,6.72E+01,3.89E+00,6.50E+01,0.00E+00,9.50E-02,0.00E+00,9.63E-03,0.00E+00,9.57E-02,0.00E+00,9.70E-03
816765840000,9.86E-02,1.01E+01,6.50E+08,3.27E+01,1.92E+09,3.40E+09,1.48E+09,9.91E+01,9.77E-02,9.91E-03,0.00E+00,0.00E+00,0.00E+00,7.97E-02,6.23E+00,2.92E+00,,1.28E+04,1.29E+05,3.73E+02,3.78E+03,9.95E-01,1.75E+01,1.02E+00,1.00E+02,1.45E+07,1.48E+08,1.18E+00,1.65E+01,0.00E+00,0.00E+00,9.74E+00,4.40E+01,0.00E+00,1.63E+01,5.45E-02,0.00E+00,1.72E+07,1.75E+08,1.27E+04,1.29E+05,1.64E+01,2.73E-02,8.52E+01,0.00E+00,9.77E-02,0.00E+00,9.91E-03,0.00E+00,0.00E+00,0.00E+00,0.00E+00
816765850000,9.86E-02,1.01E+01,6.50E+08,3.17E+01,1.93E+09,3.29E+09,1.36E+09,9.69E+01,9.56E-02,9.69E-03,0.00E+00,0.00E+00,0.00E+00,9.83E+00,2.09E+00,3.61E+01,5.84E+03,1.58E+06,1.60E+07,5.69E+05,5.77E+06,1.01E+00,2.04E+01,7.79E-01,1.00E+02,1.13E+07,1.15E+08,1.12E+00,1.10E+01,0.00E+00,0.00E+00,1.01E+01,4.63E+01,0.00E+00,1.25E+01,7.22E+00,0.00E+00,1.27E+07,1.29E+08,1.60E+06,1.62E+07,1.98E+01,2.12E-04,6.88E+01,0.00E+00,9.56E-02,0.00E+00,9.69E-03,0.00E+00,0.00E+00,0.00E+00,0.00E+00
816765860000,9.86E-02,1.01E+01,6.50E+08,3.06E+01,1.94E+09,3.18E+09,1.25E+09,4.25E+01,4.19E-02,4.25E-03,5.44E+01,5.37E-02,5.44E-03,1.88E+01,2.09E+00,3.61E+01,5.84E+03,3.02E+06,3.06E+07,1.09E+06,1.10E+07,1.01E+00,2.48E+01,5.55E-01,1.00E+02,8.37E+06,8.48E+07,1.02E+00,5.82E+00,0.00E+00,0.00E+00,1.13E+01,4.63E+01,0.00E+00,9.46E+00,1.38E+01,0.00E+00,8.56E+06,8.68E+07,3.06E+06,3.10E+07,2.33E+01,9.02E-06,5.35E+01,0.00E+00,4.19E-02,0.00E+00,4.25E-03,0.00E+00,5.37E-02,0.00E+00,5.44E-03
816765870000,9.86E-02,1.01E+01,6.50E+08,3.06E+01,1.94E+09,3.18E+09,1.25E+09,0.00E+00,0.00E+00,0.00E+00,1.00E+02,9.86E-02,1.00E-02,1.88E+01,2.09E+00,3.61E+01,5.84E+03,3.02E+06,3.06E+07,1.09E+06,1.10E+07,1.01E+00,2.48E+01,5.55E-01,1.00E+02,8.37E+06,8.48E+07,1.02E+00,5.82E+00,0.00E+00,0.00E+00,1.13E+01,4.63E+01,0.00E+00,9.46E+00,1.38E+01,0.00E+00,8.56E+06,8.68E+07,3.06E+06,3.10E+07,2.33E+01,9.02E-06,5.35E+01,0.00E+00,0.00E+00,0.00E+00,0.00E+00,0.00E+00,9.86E-02,0.00E+00,1.00E-02
816765880000,1.01E-01,9.92E+00,6.50E+08,1.75E+01,7.53E+08,1.82E+09,1.06E+09,7.04E+01,7.10E-02,7.04E-03,3.38E+01,3.41E-02,3.38E-03,6.85E-01,4.53E+00,3.64E+01,2.57E+02,1.12E+05,1.11E+06,4.08E+04,4.05E+05,1.02E+00,0.00E+00,2.90E-01,1.00E+02,1.17E+07,1.16E+08,1.00E+00,5.91E+00,0.00E+00,0.00E+00,5.92E+01,4.64E+01,0.00E+00,6.58E+01,5.06E-01,0.00E+00,1.17E+07,1.16E+08,1.14E+05,1.13E+06,6.63E+01,1.81E+00,5.16E+01,0.00E+00,7.10E-02,0.00E+00,7.04E-03,0.00E+00,3.41E-02,0.00E+00,3.38E-03
816765890000,1.03E-01,9.69E+00,6.50E+08,1.76E+01,7.60E+08,1.83E+09,1.07E+09,9.57E+01,9.87E-02,9.57E-03,1.38E+01,1.42E-02,1.38E-03,1.08E+00,2.49E+00,8.24E+01,6.04E+02,1.81E+05,1.76E+06,1.49E+05,1.45E+06,1.02E+00,0.00E+00,2.78E-01,1.00E+02,1.19E+07,1.16E+08,1.00E+00,5.82E+00,0.00E+00,0.00E+00,6.06E+01,4.44E+01,0.00E+00,6.73E+01,7.66E-01,0.00E+00,1.19E+07,1.16E+08,1.85E+05,1.80E+06,6.81E+01,2.15E+00,5.35E+01,0.00E+00,9.87E-02,0.00E+00,9.57E-03,0.00E+00,1.42E-02,0.00E+00,1.38E-03
816765900000,1.03E-01,9.69E+00,6.50E+08,2.77E+01,1.54E+09,2.88E+09,1.34E+09,9.39E+01,9.69E-02,9.39E-03,0.00E+00,0.00E+00,0.00E+00,1.07E+01,2.01E+00,7.66E+01,3.11E+04,1.79E+06,1.74E+07,1.37E+06,1.33E+07,1.01E+00,0.00E+00,2.39E-01,1.00E+02,1.03E+07,9.94E+07,1.00E+00,5.13E+00,0.00E+00,0.00E+00,6.06E+01,4.40E+01,0.00E+00,5.79E+01,7.41E+00,0.00E+00,1.03E+07,9.94E+07,1.81E+06,1.75E+07,6.53E+01,4.39E+00,6.59E+01,0.00E+00,9.69E-02,0.00E+00,9.39E-03,0.00E+00,0.00E+00,0.00E+00,0.00E+00
816765910000,1.03E-01,9.69E+00,6.50E+08,2.45E+01,1.55E+09,2.54E+09,9.91E+08,9.46E+01,9.76E-02,9.46E-03,0.00E+00,0.00E+00,0.00E+00,1.20E+01,2.12E+00,2.50E+01,3.47E+04,2.00E+06,1.94E+07,5.01E+05,4.85E+06,1.01E+00,0.00E+00,2.39E-01,1.00E+02,1.03E+07,9.95E+07,1.00E+00,5.03E+00,0.00E+00,0.00E+00,6.06E+01,4.40E+01,0.00E+00,5.79E+01,8.29E+00,0.00E+00,1.03E+07,9.95E+07,2.02E+06,1.96E+07,6.62E+01,4.43E+00,6.72E+01,0.00E+00,9.76E-02,0.00E+00,9.46E-03,0.00E+00,0.00E+00,0.00E+00,0.00E+00
816765920000,1.03E-01,9.69E+00,6.50E+08,2.35E+01,1.55E+09,2.45E+09,8.93E+08,9.50E+01,9.80E-02,9.50E-03,0.00E+00,0.00E+00,0.00E+00,1.12E+01,2.20E+00,2.09E+01,3.02E+04,1.88E+06,1.82E+07,3.93E+05,3.81E+06,1.01E+00,0.00E+00,2.21E-01,1.00E+02,9.50E+06,9.21E+07,1.00E+00,4.68E+00,0.00E+00,0.00E+00,6.06E+01,4.40E+01,0.00E+00,5.36E+01,7.75E+00,0.00E+00,9.50E+06,9.21E+07,1.89E+06,1.83E+07,6.14E+01,7.03E+00,6.94E+01,0.00E+00,9.80E-02,0.00E+00,9.50E-03,0.00E+00,0.00E+00,0.00E+00,0.00E+00
816765930000,1.03E-01,9.69E+00,6.50E+08,2.59E+01,1.64E+09,2.69E+09,1.05E+09,9.45E+01,9.75E-02,9.45E-03,0.00E+00,0.00E+00,0.00E+00,1.01E+01,2.82E+00,1.74E+01,3.63E+04,1.69E+06,1.64E+07,2.94E+05,2.85E+06,1.01E+00,0.00E+00,3.58E-01,1.00E+02,1.10E+07,1.06E+08,1.04E+00,6.71E+00,0.00E+00,0.00E+00,4.82E+01,4.40E+01,0.00E+00,5.13E+01,6.98E+00,0.00E+00,1.14E+07,1.11E+08,1.70E+06,1.65E+07,5.82E+01,3.85E+00,7.01E+01,0.00E+00,9.75E-02,0.00E+00,9.45E-03,0.00E+00,0.00E+00,0.00E+00,0.00E+00
816765940000,1.03E-01,9.69E+00,6.50E+08,3.36E+01,2.04E+09,3.50E+09,1.45E+09,1.00E+02,1.03E-01,1.00E-02,0.00E+00,0.00E+00,0.00E+00,2.11E+00,6.62E+00,2.23E+00,5.18E+04,3.53E+05,3.43E+06,7.87E+03,7.63E+04,1.00E+00,1.78E+01,9.95E-01,1.00E+02,1.48E+07,1.44E+08,1.19E+00,1.57E+01,0.00E+00,0.00E+00,9.44E+00,4.40E+01,0.00E+00,1.54E+01,1.45E+00,0.00E+00,1.75E+07,1.70E+08,3.54E+05,3.43E+06,1.69E+01,3.71E-04,8.79E+01,0.00E+00,1.03E-01,0.00E+00,1.00E-02,0.00E+00,0.00E+00,0.00E+00,0.00E+00
816765950000,1.03E-01,9.69E+00,6.50E+08,3.13E+01,1.95E+09,3.25E+09,1.30E+09,9.69E+01,1.00E-01,9.69E-03,0.00E+00,0.00E+00,0.00E+00,1.26E+01,2.10E+00,3.41E+01,6.16E+03,2.12E+06,2.05E+07,7.21E+05,6.99E+06,1.01E+00,2.13E+01,7.04E-01,1.00E+02,1.08E+07,1.05E+08,1.10E+00,9.28E+00,0.00E+00,0.00E+00,1.03E+01,4.62E+01,0.00E+00,1.15E+01,9.23E+00,0.00E+00,1.19E+07,1.15E+08,2.14E+06,2.08E+07,2.07E+01,1.56E-03,6.66E+01,0.00E+00,1.00E-01,0.00E+00,9.69E-03,0.00E+00,0.00E+00,0.00E+00,0.00E+00
816765960000,1.03E-01,9.69E+00,6.50E+08,3.00E+01,1.90E+09,3.12E+09,1.22E+09,2.88E+01,2.97E-02,2.88E-03,6.77E+01,6.98E-02,6.77E-03,1.84E+01,2.09E+00,3.61E+01,5.84E+03,3.09E+06,2.99E+07,1.11E+06,1.08E+07,1.01E+00,2.48E+01,5.43E-01,1.00E+02,8.57E+06,8.30E+07,1.02E+00,5.73E+00,0.00E+00,0.00E+00,1.13E+01,4.63E+01,0.00E+00,9.26E+00,1.35E+01,0.00E+00,8.76E+06,8.49E+07,3.13E+06,3.04E+07,2.28E+01,2.22E-03,5.48E+01,0.00E+00,2.97E-02,0.00E+00,2.88E-03,0.00E+00,6.98E-02,0.00E+00,6.77E-03
816765970000,1.03E-01,9.69E+00,6.50E+08,2.96E+01,1.87E+09,3.08E+09,1.21E+09,2.99E+00,3.08E-03,2.99E-04,9.59E+01,9.89E-02,9.59E-03,1.79E+01,2.09E+00,3.61E+01,5.68E+03,3.00E+06,2.90E+07,1.08E+06,1.05E+07,1.01E+00,2.29E+01,5.35E-01,1.00E+02,8.66E+06,8.39E+07,1.02E+00,5.73E+00,0.00E+00,0.00E+00,1.33E+01,4.63E+01,0.00E+00,1.09E+01,1.31E+01,0.00E+00,8.85E+06,8.57E+07,3.04E+06,2.94E+07,2.41E+01,8.55E-02,5.47E+01,0.00E+00,3.08E-03,0.00E+00,2.99E-04,0.00E+00,9.89E-02,0.00E+00,9.59E-03
816765980000,1.02E-01,9.81E+00,6.50E+08,1.62E+01,6.71E+08,1.69E+09,1.02E+09,9.56E+01,9.75E-02,9.56E-03,2.94E+01,3.00E-02,2.94E-03,2.31E-03,1.55E+02,1.00E+02,1.17E+00,3.84E+02,3.76E+03,3.84E+02,3.76E+03,2.00E+00,0.00E+00,2.78E-01,1.00E+02,1.18E+07,1.16E+08,1.00E+00,5.86E+00,0.00E+00,0.00E+00,6.06E+01,5.37E+01,0.00E+00,6.74E+01,3.88E-03,0.00E+00,1.18E+07,1.16E+08,7.67E+02,7.52E+03,6.74E+01,2.07E+00,5.16E+01,0.00E+00,9.75E-02,0.00E+00,9.56E-03,0.00E+00,3.00E-02,0.00E+00,2.94E-03
816765990000,9.67E-02,1.03E+01,6.50E+08,2.13E+01,1.08E+09,2.21E+09,1.13E+09,9.56E+01,9.24E-02,9.56E-03,4.83E+01,4.67E-02,4.83E-03,3.87E+00,2.40E+00,4.66E+01,1.61E+03,6.08E+05,6.29E+06,2.83E+05,2.93E+06,1.01E+00,0.00E+00,2.71E-01,1.00E+02,1.09E+07,1.13E+08,1.00E+00,5.71E+00,0.00E+00,0.00E+00,6.06E+01,4.41E+01,0.00E+00,6.58E+01,2.70E+00,0.00E+00,1.09E+07,1.13E+08,6.16E+05,6.37E+06,6.85E+01,2.39E+00,5.67E+01,0.00E+00,9.24E-02,0.00E+00,9.56E-03,0.00E+00,4.67E-02,0.00E+00,4.83E-03
816766000000,9.67E-02,1.03E+01,6.50E+08,2.82E+01,1.51E+09,2.93E+09,1.42E+09,9.45E+01,9.14E-02,9.45E-03,1.00E+02,9.67E-02,1.00E-02,1.09E+01,2.01E+00,8.50E+01,3.52E+04,1.71E+06,1.77E+07,1.45E+06,1.50E+07,1.01E+00,0.00E+00,2.44E-01,1.00E+02,9.79E+06,1.01E+08,1.00E+00,5.24E+00,0.00E+00,0.00E+00,6.06E+01,4.40E+01,0.00E+00,5.90E+01,7.53E+00,0.00E+00,9.79E+06,1.01E+08,1.72E+06,1.78E+07,6.65E+01,3.86E+00,6.56E+01,0.00E+00,9.14E-02,0.00E+00,9.45E-03,0.00E+00,9.67E-02,0.00E+00,1.00E-02
816766010000,9.67E-02,1.03E+01,6.50E+08,2.43E+01,1.58E+09,2.53E+09,9.48E+08,9.53E+01,9.21E-02,9.53E-03,1.00E+02,9.67E-02,1.00E-02,1.20E+01,2.23E+00,1.62E+01,3.55E+04,1.89E+06,1.96E+07,3.07E+05,3.18E+06,1.01E+00,0.00E+00,2.46E-01,1.00E+02,9.88E+06,1.02E+08,1.00E+00,5.14E+00,0.00E+00,0.00E+00,6.06E+01,4.40E+01,0.00E+00,5.95E+01,8.35E+00,0.00E+00,9.88E+06,1.02E+08,1.91E+06,1.97E+07,6.79E+01,3.66E+00,6.64E+01,0.00E+00,9.21E-02,0.00E+00,9.53E-03,0.00E+00,9.67E-02,0.00E+00,1.00E-02
816766020000,9.67E-02,1.03E+01,6.50E+08,2.50E+01,1.67E+09,2.60E+09,9.31E+08,9.50E+01,9.18E-02,9.50E-03,1.00E+02,9.67E-02,1.00E-02,1.19E+01,2.32E+00,1.57E+01,3.14E+04,1.87E+06,1.94E+07,2.94E+05,3.04E+06,1.01E+00,0.00E+00,2.39E-01,1.00E+02,9.62E+06,9.95E+07,1.00E+00,5.02E+00,0.00E+00,0.00E+00,6.06E+01,4.40E+01,0.00E+00,5.80E+01,8.27E+00,0.00E+00,9.62E+06,9.95E+07,1.89E+06,1.96E+07,6.62E+01,4.74E+00,6.72E+01,0.00E+00,9.18E-02,0.00E+00,9.50E-03,0.00E+00,9.67E-02,0.00E+00,1.00E-02
816766030000,9.67E-02,1.03E+01,6.50E+08,2.52E+01,1.58E+09,2.62E+09,1.04E+09,9.54E+01,9.22E-02,9.54E-03,7.99E+01,7.73E-02,7.99E-03,8.30E+00,3.06E+00,1.57E+01,3.76E+04,1.30E+06,1.35E+07,2.05E+05,2.12E+06,1.01E+00,0.00E+00,4.19E-01,1.00E+02,1.01E+07,1.05E+08,1.07E+00,7.50E+00,0.00E+00,0.00E+00,4.05E+01,4.40E+01,0.00E+00,4.35E+01,5.75E+00,0.00E+00,1.08E+07,1.12E+08,1.31E+06,1.36E+07,4.92E+01,4.92E+00,7.35E+01,0.00E+00,9.22E-02,0.00E+00,9.54E-03,0.00E+00,7.73E-02,0.00E+00,7.99E-03
816766040000,9.67E-02,1.03E+01,6.50E+08,3.08E+01,1.83E+09,3.21E+09,1.38E+09,1.00E+02,9.67E-02,1.00E-02,0.00E+00,0.00E+00,0.00E+00,6.12E-01,4.39E+00,6.15E+00,,9.62E+04,9.95E+05,5.91E+03,6.11E+04,9.88E-01,1.78E+01,9.44E-01,1.00E+02,1.32E+07,1.36E+08,1.19E+00,1.50E+01,0.00E+00,0.00E+00,9.44E+00,4.37E+01,0.00E+00,1.46E+01,4.13E-01,0.00E+00,1.56E+07,1.61E+08,9.50E+04,9.83E+05,1.51E+01,5.84E-04,8.58E+01,0.00E+00,9.67E-02,0.00E+00,1.00E-02,0.00E+00,0.00E+00,0.00E+00,0.00E+00
816766050000,9.67E-02,1.03E+01,6.50E+08,2.98E+01,1.85E+09,3.10E+09,1.25E+09,9.69E+01,9.36E-02,9.69E-03,0.00E+00,0.00E+00,0.00E+00,1.24E+01,2.09E+00,3.56E+01,5.93E+03,1.94E+06,2.01E+07,6.92E+05,7.16E+06,1.01E+00,2.16E+01,6.65E-01,1.00E+02,9.57E+06,9.90E+07,1.10E+00,8.62E+00,0.00E+00,0.00E+00,1.04E+01,4.63E+01,0.00E+00,1.09E+01,9.07E+00,0.00E+00,1.05E+07,1.08E+08,1.97E+06,2.04E+07,1.99E+01,5.10E-04,6.50E+01,0.00E+00,9.36E-02,0.00E+00,9.69E-03,0.00E+00,0.00E+00,0.00E+00,0.00E+00
816766060000,9.67E-02,1.03E+01,6.50E+08,2.93E+01,1.86E+09,3.05E+09,1.19E+09,2.78E+01,2.69E-02,2.78E-03,6.87E+01,6.64E-02,6.87E-03,1.80E+01,2.09E+00,3.61E+01,5.84E+03,2.83E+06,2.93E+07,1.02E+06,1.06E+07,1.01E+00,2.48E+01,5.31E-01,1.00E+02,7.85E+06,8.12E+07,1.02E+00,5.57E+00,0.00E+00,0.00E+00,1.13E+01,4.63E+01,0.00E+00,9.06E+00,1.32E+01,0.00E+00,8.03E+06,8.31E+07,2.87E+06,2.97E+07,2.23E+01,4.75E-04,5.50E+01,0.00E+00,2.69E-02,0.00E+00,2.78E-03,0.00E+00,6.64E-02,0.00E+00,6.87E-03
816766070000,9.67E-02,1.03E+01,6.50E+08,2.93E+01,1.86E+09,3.05E+09,1.19E+09,2.42E-01,2.34E-04,2.42E-05,9.76E+01,9.44E-02,9.76E-03,1.80E+01,2.09E+00,3.61E+01,5.83E+03,2.82E+06,2.92E+07,1.02E+06,1.05E+07,1.01E+00,2.47E+01,5.31E-01,1.00E+02,7.86E+06,8.13E+07,1.02E+00,5.57E+00,0.00E+00,0.00E+00,1.15E+01,4.63E+01,0.00E+00,9.20E+00,1.32E+01,0.00E+00,8.03E+06,8.31E+07,2.86E+06,2.96E+07,2.24E+01,7.02E-03,5.50E+01,0.00E+00,2.34E-04,0.00E+00,2.42E-05,0.00E+00,9.44E-02,0.00E+00,9.76E-03
816766080000,1.05E-01,9.50E+00,6.50E+08,1.63E+01,6.80E+08,1.70E+09,1.02E+09,9.53E+01,1.00E-01,9.53E-03,3.14E+01,3.30E-02,3.14E-03,3.03E-03,1.95E+02,1.00E+02,1.22E+00,5.18E+02,4.92E+03,5.18E+02,4.92E+03,2.00E+00,0.00E+00,2.70E-01,1.00E+02,1.18E+07,1.12E+08,1.00E+00,5.72E+00,0.00E+00,0.00E+00,6.06E+01,5.51E+01,0.00E+00,6.54E+01,5.22E-03,0.00E+00,1.18E+07,1.12E+08,1.04E+03,9.85E+03,6.54E+01,2.78E+00,5.19E+01,0.00E+00,1.00E-01,0.00E+00,9.53E-03,0.00E+00,3.30E-02,0.00E+00,3.14E-03
816766090000,1.15E-01,8.70E+00,6.50E+08,1.98E+01,9.91E+08,2.06E+09,1.07E+09,9.48E+01,1.09E-01,9.48E-03,4.84E+01,5.56E-02,4.84E-03,3.27E+00,2.16E+00,6.67E+01,1.79E+03,6.12E+05,5.32E+06,4.08E+05,3.55E+06,1.02E+00,0.00E+00,2.54E-01,1.00E+02,1.22E+07,1.06E+08,1.00E+00,5.37E+00,0.00E+00,0.00E+00,6.06E+01,4.41E+01,0.00E+00,6.16E+01,2.29E+00,0.00E+00,1.22E+07,1.06E+08,6.21E+05,5.40E+06,6.39E+01,4.29E+00,5.76E+01,0.00E+00,1.09E-01,0.00E+00,9.48E-03,0.00E+00,5.56E-02,0.00E+00,4.84E-03
816766100000,1.15E-01,8.70E+00,6.50E+08,2.63E+01,1.44E+09,2.73E+09,1.29E+09,9.36E+01,1.08E-01,9.36E-03,1.00E+02,1.15E-01,1.00E-02,1.05E+01,2.04E+00,7.84E+01,3.78E+04,1.96E+06,1.71E+07,1.54E+06,1.34E+07,1.01E+00,0.00E+00,2.22E-01,1.00E+02,1.06E+07,9.22E+07,1.00E+00,4.84E+00,0.00E+00,0.00E+00,6.06E+01,4.40E+01,0.00E+00,5.37E+01,7.28E+00,0.00E+00,1.06E+07,9.22E+07,1.98E+06,1.72E+07,6.10E+01,6.51E+00,6.91E+01,0.00E+00,1.08E-01,0.00E+00,9.36E-03,0.00E+00,1.15E-01,0.00E+00,1.00E-02
816766110000,1.15E-01,8.70E+00,6.50E+08,2.38E+01,1.52E+09,2.48E+09,9.52E+08,9.46E+01,1.09E-01,9.46E-03,1.00E+02,1.15E-01,1.00E-02,1.18E+01,2.11E+00,2.18E+01,3.34E+04,2.21E+06,1.92E+07,4.81E+05,4.18E+06,1.01E+00,0.00E+00,2.36E-01,1.00E+02,1.13E+07,9.81E+07,1.00E+00,4.98E+00,0.00E+00,0.00E+00,6.06E+01,4.40E+01,0.00E+00,5.71E+01,8.19E+00,0.00E+00,1.13E+07,9.81E+07,2.22E+06,1.93E+07,6.53E+01,4.84E+00,6.77E+01,0.00E+00,1.09E-01,0.00E+00,9.46E-03,0.00E+00,1.15E-01,0.00E+00,1.00E-02
816766120000,1.15E-01,8.70E+00,6.50E+08,2.53E+01,1.67E+09,2.63E+09,9.57E+08,9.47E+01,1.09E-01,9.47E-03,1.00E+02,1.15E-01,1.00E-02,1.18E+01,2.27E+00,1.95E+01,3.30E+04,2.20E+06,1.92E+07,4.30E+05,3.74E+06,1.01E+00,0.00E+00,2.40E-01,1.00E+02,1.15E+07,9.97E+07,1.00E+00,5.04E+00,0.00E+00,0.00E+00,6.06E+01,4.40E+01,0.00E+00,5.81E+01,8.17E+00,0.00E+00,1.15E+07,9.97E+07,2.22E+06,1.93E+07,6.63E+01,4.80E+00,6.73E+01,0.00E+00,1.09E-01,0.00E+00,9.47E-03,0.00E+00,1.15E-01,0.00E+00,1.00E-02
816766130000,1.15E-01,8.70E+00,6.50E+08,2.27E+01,1.37E+09,2.36E+09,9.84E+08,9.49E+01,1.09E-01,9.49E-03,7.19E+01,8.27E-02,7.19E-03,8.37E+00,3.12E+00,1.20E+01,3.77E+04,1.56E+06,1.36E+07,1.87E+05,1.63E+06,1.01E+00,0.00E+00,3.11E-01,1.00E+02,1.23E+07,1.07E+08,1.02E+00,6.07E+00,0.00E+00,0.00E+00,5.38E+01,4.40E+01,0.00E+00,5.63E+01,5.78E+00,0.00E+00,1.25E+07,1.09E+08,1.57E+06,1.37E+07,6.21E+01,3.79E+00,6.56E+01,0.00E+00,1.09E-01,0.00E+00,9.49E-03,0.00E+00,8.27E-02,0.00E+00,7.19E-03
816766140000,1.15E-01,8.70E+00,6.50E+08,3.28E+01,1.93E+09,3.41E+09,1.48E+09,1.00E+02,1.15E-01,1.00E-02,0.00E+00,0.00E+00,0.00E+00,0.00E+00,,,,0.00E+00,0.00E+00,0.00E+00,0.00E+00,,1.78E+01,1.02E+00,1.00E+02,1.70E+07,1.48E+08,1.19E+00,1.59E+01,0.00E+00,0.00E+00,9.44E+00,,0.00E+00,1.59E+01,0.00E+00,0.00E+00,2.01E+07,1.75E+08,0.00E+00,0.00E+00,1.59E+01,4.86E-04,8.53E+01,0.00E+00,1.15E-01,0.00E+00,1.00E-02,0.00E+00,0.00E+00,0.00E+00,0.00E+00
816766150000,1.15E-01,8.70E+00,6.50E+08,3.10E+01,1.89E+09,3.23E+09,1.33E+09,9.69E+01,1.11E-01,9.69E-03,0.00E+00,0.00E+00,0.00E+00,1.09E+01,2.06E+00,3.82E+01,5.98E+03,2.04E+06,1.77E+07,7.80E+05,6.79E+06,1.01E+00,1.92E+01,7.20E-01,1.00E+02,1.25E+07,1.09E+08,1.11E+00,1.00E+01,0.00E+00,0.00E+00,1.02E+01,4.62E+01,0.00E+00,1.19E+01,7.99E+00,0.00E+00,1.39E+07,1.21E+08,2.07E+06,1.80E+07,1.99E+01,2.68E-04,6.62E+01,0.00E+00,1.11E-01,0.00E+00,9.69E-03,0.00E+00,0.00E+00,0.00E+00,0.00E+00
816766160000,1.15E-01,8.70E+00,6.50E+08,2.99E+01,1.87E+09,3.11E+09,1.24E+09,3.29E+01,3.78E-02,3.29E-03,6.37E+01,7.32E-02,6.37E-03,1.79E+01,2.06E+00,3.82E+01,5.98E+03,3.34E+06,2.90E+07,1.28E+06,1.11E+07,1.01E+00,2.10E+01,5.27E-01,1.00E+02,9.69E+06,8.43E+07,1.03E+00,6.24E+00,0.00E+00,0.00E+00,1.12E+01,4.62E+01,0.00E+00,9.36E+00,1.31E+01,0.00E+00,9.95E+06,8.65E+07,3.38E+06,2.94E+07,2.24E+01,1.28E-04,5.40E+01,0.00E+00,3.78E-02,0.00E+00,3.29E-03,0.00E+00,7.32E-02,0.00E+00,6.37E-03
816766170000,1.15E-01,8.70E+00,6.50E+08,2.94E+01,1.83E+09,3.06E+09,1.23E+09,3.51E+00,4.03E-03,3.51E-04,9.58E+01,1.10E-01,9.58E-03,1.72E+01,2.06E+00,3.82E+01,5.78E+03,3.22E+06,2.80E+07,1.23E+06,1.07E+07,1.01E+00,1.88E+01,5.18E-01,1.00E+02,9.80E+06,8.52E+07,1.03E+00,6.22E+00,0.00E+00,0.00E+00,1.35E+01,4.62E+01,0.00E+00,1.13E+01,1.26E+01,0.00E+00,1.00E+07,8.74E+07,3.26E+06,2.84E+07,2.39E+01,1.02E-01,5.39E+01,0.00E+00,4.03E-03,0.00E+00,3.51E-04,0.00E+00,1.10E-01,0.00E+00,9.58E-03
816766180000,1.15E-01,8.70E+00,6.50E+08,1.52E+01,6.22E+08,1.58E+09,9.54E+08,9.52E+01,1.09E-01,9.52E-03,2.11E+01,2.43E-02,2.11E-03,1.25E-03,1.00E+00,1.00E+02,1.00E+00,2.34E+02,2.04E+03,2.34E+02,2.04E+03,2.00E+00,0.00E+00,2.70E-01,1.00E+02,1.29E+07,1.12E+08,1.00E+00,5.68E+00,0.00E+00,0.00E+00,6.06E+01,4.80E+01,0.00E+00,6.54E+01,1.88E-03,0.00E+00,1.29E+07,1.12E+08,4.68E+02,4.07E+03,6.54E+01,2.85E+00,5.20E+01,0.00E+00,1.09E-01,0.00E+00,9.52E-03,0.00E+00,2.43E-02,0.00E+00,2.11E-03
816766190000,1.14E-01,8.74E+00,6.50E+08,1.46E+01,5.64E+08,1.51E+09,9.50E+08,9.57E+01,1.10E-01,9.57E-03,9.33E-01,1.07E-03,9.33E-05,3.30E-04,3.63E+02,1.00E+02,1.50E+00,6.13E+01,5.36E+02,6.13E+01,5.36E+02,2.00E+00,0.00E+00,2.81E-01,1.00E+02,1.34E+07,1.17E+08,1.00E+00,5.86E+00,0.00E+00,0.00E+00,6.06E+01,6.13E+01,0.00E+00,6.81E+01,6.32E-04,0.00E+00,1.34E+07,1.17E+08,1.23E+02,1.07E+03,6.81E+01,1.71E+00,5.10E+01,0.00E+00,1.10E-01,0.00E+00,9.57E-03,0.00E+00,1.07E-03,0.00E+00,9.33E-05
816766200000,8.92E-02,1.12E+01,6.50E+08,1.71E+01,6.69E+08,1.77E+09,1.10E+09,9.47E+01,8.45E-02,9.47E-03,2.70E+01,2.41E-02,2.70E-03,1.25E-01,1.55E+01,9.27E+01,3.51E+01,1.82E+04,2.04E+05,1.68E+04,1.89E+05,1.36E+00,0.00E+00,2.82E-01,1.00E+02,1.05E+07,1.17E+08,1.00E+00,5.95E+00,0.00E+00,0.00E+00,6.06E+01,3.42E+01,0.00E+00,6.83E+01,9.09E-02,0.00E+00,1.05E+07,1.17E+08,2.47E+04,2.76E+05,6.84E+01,1.46E+00,5.07E+01,0.00E+00,8.45E-02,0.00E+00,9.47E-03,0.00E+00,2.41E-02,0.00E+00,2.70E-03
816766210000,8.92E-02,1.12E+01,6.50E+08,1.77E+01,6.94E+08,1.84E+09,1.15E+09,9.56E+01,8.53E-02,9.56E-03,1.55E+01,1.38E-02,1.55E-03,6.66E-01,2.91E+00,9.28E+01,1.68E+02,9.66E+04,1.08E+06,8.97E+04,1.01E+06,1.66E+00,0.00E+00,2.80E-01,1.00E+02,1.24E+07,1.39E+08,1.00E+00,5.85E+00,0.00E+00,0.00E+00,5.14E+01,2.55E+01,0.00E+00,6.87E+01,4.40E-01,0.00E+00,1.24E+07,1.39E+08,1.60E+05,1.79E+06,6.91E+01,8.01E-01,5.11E+01,0.00E+00,8.53E-02,0.00E+00,9.56E-03,0.00E+00,1.38E-02,0.00E+00,1.55E-03
816766220000,8.92E-02,1.12E+01,6.50E+08,2.55E+01,1.41E+09,2.65E+09,1.24E+09,9.37E+01,8.36E-02,9.37E-03,6.75E+01,6.02E-02,6.75E-03,7.39E+00,1.91E+00,6.57E+01,2.33E+04,1.07E+06,1.20E+07,7.04E+05,7.89E+06,1.01E+00,0.00E+00,2.38E-01,1.00E+02,1.18E+07,1.32E+08,1.00E+00,5.01E+00,0.00E+00,0.00E+00,4.64E+01,4.40E+01,0.00E+00,5.88E+01,5.13E+00,0.00E+00,1.18E+07,1.32E+08,1.08E+06,1.21E+07,6.40E+01,4.02E+00,6.31E+01,0.00E+00,8.36E-02,0.00E+00,9.37E-03,0.00E+00,6.02E-02,0.00E+00,6.75E-03
816766230000,8.92E-02,1.12E+01,6.50E+08,4.77E+01,3.33E+09,4.97E+09,1.64E+09,9.59E+00,8.56E-03,9.59E-04,1.00E+02,8.92E-02,1.00E-02,2.29E+01,2.08E+00,3.34E+01,3.26E+04,3.32E+06,3.72E+07,1.11E+06,1.24E+07,1.01E+00,9.83E+00,6.87E-01,1.00E+02,9.88E+06,1.11E+08,1.16E+00,1.77E+01,0.00E+00,0.00E+00,1.36E+01,4.41E+01,0.00E+00,1.68E+01,1.59E+01,0.00E+00,1.15E+07,1.29E+08,3.34E+06,3.75E+07,3.27E+01,4.75E-01,9.43E+01,0.00E+00,8.56E-03,0.00E+00,9.59E-04,0.00E+00,8.92E-02,0.00E+00,1.00E-02
816766240000,8.92E-02,1.12E+01,6.50E+08,5.03E+01,3.57E+09,5.23E+09,1.66E+09,0.00E+00,0.00E+00,0.00E+00,9.77E+01,8.72E-02,9.77E-03,2.45E+01,2.04E+00,3.07E+01,3.37E+04,3.56E+06,3.99E+07,1.09E+06,1.23E+07,1.01E+00,1.42E+01,7.40E-01,1.00E+02,9.97E+06,1.12E+08,1.18E+00,1.92E+01,0.00E+00,0.00E+00,9.19E+00,4.41E+01,0.00E+00,1.17E+01,1.71E+01,0.00E+00,1.18E+07,1.32E+08,3.59E+06,4.02E+07,2.87E+01,6.62E-02,9.80E+01,0.00E+00,0.00E+00,0.00E+00,0.00E+00,0.00E+00,8.72E-02,0.00E+00,9.77E-03
816766250000,8.92E-02,1.12E+01,6.50E+08,3.91E+01,2.30E+09,4.07E+09,1.77E+09,9.21E+01,8.21E-02,9.21E-03,1.00E+02,8.92E-02,1.00E-02,1.81E+01,2.17E+00,4.56E+01,3.10E+04,2.62E+06,2.93E+07,1.19E+06,1.34E+07,1.01E+00,0.00E+00,6.23E-01,1.00E+02,1.19E+07,1.33E+08,1.03E+00,1.18E+01,0.00E+00,0.00E+00,3.01E+01,4.50E+01,0.00E+00,3.95E+01,1.28E+01,0.00E+00,1.22E+07,1.36E+08,2.64E+06,2.96E+07,5.22E+01,1.79E+00,7.73E+01,0.00E+00,8.21E-02,0.00E+00,9.21E-03,0.00E+00,8.92E-02,0.00E+00,1.00E-02
816766260000,8.92E-02,1.12E+01,6.50E+08,4.60E+01,2.96E+09,4.78E+09,1.82E+09,9.53E+01,8.50E-02,9.53E-03,9.73E+01,8.69E-02,9.73E-03,2.45E+01,1.98E+00,2.68E+01,2.80E+04,3.55E+06,3.98E+07,9.51E+05,1.07E+07,1.01E+00,9.17E+00,1.03E+00,1.00E+02,1.41E+07,1.58E+08,1.23E+00,2.67E+01,0.00E+00,0.00E+00,1.51E+01,4.50E+01,0.00E+00,2.82E+01,1.73E+01,0.00E+00,1.73E+07,1.94E+08,3.58E+06,4.01E+07,4.56E+01,1.90E-03,8.88E+01,0.00E+00,8.50E-02,0.00E+00,9.53E-03,0.00E+00,8.69E-02,0.00E+00,9.73E-03
816766270000,8.92E-02,1.12E+01,6.50E+08,1.88E+01,9.73E+08,1.95E+09,9.80E+08,9.03E+01,8.06E-02,9.03E-03,6.13E+01,5.47E-02,6.13E-03,2.77E+00,3.36E+00,5.77E+00,3.41E+02,4.02E+05,4.50E+06,2.32E+04,2.60E+05,1.11E+00,0.00E+00,4.93E-01,1.00E+02,9.13E+06,1.02E+08,1.65E+00,2.86E+01,0.00E+00,0.00E+00,4.08E+01,6.41E+01,0.00E+00,6.62E+01,3.08E+00,0.00E+00,1.51E+07,1.69E+08,4.45E+05,4.99E+06,6.93E+01,1.75E+00,6.01E+01,0.00E+00,8.06E-02,0.00E+00,9.03E-03,0.00E+00,5.47E-02,0.00E+00,6.13E-03
816766280000,8.93E-02,1.12E+01,6.50E+08,1.46E+01,5.68E+08,1.52E+09,9.51E+08,9.56E+01,8.54E-02,9.56E-03,3.45E+00,3.08E-03,3.45E-04,5.13E-04,3.63E+02,1.00E+02,1.50E+00,7.44E+01,8.33E+02,7.44E+01,8.33E+02,2.00E+00,0.00E+00,2.78E-01,1.00E+02,1.03E+07,1.16E+08,1.00E+00,5.82E+00,0.00E+00,0.00E+00,6.06E+01,6.13E+01,0.00E+00,6.74E+01,9.83E-04,0.00E+00,1.03E+07,1.16E+08,1.49E+02,1.67E+03,6.74E+01,2.24E+00,5.20E+01,0.00E+00,8.54E-02,0.00E+00,9.56E-03,0.00E+00,3.08E-03,0.00E+00,3.45E-04
816766290000,9.02E-02,1.11E+01,6.50E+08,1.59E+01,6.34E+08,1.65E+09,1.02E+09,7.16E+01,6.46E-02,7.16E-03,2.37E+01,2.14E-02,2.37E-03,3.30E-03,3.63E+02,1.00E+02,1.50E+00,4.84E+02,5.37E+03,4.84E+02,5.37E+03,2.00E+00,0.00E+00,2.71E-01,1.00E+02,1.02E+07,1.13E+08,1.00E+00,5.70E+00,0.00E+00,0.00E+00,6.06E+01,6.13E+01,0.00E+00,6.56E+01,6.33E-03,0.00E+00,1.02E+07,1.13E+08,9.68E+02,1.07E+04,6.56E+01,2.92E+00,5.23E+01,0.00E+00,6.46E-02,0.00E+00,7.16E-03,0.00E+00,2.14E-02,0.00E+00,2.37E-03
816766300000,9.02E-02,1.11E+01,6.50E+08,2.27E+01,1.24E+09,2.36E+09,1.12E+09,9.46E+01,8.53E-02,9.46E-03,6.88E+01,6.20E-02,6.88E-03,7.35E+00,2.00E+00,6.34E+01,1.03E+04,1.08E+06,1.19E+07,6.82E+05,7.57E+06,1.01E+00,0.00E+00,2.34E-01,1.00E+02,8.77E+06,9.73E+07,1.00E+00,5.00E+00,0.00E+00,0.00E+00,6.06E+01,4.41E+01,0.00E+00,5.66E+01,5.11E+00,0.00E+00,8.77E+06,9.73E+07,1.09E+06,1.21E+07,6.17E+01,5.82E+00,6.52E+01,0.00E+00,8.53E-02,0.00E+00,9.46E-03,0.00E+00,6.20E-02,0.00E+00,6.88E-03
816766310000,9.02E-02,1.11E+01,6.50E+08,2.61E+01,1.50E+09,2.71E+09,1.21E+09,9.43E+01,8.50E-02,9.43E-03,1.00E+02,9.02E-02,1.00E-02,1.12E+01,2.19E+00,5.33E+01,3.35E+04,1.65E+06,1.83E+07,8.78E+05,9.73E+06,1.01E+00,0.00E+00,2.37E-01,1.00E+02,8.89E+06,9.86E+07,1.00E+00,5.09E+00,0.00E+00,0.00E+00,6.06E+01,4.40E+01,0.00E+00,5.74E+01,7.78E+00,0.00E+00,8.89E+06,9.86E+07,1.66E+06,1.84E+07,6.52E+01,4.94E+00,6.70E+01,0.00E+00,8.50E-02,0.00E+00,9.43E-03,0.00E+00,9.02E-02,0.00E+00,1.00E-02
816766320000,9.02E-02,1.11E+01,6.50E+08,2.77E+01,1.74E+09,2.88E+09,1.15E+09,8.12E+01,7.33E-02,8.12E-03,1.00E+02,9.02E-02,1.00E-02,1.19E+01,1.93E+00,3.70E+01,3.61E+04,1.74E+06,1.93E+07,6.42E+05,7.12E+06,1.01E+00,0.00E+00,3.22E-01,1.00E+02,9.39E+06,1.04E+08,1.03E+00,6.41E+00,0.00E+00,0.00E+00,5.07E+01,4.40E+01,0.00E+00,5.23E+01,8.22E+00,0.00E+00,9.67E+06,1.07E+08,1.75E+06,1.94E+07,6.05E+01,3.69E+00,7.06E+01,0.00E+00,7.33E-02,0.00E+00,8.12E-03,0.00E+00,9.02E-02,0.00E+00,1.00E-02
816766330000,9.02E-02,1.11E+01,6.50E+08,3.91E+01,2.66E+09,4.07E+09,1.41E+09,0.00E+00,0.00E+00,0.00E+00,5.28E+01,4.76E-02,5.28E-03,1.12E+01,2.31E+00,1.33E+01,3.42E+04,1.65E+06,1.83E+07,2.19E+05,2.43E+06,1.01E+00,1.28E+01,8.39E-01,1.00E+02,1.16E+07,1.29E+08,1.18E+00,1.49E+01,0.00E+00,0.00E+00,9.03E+00,4.40E+01,0.00E+00,1.32E+01,7.78E+00,0.00E+00,1.37E+07,1.52E+08,1.66E+06,1.84E+07,2.10E+01,6.33E-03,9.33E+01,0.00E+00,0.00E+00,0.00E+00,0.00E+00,0.00E+00,4.76E-02,0.00E+00,5.28E-03
816766340000,9.02E-02,1.11E+01,6.50E+08,3.51E+01,2.32E+09,3.65E+09,1.33E+09,4.53E+01,4.08E-02,4.53E-03,0.00E+00,0.00E+00,0.00E+00,1.44E+01,2.07E+00,2.82E+01,8.81E+03,2.11E+06,2.34E+07,5.94E+05,6.59E+06,1.01E+00,1.53E+01,6.92E-01,1.00E+02,9.71E+06,1.08E+08,1.13E+00,1.09E+01,0.00E+00,0.00E+00,9.73E+00,4.53E+01,0.00E+00,1.14E+01,1.03E+01,0.00E+00,1.10E+07,1.22E+08,2.13E+06,2.36E+07,2.17E+01,3.48E-03,7.56E+01,0.00E+00,4.08E-02,0.00E+00,4.53E-03,0.00E+00,0.00E+00,0.00E+00,0.00E+00
816766350000,9.02E-02,1.11E+01,6.50E+08,3.02E+01,1.91E+09,3.14E+09,1.24E+09,5.15E+01,4.65E-02,5.15E-03,4.53E+01,4.09E-02,4.53E-03,1.82E+01,2.01E+00,3.94E+01,5.67E+03,2.66E+06,2.95E+07,1.05E+06,1.16E+07,1.01E+00,2.02E+01,5.15E-01,1.00E+02,7.39E+06,8.19E+07,1.04E+00,6.11E+00,0.00E+00,0.00E+00,1.12E+01,4.63E+01,0.00E+00,9.24E+00,1.33E+01,0.00E+00,7.71E+06,8.55E+07,2.70E+06,2.99E+07,2.26E+01,3.77E-05,5.42E+01,0.00E+00,4.65E-02,0.00E+00,5.15E-03,0.00E+00,4.09E-02,0.00E+00,4.53E-03
816766360000,9.02E-02,1.11E+01,6.50E+08,3.02E+01,1.91E+09,3.14E+09,1.24E+09,0.00E+00,0.00E+00,0.00E+00,1.00E+02,9.02E-02,1.00E-02,1.82E+01,2.01E+00,3.94E+01,5.67E+03,2.66E+06,2.95E+07,1.05E+06,1.16E+07,1.01E+00,2.02E+01,5.15E-01,1.00E+02,7.39E+06,8.19E+07,1.04E+00,6.11E+00,0.00E+00,0.00E+00,1.12E+01,4.63E+01,0.00E+00,9.24E+00,1.33E+01,0.00E+00,7.71E+06,8.55E+07,2.70E+06,2.99E+07,2.26E+01,3.77E-05,5.42E+01,0.00E+00,0.00E+00,0.00E+00,0.00E+00,0.00E+00,9.02E-02,0.00E+00,1.00E-02
816766370000,9.13E-02,1.09E+01,6.50E+08,1.88E+01,9.14E+08,1.95E+09,1.04E+09,7.69E+01,7.02E-02,7.69E-03,4.48E+01,4.09E-02,4.48E-03,3.57E+00,2.10E+00,3.94E+01,1.54E+03,5.31E+05,5.81E+06,2.09E+05,2.29E+06,1.01E+00,0.00E+00,3.18E-01,1.00E+02,9.71E+06,1.06E+08,1.01E+00,5.78E+00,0.00E+00,0.00E+00,5.28E+01,4.63E+01,0.00E+00,5.43E+01,2.62E+00,0.00E+00,9.77E+06,1.07E+08,5.38E+05,5.89E+06,5.69E+01,2.33E+00,5.26E+01,0.00E+00,7.02E-02,0.00E+00,7.69E-03,0.00E+00,4.09E-02,0.00E+00,4.48E-03
816766380000,1.09E-01,9.19E+00,6.50E+08,1.63E+01,6.50E+08,1.69E+09,1.04E+09,9.53E+01,1.04E-01,9.53E-03,2.71E+01,2.95E-02,2.71E-03,3.87E-03,3.63E+02,1.00E+02,1.50E+00,6.85E+02,6.30E+03,6.85E+02,6.30E+03,2.00E+00,0.00E+00,2.72E-01,1.00E+02,1.23E+07,1.13E+08,1.00E+00,5.72E+00,0.00E+00,0.00E+00,6.06E+01,6.13E+01,0.00E+00,6.58E+01,7.43E-03,0.00E+00,1.23E+07,1.13E+08,1.37E+03,1.26E+04,6.58E+01,2.73E+00,5.20E+01,0.00E+00,1.04E-01,0.00E+00,9.53E-03,0.00E+00,2.95E-02,0.00E+00,2.71E-03
816766390000,1.09E-01,9.19E+00,6.50E+08,1.69E+01,6.70E+08,1.75E+09,1.08E+09,9.42E+01,1.02E-01,9.42E-03,1.13E+01,1.23E-02,1.13E-03,5.08E-01,2.68E+00,9.00E+01,1.86E+02,8.98E+04,8.26E+05,8.08E+04,7.43E+05,1.56E+00,0.00E+00,2.67E-01,1.00E+02,1.51E+07,1.38E+08,1.00E+00,5.61E+00,0.00E+00,0.00E+00,4.94E+01,2.88E+01,0.00E+00,6.57E+01,3.56E-01,0.00E+00,1.51E+07,1.38E+08,1.40E+05,1.28E+06,6.61E+01,2.15E+00,5.25E+01,0.00E+00,1.02E-01,0.00E+00,9.42E-03,0.00E+00,1.23E-02,0.00E+00,1.13E-03
816766400000,1.09E-01,9.19E+00,6.50E+08,2.78E+01,1.59E+09,2.89E+09,1.30E+09,9.57E+01,1.04E-01,9.57E-03,9.79E+01,1.07E-01,9.79E-03,1.07E+01,2.11E+00,6.65E+01,2.64E+04,1.89E+06,1.73E+07,1.26E+06,1.15E+07,1.01E+00,0.00E+00,2.40E-01,1.00E+02,1.09E+07,1.00E+08,1.00E+00,5.13E+00,0.00E+00,0.00E+00,6.03E+01,4.40E+01,0.00E+00,5.81E+01,7.41E+00,0.00E+00,1.09E+07,1.00E+08,1.90E+06,1.75E+07,6.55E+01,4.73E+00,6.63E+01,0.00E+00,1.04E-01,0.00E+00,9.57E-03,0.00E+00,1.07E-01,0.00E+00,9.79E-03
816766410000,1.09E-01,9.19E+00,6.50E+08,2.55E+01,1.56E+09,2.65E+09,1.10E+09,9.43E+01,1.03E-01,9.43E-03,1.00E+02,1.09E-01,1.00E-02,1.19E+01,2.04E+00,3.80E+01,3.43E+04,2.10E+06,1.93E+07,7.99E+05,7.34E+06,1.01E+00,0.00E+00,2.41E-01,1.00E+02,1.09E+07,1.00E+08,1.00E+00,5.09E+00,0.00E+00,0.00E+00,6.06E+01,4.40E+01,0.00E+00,5.83E+01,8.24E+00,0.00E+00,1.09E+07,1.00E+08,2.12E+06,1.95E+07,6.65E+01,4.24E+00,6.70E+01,0.00E+00,1.03E-01,0.00E+00,9.43E-03,0.00E+00,1.09E-01,0.00E+00,1.00E-02
816766420000,1.09E-01,9.19E+00,6.50E+08,2.64E+01,1.64E+09,2.74E+09,1.11E+09,9.45E+01,1.03E-01,9.45E-03,1.00E+02,1.09E-01,1.00E-02,1.17E+01,1.86E+00,4.42E+01,3.46E+04,2.07E+06,1.90E+07,9.16E+05,8.41E+06,1.01E+00,0.00E+00,2.36E-01,1.00E+02,1.07E+07,9.83E+07,1.00E+00,5.00E+00,0.00E+00,0.00E+00,6.06E+01,4.40E+01,0.00E+00,5.73E+01,8.11E+00,0.00E+00,1.07E+07,9.83E+07,2.09E+06,1.92E+07,6.54E+01,5.08E+00,6.77E+01,0.00E+00,1.03E-01,0.00E+00,9.45E-03,0.00E+00,1.09E-01,0.00E+00,1.00E-02
816766430000,1.09E-01,9.19E+00,6.50E+08,4.57E+01,3.07E+09,4.75E+09,1.69E+09,1.64E+01,1.78E-02,1.64E-03,5.52E+01,6.01E-02,5.52E-03,2.01E+01,2.05E+00,3.96E+01,3.11E+04,3.55E+06,3.26E+07,1.41E+06,1.29E+07,1.01E+00,6.91E+00,6.43E-01,1.00E+02,1.17E+07,1.08E+08,1.15E+00,1.72E+01,0.00E+00,0.00E+00,1.58E+01,4.47E+01,0.00E+00,1.89E+01,1.41E+01,0.00E+00,1.35E+07,1.24E+08,3.58E+06,3.29E+07,3.30E+01,1.11E+00,9.27E+01,0.00E+00,1.78E-02,0.00E+00,1.64E-03,0.00E+00,6.01E-02,0.00E+00,5.52E-03
816766440000,1.09E-01,9.19E+00,6.50E+08,5.00E+01,3.39E+09,5.20E+09,1.81E+09,0.00E+00,0.00E+00,0.00E+00,0.00E+00,0.00E+00,0.00E+00,2.19E+01,2.05E+00,3.86E+01,3.19E+04,3.88E+06,3.57E+07,1.50E+06,1.38E+07,1.01E+00,1.41E+01,7.30E-01,1.00E+02,1.20E+07,1.10E+08,1.18E+00,1.98E+01,0.00E+00,0.00E+00,8.75E+00,4.47E+01,0.00E+00,1.10E+01,1.55E+01,0.00E+00,1.42E+07,1.30E+08,3.91E+06,3.59E+07,2.64E+01,2.41E-02,9.80E+01,0.00E+00,0.00E+00,0.00E+00,0.00E+00,0.00E+00,0.00E+00,0.00E+00,0.00E+00
816766450000,1.09E-01,9.19E+00,6.50E+08,3.67E+01,2.23E+09,3.82E+09,1.59E+09,8.40E+01,9.14E-02,8.40E-03,7.88E-01,8.57E-04,7.88E-05,1.20E+01,1.90E+00,3.25E+01,3.38E+04,2.12E+06,1.95E+07,6.90E+05,6.34E+06,1.01E+00,1.29E+01,9.10E-01,1.00E+02,1.70E+07,1.56E+08,1.06E+00,1.45E+01,0.00E+00,0.00E+00,1.88E+01,4.49E+01,0.00E+00,2.98E+01,8.48E+00,0.00E+00,1.79E+07,1.65E+08,2.14E+06,1.96E+07,3.83E+01,1.41E+00,5.19E+01,0.00E+00,9.14E-02,0.00E+00,8.40E-03,0.00E+00,8.57E-04,0.00E+00,7.88E-05
816766460000,1.09E-01,9.19E+00,6.50E+08,2.90E+01,1.73E+09,3.01E+09,1.28E+09,9.05E+01,9.85E-02,9.05E-03,3.59E+01,3.91E-02,3.59E-03,7.67E+00,3.51E+00,6.08E+00,9.91E+02,1.36E+06,1.25E+07,8.24E+04,7.57E+05,1.05E+00,0.00E+00,9.61E-01,1.00E+02,1.57E+07,1.44E+08,1.41E+00,2.71E+01,0.00E+00,0.00E+00,2.09E+01,5.26E+01,0.00E+00,4.08E+01,6.59E+00,0.00E+00,2.21E+07,2.03E+08,1.42E+06,1.30E+07,4.74E+01,3.64E-01,4.77E+01,0.00E+00,9.85E-02,0.00E+00,9.05E-03,0.00E+00,3.91E-02,0.00E+00,3.59E-03
816766470000,1.09E-01,9.19E+00,6.50E+08,1.55E+01,6.25E+08,1.61E+09,9.83E+08,9.46E+01,1.03E-01,9.46E-03,1.51E+01,1.65E-02,1.51E-03,9.32E-04,1.00E+00,1.00E+02,1.00E+00,1.65E+02,1.52E+03,1.65E+02,1.52E+03,2.00E+00,0.00E+00,2.82E-01,1.00E+02,1.27E+07,1.17E+08,1.00E+00,5.91E+00,0.00E+00,0.00E+00,6.06E+01,4.80E+01,0.00E+00,6.82E+01,1.40E-03,0.00E+00,1.27E+07,1.17E+08,3.30E+02,3.03E+03,6.82E+01,1.80E+00,5.14E+01,0.00E+00,1.03E-01,0.00E+00,9.46E-03,0.00E+00,1.65E-02,0.00E+00,1.51E-03
816766480000,1.02E-01,9.76E+00,6.50E+08,1.46E+01,5.70E+08,1.52E+09,9.50E+08,7.37E+01,7.55E-02,7.37E-03,4.51E+00,4.62E-03,4.51E-04,8.33E-04,3.63E+02,1.00E+02,1.50E+00,1.39E+02,1.35E+03,1.39E+02,1.35E+03,2.00E+00,0.00E+00,2.76E-01,1.00E+02,1.18E+07,1.15E+08,1.00E+00,5.78E+00,0.00E+00,0.00E+00,6.06E+01,6.13E+01,0.00E+00,6.69E+01,1.60E-03,0.00E+00,1.18E+07,1.15E+08,2.77E+02,2.71E+03,6.69E+01,2.41E+00,5.20E+01,0.00E+00,7.55E-02,0.00E+00,7.37E-03,0.00E+00,4.62E-03,0.00E+00,4.51E-04
816766490000,8.22E-02,1.22E+01,6.50E+08,1.67E+01,6.67E+08,1.74E+09,1.07E+09,9.56E+01,7.86E-02,9.56E-03,1.88E+01,1.54E-02,1.88E-03,3.22E-03,3.63E+02,1.00E+02,1.50E+00,4.31E+02,5.24E+03,4.31E+02,5.24E+03,2.00E+00,0.00E+00,2.87E-01,1.00E+02,9.81E+06,1.19E+08,1.00E+00,6.01E+00,0.00E+00,0.00E+00,6.06E+01,6.13E+01,0.00E+00,6.95E+01,6.18E-03,0.00E+00,9.81E+06,1.19E+08,8.61E+02,1.05E+04,6.95E+01,1.16E+00,5.08E+01,0.00E+00,7.86E-02,0.00E+00,9.56E-03,0.00E+00,1.54E-02,0.00E+00,1.88E-03
816766500000,8.22E-02,1.22E+01,6.50E+08,1.87E+01,7.92E+08,1.95E+09,1.16E+09,9.45E+01,7.77E-02,9.45E-03,1.77E+01,1.45E-02,1.77E-03,1.35E+00,2.32E+00,8.03E+01,4.77E+02,1.80E+05,2.19E+06,1.45E+05,1.76E+06,1.17E+00,0.00E+00,2.73E-01,1.00E+02,1.16E+07,1.41E+08,1.00E+00,5.72E+00,0.00E+00,0.00E+00,4.94E+01,3.87E+01,0.00E+00,6.71E+01,9.50E-01,0.00E+00,1.16E+07,1.41E+08,2.10E+05,2.55E+06,6.81E+01,1.31E+00,5.27E+01,0.00E+00,7.77E-02,0.00E+00,9.45E-03,0.00E+00,1.45E-02,0.00E+00,1.77E-03
816766510000,8.22E-02,1.22E+01,6.50E+08,2.85E+01,1.58E+09,2.96E+09,1.39E+09,9.22E+01,7.59E-02,9.22E-03,1.00E+02,8.22E-02,1.00E-02,1.10E+01,2.17E+00,7.41E+01,2.83E+04,1.47E+06,1.79E+07,1.09E+06,1.33E+07,1.01E+00,0.00E+00,2.47E-01,1.00E+02,8.15E+06,9.91E+07,1.00E+00,5.39E+00,0.00E+00,0.00E+00,5.93E+01,4.41E+01,0.00E+00,5.67E+01,7.65E+00,0.00E+00,8.18E+06,9.95E+07,1.48E+06,1.80E+07,6.44E+01,4.57E+00,6.70E+01,0.00E+00,7.59E-02,0.00E+00,9.22E-03,0.00E+00,8.22E-02,0.00E+00,1.00E-02
816766520000,8.22E-02,1.22E+01,6.50E+08,4.85E+01,3.37E+09,5.04E+09,1.68E+09,0.00E+00,0.00E+00,0.00E+00,1.00E+02,8.22E-02,1.00E-02,2.29E+01,2.05E+00,3.85E+01,3.31E+04,3.05E+06,3.71E+07,1.17E+06,1.43E+07,1.01E+00,1.64E+01,6.94E-01,1.00E+02,8.35E+06,1.02E+08,1.19E+00,1.92E+01,0.00E+00,0.00E+00,8.67E+00,4.43E+01,0.00E+00,1.01E+01,1.59E+01,0.00E+00,9.93E+06,1.21E+08,3.08E+06,3.74E+07,2.60E+01,2.45E-02,9.87E+01,0.00E+00,0.00E+00,0.00E+00,0.00E+00,0.00E+00,8.22E-02,0.00E+00,1.00E-02
816766530000,8.22E-02,1.22E+01,6.50E+08,4.85E+01,3.37E+09,5.04E+09,1.68E+09,0.00E+00,0.00E+00,0.00E+00,9.80E+01,8.06E-02,9.80E-03,2.29E+01,2.05E+00,3.85E+01,3.31E+04,3.05E+06,3.71E+07,1.17E+06,1.43E+07,1.01E+00,1.64E+01,6.94E-01,1.00E+02,8.35E+06,1.02E+08,1.19E+00,1.92E+01,0.00E+00,0.00E+00,8.67E+00,4.43E+01,0.00E+00,1.01E+01,1.59E+01,0.00E+00,9.93E+06,1.21E+08,3.08E+06,3.74E+07,2.60E+01,2.45E-02,9.87E+01,0.00E+00,0.00E+00,0.00E+00,0.00E+00,0.00E+00,8.06E-02,0.00E+00,9.80E-03
816766540000,8.22E-02,1.22E+01,6.50E+08,4.23E+01,2.73E+09,4.40E+09,1.67E+09,8.69E+01,7.15E-02,8.69E-03,1.00E+02,8.22E-02,1.00E-02,2.05E+01,1.96E+00,3.12E+01,3.12E+04,2.74E+06,3.33E+07,8.54E+05,1.04E+07,1.01E+00,1.44E+01,8.60E-01,1.00E+02,1.19E+07,1.45E+08,1.06E+00,1.38E+01,0.00E+00,0.00E+00,1.94E+01,4.49E+01,0.00E+00,2.86E+01,1.45E+01,0.00E+00,1.26E+07,1.53E+08,2.76E+06,3.35E+07,4.31E+01,1.12E+00,7.78E+01,0.00E+00,7.15E-02,0.00E+00,8.69E-03,0.00E+00,8.22E-02,0.00E+00,1.00E-02
816766550000,8.22E-02,1.22E+01,6.50E+08,3.97E+01,2.52E+09,4.13E+09,1.60E+09,9.18E+01,7.55E-02,9.18E-03,7.67E+01,6.31E-02,7.67E-03,1.79E+01,1.88E+00,3.01E+01,2.22E+03,2.40E+06,2.91E+07,7.22E+05,8.78E+06,1.02E+00,4.14E+00,1.01E+00,1.00E+02,1.15E+07,1.40E+08,1.44E+00,2.67E+01,0.00E+00,0.00E+00,1.81E+01,4.84E+01,0.00E+00,3.51E+01,1.39E+01,0.00E+00,1.65E+07,2.01E+08,2.45E+06,2.98E+07,4.89E+01,6.52E-02,7.50E+01,0.00E+00,7.55E-02,0.00E+00,9.18E-03,0.00E+00,6.31E-02,0.00E+00,7.67E-03
816766560000,8.22E-02,1.22E+01,6.50E+08,1.56E+01,6.42E+08,1.63E+09,9.85E+08,9.54E+01,7.85E-02,9.54E-03,2.27E+01,1.87E-02,2.27E-03,1.54E-03,6.68E+01,1.00E+02,1.06E+00,2.06E+02,2.51E+03,2.06E+02,2.51E+03,2.00E+00,0.00E+00,2.76E-01,1.00E+02,9.45E+06,1.15E+08,1.00E+00,5.88E+00,0.00E+00,0.00E+00,6.06E+01,5.04E+01,0.00E+00,6.69E+01,2.43E-03,0.00E+00,9.45E+06,1.15E+08,4.12E+02,5.01E+03,6.69E+01,2.44E+00,5.22E+01,0.00E+00,7.85E-02,0.00E+00,9.54E-03,0.00E+00,1.87E-02,0.00E+00,2.27E-03
816766570000,9.82E-02,1.02E+01,6.50E+08,1.72E+01,7.20E+08,1.79E+09,1.07E+09,9.54E+01,9.37E-02,9.54E-03,2.88E+01,2.83E-02,2.88E-03,7.33E-01,4.47E+00,6.63E+01,2.70E+02,1.17E+05,1.19E+06,7.76E+04,7.90E+05,1.04E+00,0.00E+00,2.70E-01,1.00E+02,1.10E+07,1.12E+08,1.00E+00,5.72E+00,0.00E+00,0.00E+00,6.06E+01,4.48E+01,0.00E+00,6.54E+01,5.33E-01,0.00E+00,1.10E+07,1.12E+08,1.22E+05,1.24E+06,6.59E+01,2.73E+00,5.39E+01,0.00E+00,9.37E-02,0.00E+00,9.54E-03,0.00E+00,2.83E-02,0.00E+00,2.88E-03
816766580000,9.89E-02,1.01E+01,6.50E+08,2.52E+01,1.37E+09,2.62E+09,1.26E+09,9.23E+01,9.12E-02,9.23E-03,0.00E+00,0.00E+00,0.00E+00,9.55E+00,2.20E+00,7.55E+01,3.03E+04,1.53E+06,1.55E+07,1.16E+06,1.17E+07,1.01E+00,0.00E+00,2.21E-01,1.00E+02,9.07E+06,9.18E+07,1.00E+00,4.82E+00,0.00E+00,0.00E+00,6.06E+01,4.40E+01,0.00E+00,5.34E+01,6.62E+00,0.00E+00,9.07E+06,9.18E+07,1.55E+06,1.56E+07,6.00E+01,7.04E+00,6.80E+01,0.00E+00,9.12E-02,0.00E+00,9.23E-03,0.00E+00,0.00E+00,0.00E+00,0.00E+00
816766590000,9.89E-02,1.01E+01,6.50E+08,2.36E+01,1.44E+09,2.46E+09,1.02E+09,9.50E+01,9.39E-02,9.50E-03,0.00E+00,0.00E+00,0.00E+00,1.12E+01,1.94E+00,3.94E+01,3.29E+04,1.80E+06,1.82E+07,7.09E+05,7.17E+06,1.01E+00,0.00E+00,2.22E-01,1.00E+02,9.15E+06,9.25E+07,1.00E+00,4.72E+00,0.00E+00,0.00E+00,6.06E+01,4.40E+01,0.00E+00,5.39E+01,7.76E+00,0.00E+00,9.15E+06,9.25E+07,1.81E+06,1.83E+07,6.16E+01,6.54E+00,6.90E+01,0.00E+00,9.39E-02,0.00E+00,9.50E-03,0.00E+00,0.00E+00,0.00E+00,0.00E+00
816766600000,9.89E-02,1.01E+01,6.50E+08,2.50E+01,1.53E+09,2.60E+09,1.06E+09,9.33E+01,9.22E-02,9.33E-03,0.00E+00,0.00E+00,0.00E+00,1.07E+01,1.86E+00,4.98E+01,3.60E+04,1.72E+06,1.74E+07,8.56E+05,8.66E+06,1.01E+00,0.00E+00,2.21E-01,1.00E+02,9.08E+06,9.19E+07,1.00E+00,4.72E+00,0.00E+00,0.00E+00,6.06E+01,4.40E+01,0.00E+00,5.35E+01,7.40E+00,0.00E+00,9.08E+06,9.19E+07,1.73E+06,1.75E+07,6.09E+01,7.26E+00,6.86E+01,0.00E+00,9.22E-02,0.00E+00,9.33E-03,0.00E+00,0.00E+00,0.00E+00,0.00E+00
816766610000,9.89E-02,1.01E+01,6.50E+08,2.57E+01,1.70E+09,2.68E+09,9.75E+08,7.02E+01,6.94E-02,7.02E-03,0.00E+00,0.00E+00,0.00E+00,9.62E+00,2.53E+00,1.09E+01,3.25E+04,1.55E+06,1.56E+07,1.68E+05,1.70E+06,1.01E+00,0.00E+00,4.06E-01,1.00E+02,1.03E+07,1.04E+08,1.06E+00,6.97E+00,0.00E+00,0.00E+00,4.16E+01,4.40E+01,0.00E+00,4.41E+01,6.67E+00,0.00E+00,1.09E+07,1.10E+08,1.56E+06,1.58E+07,5.08E+01,4.86E+00,7.35E+01,0.00E+00,6.94E-02,0.00E+00,7.02E-03,0.00E+00,0.00E+00,0.00E+00,0.00E+00
816766620000,9.89E-02,1.01E+01,6.50E+08,3.47E+01,2.26E+09,3.61E+09,1.35E+09,0.00E+00,0.00E+00,0.00E+00,0.00E+00,0.00E+00,0.00E+00,4.38E+00,4.27E+00,1.35E+00,3.88E+04,7.04E+05,7.12E+06,9.49E+03,9.60E+04,1.00E+00,1.87E+01,9.35E-01,1.00E+02,1.31E+07,1.33E+08,1.19E+00,1.34E+01,0.00E+00,0.00E+00,8.49E+00,4.40E+01,0.00E+00,1.29E+01,3.03E+00,0.00E+00,1.56E+07,1.58E+08,7.07E+05,7.15E+06,1.59E+01,8.75E-03,8.75E+01,0.00E+00,0.00E+00,0.00E+00,0.00E+00,0.00E+00,0.00E+00,0.00E+00,0.00E+00
816766630000,9.89E-02,1.01E+01,6.50E+08,3.12E+01,2.00E+09,3.25E+09,1.25E+09,6.20E+01,6.12E-02,6.20E-03,0.00E+00,0.00E+00,0.00E+00,1.23E+01,2.03E+00,3.54E+01,6.15E+03,1.97E+06,1.99E+07,6.96E+05,7.04E+06,1.01E+00,2.13E+01,6.77E-01,1.00E+02,9.72E+06,9.83E+07,1.13E+00,8.64E+00,0.00E+00,0.00E+00,9.74E+00,4.60E+01,0.00E+00,1.04E+01,8.92E+00,0.00E+00,1.09E+07,1.11E+08,1.99E+06,2.02E+07,1.93E+01,3.46E-03,6.69E+01,0.00E+00,6.12E-02,0.00E+00,6.20E-03,0.00E+00,0.00E+00,0.00E+00,0.00E+00
816766640000,9.89E-02,1.01E+01,6.50E+08,2.91E+01,1.84E+09,3.03E+09,1.18E+09,4.10E+01,4.05E-02,4.10E-03,5.54E+01,5.47E-02,5.54E-03,1.71E+01,2.02E+00,4.07E+01,5.43E+03,2.74E+06,2.78E+07,1.12E+06,1.13E+07,1.01E+00,2.43E+01,5.18E-01,1.00E+02,7.62E+06,7.71E+07,1.06E+00,5.69E+00,0.00E+00,0.00E+00,1.12E+01,4.63E+01,0.00E+00,8.81E+00,1.25E+01,0.00E+00,8.06E+06,8.16E+07,2.78E+06,2.82E+07,2.13E+01,2.18E-04,5.42E+01,0.00E+00,4.05E-02,0.00E+00,4.10E-03,0.00E+00,5.47E-02,0.00E+00,5.54E-03
816766650000,9.89E-02,1.01E+01,6.50E+08,2.91E+01,1.84E+09,3.03E+09,1.18E+09,0.00E+00,0.00E+00,0.00E+00,1.00E+02,9.89E-02,1.00E-02,1.71E+01,2.02E+00,4.07E+01,5.43E+03,2.74E+06,2.78E+07,1.12E+06,1.13E+07,1.01E+00,2.43E+01,5.18E-01,1.00E+02,7.62E+06,7.71E+07,1.06E+00,5.69E+00,0.00E+00,0.00E+00,1.12E+01,4.63E+01,0.00E+00,8.81E+00,1.25E+01,0.00E+00,8.06E+06,8.16E+07,2.78E+06,2.82E+07,2.13E+01,2.18E-04,5.42E+01,0.00E+00,0.00E+00,0.00E+00,0.00E+00,0.00E+00,9.89E-02,0.00E+00,1.00E-02
816766660000,9.88E-02,1.01E+01,6.50E+08,1.87E+01,9.09E+08,1.95E+09,1.04E+09,6.58E+01,6.50E-02,6.58E-03,4.28E+01,4.23E-02,4.28E-03,3.38E+00,2.13E+00,4.07E+01,1.45E+03,5.42E+05,5.49E+06,2.21E+05,2.24E+06,1.01E+00,0.00E+00,3.21E-01,1.00E+02,1.05E+07,1.06E+08,1.01E+00,5.80E+00,0.00E+00,0.00E+00,5.31E+01,4.63E+01,0.00E+00,5.47E+01,2.48E+00,0.00E+00,1.06E+07,1.07E+08,5.50E+05,5.57E+06,5.72E+01,2.28E+00,5.28E+01,0.00E+00,6.50E-02,0.00E+00,6.58E-03,0.00E+00,4.23E-02,0.00E+00,4.28E-03
816766670000,9.81E-02,1.02E+01,6.50E+08,1.63E+01,6.51E+08,1.69E+09,1.04E+09,8.43E+01,8.27E-02,8.43E-03,2.56E+01,2.52E-02,2.56E-03,3.77E-03,3.63E+02,1.00E+02,1.50E+00,6.02E+02,6.13E+03,6.02E+02,6.13E+03,2.00E+00,0.00E+00,2.73E-01,1.00E+02,1.11E+07,1.13E+08,1.00E+00,5.75E+00,0.00E+00,0.00E+00,6.06E+01,6.13E+01,0.00E+00,6.60E+01,7.23E-03,0.00E+00,1.11E+07,1.13E+08,1.20E+03,1.23E+04,6.60E+01,2.82E+00,5.24E+01,0.00E+00,8.27E-02,0.00E+00,8.43E-03,0.00E+00,2.52E-02,0.00E+00,2.56E-03
816766680000,9.81E-02,1.02E+01,6.50E+08,2.81E+01,1.54E+09,2.92E+09,1.38E+09,9.47E+01,9.29E-02,9.47E-03,0.00E+00,0.00E+00,0.00E+00,1.04E+01,2.18E+00,7.52E+01,2.38E+04,1.65E+06,1.68E+07,1.24E+06,1.27E+07,1.01E+00,0.00E+00,2.44E-01,1.00E+02,9.97E+06,1.02E+08,1.00E+00,5.22E+00,0.00E+00,0.00E+00,6.06E+01,4.40E+01,0.00E+00,5.92E+01,7.20E+00,0.00E+00,9.97E+06,1.02E+08,1.67E+06,1.70E+07,6.63E+01,4.09E+00,6.52E+01,0.00E+00,9.29E-02,0.00E+00,9.47E-03,0.00E+00,0.00E+00,0.00E+00,0.00E+00
816766690000,9.81E-02,1.02E+01,6.50E+08,2.53E+01,1.54E+09,2.63E+09,1.10E+09,9.44E+01,9.26E-02,9.44E-03,0.00E+00,0.00E+00,0.00E+00,1.18E+01,1.92E+00,4.10E+01,3.33E+04,1.88E+06,1.92E+07,7.72E+05,7.87E+06,1.01E+00,0.00E+00,2.38E-01,1.00E+02,9.71E+06,9.89E+07,1.00E+00,5.00E+00,0.00E+00,0.00E+00,6.06E+01,4.40E+01,0.00E+00,5.76E+01,8.19E+00,0.00E+00,9.71E+06,9.89E+07,1.90E+06,1.94E+07,6.58E+01,4.38E+00,6.72E+01,0.00E+00,9.26E-02,0.00E+00,9.44E-03,0.00E+00,0.00E+00,0.00E+00,0.00E+00
816766700000,9.81E-02,1.02E+01,6.50E+08,2.70E+01,1.66E+09,2.81E+09,1.15E+09,9.46E+01,9.28E-02,9.46E-03,0.00E+00,0.00E+00,0.00E+00,1.18E+01,1.83E+00,4.83E+01,3.77E+04,1.88E+06,1.91E+07,9.06E+05,9.23E+06,1.01E+00,0.00E+00,2.40E-01,1.00E+02,9.81E+06,1.00E+08,1.00E+00,5.08E+00,0.00E+00,0.00E+00,6.06E+01,4.40E+01,0.00E+00,5.82E+01,8.16E+00,0.00E+00,9.81E+06,1.00E+08,1.89E+06,1.93E+07,6.64E+01,4.50E+00,6.72E+01,0.00E+00,9.28E-02,0.00E+00,9.46E-03,0.00E+00,0.00E+00,0.00E+00,0.00E+00
816766710000,9.81E-02,1.02E+01,6.50E+08,2.31E+01,1.59E+09,2.41E+09,8.15E+08,9.49E+01,9.31E-02,9.49E-03,0.00E+00,0.00E+00,0.00E+00,1.17E+01,6.42E+00,1.61E+00,3.45E+04,1.86E+06,1.89E+07,2.99E+04,3.05E+05,1.01E+00,0.00E+00,2.40E-01,1.00E+02,9.69E+06,9.87E+07,1.00E+00,5.01E+00,0.00E+00,0.00E+00,6.02E+01,4.40E+01,0.00E+00,5.72E+01,8.08E+00,0.00E+00,9.70E+06,9.88E+07,1.87E+06,1.91E+07,6.52E+01,5.14E+00,6.77E+01,0.00E+00,9.31E-02,0.00E+00,9.49E-03,0.00E+00,0.00E+00,0.00E+00,0.00E+00
816766720000,9.81E-02,1.02E+01,6.50E+08,3.50E+01,2.18E+09,3.64E+09,1.46E+09,1.00E+02,9.81E-02,1.00E-02,0.00E+00,0.00E+00,0.00E+00,1.48E+00,3.35E+00,2.42E+00,3.62E+04,2.36E+05,2.40E+06,5.70E+03,5.81E+04,9.97E-01,1.87E+01,1.01E+00,1.00E+02,1.41E+07,1.44E+08,1.19E+00,1.47E+01,0.00E+00,0.00E+00,8.49E+00,4.39E+01,0.00E+00,1.40E+01,1.01E+00,0.00E+00,1.68E+07,1.71E+08,2.35E+05,2.40E+06,1.50E+01,1.05E-03,8.54E+01,0.00E+00,9.81E-02,0.00E+00,1.00E-02,0.00E+00,0.00E+00,0.00E+00,0.00E+00
816766730000,9.81E-02,1.02E+01,6.50E+08,3.22E+01,2.02E+09,3.34E+09,1.33E+09,9.68E+01,9.50E-02,9.68E-03,0.00E+00,0.00E+00,0.00E+00,9.31E+00,2.03E+00,3.77E+01,5.83E+03,1.48E+06,1.51E+07,5.59E+05,5.70E+06,1.01E+00,2.06E+01,7.69E-01,1.00E+02,1.09E+07,1.11E+08,1.14E+00,1.02E+01,0.00E+00,0.00E+00,9.37E+00,4.61E+01,0.00E+00,1.14E+01,6.79E+00,0.00E+00,1.25E+07,1.27E+08,1.50E+06,1.53E+07,1.82E+01,1.88E-03,7.00E+01,0.00E+00,9.50E-02,0.00E+00,9.68E-03,0.00E+00,0.00E+00,0.00E+00,0.00E+00
816766740000,9.81E-02,1.02E+01,6.50E+08,2.93E+01,1.86E+09,3.05E+09,1.19E+09,5.16E+01,5.06E-02,5.16E-03,4.49E+01,4.41E-02,4.49E-03,1.72E+01,2.02E+00,4.07E+01,5.43E+03,2.74E+06,2.80E+07,1.12E+06,1.14E+07,1.01E+00,2.43E+01,5.22E-01,1.00E+02,7.62E+06,7.76E+07,1.06E+00,5.64E+00,0.00E+00,0.00E+00,1.12E+01,4.63E+01,0.00E+00,8.87E+00,1.26E+01,0.00E+00,8.06E+06,8.22E+07,2.78E+06,2.84E+07,2.15E+01,2.72E-03,5.43E+01,0.00E+00,5.06E-02,0.00E+00,5.16E-03,0.00E+00,4.41E-02,0.00E+00,4.49E-03
816766750000,9.81E-02,1.02E+01,6.50E+08,2.93E+01,1.86E+09,3.05E+09,1.19E+09,0.00E+00,0.00E+00,0.00E+00,1.00E+02,9.81E-02,1.00E-02,1.72E+01,2.02E+00,4.07E+01,5.43E+03,2.74E+06,2.80E+07,1.12E+06,1.14E+07,1.01E+00,2.43E+01,5.22E-01,1.00E+02,7.62E+06,7.76E+07,1.06E+00,5.64E+00,0.00E+00,0.00E+00,1.12E+01,4.63E+01,0.00E+00,8.87E+00,1.26E+01,0.00E+00,8.06E+06,8.22E+07,2.78E+06,2.84E+07,2.15E+01,2.72E-03,5.43E+01,0.00E+00,0.00E+00,0.00E+00,0.00E+00,0.00E+00,9.81E-02,0.00E+00,1.00E-02
816766760000,9.91E-02,1.01E+01,6.50E+08,2.16E+01,1.10E+09,2.24E+09,1.14E+09,6.70E+01,6.64E-02,6.70E-03,6.01E+01,5.95E-02,6.01E-03,5.15E+00,2.35E+00,4.08E+01,1.41E+03,8.28E+05,8.36E+06,3.38E+05,3.41E+06,1.01E+00,0.00E+00,3.55E-01,1.00E+02,1.05E+07,1.06E+08,1.01E+00,5.88E+00,0.00E+00,0.00E+00,4.93E+01,4.63E+01,0.00E+00,5.08E+01,3.78E+00,0.00E+00,1.06E+07,1.07E+08,8.41E+05,8.49E+06,5.46E+01,9.27E-01,5.19E+01,0.00E+00,6.64E-02,0.00E+00,6.70E-03,0.00E+00,5.95E-02,0.00E+00,6.01E-03
816766770000,1.02E-01,9.83E+00,6.50E+08,2.28E+01,1.12E+09,2.38E+09,1.26E+09,7.24E+01,7.37E-02,7.24E-03,6.40E+01,6.51E-02,6.40E-03,5.02E+00,2.34E+00,8.34E+01,2.79E+03,8.30E+05,8.15E+06,6.92E+05,6.80E+06,1.01E+00,0.00E+00,2.63E-01,1.00E+02,1.11E+07,1.09E+08,1.00E+00,5.57E+00,0.00E+00,0.00E+00,6.06E+01,4.40E+01,0.00E+00,6.37E+01,3.49E+00,0.00E+00,1.11E+07,1.09E+08,8.39E+05,8.25E+06,6.72E+01,2.83E+00,5.76E+01,0.00E+00,7.37E-02,0.00E+00,7.24E-03,0.00E+00,6.51E-02,0.00E+00,6.40E-03
816766780000,1.02E-01,9.83E+00,6.50E+08,2.44E+01,1.43E+09,2.54E+09,1.11E+09,9.50E+01,9.66E-02,9.50E-03,1.00E+02,1.02E-01,1.00E-02,1.07E+01,2.22E+00,4.74E+01,3.81E+04,1.77E+06,1.74E+07,8.37E+05,8.23E+06,1.01E+00,0.00E+00,2.24E-01,1.00E+02,9.48E+06,9.32E+07,1.00E+00,4.79E+00,0.00E+00,0.00E+00,6.06E+01,4.40E+01,0.00E+00,5.43E+01,7.41E+00,0.00E+00,9.48E+06,9.32E+07,1.78E+06,1.75E+07,6.17E+01,6.52E+00,6.82E+01,0.00E+00,9.66E-02,0.00E+00,9.50E-03,0.00E+00,1.02E-01,0.00E+00,1.00E-02
816766790000,1.02E-01,9.83E+00,6.50E+08,2.48E+01,1.45E+09,2.58E+09,1.13E+09,9.41E+01,9.57E-02,9.41E-03,1.00E+02,1.02E-01,1.00E-02,1.11E+01,1.85E+00,5.51E+01,3.21E+04,1.83E+06,1.80E+07,1.01E+06,9.89E+06,1.01E+00,0.00E+00,2.27E-01,1.00E+02,9.61E+06,9.45E+07,1.00E+00,4.86E+00,0.00E+00,0.00E+00,6.06E+01,4.40E+01,0.00E+00,5.50E+01,7.66E+00,0.00E+00,9.61E+06,9.45E+07,1.84E+06,1.81E+07,6.27E+01,6.25E+00,6.81E+01,0.00E+00,9.57E-02,0.00E+00,9.41E-03,0.00E+00,1.02E-01,0.00E+00,1.00E-02
816766800000,1.02E-01,9.83E+00,6.50E+08,2.56E+01,1.67E+09,2.67E+09,1.00E+09,9.53E+01,9.70E-02,9.53E-03,1.00E+02,1.02E-01,1.00E-02,1.17E+01,1.94E+00,2.66E+01,3.26E+04,1.94E+06,1.90E+07,5.15E+05,5.06E+06,1.01E+00,0.00E+00,2.42E-01,1.00E+02,1.02E+07,1.01E+08,1.00E+00,5.07E+00,0.00E+00,0.00E+00,6.06E+01,4.40E+01,0.00E+00,5.85E+01,8.12E+00,0.00E+00,1.02E+07,1.01E+08,1.95E+06,1.92E+07,6.67E+01,4.46E+00,6.66E+01,0.00E+00,9.70E-02,0.00E+00,9.53E-03,0.00E+00,1.02E-01,0.00E+00,1.00E-02
816766810000,1.02E-01,9.83E+00,6.50E+08,2.22E+01,1.43E+09,2.31E+09,8.80E+08,9.55E+01,9.72E-02,9.55E-03,8.00E+01,8.14E-02,8.00E-03,9.36E+00,4.96E+00,1.20E+00,4.14E+04,1.55E+06,1.52E+07,1.86E+04,1.83E+05,1.01E+00,0.00E+00,2.56E-01,1.00E+02,1.08E+07,1.07E+08,1.00E+00,5.36E+00,0.00E+00,0.00E+00,6.06E+01,4.40E+01,0.00E+00,6.21E+01,6.47E+00,0.00E+00,1.08E+07,1.07E+08,1.56E+06,1.53E+07,6.85E+01,3.18E+00,6.24E+01,0.00E+00,9.72E-02,0.00E+00,9.55E-03,0.00E+00,8.14E-02,0.00E+00,8.00E-03
816766820000,1.02E-01,9.83E+00,6.50E+08,3.11E+01,1.85E+09,3.24E+09,1.38E+09,1.22E+01,1.24E-02,1.22E-03,0.00E+00,0.00E+00,0.00E+00,0.00E+00,,,,0.00E+00,0.00E+00,0.00E+00,0.00E+00,,1.37E+01,9.20E-01,1.00E+02,1.44E+07,1.41E+08,1.17E+00,1.35E+01,0.00E+00,0.00E+00,1.35E+01,,0.00E+00,2.15E+01,0.00E+00,0.00E+00,1.68E+07,1.65E+08,0.00E+00,0.00E+00,2.15E+01,9.32E-02,7.95E+01,0.00E+00,1.24E-02,0.00E+00,1.22E-03,0.00E+00,0.00E+00,0.00E+00,0.00E+00
816766830000,1.02E-01,9.83E+00,6.50E+08,3.22E+01,1.99E+09,3.35E+09,1.36E+09,3.63E+01,3.69E-02,3.63E-03,0.00E+00,0.00E+00,0.00E+00,6.37E+00,2.02E+00,4.07E+01,6.01E+03,1.05E+06,1.03E+07,4.29E+05,4.21E+06,1.01E+00,2.00E+01,8.40E-01,1.00E+02,1.23E+07,1.21E+08,1.16E+00,1.14E+01,0.00E+00,0.00E+00,9.09E+00,4.62E+01,0.00E+00,1.22E+01,4.66E+00,0.00E+00,1.42E+07,1.40E+08,1.07E+06,1.05E+07,1.69E+01,1.48E-03,7.30E+01,0.00E+00,3.69E-02,0.00E+00,3.63E-03,0.00E+00,0.00E+00,0.00E+00,0.00E+00
816766840000,1.02E-01,9.83E+00,6.50E+08,2.99E+01,1.89E+09,3.10E+09,1.22E+09,6.43E+01,6.54E-02,6.43E-03,3.22E+01,3.27E-02,3.22E-03,1.75E+01,2.02E+00,4.07E+01,6.01E+03,2.90E+06,2.85E+07,1.18E+06,1.16E+07,1.01E+00,2.43E+01,5.32E-01,1.00E+02,8.05E+06,7.92E+07,1.06E+00,5.76E+00,0.00E+00,0.00E+00,1.12E+01,4.62E+01,0.00E+00,9.05E+00,1.28E+01,0.00E+00,8.53E+06,8.38E+07,2.94E+06,2.89E+07,2.19E+01,3.84E-03,5.39E+01,0.00E+00,6.54E-02,0.00E+00,6.43E-03,0.00E+00,3.27E-02,0.00E+00,3.22E-03
816766850000,1.02E-01,9.83E+00,6.50E+08,2.99E+01,1.89E+09,3.10E+09,1.22E+09,0.00E+00,0.00E+00,0.00E+00,1.00E+02,1.02E-01,1.00E-02,1.75E+01,2.02E+00,4.07E+01,6.01E+03,2.90E+06,2.85E+07,1.18E+06,1.16E+07,1.01E+00,2.43E+01,5.32E-01,1.00E+02,8.05E+06,7.92E+07,1.06E+00,5.76E+00,0.00E+00,0.00E+00,1.12E+01,4.62E+01,0.00E+00,9.05E+00,1.28E+01,0.00E+00,8.53E+06,8.38E+07,2.94E+06,2.89E+07,2.19E+01,3.84E-03,5.39E+01,0.00E+00,0.00E+00,0.00E+00,0.00E+00,0.00E+00,1.02E-01,0.00E+00,1.00E-02
816766860000,1.02E-01,9.83E+00,6.50E+08,2.18E+01,1.16E+09,2.27E+09,1.10E+09,5.97E+01,6.07E-02,5.97E-03,6.71E+01,6.82E-02,6.71E-03,6.66E+00,2.14E+00,4.08E+01,2.12E+03,1.10E+06,1.08E+07,4.49E+05,4.41E+06,1.01E+00,0.00E+00,3.69E-01,1.00E+02,1.01E+07,9.94E+07,1.02E+00,5.72E+00,0.00E+00,0.00E+00,4.50E+01,4.62E+01,0.00E+00,4.38E+01,4.88E+00,0.00E+00,1.03E+07,1.01E+08,1.12E+06,1.10E+07,4.87E+01,1.83E+00,5.28E+01,0.00E+00,6.07E-02,0.00E+00,5.97E-03,0.00E+00,6.82E-02,0.00E+00,6.71E-03
816766870000,1.01E-01,9.86E+00,6.50E+08,2.29E+01,1.13E+09,2.39E+09,1.26E+09,7.44E+01,7.54E-02,7.44E-03,6.78E+01,6.87E-02,6.78E-03,4.85E+00,2.34E+00,8.13E+01,1.98E+03,7.99E+05,7.88E+06,6.50E+05,6.41E+06,1.01E+00,0.00E+00,2.58E-01,1.00E+02,1.09E+07,1.07E+08,1.00E+00,5.48E+00,0.00E+00,0.00E+00,6.06E+01,4.41E+01,0.00E+00,6.25E+01,3.38E+00,0.00E+00,1.09E+07,1.07E+08,8.09E+05,7.98E+06,6.59E+01,3.57E+00,5.87E+01,0.00E+00,7.54E-02,0.00E+00,7.44E-03,0.00E+00,6.87E-02,0.00E+00,6.78E-03
816766880000,1.01E-01,9.86E+00,6.50E+08,2.46E+01,1.42E+09,2.56E+09,1.14E+09,9.35E+01,9.48E-02,9.35E-03,1.00E+02,1.01E-01,1.00E-02,1.08E+01,2.29E+00,5.04E+01,3.16E+04,1.78E+06,1.75E+07,8.96E+05,8.83E+06,1.01E+00,0.00E+00,2.23E-01,1.00E+02,9.42E+06,9.29E+07,1.00E+00,4.81E+00,0.00E+00,0.00E+00,6.06E+01,4.40E+01,0.00E+00,5.41E+01,7.48E+00,0.00E+00,9.42E+06,9.29E+07,1.79E+06,1.77E+07,6.16E+01,6.57E+00,6.81E+01,0.00E+00,9.48E-02,0.00E+00,9.35E-03,0.00E+00,1.01E-01,0.00E+00,1.00E-02
816766890000,1.01E-01,9.86E+00,6.50E+08,2.46E+01,1.46E+09,2.55E+09,1.09E+09,9.48E+01,9.61E-02,9.48E-03,1.00E+02,1.01E-01,1.00E-02,1.11E+01,1.83E+00,5.24E+01,3.39E+04,1.83E+06,1.80E+07,9.57E+05,9.44E+06,1.01E+00,0.00E+00,2.22E-01,1.00E+02,9.34E+06,9.22E+07,1.00E+00,4.72E+00,0.00E+00,0.00E+00,6.06E+01,4.40E+01,0.00E+00,5.37E+01,7.68E+00,0.00E+00,9.34E+06,9.22E+07,1.84E+06,1.82E+07,6.13E+01,6.73E+00,6.91E+01,0.00E+00,9.61E-02,0.00E+00,9.48E-03,0.00E+00,1.01E-01,0.00E+00,1.00E-02
816766900000,1.01E-01,9.86E+00,6.50E+08,2.54E+01,1.63E+09,2.64E+09,1.00E+09,9.49E+01,9.62E-02,9.49E-03,1.00E+02,1.01E-01,1.00E-02,1.18E+01,1.96E+00,2.76E+01,3.42E+04,1.95E+06,1.92E+07,5.38E+05,5.30E+06,1.01E+00,0.00E+00,2.40E-01,1.00E+02,1.01E+07,9.99E+07,1.00E+00,5.05E+00,0.00E+00,0.00E+00,6.06E+01,4.40E+01,0.00E+00,5.82E+01,8.19E+00,0.00E+00,1.01E+07,9.99E+07,1.96E+06,1.93E+07,6.63E+01,4.55E+00,6.71E+01,0.00E+00,9.62E-02,0.00E+00,9.49E-03,0.00E+00,1.01E-01,0.00E+00,1.00E-02
816766910000,1.01E-01,9.86E+00,6.50E+08,2.22E+01,1.44E+09,2.30E+09,8.65E+08,9.54E+01,9.67E-02,9.54E-03,8.19E+01,8.31E-02,8.19E-03,9.29E+00,4.98E+00,1.18E+00,3.99E+04,1.53E+06,1.51E+07,1.80E+04,1.77E+05,1.01E+00,0.00E+00,2.52E-01,1.00E+02,1.06E+07,1.05E+08,1.00E+00,5.26E+00,0.00E+00,0.00E+00,6.06E+01,4.40E+01,0.00E+00,6.10E+01,6.42E+00,0.00E+00,1.06E+07,1.05E+08,1.54E+06,1.52E+07,6.74E+01,3.81E+00,6.29E+01,0.00E+00,9.67E-02,0.00E+00,9.54E-03,0.00E+00,8.31E-02,0.00E+00,8.19E-03
816766920000,1.01E-01,9.86E+00,6.50E+08,2.78E+01,1.60E+09,2.89E+09,1.30E+09,9.78E+01,9.92E-02,9.78E-03,0.00E+00,0.00E+00,0.00E+00,0.00E+00,,,,0.00E+00,0.00E+00,0.00E+00,0.00E+00,,5.48E+00,7.91E-01,1.00E+02,1.38E+07,1.36E+08,1.14E+00,1.21E+01,0.00E+00,0.00E+00,2.08E+01,,0.00E+00,3.10E+01,0.00E+00,0.00E+00,1.58E+07,1.55E+08,0.00E+00,0.00E+00,3.10E+01,5.16E-01,7.35E+01,0.00E+00,9.92E-02,0.00E+00,9.78E-03,0.00E+00,0.00E+00,0.00E+00,0.00E+00
816766930000,1.01E-01,9.86E+00,6.50E+08,3.30E+01,2.03E+09,3.43E+09,1.41E+09,9.68E+01,9.81E-02,9.68E-03,0.00E+00,0.00E+00,0.00E+00,3.30E+00,2.02E+00,4.07E+01,6.01E+03,5.44E+05,5.37E+06,2.22E+05,2.19E+06,1.01E+00,1.93E+01,9.26E-01,1.00E+02,1.34E+07,1.32E+08,1.18E+00,1.31E+01,0.00E+00,0.00E+00,8.77E+00,4.62E+01,0.00E+00,1.31E+01,2.42E+00,0.00E+00,1.58E+07,1.55E+08,5.52E+05,5.44E+06,1.55E+01,1.15E-04,7.78E+01,0.00E+00,9.81E-02,0.00E+00,9.68E-03,0.00E+00,0.00E+00,0.00E+00,0.00E+00
816766940000,1.01E-01,9.86E+00,6.50E+08,2.94E+01,1.86E+09,3.06E+09,1.20E+09,8.32E+01,8.44E-02,8.32E-03,1.32E+01,1.34E-02,1.32E-03,1.73E+01,2.02E+00,4.07E+01,6.01E+03,2.85E+06,2.81E+07,1.16E+06,1.15E+07,1.01E+00,2.43E+01,5.25E-01,1.00E+02,7.92E+06,7.81E+07,1.06E+00,5.74E+00,0.00E+00,0.00E+00,1.12E+01,4.62E+01,0.00E+00,8.92E+00,1.27E+01,0.00E+00,8.38E+06,8.26E+07,2.89E+06,2.85E+07,2.16E+01,1.38E-05,5.38E+01,0.00E+00,8.44E-02,0.00E+00,8.32E-03,0.00E+00,1.34E-02,0.00E+00,1.32E-03
816766950000,1.01E-01,9.86E+00,6.50E+08,2.94E+01,1.86E+09,3.06E+09,1.20E+09,0.00E+00,0.00E+00,0.00E+00,1.00E+02,1.01E-01,1.00E-02,1.73E+01,2.02E+00,4.07E+01,6.01E+03,2.85E+06,2.81E+07,1.16E+06,1.15E+07,1.01E+00,2.43E+01,5.25E-01,1.00E+02,7.92E+06,7.81E+07,1.06E+00,5.74E+00,0.00E+00,0.00E+00,1.12E+01,4.62E+01,0.00E+00,8.92E+00,1.27E+01,0.00E+00,8.38E+06,8.26E+07,2.89E+06,2.85E+07,2.16E+01,1.38E-05,5.38E+01,0.00E+00,0.00E+00,0.00E+00,0.00E+00,0.00E+00,1.01E-01,0.00E+00,1.00E-02
816766960000,1.01E-01,9.86E+00,6.50E+08,2.47E+01,1.42E+09,2.57E+09,1.15E+09,2.13E+01,2.16E-02,2.13E-03,7.64E+01,7.75E-02,7.64E-03,1.02E+01,2.02E+00,4.07E+01,3.39E+03,1.68E+06,1.66E+07,6.85E+05,6.76E+06,1.01E+00,0.00E+00,4.26E-01,1.00E+02,9.58E+06,9.45E+07,1.03E+00,5.86E+00,0.00E+00,0.00E+00,3.58E+01,4.62E+01,0.00E+00,3.35E+01,7.47E+00,0.00E+00,9.85E+06,9.72E+07,1.71E+06,1.68E+07,4.09E+01,5.98E-01,5.27E+01,0.00E+00,2.16E-02,0.00E+00,2.13E-03,0.00E+00,7.75E-02,0.00E+00,7.64E-03
816766970000,1.15E-01,8.67E+00,6.50E+08,2.09E+01,9.86E+08,2.18E+09,1.19E+09,9.20E+01,1.06E-01,9.20E-03,2.60E+01,2.99E-02,2.60E-03,2.91E+00,2.61E+00,7.57E+01,9.32E+02,5.45E+05,4.73E+06,4.13E+05,3.58E+06,1.02E+00,0.00E+00,2.67E-01,1.00E+02,1.28E+07,1.11E+08,1.00E+00,5.63E+00,0.00E+00,0.00E+00,6.06E+01,4.42E+01,0.00E+00,6.47E+01,2.04E+00,0.00E+00,1.28E+07,1.11E+08,5.54E+05,4.81E+06,6.68E+01,2.59E+00,5.50E+01,0.00E+00,1.06E-01,0.00E+00,9.20E-03,0.00E+00,2.99E-02,0.00E+00,2.60E-03
816766980000,1.16E-01,8.62E+00,6.50E+08,2.68E+01,1.50E+09,2.79E+09,1.29E+09,9.59E+01,1.11E-01,9.59E-03,0.00E+00,0.00E+00,0.00E+00,1.11E+01,2.27E+00,6.08E+01,3.79E+04,2.10E+06,1.81E+07,1.28E+06,1.10E+07,1.01E+00,0.00E+00,2.38E-01,1.00E+02,1.15E+07,9.89E+07,1.00E+00,5.09E+00,0.00E+00,0.00E+00,6.06E+01,4.40E+01,0.00E+00,5.76E+01,7.72E+00,0.00E+00,1.15E+07,9.89E+07,2.12E+06,1.83E+07,6.53E+01,4.82E+00,6.70E+01,0.00E+00,1.11E-01,0.00E+00,9.59E-03,0.00E+00,0.00E+00,0.00E+00,0.00E+00
816766990000,1.16E-01,8.62E+00,6.50E+08,2.50E+01,1.50E+09,2.60E+09,1.11E+09,9.37E+01,1.09E-01,9.37E-03,0.00E+00,0.00E+00,0.00E+00,1.13E+01,1.83E+00,5.11E+01,3.27E+04,2.13E+06,1.84E+07,1.09E+06,9.39E+06,1.01E+00,0.00E+00,2.28E-01,1.00E+02,1.10E+07,9.48E+07,1.00E+00,4.84E+00,0.00E+00,0.00E+00,6.06E+01,4.40E+01,0.00E+00,5.52E+01,7.83E+00,0.00E+00,1.10E+07,9.48E+07,2.15E+06,1.85E+07,6.30E+01,5.95E+00,6.84E+01,0.00E+00,1.09E-01,0.00E+00,9.37E-03,0.00E+00,0.00E+00,0.00E+00,0.00E+00
816767000000,1.16E-01,8.62E+00,6.50E+08,2.40E+01,1.53E+09,2.49E+09,9.63E+08,9.44E+01,1.09E-01,9.44E-03,0.00E+00,0.00E+00,0.00E+00,1.11E+01,1.95E+00,3.31E+01,3.29E+04,2.09E+06,1.81E+07,6.93E+05,5.97E+06,1.01E+00,0.00E+00,2.20E-01,1.00E+02,1.06E+07,9.15E+07,1.00E+00,4.68E+00,0.00E+00,0.00E+00,6.06E+01,4.40E+01,0.00E+00,5.33E+01,7.70E+00,0.00E+00,1.06E+07,9.15E+07,2.11E+06,1.82E+07,6.10E+01,7.11E+00,6.95E+01,0.00E+00,1.09E-01,0.00E+00,9.44E-03,0.00E+00,0.00E+00,0.00E+00,0.00E+00
816767010000,1.16E-01,8.62E+00,6.50E+08,2.13E+01,1.45E+09,2.22E+09,7.67E+08,9.45E+01,1.10E-01,9.45E-03,0.00E+00,0.00E+00,0.00E+00,1.05E+01,6.14E+00,1.15E+00,3.41E+04,1.99E+06,1.71E+07,2.29E+04,1.97E+05,1.01E+00,0.00E+00,2.24E-01,1.00E+02,1.08E+07,9.30E+07,1.00E+00,4.71E+00,0.00E+00,0.00E+00,6.06E+01,4.40E+01,0.00E+00,5.42E+01,7.30E+00,0.00E+00,1.08E+07,9.30E+07,2.00E+06,1.73E+07,6.15E+01,7.14E+00,6.83E+01,0.00E+00,1.10E-01,0.00E+00,9.45E-03,0.00E+00,0.00E+00,0.00E+00,0.00E+00
816767020000,1.16E-01,8.62E+00,6.50E+08,2.24E+01,1.22E+09,2.32E+09,1.11E+09,9.66E+01,1.12E-01,9.66E-03,0.00E+00,0.00E+00,0.00E+00,8.18E-01,1.39E+00,1.29E+00,,1.54E+05,1.33E+06,1.98E+03,1.71E+04,9.93E-01,0.00E+00,5.61E-01,1.00E+02,1.42E+07,1.22E+08,1.09E+00,9.08E+00,0.00E+00,0.00E+00,3.39E+01,4.38E+01,0.00E+00,4.35E+01,5.55E-01,0.00E+00,1.55E+07,1.33E+08,1.53E+05,1.32E+06,4.40E+01,1.71E+00,6.63E+01,0.00E+00,1.12E-01,0.00E+00,9.66E-03,0.00E+00,0.00E+00,0.00E+00,0.00E+00
816767030000,1.16E-01,8.62E+00,6.50E+08,3.18E+01,1.94E+09,3.31E+09,1.37E+09,1.00E+02,1.16E-01,1.00E-02,0.00E+00,0.00E+00,0.00E+00,0.00E+00,,,,0.00E+00,0.00E+00,0.00E+00,0.00E+00,,1.87E+01,9.60E-01,1.00E+02,1.58E+07,1.36E+08,1.19E+00,1.38E+01,0.00E+00,0.00E+00,8.49E+00,,0.00E+00,1.33E+01,0.00E+00,0.00E+00,1.88E+07,1.62E+08,0.00E+00,0.00E+00,1.33E+01,1.40E-04,8.34E+01,0.00E+00,1.16E-01,0.00E+00,1.00E-02,0.00E+00,0.00E+00,0.00E+00,0.00E+00
816767040000,1.16E-01,8.62E+00,6.50E+08,2.93E+01,1.84E+09,3.05E+09,1.21E+09,9.67E+01,1.12E-01,9.67E-03,0.00E+00,0.00E+00,0.00E+00,1.40E+01,2.02E+00,4.07E+01,6.01E+03,2.64E+06,2.28E+07,1.08E+06,9.27E+06,1.01E+00,2.27E+01,5.89E-01,1.00E+02,1.00E+07,8.65E+07,1.09E+00,7.04E+00,0.00E+00,0.00E+00,1.04E+01,4.62E+01,0.00E+00,9.49E+00,1.03E+01,0.00E+00,1.10E+07,9.47E+07,2.68E+06,2.31E+07,1.97E+01,2.36E-03,5.97E+01,0.00E+00,1.12E-01,0.00E+00,9.67E-03,0.00E+00,0.00E+00,0.00E+00,0.00E+00
816767050000,1.16E-01,8.62E+00,6.50E+08,2.88E+01,1.82E+09,2.99E+09,1.17E+09,2.01E+01,2.33E-02,2.01E-03,7.62E+01,8.84E-02,7.62E-03,1.69E+01,2.02E+00,4.07E+01,6.01E+03,3.19E+06,2.75E+07,1.30E+06,1.12E+07,1.01E+00,2.43E+01,5.12E-01,1.00E+02,8.84E+06,7.63E+07,1.06E+00,5.65E+00,0.00E+00,0.00E+00,1.12E+01,4.62E+01,0.00E+00,8.71E+00,1.24E+01,0.00E+00,9.36E+06,8.07E+07,3.23E+06,2.78E+07,2.11E+01,2.82E-03,5.48E+01,0.00E+00,2.33E-02,0.00E+00,2.01E-03,0.00E+00,8.84E-02,0.00E+00,7.62E-03
816767060000,1.16E-01,8.62E+00,6.50E+08,2.88E+01,1.82E+09,2.99E+09,1.17E+09,0.00E+00,0.00E+00,0.00E+00,9.90E+01,1.15E-01,9.90E-03,1.69E+01,2.02E+00,4.07E+01,6.01E+03,3.19E+06,2.75E+07,1.30E+06,1.12E+07,1.01E+00,2.43E+01,5.12E-01,1.00E+02,8.84E+06,7.63E+07,1.06E+00,5.65E+00,0.00E+00,0.00E+00,1.12E+01,4.62E+01,0.00E+00,8.71E+00,1.24E+01,0.00E+00,9.36E+06,8.07E+07,3.23E+06,2.78E+07,2.11E+01,2.82E-03,5.48E+01,0.00E+00,0.00E+00,0.00E+00,0.00E+00,0.00E+00,1.15E-01,0.00E+00,9.90E-03
816767070000,1.16E-01,8.62E+00,6.50E+08,1.58E+01,6.64E+08,1.64E+09,9.76E+08,9.36E+01,1.09E-01,9.36E-03,2.37E+01,2.75E-02,2.37E-03,3.06E-01,2.01E+00,4.10E+01,2.09E+02,5.77E+04,4.97E+05,2.37E+04,2.04E+05,1.02E+00,0.00E+00,2.78E-01,1.00E+02,1.31E+07,1.13E+08,1.00E+00,5.74E+00,0.00E+00,0.00E+00,5.99E+01,4.62E+01,0.00E+00,6.52E+01,2.25E-01,0.00E+00,1.31E+07,1.13E+08,5.87E+04,5.07E+05,6.54E+01,2.50E+00,5.21E+01,0.00E+00,1.09E-01,0.00E+00,9.36E-03,0.00E+00,2.75E-02,0.00E+00,2.37E-03
816767080000,1.06E-01,9.45E+00,6.50E+08,1.47E+01,5.73E+08,1.53E+09,9.54E+08,9.54E+01,1.01E-01,9.54E-03,7.36E+00,7.79E-03,7.36E-04,9.10E-04,3.63E+02,1.00E+02,1.50E+00,1.57E+02,1.48E+03,1.57E+02,1.48E+03,2.00E+00,0.00E+00,2.76E-01,1.00E+02,1.22E+07,1.15E+08,1.00E+00,5.77E+00,0.00E+00,0.00E+00,6.06E+01,6.13E+01,0.00E+00,6.69E+01,1.74E-03,0.00E+00,1.22E+07,1.15E+08,3.13E+02,2.96E+03,6.69E+01,2.32E+00,5.19E+01,0.00E+00,1.01E-01,0.00E+00,9.54E-03,0.00E+00,7.79E-03,0.00E+00,7.36E-04
816767090000,9.17E-02,1.09E+01,6.50E+08,1.60E+01,6.40E+08,1.67E+09,1.03E+09,9.42E+01,8.64E-02,9.42E-03,1.92E+01,1.76E-02,1.92E-03,3.15E-03,3.63E+02,1.00E+02,1.50E+00,4.69E+02,5.12E+03,4.69E+02,5.12E+03,2.00E+00,0.00E+00,2.75E-01,1.00E+02,1.05E+07,1.14E+08,1.00E+00,5.78E+00,0.00E+00,0.00E+00,6.06E+01,6.13E+01,0.00E+00,6.65E+01,6.04E-03,0.00E+00,1.05E+07,1.14E+08,9.39E+02,1.02E+04,6.65E+01,2.72E+00,5.25E+01,0.00E+00,8.64E-02,0.00E+00,9.42E-03,0.00E+00,1.76E-02,0.00E+00,1.92E-03
816767100000,9.17E-02,1.09E+01,6.50E+08,2.33E+01,1.19E+09,2.43E+09,1.24E+09,9.51E+01,8.72E-02,9.51E-03,6.62E+01,6.07E-02,6.62E-03,6.57E+00,2.16E+00,8.36E+01,1.53E+04,9.79E+05,1.07E+07,8.19E+05,8.93E+06,1.01E+00,0.00E+00,2.52E-01,1.00E+02,9.60E+06,1.05E+08,1.00E+00,5.35E+00,0.00E+00,0.00E+00,6.06E+01,4.41E+01,0.00E+00,6.10E+01,4.57E+00,0.00E+00,9.60E+06,1.05E+08,9.90E+05,1.08E+07,6.55E+01,4.09E+00,6.10E+01,0.00E+00,8.72E-02,0.00E+00,9.51E-03,0.00E+00,6.07E-02,0.00E+00,6.62E-03
816767110000,9.17E-02,1.09E+01,6.50E+08,2.57E+01,1.54E+09,2.67E+09,1.13E+09,9.58E+01,8.78E-02,9.58E-03,1.00E+02,9.17E-02,1.00E-02,1.15E+01,2.14E+00,4.20E+01,3.35E+04,1.72E+06,1.87E+07,7.21E+05,7.87E+06,1.01E+00,0.00E+00,2.39E-01,1.00E+02,9.13E+06,9.96E+07,1.00E+00,5.08E+00,0.00E+00,0.00E+00,6.06E+01,4.40E+01,0.00E+00,5.80E+01,7.98E+00,0.00E+00,9.13E+06,9.96E+07,1.73E+06,1.89E+07,6.60E+01,4.32E+00,6.68E+01,0.00E+00,8.78E-02,0.00E+00,9.58E-03,0.00E+00,9.17E-02,0.00E+00,1.00E-02
816767120000,9.17E-02,1.09E+01,6.50E+08,3.36E+01,2.14E+09,3.49E+09,1.35E+09,9.55E+01,8.75E-02,9.55E-03,1.00E+02,9.17E-02,1.00E-02,1.25E+01,1.83E+00,4.62E+01,3.96E+04,1.86E+06,2.02E+07,8.58E+05,9.36E+06,1.01E+00,0.00E+00,5.14E-01,1.00E+02,1.02E+07,1.11E+08,1.09E+00,8.55E+00,0.00E+00,0.00E+00,3.33E+01,4.40E+01,0.00E+00,3.88E+01,8.63E+00,0.00E+00,1.11E+07,1.21E+08,1.87E+06,2.04E+07,4.75E+01,2.46E+00,7.79E+01,0.00E+00,8.75E-02,0.00E+00,9.55E-03,0.00E+00,9.17E-02,0.00E+00,1.00E-02
816767130000,9.17E-02,1.09E+01,6.50E+08,4.23E+01,2.98E+09,4.40E+09,1.42E+09,1.00E+02,9.17E-02,1.00E-02,4.10E+01,3.75E-02,4.10E-03,1.35E+01,2.18E+00,1.42E+01,3.38E+04,2.01E+06,2.19E+07,2.86E+05,3.12E+06,1.01E+00,1.87E+01,8.99E-01,1.00E+02,1.17E+07,1.28E+08,1.19E+00,1.34E+01,0.00E+00,0.00E+00,8.49E+00,4.40E+01,0.00E+00,1.24E+01,9.33E+00,0.00E+00,1.39E+07,1.52E+08,2.02E+06,2.20E+07,2.17E+01,3.56E-03,9.33E+01,0.00E+00,9.17E-02,0.00E+00,1.00E-02,0.00E+00,3.75E-02,0.00E+00,4.10E-03
816767140000,9.17E-02,1.09E+01,6.50E+08,3.32E+01,2.19E+09,3.46E+09,1.27E+09,9.68E+01,8.87E-02,9.68E-03,0.00E+00,0.00E+00,0.00E+00,1.63E+01,2.03E+00,3.45E+01,7.44E+03,2.43E+06,2.65E+07,8.39E+05,9.15E+06,1.01E+00,2.20E+01,6.33E-01,1.00E+02,8.47E+06,9.25E+07,1.11E+00,8.01E+00,0.00E+00,0.00E+00,1.01E+01,4.57E+01,0.00E+00,9.95E+00,1.18E+01,0.00E+00,9.41E+06,1.03E+08,2.46E+06,2.68E+07,2.17E+01,1.07E-03,6.48E+01,0.00E+00,8.87E-02,0.00E+00,9.68E-03,0.00E+00,0.00E+00,0.00E+00,0.00E+00
816767150000,9.17E-02,1.09E+01,6.50E+08,2.97E+01,1.88E+09,3.08E+09,1.21E+09,3.00E+01,2.75E-02,3.00E-03,6.64E+01,6.09E-02,6.64E-03,1.74E+01,2.02E+00,4.07E+01,6.01E+03,2.59E+06,2.83E+07,1.06E+06,1.15E+07,1.01E+00,2.43E+01,5.28E-01,1.00E+02,7.20E+06,7.86E+07,1.06E+00,5.88E+00,0.00E+00,0.00E+00,1.12E+01,4.62E+01,0.00E+00,8.98E+00,1.28E+01,0.00E+00,7.63E+06,8.32E+07,2.63E+06,2.87E+07,2.17E+01,9.47E-05,5.36E+01,0.00E+00,2.75E-02,0.00E+00,3.00E-03,0.00E+00,6.09E-02,0.00E+00,6.64E-03
816767160000,9.17E-02,1.09E+01,6.50E+08,2.97E+01,1.88E+09,3.08E+09,1.21E+09,0.00E+00,0.00E+00,0.00E+00,1.00E+02,9.17E-02,1.00E-02,1.74E+01,2.02E+00,4.07E+01,6.01E+03,2.59E+06,2.83E+07,1.06E+06,1.15E+07,1.01E+00,2.43E+01,5.28E-01,1.00E+02,7.20E+06,7.86E+07,1.06E+00,5.88E+00,0.00E+00,0.00E+00,1.12E+01,4.62E+01,0.00E+00,8.98E+00,1.28E+01,0.00E+00,7.63E+06,8.32E+07,2.63E+06,2.87E+07,2.17E+01,9.47E-05,5.36E+01,0.00E+00,0.00E+00,0.00E+00,0.00E+00,0.00E+00,9.17E-02,0.00E+00,1.00E-02
816767170000,9.31E-02,1.07E+01,6.50E+08,1.66E+01,7.17E+08,1.72E+09,1.01E+09,9.09E+01,8.47E-02,9.09E-03,3.11E+01,2.89E-02,3.11E-03,7.85E-01,2.96E+00,4.09E+01,3.72E+02,1.19E+05,1.28E+06,4.85E+04,5.22E+05,1.02E+00,0.00E+00,2.83E-01,1.00E+02,1.04E+07,1.11E+08,1.00E+00,5.74E+00,0.00E+00,0.00E+00,5.89E+01,4.62E+01,0.00E+00,6.32E+01,5.76E-01,0.00E+00,1.04E+07,1.12E+08,1.21E+05,1.30E+06,6.37E+01,2.55E+00,5.20E+01,0.00E+00,8.47E-02,0.00E+00,9.09E-03,0.00E+00,2.89E-02,0.00E+00,3.11E-03
816767180000,9.95E-02,1.00E+01,6.50E+08,1.59E+01,6.38E+08,1.66E+09,1.02E+09,9.53E+01,9.49E-02,9.53E-03,2.29E+01,2.28E-02,2.29E-03,3.30E-03,3.63E+02,1.00E+02,1.50E+00,5.33E+02,5.36E+03,5.33E+02,5.36E+03,2.00E+00,0.00E+00,2.71E-01,1.00E+02,1.12E+07,1.13E+08,1.00E+00,5.74E+00,0.00E+00,0.00E+00,6.06E+01,6.13E+01,0.00E+00,6.57E+01,6.32E-03,0.00E+00,1.12E+07,1.13E+08,1.07E+03,1.07E+04,6.57E+01,2.71E+00,5.20E+01,0.00E+00,9.49E-02,0.00E+00,9.53E-03,0.00E+00,2.28E-02,0.00E+00,2.29E-03
816767190000,9.95E-02,1.00E+01,6.50E+08,2.32E+01,1.20E+09,2.42E+09,1.21E+09,9.42E+01,9.37E-02,9.42E-03,1.11E+00,1.11E-03,1.11E-04,7.23E+00,2.16E+00,8.28E+01,1.87E+04,1.17E+06,1.17E+07,9.69E+05,9.73E+06,1.01E+00,0.00E+00,2.34E-01,1.00E+02,9.68E+06,9.73E+07,1.00E+00,5.03E+00,0.00E+00,0.00E+00,6.06E+01,4.40E+01,0.00E+00,5.66E+01,5.03E+00,0.00E+00,9.68E+06,9.73E+07,1.18E+06,1.19E+07,6.17E+01,6.25E+00,6.39E+01,0.00E+00,9.37E-02,0.00E+00,9.42E-03,0.00E+00,1.11E-03,0.00E+00,1.11E-04
816767200000,9.95E-02,1.00E+01,6.50E+08,2.39E+01,1.44E+09,2.48E+09,1.04E+09,9.48E+01,9.44E-02,9.48E-03,0.00E+00,0.00E+00,0.00E+00,1.10E+01,2.16E+00,3.85E+01,3.41E+04,1.78E+06,1.79E+07,6.84E+05,6.87E+06,1.01E+00,0.00E+00,2.24E-01,1.00E+02,9.29E+06,9.33E+07,1.00E+00,4.79E+00,0.00E+00,0.00E+00,6.06E+01,4.40E+01,0.00E+00,5.43E+01,7.62E+00,0.00E+00,9.29E+06,9.33E+07,1.79E+06,1.80E+07,6.20E+01,6.47E+00,6.88E+01,0.00E+00,9.44E-02,0.00E+00,9.48E-03,0.00E+00,0.00E+00,0.00E+00,0.00E+00
816767210000,9.95E-02,1.00E+01,6.50E+08,2.67E+01,1.60E+09,2.77E+09,1.17E+09,9.50E+01,9.46E-02,9.50E-03,0.00E+00,0.00E+00,0.00E+00,1.15E+01,1.83E+00,5.18E+01,3.32E+04,1.87E+06,1.87E+07,9.65E+05,9.70E+06,1.01E+00,0.00E+00,2.41E-01,1.00E+02,9.97E+06,1.00E+08,1.00E+00,5.10E+00,0.00E+00,0.00E+00,6.06E+01,4.40E+01,0.00E+00,5.83E+01,7.99E+00,0.00E+00,9.97E+06,1.00E+08,1.88E+06,1.89E+07,6.63E+01,4.45E+00,6.64E+01,0.00E+00,9.46E-02,0.00E+00,9.50E-03,0.00E+00,0.00E+00,0.00E+00,0.00E+00
816767220000,9.95E-02,1.00E+01,6.50E+08,2.57E+01,1.68E+09,2.67E+09,9.90E+08,9.48E+01,9.44E-02,9.48E-03,0.00E+00,0.00E+00,0.00E+00,1.12E+01,2.06E+00,2.04E+01,3.53E+04,1.80E+06,1.81E+07,3.69E+05,3.70E+06,1.01E+00,0.00E+00,2.98E-01,1.00E+02,1.02E+07,1.03E+08,1.02E+00,5.73E+00,0.00E+00,0.00E+00,5.41E+01,4.40E+01,0.00E+00,5.44E+01,7.73E+00,0.00E+00,1.04E+07,1.05E+08,1.82E+06,1.83E+07,6.21E+01,4.35E+00,6.86E+01,0.00E+00,9.44E-02,0.00E+00,9.48E-03,0.00E+00,0.00E+00,0.00E+00,0.00E+00
816767230000,9.95E-02,1.00E+01,6.50E+08,3.61E+01,2.35E+09,3.75E+09,1.40E+09,1.00E+02,9.95E-02,1.00E-02,0.00E+00,0.00E+00,0.00E+00,4.63E+00,4.27E+00,1.32E+00,3.95E+04,7.50E+05,7.53E+06,9.93E+03,9.97E+04,1.00E+00,1.87E+01,9.71E-01,1.00E+02,1.37E+07,1.38E+08,1.19E+00,1.41E+01,0.00E+00,0.00E+00,8.49E+00,4.40E+01,0.00E+00,1.34E+01,3.20E+00,0.00E+00,1.63E+07,1.64E+08,7.53E+05,7.57E+06,1.66E+01,1.24E-03,8.79E+01,0.00E+00,9.95E-02,0.00E+00,1.00E-02,0.00E+00,0.00E+00,0.00E+00,0.00E+00
816767240000,9.95E-02,1.00E+01,6.50E+08,3.29E+01,2.12E+09,3.42E+09,1.31E+09,9.68E+01,9.64E-02,9.68E-03,0.00E+00,0.00E+00,0.00E+00,1.12E+01,2.04E+00,3.27E+01,7.62E+03,1.81E+06,1.82E+07,5.90E+05,5.93E+06,1.01E+00,2.07E+01,7.49E-01,1.00E+02,1.08E+07,1.08E+08,1.14E+00,9.89E+00,0.00E+00,0.00E+00,9.43E+00,4.57E+01,0.00E+00,1.12E+01,8.08E+00,0.00E+00,1.23E+07,1.24E+08,1.83E+06,1.84E+07,1.93E+01,6.12E-04,7.04E+01,0.00E+00,9.64E-02,0.00E+00,9.68E-03,0.00E+00,0.00E+00,0.00E+00,0.00E+00
816767250000,9.95E-02,1.00E+01,6.50E+08,2.98E+01,1.89E+09,3.10E+09,1.22E+09,5.13E+01,5.10E-02,5.13E-03,4.52E+01,4.50E-02,4.52E-03,1.75E+01,2.02E+00,4.07E+01,6.31E+03,2.84E+06,2.85E+07,1.16E+06,1.16E+07,1.01E+00,2.43E+01,5.32E-01,1.00E+02,7.88E+06,7.92E+07,1.06E+00,5.81E+00,0.00E+00,0.00E+00,1.12E+01,4.62E+01,0.00E+00,9.05E+00,1.28E+01,0.00E+00,8.34E+06,8.38E+07,2.88E+06,2.89E+07,2.19E+01,2.81E-06,5.34E+01,0.00E+00,5.10E-02,0.00E+00,5.13E-03,0.00E+00,4.50E-02,0.00E+00,4.52E-03
816767260000,9.95E-02,1.00E+01,6.50E+08,2.98E+01,1.89E+09,3.10E+09,1.22E+09,0.00E+00,0.00E+00,0.00E+00,1.00E+02,9.95E-02,1.00E-02,1.75E+01,2.02E+00,4.07E+01,6.31E+03,2.84E+06,2.85E+07,1.16E+06,1.16E+07,1.01E+00,2.43E+01,5.32E-01,1.00E+02,7.88E+06,7.92E+07,1.06E+00,5.81E+00,0.00E+00,0.00E+00,1.12E+01,4.62E+01,0.00E+00,9.05E+00,1.28E+01,0.00E+00,8.34E+06,8.38E+07,2.88E+06,2.89E+07,2.19E+01,2.81E-06,5.34E+01,0.00E+00,0.00E+00,0.00E+00,0.00E+00,0.00E+00,9.95E-02,0.00E+00,1.00E-02
816767270000,1.01E-01,9.93E+00,6.50E+08,1.97E+01,9.82E+08,2.05E+09,1.07E+09,7.29E+01,7.34E-02,7.29E-03,5.27E+01,5.31E-02,5.27E-03,4.14E+00,2.22E+00,4.08E+01,1.53E+03,6.78E+05,6.73E+06,2.76E+05,2.74E+06,1.01E+00,0.00E+00,3.32E-01,1.00E+02,1.06E+07,1.05E+08,1.01E+00,5.75E+00,0.00E+00,0.00E+00,5.14E+01,4.62E+01,0.00E+00,5.23E+01,3.03E+00,0.00E+00,1.07E+07,1.06E+08,6.87E+05,6.82E+06,5.53E+01,2.25E+00,5.27E+01,0.00E+00,7.34E-02,0.00E+00,7.29E-03,0.00E+00,5.31E-02,0.00E+00,5.27E-03
816767280000,1.05E-01,9.56E+00,6.50E+08,1.57E+01,6.24E+08,1.63E+09,1.01E+09,9.54E+01,9.98E-02,9.54E-03,1.80E+01,1.89E-02,1.80E-03,2.89E-03,3.63E+02,1.00E+02,1.50E+00,4.91E+02,4.69E+03,4.91E+02,4.69E+03,2.00E+00,0.00E+00,2.72E-01,1.00E+02,1.18E+07,1.13E+08,1.00E+00,5.70E+00,0.00E+00,0.00E+00,6.06E+01,6.13E+01,0.00E+00,6.58E+01,5.53E-03,0.00E+00,1.18E+07,1.13E+08,9.82E+02,9.38E+03,6.58E+01,2.63E+00,5.19E+01,0.00E+00,9.98E-02,0.00E+00,9.54E-03,0.00E+00,1.89E-02,0.00E+00,1.80E-03
816767290000,1.05E-01,9.56E+00,6.50E+08,2.17E+01,1.10E+09,2.26E+09,1.16E+09,9.41E+01,9.84E-02,9.41E-03,6.08E+01,6.36E-02,6.08E-03,5.73E+00,2.19E+00,8.22E+01,1.05E+04,9.75E+05,9.32E+06,8.02E+05,7.66E+06,1.01E+00,0.00E+00,2.41E-01,1.00E+02,1.05E+07,1.00E+08,1.00E+00,5.13E+00,0.00E+00,0.00E+00,6.06E+01,4.41E+01,0.00E+00,5.84E+01,3.99E+00,0.00E+00,1.05E+07,1.00E+08,9.86E+05,9.43E+06,6.24E+01,5.60E+00,6.22E+01,0.00E+00,9.84E-02,0.00E+00,9.41E-03,0.00E+00,6.36E-02,0.00E+00,6.08E-03
816767300000,1.05E-01,9.56E+00,6.50E+08,2.43E+01,1.45E+09,2.53E+09,1.08E+09,9.41E+01,9.84E-02,9.41E-03,1.00E+02,1.05E-01,1.00E-02,1.08E+01,2.17E+00,4.44E+01,3.85E+04,1.84E+06,1.76E+07,8.16E+05,7.80E+06,1.01E+00,0.00E+00,2.24E-01,1.00E+02,9.76E+06,9.33E+07,1.00E+00,4.79E+00,0.00E+00,0.00E+00,6.06E+01,4.40E+01,0.00E+00,5.43E+01,7.48E+00,0.00E+00,9.76E+06,9.33E+07,1.85E+06,1.77E+07,6.18E+01,6.59E+00,6.84E+01,0.00E+00,9.84E-02,0.00E+00,9.41E-03,0.00E+00,1.05E-01,0.00E+00,1.00E-02
816767310000,1.05E-01,9.56E+00,6.50E+08,2.64E+01,1.57E+09,2.74E+09,1.17E+09,9.55E+01,9.99E-02,9.55E-03,1.00E+02,1.05E-01,1.00E-02,1.20E+01,1.88E+00,4.92E+01,3.33E+04,2.04E+06,1.95E+07,1.00E+06,9.59E+06,1.01E+00,0.00E+00,2.42E-01,1.00E+02,1.05E+07,1.01E+08,1.00E+00,5.14E+00,0.00E+00,0.00E+00,6.06E+01,4.40E+01,0.00E+00,5.87E+01,8.30E+00,0.00E+00,1.05E+07,1.01E+08,2.05E+06,1.96E+07,6.70E+01,3.92E+00,6.67E+01,0.00E+00,9.99E-02,0.00E+00,9.55E-03,0.00E+00,1.05E-01,0.00E+00,1.00E-02
816767320000,1.05E-01,9.56E+00,6.50E+08,2.55E+01,1.67E+09,2.66E+09,9.82E+08,9.48E+01,9.92E-02,9.48E-03,1.00E+02,1.05E-01,1.00E-02,1.19E+01,1.95E+00,2.57E+01,3.02E+04,2.02E+06,1.93E+07,5.19E+05,4.96E+06,1.01E+00,0.00E+00,2.38E-01,1.00E+02,1.04E+07,9.90E+07,1.00E+00,4.99E+00,0.00E+00,0.00E+00,6.06E+01,4.40E+01,0.00E+00,5.77E+01,8.22E+00,0.00E+00,1.04E+07,9.90E+07,2.03E+06,1.94E+07,6.59E+01,4.85E+00,6.73E+01,0.00E+00,9.92E-02,0.00E+00,9.48E-03,0.00E+00,1.05E-01,0.00E+00,1.00E-02
816767330000,1.05E-01,9.56E+00,6.50E+08,3.44E+01,2.23E+09,3.58E+09,1.35E+09,9.28E+00,9.71E-03,9.28E-04,3.57E+01,3.73E-02,3.57E-03,4.80E+00,4.81E+00,1.29E+00,4.00E+04,8.16E+05,7.80E+06,1.06E+04,1.01E+05,1.01E+00,1.54E+01,9.00E-01,1.00E+02,1.41E+07,1.35E+08,1.18E+00,1.33E+01,0.00E+00,0.00E+00,1.20E+01,4.40E+01,0.00E+00,1.82E+01,3.32E+00,0.00E+00,1.66E+07,1.59E+08,8.20E+05,7.84E+06,2.15E+01,5.46E-01,8.53E+01,0.00E+00,9.71E-03,0.00E+00,9.28E-04,0.00E+00,3.73E-02,0.00E+00,3.57E-03
816767340000,1.05E-01,9.56E+00,6.50E+08,3.39E+01,2.18E+09,3.53E+09,1.35E+09,3.34E+01,3.49E-02,3.34E-03,0.00E+00,0.00E+00,0.00E+00,8.62E+00,2.05E+00,2.86E+01,8.62E+03,1.46E+06,1.40E+07,4.19E+05,4.01E+06,1.01E+00,1.99E+01,8.34E-01,1.00E+02,1.25E+07,1.20E+08,1.16E+00,1.15E+01,0.00E+00,0.00E+00,9.05E+00,4.55E+01,0.00E+00,1.21E+01,6.19E+00,0.00E+00,1.45E+07,1.39E+08,1.48E+06,1.42E+07,1.83E+01,2.80E-03,7.57E+01,0.00E+00,3.49E-02,0.00E+00,3.34E-03,0.00E+00,0.00E+00,0.00E+00,0.00E+00
816767350000,1.05E-01,9.56E+00,6.50E+08,3.04E+01,1.92E+09,3.16E+09,1.24E+09,6.90E+01,7.22E-02,6.90E-03,2.77E+01,2.90E-02,2.77E-03,1.79E+01,2.02E+00,4.07E+01,6.31E+03,3.04E+06,2.91E+07,1.24E+06,1.18E+07,1.01E+00,2.43E+01,5.43E-01,1.00E+02,8.45E+06,8.08E+07,1.06E+00,5.98E+00,0.00E+00,0.00E+00,1.12E+01,4.62E+01,0.00E+00,9.23E+00,1.31E+01,0.00E+00,8.94E+06,8.55E+07,3.08E+06,2.95E+07,2.23E+01,2.86E-06,5.23E+01,0.00E+00,7.22E-02,0.00E+00,6.90E-03,0.00E+00,2.90E-02,0.00E+00,2.77E-03
816767360000,1.05E-01,9.56E+00,6.50E+08,3.04E+01,1.92E+09,3.16E+09,1.24E+09,0.00E+00,0.00E+00,0.00E+00,1.00E+02,1.05E-01,1.00E-02,1.79E+01,2.02E+00,4.07E+01,6.31E+03,3.04E+06,2.91E+07,1.24E+06,1.18E+07,1.01E+00,2.43E+01,5.43E-01,1.00E+02,8.45E+06,8.08E+07,1.06E+00,5.98E+00,0.00E+00,0.00E+00,1.12E+01,4.62E+01,0.00E+00,9.23E+00,1.31E+01,0.00E+00,8.94E+06,8.55E+07,3.08E+06,2.95E+07,2.23E+01,2.86E-06,5.23E+01,0.00E+00,0.00E+00,0.00E+00,0.00E+00,0.00E+00,1.05E-01,0.00E+00,1.00E-02
816767370000,1.05E-01,9.56E+00,6.50E+08,2.11E+01,1.12E+09,2.20E+09,1.08E+09,6.22E+01,6.51E-02,6.22E-03,5.80E+01,6.06E-02,5.80E-03,6.34E+00,2.02E+00,4.07E+01,2.64E+03,1.08E+06,1.03E+07,4.39E+05,4.20E+06,1.01E+00,0.00E+00,3.66E-01,1.00E+02,1.06E+07,1.01E+08,1.02E+00,5.80E+00,0.00E+00,0.00E+00,4.60E+01,4.62E+01,0.00E+00,4.55E+01,4.64E+00,0.00E+00,1.07E+07,1.03E+08,1.09E+06,1.05E+07,5.01E+01,1.94E+00,5.23E+01,0.00E+00,6.51E-02,0.00E+00,6.22E-03,0.00E+00,6.06E-02,0.00E+00,5.80E-03
816767380000,2.25E-01,4.45E+00,6.50E+08,1.52E+01,6.00E+08,1.58E+09,9.78E+08,7.21E+01,1.62E-01,7.21E-03,1.20E+01,2.69E-02,1.20E-03,1.91E-03,3.60E+02,1.00E+02,1.49E+00,6.97E+02,3.10E+03,6.97E+02,3.10E+03,2.00E+00,0.00E+00,2.72E-01,1.00E+02,2.55E+07,1.13E+08,1.00E+00,5.70E+00,0.00E+00,0.00E+00,6.06E+01,6.12E+01,0.00E+00,6.59E+01,3.65E-03,0.00E+00,2.55E+07,1.13E+08,1.39E+03,6.20E+03,6.59E+01,2.98E+00,5.27E+01,0.00E+00,1.62E-01,0.00E+00,7.21E-03,0.00E+00,2.69E-02,0.00E+00,1.20E-03
816767390000,3.32E-01,3.01E+00,6.50E+08,1.52E+01,6.04E+08,1.59E+09,9.82E+08,9.52E+01,3.16E-01,9.52E-03,1.39E+01,4.62E-02,1.39E-03,2.24E-03,3.63E+02,1.00E+02,1.50E+00,1.21E+03,3.64E+03,1.21E+03,3.64E+03,2.00E+00,0.00E+00,2.71E-01,1.00E+02,3.74E+07,1.13E+08,1.00E+00,5.70E+00,0.00E+00,0.00E+00,6.06E+01,6.13E+01,0.00E+00,6.56E+01,4.29E-03,0.00E+00,3.74E+07,1.13E+08,2.42E+03,7.28E+03,6.56E+01,2.92E+00,5.23E+01,0.00E+00,3.16E-01,0.00E+00,9.52E-03,0.00E+00,4.62E-02,0.00E+00,1.39E-03
816767400000,3.32E-01,3.01E+00,6.50E+08,2.27E+01,1.16E+09,2.36E+09,1.20E+09,9.39E+01,3.12E-01,9.39E-03,1.28E+00,4.26E-03,1.28E-04,6.86E+00,2.16E+00,8.23E+01,1.75E+04,3.70E+06,1.11E+07,3.04E+06,9.17E+06,1.01E+00,0.00E+00,2.36E-01,1.00E+02,3.26E+07,9.81E+07,1.00E+00,5.06E+00,0.00E+00,0.00E+00,6.06E+01,4.40E+01,0.00E+00,5.72E+01,4.77E+00,0.00E+00,3.26E+07,9.81E+07,3.74E+06,1.13E+07,6.19E+01,5.86E+00,6.36E+01,0.00E+00,3.12E-01,0.00E+00,9.39E-03,0.00E+00,4.26E-03,0.00E+00,1.28E-04
816767410000,3.32E-01,3.01E+00,6.50E+08,2.55E+01,1.53E+09,2.65E+09,1.12E+09,9.56E+01,3.17E-01,9.56E-03,0.00E+00,0.00E+00,0.00E+00,1.15E+01,2.08E+00,4.20E+01,3.92E+04,6.22E+06,1.87E+07,2.61E+06,7.86E+06,1.01E+00,0.00E+00,2.38E-01,1.00E+02,3.29E+07,9.92E+07,1.00E+00,5.06E+00,0.00E+00,0.00E+00,6.06E+01,4.40E+01,0.00E+00,5.78E+01,7.99E+00,0.00E+00,3.29E+07,9.92E+07,6.27E+06,1.89E+07,6.57E+01,4.33E+00,6.71E+01,0.00E+00,3.17E-01,0.00E+00,9.56E-03,0.00E+00,0.00E+00,0.00E+00,0.00E+00
816767420000,3.32E-01,3.01E+00,6.50E+08,2.64E+01,1.61E+09,2.74E+09,1.14E+09,9.40E+01,3.12E-01,9.40E-03,0.00E+00,0.00E+00,0.00E+00,1.15E+01,1.85E+00,5.09E+01,3.28E+04,6.21E+06,1.87E+07,3.16E+06,9.53E+06,1.01E+00,0.00E+00,2.33E-01,1.00E+02,3.22E+07,9.71E+07,1.00E+00,4.96E+00,0.00E+00,0.00E+00,6.06E+01,4.40E+01,0.00E+00,5.66E+01,7.98E+00,0.00E+00,3.22E+07,9.71E+07,6.26E+06,1.89E+07,6.45E+01,5.14E+00,6.76E+01,0.00E+00,3.12E-01,0.00E+00,9.40E-03,0.00E+00,0.00E+00,0.00E+00,0.00E+00
816767430000,3.32E-01,3.01E+00,6.50E+08,3.77E+01,2.58E+09,3.92E+09,1.34E+09,9.83E+01,3.26E-01,9.83E-03,0.00E+00,0.00E+00,0.00E+00,1.01E+01,2.11E+00,1.46E+01,3.54E+04,5.45E+06,1.64E+07,7.96E+05,2.40E+06,1.01E+00,1.52E+01,8.37E-01,1.00E+02,4.17E+07,1.26E+08,1.17E+00,1.26E+01,0.00E+00,0.00E+00,1.21E+01,4.40E+01,0.00E+00,1.71E+01,7.00E+00,0.00E+00,4.90E+07,1.48E+08,5.49E+06,1.65E+07,2.41E+01,6.80E-01,8.79E+01,0.00E+00,3.26E-01,0.00E+00,9.83E-03,0.00E+00,0.00E+00,0.00E+00,0.00E+00
816767440000,3.32E-01,3.01E+00,6.50E+08,3.72E+01,2.52E+09,3.86E+09,1.35E+09,9.67E+01,3.21E-01,9.67E-03,0.00E+00,0.00E+00,0.00E+00,1.17E+01,2.19E+00,1.98E+01,1.38E+04,6.30E+06,1.90E+07,1.25E+06,3.76E+06,1.01E+00,1.95E+01,8.33E-01,1.00E+02,3.95E+07,1.19E+08,1.17E+00,1.19E+01,0.00E+00,0.00E+00,8.85E+00,4.47E+01,0.00E+00,1.19E+01,8.24E+00,0.00E+00,4.63E+07,1.39E+08,6.36E+06,1.91E+07,2.01E+01,2.47E-03,8.21E+01,0.00E+00,3.21E-01,0.00E+00,9.67E-03,0.00E+00,0.00E+00,0.00E+00,0.00E+00
816767450000,3.32E-01,3.01E+00,6.50E+08,3.07E+01,1.94E+09,3.20E+09,1.25E+09,7.99E+01,2.65E-01,7.99E-03,1.66E+01,5.50E-02,1.66E-03,1.81E+01,2.02E+00,4.07E+01,6.31E+03,9.75E+06,2.94E+07,3.97E+06,1.20E+07,1.01E+00,2.43E+01,5.48E-01,1.00E+02,2.71E+07,8.16E+07,1.06E+00,6.08E+00,0.00E+00,0.00E+00,1.12E+01,4.62E+01,0.00E+00,9.32E+00,1.32E+01,0.00E+00,2.87E+07,8.64E+07,9.88E+06,2.98E+07,2.25E+01,1.97E-04,5.21E+01,0.00E+00,2.65E-01,0.00E+00,7.99E-03,0.00E+00,5.50E-02,0.00E+00,1.66E-03
816767460000,3.32E-01,3.01E+00,6.50E+08,3.07E+01,1.94E+09,3.20E+09,1.25E+09,0.00E+00,0.00E+00,0.00E+00,1.00E+02,3.32E-01,1.00E-02,1.81E+01,2.02E+00,4.07E+01,6.31E+03,9.75E+06,2.94E+07,3.97E+06,1.20E+07,1.01E+00,2.43E+01,5.48E-01,1.00E+02,2.71E+07,8.16E+07,1.06E+00,6.08E+00,0.00E+00,0.00E+00,1.12E+01,4.62E+01,0.00E+00,9.32E+00,1.32E+01,0.00E+00,2.87E+07,8.64E+07,9.88E+06,2.98E+07,2.25E+01,1.97E-04,5.21E+01,0.00E+00,0.00E+00,0.00E+00,0.00E+00,0.00E+00,3.32E-01,0.00E+00,1.00E-02
816767470000,3.32E-01,3.01E+00,6.50E+08,2.26E+01,1.25E+09,2.35E+09,1.10E+09,4.55E+01,1.51E-01,4.55E-03,6.91E+01,2.29E-01,6.91E-03,8.09E+00,2.02E+00,4.07E+01,3.05E+03,4.36E+06,1.31E+07,1.78E+06,5.36E+06,1.01E+00,0.00E+00,3.91E-01,1.00E+02,3.23E+07,9.73E+07,1.02E+00,5.81E+00,0.00E+00,0.00E+00,4.14E+01,4.62E+01,0.00E+00,3.96E+01,5.92E+00,0.00E+00,3.30E+07,9.95E+07,4.42E+06,1.33E+07,4.55E+01,1.84E+00,5.22E+01,0.00E+00,1.51E-01,0.00E+00,4.55E-03,0.00E+00,2.29E-01,0.00E+00,6.91E-03
816767480000,3.32E-01,3.01E+00,6.50E+08,1.45E+01,5.61E+08,1.50E+09,9.43E+08,8.10E+01,2.69E-01,8.10E-03,0.00E+00,0.00E+00,0.00E+00,4.18E-05,1.00E+00,1.00E+02,1.00E+00,2.26E+01,6.80E+01,2.26E+01,6.80E+01,2.00E+00,0.00E+00,2.79E-01,1.00E+02,3.86E+07,1.16E+08,1.00E+00,5.84E+00,0.00E+00,0.00E+00,6.06E+01,4.80E+01,0.00E+00,6.77E+01,6.28E-05,0.00E+00,3.86E+07,1.16E+08,4.51E+01,1.36E+02,6.77E+01,2.08E+00,5.17E+01,0.00E+00,2.69E-01,0.00E+00,8.10E-03,0.00E+00,0.00E+00,0.00E+00,0.00E+00
816767490000,3.32E-01,3.01E+00,6.50E+08,1.42E+01,5.47E+08,1.47E+09,9.25E+08,9.43E+01,3.13E-01,9.43E-03,0.00E+00,0.00E+00,0.00E+00,0.00E+00,,,,0.00E+00,0.00E+00,0.00E+00,0.00E+00,,0.00E+00,2.77E-01,1.00E+02,3.82E+07,1.15E+08,1.00E+00,5.79E+00,0.00E+00,0.00E+00,6.06E+01,,0.00E+00,6.71E+01,0.00E+00,0.00E+00,3.82E+07,1.15E+08,0.00E+00,0.00E+00,6.71E+01,2.38E+00,5.21E+01,0.00E+00,3.13E-01,0.00E+00,9.43E-03,0.00E+00,0.00E+00,0.00E+00,0.00E+00
816767500000,3.32E-01,3.01E+00,6.50E+08,1.43E+01,5.52E+08,1.48E+09,9.32E+08,9.56E+01,3.17E-01,9.56E-03,0.00E+00,0.00E+00,0.00E+00,0.00E+00,,,,0.00E+00,0.00E+00,0.00E+00,0.00E+00,,0.00E+00,2.79E-01,1.00E+02,3.85E+07,1.16E+08,1.00E+00,5.83E+00,0.00E+00,0.00E+00,6.06E+01,,0.00E+00,6.76E+01,0.00E+00,0.00E+00,3.85E+07,1.16E+08,0.00E+00,0.00E+00,6.76E+01,2.15E+00,5.18E+01,0.00E+00,3.17E-01,0.00E+00,9.56E-03,0.00E+00,0.00E+00,0.00E+00,0.00E+00
816767510000,3.32E-01,3.01E+00,6.50E+08,1.50E+01,5.79E+08,1.56E+09,9.79E+08,9.50E+01,3.15E-01,9.50E-03,0.00E+00,0.00E+00,0.00E+00,0.00E+00,,,,0.00E+00,0.00E+00,0.00E+00,0.00E+00,,0.00E+00,2.93E-01,1.00E+02,4.05E+07,1.22E+08,1.00E+00,6.09E+00,0.00E+00,0.00E+00,6.06E+01,,0.00E+00,7.10E+01,0.00E+00,0.00E+00,4.05E+07,1.22E+08,0.00E+00,0.00E+00,7.10E+01,6.58E-01,5.03E+01,0.00E+00,3.15E-01,0.00E+00,9.50E-03,0.00E+00,0.00E+00,0.00E+00,0.00E+00
816767520000,3.32E-01,3.01E+00,6.50E+08,8.95E+00,5.75E+08,1.55E+09,9.71E+08,9.70E+01,3.22E-01,9.70E-03,0.00E+00,0.00E+00,0.00E+00,0.00E+00,,,,0.00E+00,0.00E+00,0.00E+00,0.00E+00,,0.00E+00,1.75E-01,1.00E+02,2.42E+07,1.21E+08,1.00E+00,3.64E+00,0.00E+00,0.00E+00,6.06E+01,,0.00E+00,4.24E+01,0.00E+00,0.00E+00,2.42E+07,1.21E+08,0.00E+00,0.00E+00,4.24E+01,5.64E-01,7.03E+01,0.00E+00,3.22E-01,0.00E+00,9.70E-03,0.00E+00,0.00E+00,0.00E+00,0.00E+00
816767530000,3.32E-01,3.01E+00,6.50E+08,,,,,1.00E+02,3.32E-01,1.00E-02,0.00E+00,0.00E+00,0.00E+00,,,,,,,,,,,,,,,,,,,,,,,,,,,,,,,,0.00E+00,3.32E-01,0.00E+00,1.00E-02,0.00E+00,0.00E+00,0.00E+00,0.00E+00
816767540000,3.32E-01,3.01E+00,6.50E+08,,,,,1.63E+01,5.41E-02,1.63E-03,0.00E+00,0.00E+00,0.00E+00,,,,,,,,,,,,,,,,,,,,,,,,,,,,,,,,0.00E+00,5.41E-02,0.00E+00,1.63E-03,0.00E+00,0.00E+00,0.00E+00,0.00E+00
816767550000,3.32E-01,3.01E+00,,,,,,0.00E+00,0.00E+00,0.00E+00,0.00E+00,0.00E+00,0.00E+00,,,,,,,,,,,,,,,,,,,,,,,,,,,,,,,,0.00E+00,0.00E+00,0.00E+00,0.00E+00,0.00E+00,0.00E+00,0.00E+00,0.00E+00
816767560000,3.32E-01,3.01E+00,,,,,,0.00E+00,0.00E+00,0.00E+00,0.00E+00,0.00E+00,0.00E+00,,,,,,,,,,,,,,,,,,,,,,,,,,,,,,,,0.00E+00,0.00E+00,0.00E+00,0.00E+00,0.00E+00,0.00E+00,0.00E+00,0.00E+00
816767570000,3.32E-01,3.01E+00,,,,,,0.00E+00,0.00E+00,0.00E+00,0.00E+00,0.00E+00,0.00E+00,,,,,,,,,,,,,,,,,,,,,,,,,,,,,,,,0.00E+00,0.00E+00,0.00E+00,0.00E+00,0.00E+00,0.00E+00,0.00E+00,0.00E+00
816767580000,3.32E-01,3.01E+00,,,,,,0.00E+00,0.00E+00,0.00E+00,0.00E+00,0.00E+00,0.00E+00,,,,,,,,,,,,,,,,,,,,,,,,,,,,,,,,0.00E+00,0.00E+00,0.00E+00,0.00E+00,0.00E+00,0.00E+00,0.00E+00,0.00E+00
816767590000,3.32E-01,3.01E+00,,,,,,0.00E+00,0.00E+00,0.00E+00,0.00E+00,0.00E+00,0.00E+00,,,,,,,,,,,,,,,,,,,,,,,,,,,,,,,,0.00E+00,0.00E+00,0.00E+00,0.00E+00,0.00E+00,0.00E+00,0.00E+00,0.00E+00
816767600000,3.32E-01,3.01E+00,,,,,,0.00E+00,0.00E+00,0.00E+00,0.00E+00,0.00E+00,0.00E+00,,,,,,,,,,,,,,,,,,,,,,,,,,,,,,,,0.00E+00,0.00E+00,0.00E+00,0.00E+00,0.00E+00,0.00E+00,0.00E+00,0.00E+00
816767610000,3.32E-01,3.01E+00,,,,,,0.00E+00,0.00E+00,0.00E+00,0.00E+00,0.00E+00,0.00E+00,,,,,,,,,,,,,,,,,,,,,,,,,,,,,,,,0.00E+00,0.00E+00,0.00E+00,0.00E+00,0.00E+00,0.00E+00,0.00E+00,0.00E+00
816767620000,3.32E-01,3.01E+00,,,,,,0.00E+00,0.00E+00,0.00E+00,0.00E+00,0.00E+00,0.00E+00,,,,,,,,,,,,,,,,,,,,,,,,,,,,,,,,0.00E+00,0.00E+00,0.00E+00,0.00E+00,0.00E+00,0.00E+00,0.00E+00,0.00E+00
816767630000,3.32E-01,3.01E+00,,,,,,0.00E+00,0.00E+00,0.00E+00,0.00E+00,0.00E+00,0.00E+00,,,,,,,,,,,,,,,,,,,,,,,,,,,,,,,,0.00E+00,0.00E+00,0.00E+00,0.00E+00,0.00E+00,0.00E+00,0.00E+00,0.00E+00
816767640000,3.32E-01,3.01E+00,,,,,,0.00E+00,0.00E+00,0.00E+00,0.00E+00,0.00E+00,0.00E+00,,,,,,,,,,,,,,,,,,,,,,,,,,,,,,,,0.00E+00,0.00E+00,0.00E+00,0.00E+00,0.00E+00,0.00E+00,0.00E+00,0.00E+00
816767650000,3.32E-01,3.01E+00,,,,,,0.00E+00,0.00E+00,0.00E+00,0.00E+00,0.00E+00,0.00E+00,,,,,,,,,,,,,,,,,,,,,,,,,,,,,,,,0.00E+00,0.00E+00,0.00E+00,0.00E+00,0.00E+00,0.00E+00,0.00E+00,0.00E+00
816767660000,3.32E-01,3.01E+00,,,,,,0.00E+00,0.00E+00,0.00E+00,0.00E+00,0.00E+00,0.00E+00,,,,,,,,,,,,,,,,,,,,,,,,,,,,,,,,0.00E+00,0.00E+00,0.00E+00,0.00E+00,0.00E+00,0.00E+00,0.00E+00,0.00E+00
816767670000,3.32E-01,3.01E+00,,,,,,0.00E+00,0.00E+00,0.00E+00,0.00E+00,0.00E+00,0.00E+00,,,,,,,,,,,,,,,,,,,,,,,,,,,,,,,,0.00E+00,0.00E+00,0.00E+00,0.00E+00,0.00E+00,0.00E+00,0.00E+00,0.00E+00
816767680000,3.32E-01,3.01E+00,,,,,,0.00E+00,0.00E+00,0.00E+00,0.00E+00,0.00E+00,0.00E+00,,,,,,,,,,,,,,,,,,,,,,,,,,,,,,,,0.00E+00,0.00E+00,0.00E+00,0.00E+00,0.00E+00,0.00E+00,0.00E+00,0.00E+00
816767690000,3.32E-01,3.01E+00,,,,,,0.00E+00,0.00E+00,0.00E+00,0.00E+00,0.00E+00,0.00E+00,,,,,,,,,,,,,,,,,,,,,,,,,,,,,,,,0.00E+00,0.00E+00,0.00E+00,0.00E+00,0.00E+00,0.00E+00,0.00E+00,0.00E+00
816767700000,3.32E-01,3.01E+00,,,,,,0.00E+00,0.00E+00,0.00E+00,0.00E+00,0.00E+00,0.00E+00,,,,,,,,,,,,,,,,,,,,,,,,,,,,,,,,0.00E+00,0.00E+00,0.00E+00,0.00E+00,0.00E+00,0.00E+00,0.00E+00,0.00E+00
816767710000,7.93E-02,1.26E+01,6.50E+08,,,,,0.00E+00,0.00E+00,0.00E+00,1.81E+01,1.43E-02,1.81E-03,,,,,,,,,,,,,,,,,,,,,,,,,,,,,,,,0.00E+00,0.00E+00,0.00E+00,0.00E+00,0.00E+00,1.43E-02,0.00E+00,1.81E-03
816767720000,5.22E-02,1.92E+01,6.50E+08,,,,,0.00E+00,0.00E+00,0.00E+00,9.22E+01,4.81E-02,9.22E-03,,,,,,,,,,,,,,,,,,,,,,,,,,,,,,,,0.00E+00,0.00E+00,0.00E+00,0.00E+00,0.00E+00,4.81E-02,0.00E+00,9.22E-03
816767730000,5.22E-02,1.92E+01,6.50E+08,1.74E+01,1.98E+09,3.26E+09,1.28E+09,5.55E+01,2.90E-02,5.55E-03,4.35E+01,2.27E-02,4.35E-03,1.03E+01,2.02E+00,4.07E+01,6.31E+03,8.70E+05,3.00E+07,3.55E+05,1.22E+07,1.01E+00,2.43E+01,3.11E-01,1.00E+02,2.42E+06,8.34E+07,1.06E+00,3.35E+00,0.00E+00,0.00E+00,1.12E+01,4.62E+01,0.00E+00,5.29E+00,7.51E+00,0.00E+00,2.56E+06,8.83E+07,8.82E+05,3.05E+07,1.28E+01,1.48E-05,7.32E+01,0.00E+00,2.90E-02,0.00E+00,5.55E-03,0.00E+00,2.27E-02,0.00E+00,4.35E-03
816767740000,5.22E-02,1.92E+01,6.50E+08,3.14E+01,1.98E+09,3.26E+09,1.28E+09,4.46E+01,2.32E-02,4.46E-03,5.22E+01,2.72E-02,5.22E-03,1.85E+01,2.02E+00,4.07E+01,6.31E+03,1.57E+06,3.00E+07,6.38E+05,1.22E+07,1.01E+00,2.43E+01,5.61E-01,1.00E+02,4.35E+06,8.34E+07,1.06E+00,6.04E+00,0.00E+00,0.00E+00,1.12E+01,4.62E+01,0.00E+00,9.53E+00,1.35E+01,0.00E+00,4.61E+06,8.83E+07,1.59E+06,3.05E+07,2.31E+01,2.66E-05,5.18E+01,0.00E+00,2.32E-02,0.00E+00,4.46E-03,0.00E+00,2.72E-02,0.00E+00,5.22E-03
816767750000,5.22E-02,1.92E+01,6.50E+08,3.14E+01,1.98E+09,3.26E+09,1.28E+09,0.00E+00,0.00E+00,0.00E+00,1.00E+02,5.22E-02,1.00E-02,1.85E+01,2.02E+00,4.07E+01,6.31E+03,1.57E+06,3.00E+07,6.38E+05,1.22E+07,1.01E+00,2.43E+01,5.61E-01,1.00E+02,4.35E+06,8.34E+07,1.06E+00,6.04E+00,0.00E+00,0.00E+00,1.12E+01,4.62E+01,0.00E+00,9.53E+00,1.35E+01,0.00E+00,4.61E+06,8.83E+07,1.59E+06,3.05E+07,2.31E+01,2.66E-05,5.18E+01,0.00E+00,0.00E+00,0.00E+00,0.00E+00,0.00E+00,5.22E-02,0.00E+00,1.00E-02
816767760000,6.49E-02,1.54E+01,6.50E+08,1.83E+01,7.95E+08,1.90E+09,1.11E+09,9.12E+01,5.92E-02,9.12E-03,3.81E+01,2.47E-02,3.81E-03,8.71E-01,4.51E+00,4.10E+01,2.72E+02,9.18E+04,1.41E+06,3.76E+04,5.80E+05,1.02E+00,0.00E+00,2.97E-01,1.00E+02,7.56E+06,1.17E+08,1.00E+00,5.98E+00,0.00E+00,0.00E+00,5.88E+01,4.63E+01,0.00E+00,6.61E+01,6.41E-01,0.00E+00,7.58E+06,1.17E+08,9.35E+04,1.44E+06,6.67E+01,1.09E+00,5.05E+01,0.00E+00,5.92E-02,0.00E+00,9.12E-03,0.00E+00,2.47E-02,0.00E+00,3.81E-03
816767770000,1.09E-01,9.21E+00,6.50E+08,1.67E+01,6.49E+08,1.74E+09,1.09E+09,7.51E+01,8.15E-02,7.51E-03,1.73E+01,1.88E-02,1.73E-03,3.46E-01,5.13E+00,8.64E+01,8.35E+01,6.10E+04,5.62E+05,5.27E+04,4.86E+05,1.55E+00,0.00E+00,2.88E-01,1.00E+02,1.30E+07,1.20E+08,1.00E+00,6.01E+00,0.00E+00,0.00E+00,6.06E+01,2.82E+01,0.00E+00,6.98E+01,2.37E-01,0.00E+00,1.30E+07,1.20E+08,9.48E+04,8.73E+05,7.00E+01,1.02E+00,5.07E+01,0.00E+00,8.15E-02,0.00E+00,7.51E-03,0.00E+00,1.88E-02,0.00E+00,1.73E-03
816767780000,1.09E-01,9.21E+00,6.50E+08,2.32E+01,1.18E+09,2.41E+09,1.23E+09,9.49E+01,1.03E-01,9.49E-03,0.00E+00,0.00E+00,0.00E+00,5.09E+00,2.05E+00,7.96E+01,1.74E+04,8.99E+05,8.28E+06,7.15E+05,6.59E+06,1.01E+00,0.00E+00,2.51E-01,1.00E+02,1.44E+07,1.32E+08,1.00E+00,5.28E+00,0.00E+00,0.00E+00,4.87E+01,4.40E+01,0.00E+00,6.19E+01,3.55E+00,0.00E+00,1.44E+07,1.32E+08,9.10E+05,8.38E+06,6.55E+01,3.42E+00,5.98E+01,0.00E+00,1.03E-01,0.00E+00,9.49E-03,0.00E+00,0.00E+00,0.00E+00,0.00E+00
816767790000,1.09E-01,9.21E+00,6.50E+08,2.65E+01,1.54E+09,2.76E+09,1.21E+09,9.47E+01,1.03E-01,9.47E-03,0.00E+00,0.00E+00,0.00E+00,1.15E+01,2.25E+00,4.86E+01,3.35E+04,2.03E+06,1.87E+07,9.87E+05,9.09E+06,1.01E+00,0.00E+00,2.44E-01,1.00E+02,1.10E+07,1.01E+08,1.00E+00,5.18E+00,0.00E+00,0.00E+00,6.06E+01,4.40E+01,0.00E+00,5.90E+01,7.98E+00,0.00E+00,1.10E+07,1.01E+08,2.05E+06,1.89E+07,6.70E+01,3.76E+00,6.59E+01,0.00E+00,1.03E-01,0.00E+00,9.47E-03,0.00E+00,0.00E+00,0.00E+00,0.00E+00
816767800000,1.09E-01,9.21E+00,6.50E+08,2.60E+01,1.56E+09,2.71E+09,1.15E+09,9.43E+01,1.02E-01,9.43E-03,0.00E+00,0.00E+00,0.00E+00,1.16E+01,1.86E+00,5.09E+01,3.43E+04,2.04E+06,1.88E+07,1.04E+06,9.58E+06,1.01E+00,0.00E+00,2.36E-01,1.00E+02,1.06E+07,9.81E+07,1.00E+00,5.01E+00,0.00E+00,0.00E+00,6.06E+01,4.40E+01,0.00E+00,5.71E+01,8.03E+00,0.00E+00,1.06E+07,9.81E+07,2.06E+06,1.90E+07,6.51E+01,4.96E+00,6.77E+01,0.00E+00,1.02E-01,0.00E+00,9.43E-03,0.00E+00,0.00E+00,0.00E+00,0.00E+00
816767810000,1.09E-01,9.21E+00,6.50E+08,3.40E+01,2.24E+09,3.54E+09,1.30E+09,9.59E+01,1.04E-01,9.59E-03,0.00E+00,0.00E+00,0.00E+00,1.52E+01,1.95E+00,3.77E+01,3.24E+04,2.68E+06,2.47E+07,1.01E+06,9.31E+06,1.01E+00,0.00E+00,4.06E-01,1.00E+02,1.10E+07,1.01E+08,1.07E+00,9.28E+00,0.00E+00,0.00E+00,4.05E+01,4.43E+01,0.00E+00,4.21E+01,1.06E+01,0.00E+00,1.17E+07,1.08E+08,2.71E+06,2.49E+07,5.27E+01,3.42E+00,7.75E+01,0.00E+00,1.04E-01,0.00E+00,9.59E-03,0.00E+00,0.00E+00,0.00E+00,0.00E+00
816767820000,1.09E-01,9.21E+00,6.50E+08,5.06E+01,3.45E+09,5.26E+09,1.81E+09,1.00E+02,1.09E-01,1.00E-02,8.23E+01,8.93E-02,8.23E-03,2.23E+01,1.99E+00,3.97E+01,3.30E+04,3.93E+06,3.62E+07,1.56E+06,1.44E+07,1.01E+00,1.87E+01,7.62E-01,1.00E+02,1.17E+07,1.08E+08,1.19E+00,1.82E+01,0.00E+00,0.00E+00,8.49E+00,4.47E+01,0.00E+00,1.05E+01,1.57E+01,0.00E+00,1.40E+07,1.29E+08,3.96E+06,3.65E+07,2.62E+01,2.96E-02,9.81E+01,0.00E+00,1.09E-01,0.00E+00,1.00E-02,0.00E+00,8.93E-02,0.00E+00,8.23E-03
816767830000,1.09E-01,9.21E+00,6.50E+08,4.40E+01,2.90E+09,4.57E+09,1.67E+09,9.43E+01,1.02E-01,9.43E-03,1.00E+02,1.09E-01,1.00E-02,1.88E+01,2.02E+00,4.06E+01,3.10E+04,3.32E+06,3.06E+07,1.35E+06,1.24E+07,1.01E+00,8.13E+00,6.64E-01,1.00E+02,1.22E+07,1.12E+08,1.13E+00,1.48E+01,0.00E+00,0.00E+00,1.95E+01,4.48E+01,0.00E+00,2.38E+01,1.33E+01,0.00E+00,1.38E+07,1.27E+08,3.34E+06,3.08E+07,3.71E+01,9.54E-01,8.62E+01,0.00E+00,1.02E-01,0.00E+00,9.43E-03,0.00E+00,1.09E-01,0.00E+00,1.00E-02
816767840000,1.09E-01,9.21E+00,6.50E+08,3.83E+01,2.41E+09,3.98E+09,1.56E+09,1.00E+02,1.09E-01,1.00E-02,4.16E+01,4.52E-02,4.16E-03,1.25E+01,4.21E+00,1.76E+00,3.26E+04,2.20E+06,2.02E+07,3.86E+04,3.56E+05,1.01E+00,2.43E+01,1.29E+00,1.00E+02,2.09E+07,1.93E+08,1.06E+00,1.67E+01,0.00E+00,0.00E+00,1.12E+01,4.50E+01,0.00E+00,2.20E+01,8.81E+00,0.00E+00,2.21E+07,2.04E+08,2.21E+06,2.04E+07,3.08E+01,1.37E-05,3.93E+01,0.00E+00,1.09E-01,0.00E+00,1.00E-02,0.00E+00,4.52E-02,0.00E+00,4.16E-03
816767850000,1.09E-01,9.21E+00,6.50E+08,1.94E+01,1.02E+09,2.01E+09,9.95E+08,8.76E+01,9.50E-02,8.76E-03,5.53E+01,6.00E-02,5.53E-03,3.17E+00,3.83E+00,3.95E+00,3.99E+02,5.59E+05,5.15E+06,2.21E+04,2.03E+05,1.10E+00,0.00E+00,4.66E-01,1.00E+02,1.17E+07,1.08E+08,1.36E+00,2.47E+01,0.00E+00,0.00E+00,4.36E+01,6.17E+01,0.00E+00,6.14E+01,3.35E+00,0.00E+00,1.59E+07,1.46E+08,6.14E+05,5.65E+06,6.48E+01,1.68E+00,5.76E+01,0.00E+00,9.50E-02,0.00E+00,8.76E-03,0.00E+00,6.00E-02,0.00E+00,5.53E-03
816767860000,1.09E-01,9.21E+00,6.50E+08,1.42E+01,5.48E+08,1.47E+09,9.24E+08,7.24E+01,7.86E-02,7.24E-03,0.00E+00,0.00E+00,0.00E+00,2.26E-05,1.00E+00,1.00E+02,1.00E+00,3.99E+00,3.68E+01,3.99E+00,3.68E+01,2.00E+00,0.00E+00,2.75E-01,1.00E+02,1.24E+07,1.14E+08,1.00E+00,5.75E+00,0.00E+00,0.00E+00,6.06E+01,4.80E+01,0.00E+00,6.66E+01,3.39E-05,0.00E+00,1.24E+07,1.14E+08,7.98E+00,7.36E+01,6.66E+01,2.56E+00,5.22E+01,0.00E+00,7.86E-02,0.00E+00,7.24E-03,0.00E+00,0.00E+00,0.00E+00,0.00E+00
816767870000,9.39E-02,1.06E+01,6.50E+08,1.57E+01,6.21E+08,1.63E+09,1.01E+09,9.52E+01,8.94E-02,9.52E-03,2.26E+01,2.12E-02,2.26E-03,3.17E-03,3.63E+02,1.00E+02,1.50E+00,4.83E+02,5.15E+03,4.83E+02,5.15E+03,2.00E+00,0.00E+00,2.71E-01,1.00E+02,1.06E+07,1.13E+08,1.00E+00,5.70E+00,0.00E+00,0.00E+00,6.06E+01,6.13E+01,0.00E+00,6.55E+01,6.07E-03,0.00E+00,1.06E+07,1.13E+08,9.67E+02,1.03E+04,6.55E+01,2.68E+00,5.17E+01,0.00E+00,8.94E-02,0.00E+00,9.52E-03,0.00E+00,2.12E-02,0.00E+00,2.26E-03
816767880000,8.36E-02,1.20E+01,6.50E+08,1.49E+01,5.78E+08,1.55E+09,9.73E+08,9.54E+01,7.97E-02,9.54E-03,8.21E+00,6.86E-03,8.21E-04,1.41E-01,5.67E+00,9.36E+01,7.89E+01,1.92E+04,2.30E+05,1.80E+04,2.15E+05,1.89E+00,0.00E+00,2.72E-01,1.00E+02,9.45E+06,1.13E+08,1.00E+00,5.71E+00,0.00E+00,0.00E+00,6.06E+01,2.36E+01,0.00E+00,6.58E+01,9.90E-02,0.00E+00,9.45E+06,1.13E+08,3.64E+04,4.35E+05,6.59E+01,2.55E+00,5.16E+01,0.00E+00,7.97E-02,0.00E+00,9.54E-03,0.00E+00,6.86E-03,0.00E+00,8.21E-04
816767890000,8.36E-02,1.20E+01,6.50E+08,1.90E+01,8.87E+08,1.98E+09,1.09E+09,9.43E+01,7.88E-02,9.43E-03,6.32E+00,5.28E-03,6.32E-04,2.22E+00,1.98E+00,6.46E+01,1.30E+03,3.01E+05,3.60E+06,1.95E+05,2.33E+06,1.08E+00,0.00E+00,2.58E-01,1.00E+02,1.13E+07,1.35E+08,1.00E+00,5.41E+00,0.00E+00,0.00E+00,4.89E+01,4.09E+01,0.00E+00,6.35E+01,1.53E+00,0.00E+00,1.13E+07,1.35E+08,3.26E+05,3.90E+06,6.50E+01,2.76E+00,5.52E+01,0.00E+00,7.88E-02,0.00E+00,9.43E-03,0.00E+00,5.28E-03,0.00E+00,6.32E-04
816767900000,8.36E-02,1.20E+01,6.50E+08,3.09E+01,1.80E+09,3.22E+09,1.42E+09,9.41E+01,7.86E-02,9.41E-03,0.00E+00,0.00E+00,0.00E+00,1.30E+01,2.16E+00,6.36E+01,3.35E+04,1.77E+06,2.12E+07,1.13E+06,1.35E+07,1.01E+00,0.00E+00,2.94E-01,1.00E+02,8.27E+06,9.90E+07,1.02E+00,6.52E+00,0.00E+00,0.00E+00,5.31E+01,4.41E+01,0.00E+00,5.17E+01,9.06E+00,0.00E+00,8.46E+06,1.01E+08,1.79E+06,2.14E+07,6.08E+01,4.15E+00,7.13E+01,0.00E+00,7.86E-02,0.00E+00,9.41E-03,0.00E+00,0.00E+00,0.00E+00,0.00E+00
816767910000,8.36E-02,1.20E+01,6.50E+08,4.94E+01,3.44E+09,5.14E+09,1.70E+09,1.00E+02,8.36E-02,1.00E-02,0.00E+00,0.00E+00,0.00E+00,2.34E+01,2.06E+00,3.83E+01,3.23E+04,3.17E+06,3.80E+07,1.21E+06,1.45E+07,1.01E+00,1.85E+01,7.20E-01,1.00E+02,8.55E+06,1.02E+08,1.19E+00,1.70E+01,0.00E+00,0.00E+00,8.54E+00,4.43E+01,0.00E+00,1.00E+01,1.63E+01,0.00E+00,1.02E+07,1.22E+08,3.20E+06,3.83E+07,2.63E+01,2.03E-02,9.84E+01,0.00E+00,8.36E-02,0.00E+00,1.00E-02,0.00E+00,0.00E+00,0.00E+00,0.00E+00
816767920000,8.36E-02,1.20E+01,6.50E+08,4.94E+01,3.44E+09,5.14E+09,1.70E+09,9.64E+01,8.05E-02,9.64E-03,7.32E+01,6.12E-02,7.32E-03,2.34E+01,2.06E+00,3.83E+01,3.23E+04,3.17E+06,3.80E+07,1.21E+06,1.45E+07,1.01E+00,1.85E+01,7.20E-01,1.00E+02,8.55E+06,1.02E+08,1.19E+00,1.70E+01,0.00E+00,0.00E+00,8.54E+00,4.43E+01,0.00E+00,1.00E+01,1.63E+01,0.00E+00,1.02E+07,1.22E+08,3.20E+06,3.83E+07,2.63E+01,2.03E-02,9.84E+01,0.00E+00,8.05E-02,0.00E+00,9.64E-03,0.00E+00,6.12E-02,0.00E+00,7.32E-03
816767930000,8.36E-02,1.20E+01,6.50E+08,4.24E+01,2.68E+09,4.41E+09,1.73E+09,9.81E+01,8.20E-02,9.81E-03,1.00E+02,8.36E-02,1.00E-02,2.01E+01,1.87E+00,3.24E+01,3.16E+04,2.72E+06,3.26E+07,8.83E+05,1.06E+07,1.01E+00,1.62E+01,9.29E-01,1.00E+02,1.29E+07,1.55E+08,1.05E+00,1.38E+01,0.00E+00,0.00E+00,1.92E+01,4.50E+01,0.00E+00,3.00E+01,1.42E+01,0.00E+00,1.35E+07,1.62E+08,2.74E+06,3.28E+07,4.42E+01,1.13E+00,7.34E+01,0.00E+00,8.20E-02,0.00E+00,9.81E-03,0.00E+00,8.36E-02,0.00E+00,1.00E-02
816767940000,8.36E-02,1.20E+01,6.50E+08,3.46E+01,2.13E+09,3.60E+09,1.47E+09,8.94E+01,7.47E-02,8.94E-03,6.58E+01,5.50E-02,6.58E-03,1.42E+01,1.91E+00,2.95E+01,1.83E+03,1.92E+06,2.30E+07,5.67E+05,6.79E+06,1.03E+00,4.88E+00,8.32E-01,1.00E+02,1.12E+07,1.34E+08,1.23E+00,2.84E+01,0.00E+00,0.00E+00,2.55E+01,4.92E+01,0.00E+00,4.03E+01,1.12E+01,0.00E+00,1.38E+07,1.65E+08,1.98E+06,2.37E+07,5.15E+01,4.10E-01,7.01E+01,0.00E+00,7.47E-02,0.00E+00,8.94E-03,0.00E+00,5.50E-02,0.00E+00,6.58E-03
816767950000,8.75E-02,1.14E+01,6.50E+08,1.63E+01,6.61E+08,1.70E+09,1.04E+09,8.88E+01,7.77E-02,8.88E-03,1.81E+01,1.59E-02,1.81E-03,1.83E-03,1.89E+02,1.00E+02,1.21E+00,2.61E+02,2.98E+03,2.61E+02,2.98E+03,2.00E+00,0.00E+00,2.88E-01,1.00E+02,1.05E+07,1.20E+08,1.00E+00,6.03E+00,0.00E+00,0.00E+00,6.06E+01,5.49E+01,0.00E+00,6.98E+01,3.15E-03,0.00E+00,1.05E+07,1.20E+08,5.21E+02,5.96E+03,6.98E+01,9.90E-01,5.05E+01,0.00E+00,7.77E-02,0.00E+00,8.88E-03,0.00E+00,1.59E-02,0.00E+00,1.81E-03
816767960000,1.15E-01,8.72E+00,6.50E+08,1.76E+01,7.41E+08,1.83E+09,1.09E+09,8.05E+01,9.23E-02,8.05E-03,1.95E+01,2.24E-02,1.95E-03,6.96E-01,5.56E+00,4.22E+01,3.07E+02,1.30E+05,1.13E+06,5.47E+04,4.77E+05,1.04E+00,0.00E+00,2.86E-01,1.00E+02,1.36E+07,1.19E+08,1.00E+00,5.97E+00,0.00E+00,0.00E+00,6.06E+01,4.45E+01,0.00E+00,6.92E+01,5.04E-01,0.00E+00,1.36E+07,1.19E+08,1.35E+05,1.18E+06,6.97E+01,1.21E+00,5.20E+01,0.00E+00,9.23E-02,0.00E+00,8.05E-03,0.00E+00,2.24E-02,0.00E+00,1.95E-03
816767970000,1.15E-01,8.72E+00,6.50E+08,2.77E+01,1.55E+09,2.88E+09,1.33E+09,9.44E+01,1.08E-01,9.44E-03,1.00E+02,1.15E-01,1.00E-02,1.09E+01,2.19E+00,6.62E+01,2.90E+04,2.03E+06,1.77E+07,1.34E+06,1.17E+07,1.01E+00,0.00E+00,2.43E-01,1.00E+02,1.16E+07,1.01E+08,1.00E+00,5.17E+00,0.00E+00,0.00E+00,6.06E+01,4.40E+01,0.00E+00,5.88E+01,7.54E+00,0.00E+00,1.16E+07,1.01E+08,2.04E+06,1.78E+07,6.64E+01,3.95E+00,6.59E+01,0.00E+00,1.08E-01,0.00E+00,9.44E-03,0.00E+00,1.15E-01,0.00E+00,1.00E-02
816767980000,1.15E-01,8.72E+00,6.50E+08,2.45E+01,1.48E+09,2.55E+09,1.07E+09,9.43E+01,1.08E-01,9.43E-03,1.00E+02,1.15E-01,1.00E-02,1.13E+01,1.94E+00,4.15E+01,3.65E+04,2.10E+06,1.83E+07,8.72E+05,7.61E+06,1.01E+00,0.00E+00,2.32E-01,1.00E+02,1.11E+07,9.64E+07,1.00E+00,4.88E+00,0.00E+00,0.00E+00,6.06E+01,4.40E+01,0.00E+00,5.61E+01,7.82E+00,0.00E+00,1.11E+07,9.64E+07,2.12E+06,1.85E+07,6.40E+01,5.44E+00,6.77E+01,0.00E+00,1.08E-01,0.00E+00,9.43E-03,0.00E+00,1.15E-01,0.00E+00,1.00E-02
816767990000,1.15E-01,8.72E+00,6.50E+08,2.56E+01,1.57E+09,2.66E+09,1.10E+09,9.47E+01,1.09E-01,9.47E-03,1.00E+02,1.15E-01,1.00E-02,1.09E+01,1.96E+00,5.10E+01,3.28E+04,2.04E+06,1.78E+07,1.04E+06,9.06E+06,1.01E+00,0.00E+00,2.23E-01,1.00E+02,1.06E+07,9.29E+07,1.00E+00,4.74E+00,0.00E+00,0.00E+00,6.06E+01,4.40E+01,0.00E+00,5.41E+01,7.58E+00,0.00E+00,1.06E+07,9.29E+07,2.05E+06,1.79E+07,6.17E+01,6.88E+00,6.89E+01,0.00E+00,1.09E-01,0.00E+00,9.47E-03,0.00E+00,1.15E-01,0.00E+00,1.00E-02
816768000000,1.15E-01,8.72E+00,6.50E+08,3.19E+01,2.13E+09,3.32E+09,1.18E+09,2.86E+01,3.28E-02,2.86E-03,7.26E+01,8.32E-02,7.26E-03,7.94E+00,2.19E+00,8.09E+00,3.90E+04,1.48E+06,1.29E+07,1.20E+05,1.04E+06,1.01E+00,6.59E+00,7.08E-01,1.00E+02,1.37E+07,1.19E+08,1.15E+00,1.09E+01,0.00E+00,0.00E+00,2.00E+01,4.40E+01,0.00E+00,2.65E+01,5.49E+00,0.00E+00,1.58E+07,1.38E+08,1.49E+06,1.30E+07,3.19E+01,2.15E+00,8.28E+01,0.00E+00,3.28E-02,0.00E+00,2.86E-03,0.00E+00,8.32E-02,0.00E+00,7.26E-03
816768010000,1.15E-01,8.72E+00,6.50E+08,3.56E+01,2.37E+09,3.70E+09,1.33E+09,3.00E+00,3.44E-03,3.00E-04,0.00E+00,0.00E+00,0.00E+00,6.63E+00,2.45E+00,5.00E+00,2.46E+04,1.23E+06,1.08E+07,6.17E+04,5.38E+05,1.01E+00,1.85E+01,9.18E-01,1.00E+02,1.49E+07,1.30E+08,1.20E+00,1.35E+01,0.00E+00,0.00E+00,9.02E+00,4.42E+01,0.00E+00,1.35E+01,4.60E+00,0.00E+00,1.78E+07,1.56E+08,1.24E+06,1.08E+07,1.81E+01,3.26E-03,8.80E+01,0.00E+00,3.44E-03,0.00E+00,3.00E-04,0.00E+00,0.00E+00,0.00E+00,0.00E+00
816768020000,1.15E-01,8.72E+00,6.50E+08,2.95E+01,1.87E+09,3.07E+09,1.20E+09,9.99E+01,1.15E-01,9.99E-03,0.00E+00,0.00E+00,0.00E+00,1.74E+01,2.02E+00,4.07E+01,5.84E+03,3.23E+06,2.82E+07,1.31E+06,1.15E+07,1.01E+00,2.50E+01,5.28E-01,1.00E+02,8.97E+06,7.83E+07,1.05E+00,5.68E+00,0.00E+00,0.00E+00,1.13E+01,4.63E+01,0.00E+00,8.92E+00,1.27E+01,0.00E+00,9.44E+06,8.24E+07,3.28E+06,2.86E+07,2.16E+01,0.00E+00,5.43E+01,0.00E+00,1.15E-01,0.00E+00,9.99E-03,0.00E+00,0.00E+00,0.00E+00,0.00E+00
816768030000,1.15E-01,8.72E+00,6.50E+08,2.95E+01,1.87E+09,3.07E+09,1.20E+09,0.00E+00,0.00E+00,0.00E+00,9.63E+01,1.10E-01,9.63E-03,1.74E+01,2.02E+00,4.07E+01,5.84E+03,3.23E+06,2.82E+07,1.31E+06,1.15E+07,1.01E+00,2.50E+01,5.28E-01,1.00E+02,8.97E+06,7.83E+07,1.05E+00,5.68E+00,0.00E+00,0.00E+00,1.13E+01,4.63E+01,0.00E+00,8.92E+00,1.27E+01,0.00E+00,9.44E+06,8.24E+07,3.28E+06,2.86E+07,2.16E+01,0.00E+00,5.43E+01,0.00E+00,0.00E+00,0.00E+00,0.00E+00,0.00E+00,1.10E-01,0.00E+00,9.63E-03
816768040000,1.15E-01,8.72E+00,6.50E+08,2.60E+01,1.56E+09,2.70E+09,1.14E+09,2.30E+01,2.63E-02,2.30E-03,8.44E+01,9.67E-02,8.44E-03,1.29E+01,2.02E+00,4.07E+01,4.41E+03,2.40E+06,2.10E+07,9.77E+05,8.53E+06,1.01E+00,6.82E+00,4.59E-01,1.00E+02,9.85E+06,8.60E+07,1.04E+00,5.64E+00,0.00E+00,0.00E+00,2.66E+01,4.63E+01,0.00E+00,2.28E+01,9.46E+00,0.00E+00,1.02E+07,8.90E+07,2.44E+06,2.13E+07,3.23E+01,8.37E-01,5.35E+01,0.00E+00,2.63E-02,0.00E+00,2.30E-03,0.00E+00,9.67E-02,0.00E+00,8.44E-03
816768050000,1.15E-01,8.72E+00,6.50E+08,1.47E+01,5.89E+08,1.53E+09,9.41E+08,7.39E+01,8.47E-02,7.39E-03,1.47E+01,1.68E-02,1.47E-03,6.99E-04,1.00E+00,1.00E+02,1.00E+00,1.30E+02,1.14E+03,1.30E+02,1.14E+03,2.00E+00,0.00E+00,2.71E-01,1.00E+02,1.29E+07,1.13E+08,1.00E+00,5.69E+00,0.00E+00,0.00E+00,6.06E+01,4.80E+01,0.00E+00,6.57E+01,1.05E-03,0.00E+00,1.29E+07,1.13E+08,2.60E+02,2.27E+03,6.57E+01,2.91E+00,5.24E+01,0.00E+00,8.47E-02,0.00E+00,7.39E-03,0.00E+00,1.68E-02,0.00E+00,1.47E-03
816768060000,1.15E-01,8.72E+00,6.50E+08,1.42E+01,5.48E+08,1.48E+09,9.27E+08,9.55E+01,1.10E-01,9.55E-03,0.00E+00,0.00E+00,0.00E+00,0.00E+00,,,,0.00E+00,0.00E+00,0.00E+00,0.00E+00,,0.00E+00,2.78E-01,1.00E+02,1.32E+07,1.15E+08,1.00E+00,5.80E+00,0.00E+00,0.00E+00,6.06E+01,,0.00E+00,6.72E+01,0.00E+00,0.00E+00,1.32E+07,1.15E+08,0.00E+00,0.00E+00,6.72E+01,2.29E+00,5.20E+01,0.00E+00,1.10E-01,0.00E+00,9.55E-03,0.00E+00,0.00E+00,0.00E+00,0.00E+00
816768070000,8.94E-02,1.12E+01,6.50E+08,1.63E+01,6.49E+08,1.70E+09,1.05E+09,9.41E+01,8.41E-02,9.41E-03,2.86E+01,2.56E-02,2.86E-03,4.26E-03,3.63E+02,1.00E+02,1.50E+00,6.19E+02,6.93E+03,6.19E+02,6.93E+03,2.00E+00,0.00E+00,2.70E-01,1.00E+02,1.00E+07,1.12E+08,1.00E+00,5.70E+00,0.00E+00,0.00E+00,6.06E+01,6.13E+01,0.00E+00,6.54E+01,8.17E-03,0.00E+00,1.00E+07,1.12E+08,1.24E+03,1.39E+04,6.54E+01,2.87E+00,5.20E+01,0.00E+00,8.41E-02,0.00E+00,9.41E-03,0.00E+00,2.56E-02,0.00E+00,2.86E-03
816768080000,8.17E-02,1.22E+01,6.50E+08,1.55E+01,5.85E+08,1.61E+09,1.03E+09,9.55E+01,7.79E-02,9.55E-03,1.62E+01,1.32E-02,1.62E-03,6.83E-01,2.47E+00,8.99E+01,1.95E+02,9.06E+04,1.11E+06,8.14E+04,9.97E+05,1.62E+00,0.00E+00,2.74E-01,1.00E+02,9.30E+06,1.14E+08,1.00E+00,5.72E+00,0.00E+00,0.00E+00,6.06E+01,2.75E+01,0.00E+00,6.63E+01,4.76E-01,0.00E+00,9.30E+06,1.14E+08,1.47E+05,1.80E+06,6.68E+01,2.40E+00,5.17E+01,0.00E+00,7.79E-02,0.00E+00,9.55E-03,0.00E+00,1.32E-02,0.00E+00,1.62E-03
816768090000,8.17E-02,1.22E+01,6.50E+08,1.87E+01,7.65E+08,1.95E+09,1.18E+09,9.53E+01,7.78E-02,9.53E-03,1.24E+01,1.01E-02,1.24E-03,6.44E-01,2.18E+00,9.05E+01,1.87E+02,8.54E+04,1.05E+06,7.73E+04,9.46E+05,1.67E+00,0.00E+00,2.72E-01,1.00E+02,1.31E+07,1.61E+08,1.00E+00,5.66E+00,0.00E+00,0.00E+00,4.38E+01,2.69E+01,0.00E+00,6.77E+01,4.53E-01,0.00E+00,1.31E+07,1.61E+08,1.43E+05,1.75E+06,6.82E+01,7.67E-01,5.18E+01,0.00E+00,7.78E-02,0.00E+00,9.53E-03,0.00E+00,1.01E-02,0.00E+00,1.24E-03
816768100000,8.17E-02,1.22E+01,6.50E+08,4.61E+01,3.25E+09,4.79E+09,1.54E+09,9.84E+01,8.03E-02,9.84E-03,9.07E+01,7.40E-02,9.07E-03,2.19E+01,2.06E+00,3.57E+01,3.25E+04,2.91E+06,3.56E+07,1.04E+06,1.27E+07,1.01E+00,9.05E+00,6.70E-01,1.00E+02,8.77E+06,1.07E+08,1.18E+00,1.46E+01,0.00E+00,0.00E+00,1.20E+01,4.40E+01,0.00E+00,1.47E+01,1.52E+01,0.00E+00,1.04E+07,1.27E+08,2.93E+06,3.59E+07,2.98E+01,8.94E-02,9.32E+01,0.00E+00,8.03E-02,0.00E+00,9.84E-03,0.00E+00,7.40E-02,0.00E+00,9.07E-03
816768110000,8.17E-02,1.22E+01,6.50E+08,4.81E+01,3.44E+09,5.01E+09,1.56E+09,1.00E+02,8.17E-02,1.00E-02,1.00E+02,8.17E-02,1.00E-02,2.37E+01,2.06E+00,3.57E+01,3.25E+04,3.14E+06,3.85E+07,1.12E+06,1.37E+07,1.01E+00,1.82E+01,7.05E-01,1.00E+02,8.07E+06,9.89E+07,1.21E+00,1.54E+01,0.00E+00,0.00E+00,9.24E+00,4.40E+01,0.00E+00,1.06E+01,1.64E+01,0.00E+00,9.79E+06,1.20E+08,3.17E+06,3.88E+07,2.71E+01,2.89E-02,9.64E+01,0.00E+00,8.17E-02,0.00E+00,1.00E-02,0.00E+00,8.17E-02,0.00E+00,1.00E-02
816768120000,8.17E-02,1.22E+01,6.50E+08,3.78E+01,2.43E+09,3.93E+09,1.50E+09,9.36E+01,7.64E-02,9.36E-03,9.82E+01,8.02E-02,9.82E-03,1.77E+01,2.06E+00,4.07E+01,2.84E+04,2.34E+06,2.87E+07,9.54E+05,1.17E+07,1.01E+00,0.00E+00,5.18E-01,1.00E+02,8.92E+06,1.09E+08,1.07E+00,9.59E+00,0.00E+00,0.00E+00,3.29E+01,4.47E+01,0.00E+00,3.68E+01,1.24E+01,0.00E+00,9.51E+06,1.16E+08,2.37E+06,2.90E+07,4.93E+01,2.11E+00,7.89E+01,0.00E+00,7.64E-02,0.00E+00,9.36E-03,0.00E+00,8.02E-02,0.00E+00,9.82E-03
816768130000,8.17E-02,1.22E+01,6.50E+08,4.99E+01,3.17E+09,5.19E+09,2.01E+09,1.00E+02,8.17E-02,1.00E-02,1.00E+02,8.17E-02,1.00E-02,2.77E+01,2.00E+00,3.97E+01,3.28E+04,3.67E+06,4.49E+07,1.46E+06,1.78E+07,1.01E+00,2.46E+01,9.48E-01,1.00E+02,1.16E+07,1.41E+08,1.05E+00,1.30E+01,0.00E+00,0.00E+00,1.13E+01,4.50E+01,0.00E+00,1.62E+01,1.96E+01,0.00E+00,1.21E+07,1.49E+08,3.70E+06,4.53E+07,3.58E+01,1.33E-03,8.89E+01,0.00E+00,8.17E-02,0.00E+00,1.00E-02,0.00E+00,8.17E-02,0.00E+00,1.00E-02
816768140000,8.17E-02,1.22E+01,6.50E+08,3.15E+01,2.00E+09,3.28E+09,1.28E+09,6.89E+01,5.63E-02,6.89E-03,8.69E+01,7.10E-02,8.69E-03,1.34E+01,2.08E+00,2.75E+01,1.60E+03,1.78E+06,2.18E+07,4.91E+05,6.01E+06,1.03E+00,0.00E+00,7.19E-01,1.00E+02,8.66E+06,1.06E+08,1.58E+00,3.91E+01,0.00E+00,0.00E+00,3.07E+01,5.03E+01,0.00E+00,4.94E+01,1.09E+01,0.00E+00,1.37E+07,1.67E+08,1.85E+06,2.26E+07,6.03E+01,2.02E-01,7.62E+01,0.00E+00,5.63E-02,0.00E+00,6.89E-03,0.00E+00,7.10E-02,0.00E+00,8.69E-03
816768150000,9.09E-02,1.10E+01,6.50E+08,1.63E+01,6.77E+08,1.70E+09,1.02E+09,7.22E+01,6.57E-02,7.22E-03,3.86E+01,3.51E-02,3.86E-03,3.26E-03,2.29E+02,1.00E+02,1.27E+00,4.81E+02,5.29E+03,4.81E+02,5.29E+03,2.00E+00,0.00E+00,2.70E-01,1.00E+02,1.02E+07,1.12E+08,1.00E+00,5.73E+00,0.00E+00,0.00E+00,6.06E+01,5.64E+01,0.00E+00,6.53E+01,5.74E-03,0.00E+00,1.02E+07,1.12E+08,9.62E+02,1.06E+04,6.53E+01,2.95E+00,5.23E+01,0.00E+00,6.57E-02,0.00E+00,7.22E-03,0.00E+00,3.51E-02,0.00E+00,3.86E-03
816768160000,1.01E-01,9.92E+00,6.50E+08,2.15E+01,1.14E+09,2.24E+09,1.10E+09,9.57E+01,9.65E-02,9.57E-03,5.52E+01,5.56E-02,5.52E-03,4.94E+00,2.66E+00,3.55E+01,2.71E+03,8.09E+05,8.02E+06,2.87E+05,2.85E+06,1.01E+00,0.00E+00,2.66E-01,1.00E+02,1.11E+07,1.11E+08,1.00E+00,5.59E+00,0.00E+00,0.00E+00,6.06E+01,4.41E+01,0.00E+00,6.44E+01,3.44E+00,0.00E+00,1.11E+07,1.11E+08,8.19E+05,8.13E+06,6.78E+01,2.77E+00,5.78E+01,0.00E+00,9.65E-02,0.00E+00,9.57E-03,0.00E+00,5.56E-02,0.00E+00,5.52E-03
816768170000,1.01E-01,9.92E+00,6.50E+08,2.65E+01,1.51E+09,2.76E+09,1.25E+09,9.44E+01,9.52E-02,9.44E-03,1.00E+02,1.01E-01,1.00E-02,1.14E+01,2.17E+00,5.64E+01,3.44E+04,1.87E+06,1.85E+07,1.05E+06,1.04E+07,1.01E+00,0.00E+00,2.39E-01,1.00E+02,1.00E+07,9.94E+07,1.00E+00,5.14E+00,0.00E+00,0.00E+00,6.06E+01,4.40E+01,0.00E+00,5.79E+01,7.90E+00,0.00E+00,1.00E+07,9.94E+07,1.88E+06,1.87E+07,6.58E+01,4.35E+00,6.70E+01,0.00E+00,9.52E-02,0.00E+00,9.44E-03,0.00E+00,1.01E-01,0.00E+00,1.00E-02
816768180000,1.01E-01,9.92E+00,6.50E+08,2.67E+01,1.61E+09,2.78E+09,1.17E+09,9.43E+01,9.51E-02,9.43E-03,1.00E+02,1.01E-01,1.00E-02,1.19E+01,1.95E+00,4.78E+01,3.44E+04,1.96E+06,1.94E+07,9.36E+05,9.29E+06,1.01E+00,0.00E+00,2.41E-01,1.00E+02,1.01E+07,1.00E+08,1.00E+00,5.10E+00,0.00E+00,0.00E+00,6.06E+01,4.40E+01,0.00E+00,5.83E+01,8.28E+00,0.00E+00,1.01E+07,1.00E+08,1.97E+06,1.96E+07,6.66E+01,4.10E+00,6.70E+01,0.00E+00,9.51E-02,0.00E+00,9.43E-03,0.00E+00,1.01E-01,0.00E+00,1.00E-02
816768190000,1.01E-01,9.92E+00,6.50E+08,2.64E+01,1.68E+09,2.75E+09,1.07E+09,9.50E+01,9.57E-02,9.50E-03,1.00E+02,1.01E-01,1.00E-02,1.19E+01,1.93E+00,3.45E+01,3.39E+04,1.96E+06,1.94E+07,6.75E+05,6.69E+06,1.01E+00,0.00E+00,2.43E-01,1.00E+02,1.02E+07,1.01E+08,1.00E+00,5.11E+00,0.00E+00,0.00E+00,6.06E+01,4.40E+01,0.00E+00,5.89E+01,8.28E+00,0.00E+00,1.02E+07,1.01E+08,1.97E+06,1.96E+07,6.72E+01,4.09E+00,6.68E+01,0.00E+00,9.57E-02,0.00E+00,9.50E-03,0.00E+00,1.01E-01,0.00E+00,1.00E-02
816768200000,1.01E-01,9.92E+00,6.50E+08,2.67E+01,1.76E+09,2.77E+09,1.02E+09,9.65E+01,9.72E-02,9.65E-03,7.62E+01,7.68E-02,7.62E-03,8.73E+00,2.45E+00,5.37E+00,3.19E+04,1.43E+06,1.42E+07,7.68E+04,7.62E+05,1.01E+00,0.00E+00,4.62E-01,1.00E+02,1.13E+07,1.12E+08,1.08E+00,7.90E+00,0.00E+00,0.00E+00,3.96E+01,4.40E+01,0.00E+00,4.62E+01,6.05E+00,0.00E+00,1.22E+07,1.21E+08,1.44E+06,1.43E+07,5.22E+01,2.86E+00,7.19E+01,0.00E+00,9.72E-02,0.00E+00,9.65E-03,0.00E+00,7.68E-02,0.00E+00,7.62E-03
816768210000,1.01E-01,9.92E+00,6.50E+08,3.29E+01,2.03E+09,3.42E+09,1.39E+09,1.00E+02,1.01E-01,1.00E-02,0.00E+00,0.00E+00,0.00E+00,7.43E-01,6.23E+00,6.40E-01,,1.22E+05,1.21E+06,7.78E+02,7.72E+03,9.91E-01,1.74E+01,9.77E-01,1.00E+02,1.38E+07,1.37E+08,1.22E+00,1.45E+01,0.00E+00,0.00E+00,9.48E+00,4.37E+01,0.00E+00,1.53E+01,5.03E-01,0.00E+00,1.69E+07,1.68E+08,1.21E+05,1.20E+06,1.58E+01,1.41E-04,8.40E+01,0.00E+00,1.01E-01,0.00E+00,1.00E-02,0.00E+00,0.00E+00,0.00E+00,0.00E+00
816768220000,1.01E-01,9.92E+00,6.50E+08,3.13E+01,1.98E+09,3.25E+09,1.27E+09,9.67E+01,9.75E-02,9.67E-03,0.00E+00,0.00E+00,0.00E+00,1.34E+01,2.03E+00,3.83E+01,5.57E+03,2.20E+06,2.18E+07,8.42E+05,8.35E+06,1.01E+00,2.10E+01,6.55E-01,1.00E+02,9.68E+06,9.60E+07,1.12E+00,8.17E+00,0.00E+00,0.00E+00,1.05E+01,4.64E+01,0.00E+00,1.09E+01,9.88E+00,0.00E+00,1.08E+07,1.08E+08,2.23E+06,2.21E+07,2.07E+01,6.43E-05,6.26E+01,0.00E+00,9.75E-02,0.00E+00,9.67E-03,0.00E+00,0.00E+00,0.00E+00,0.00E+00
816768230000,1.01E-01,9.92E+00,6.50E+08,3.07E+01,1.96E+09,3.19E+09,1.23E+09,2.95E+01,2.98E-02,2.95E-03,6.69E+01,6.75E-02,6.69E-03,1.84E+01,2.03E+00,3.89E+01,5.48E+03,3.02E+06,3.00E+07,1.18E+06,1.17E+07,1.02E+00,2.37E+01,5.27E-01,1.00E+02,8.03E+06,7.96E+07,1.05E+00,5.65E+00,0.00E+00,0.00E+00,1.13E+01,4.65E+01,0.00E+00,9.11E+00,1.36E+01,0.00E+00,8.44E+06,8.37E+07,3.07E+06,3.04E+07,2.27E+01,3.39E-05,5.41E+01,0.00E+00,2.98E-02,0.00E+00,2.95E-03,0.00E+00,6.75E-02,0.00E+00,6.69E-03
816768240000,1.01E-01,9.92E+00,6.50E+08,3.07E+01,1.96E+09,3.19E+09,1.23E+09,0.00E+00,0.00E+00,0.00E+00,9.88E+01,9.96E-02,9.88E-03,1.84E+01,2.03E+00,3.89E+01,5.48E+03,3.02E+06,3.00E+07,1.18E+06,1.17E+07,1.02E+00,2.37E+01,5.27E-01,1.00E+02,8.03E+06,7.96E+07,1.05E+00,5.65E+00,0.00E+00,0.00E+00,1.13E+01,4.65E+01,0.00E+00,9.11E+00,1.36E+01,0.00E+00,8.44E+06,8.37E+07,3.07E+06,3.04E+07,2.27E+01,3.39E-05,5.41E+01,0.00E+00,0.00E+00,0.00E+00,0.00E+00,0.00E+00,9.96E-02,0.00E+00,9.88E-03
816768250000,1.02E-01,9.77E+00,6.50E+08,1.72E+01,7.22E+08,1.79E+09,1.06E+09,9.45E+01,9.68E-02,9.45E-03,4.58E+01,4.69E-02,4.58E-03,1.78E-01,1.85E+01,4.05E+01,4.80E+01,2.97E+04,2.90E+05,1.20E+04,1.17E+05,1.04E+00,0.00E+00,2.69E-01,1.00E+02,1.13E+07,1.11E+08,1.00E+00,5.66E+00,0.00E+00,0.00E+00,6.02E+01,4.70E+01,0.00E+00,6.40E+01,1.36E-01,0.00E+00,1.13E+07,1.11E+08,3.09E+04,3.02E+05,6.42E+01,2.95E+00,5.19E+01,0.00E+00,9.68E-02,0.00E+00,9.45E-03,0.00E+00,4.69E-02,0.00E+00,4.58E-03
816768260000,1.04E-01,9.58E+00,6.50E+08,2.15E+01,1.21E+09,2.24E+09,1.03E+09,9.48E+01,9.89E-02,9.48E-03,6.24E+00,6.51E-03,6.24E-04,7.25E+00,2.48E+00,3.51E+01,7.81E+03,1.23E+06,1.18E+07,4.32E+05,4.14E+06,1.01E+00,0.00E+00,2.39E-01,1.00E+02,1.04E+07,9.93E+07,1.00E+00,5.05E+00,0.00E+00,0.00E+00,6.06E+01,4.40E+01,0.00E+00,5.78E+01,5.05E+00,0.00E+00,1.04E+07,9.93E+07,1.24E+06,1.19E+07,6.29E+01,5.61E+00,6.37E+01,0.00E+00,9.89E-02,0.00E+00,9.48E-03,0.00E+00,6.51E-03,0.00E+00,6.24E-04
816768270000,1.04E-01,9.58E+00,6.50E+08,2.51E+01,1.44E+09,2.61E+09,1.17E+09,9.43E+01,9.84E-02,9.43E-03,0.00E+00,0.00E+00,0.00E+00,1.06E+01,2.08E+00,5.72E+01,3.31E+04,1.80E+06,1.72E+07,1.03E+06,9.86E+06,1.01E+00,0.00E+00,2.28E-01,1.00E+02,9.89E+06,9.48E+07,1.00E+00,4.91E+00,0.00E+00,0.00E+00,6.06E+01,4.40E+01,0.00E+00,5.52E+01,7.34E+00,0.00E+00,9.89E+06,9.48E+07,1.81E+06,1.74E+07,6.26E+01,5.95E+00,6.74E+01,0.00E+00,9.84E-02,0.00E+00,9.43E-03,0.00E+00,0.00E+00,0.00E+00,0.00E+00
816768280000,1.04E-01,9.58E+00,6.50E+08,2.77E+01,1.64E+09,2.89E+09,1.24E+09,9.44E+01,9.85E-02,9.44E-03,0.00E+00,0.00E+00,0.00E+00,1.17E+01,1.92E+00,5.90E+01,3.38E+04,1.99E+06,1.90E+07,1.17E+06,1.12E+07,1.01E+00,0.00E+00,2.41E-01,1.00E+02,1.04E+07,1.00E+08,1.00E+00,5.12E+00,0.00E+00,0.00E+00,6.06E+01,4.40E+01,0.00E+00,5.83E+01,8.12E+00,0.00E+00,1.04E+07,1.00E+08,2.00E+06,1.92E+07,6.64E+01,4.26E+00,6.68E+01,0.00E+00,9.85E-02,0.00E+00,9.44E-03,0.00E+00,0.00E+00,0.00E+00,0.00E+00
816768290000,1.04E-01,9.58E+00,6.50E+08,2.52E+01,1.64E+09,2.62E+09,9.76E+08,9.53E+01,9.94E-02,9.53E-03,0.00E+00,0.00E+00,0.00E+00,1.19E+01,1.96E+00,2.29E+01,3.40E+04,2.01E+06,1.93E+07,4.60E+05,4.41E+06,1.01E+00,0.00E+00,2.42E-01,1.00E+02,1.05E+07,1.01E+08,1.00E+00,5.09E+00,0.00E+00,0.00E+00,6.06E+01,4.40E+01,0.00E+00,5.85E+01,8.22E+00,0.00E+00,1.05E+07,1.01E+08,2.03E+06,1.94E+07,6.68E+01,4.48E+00,6.66E+01,0.00E+00,9.94E-02,0.00E+00,9.53E-03,0.00E+00,0.00E+00,0.00E+00,0.00E+00
816768300000,1.04E-01,9.58E+00,6.50E+08,1.94E+01,1.12E+09,2.01E+09,8.99E+08,9.52E+01,9.94E-02,9.52E-03,0.00E+00,0.00E+00,0.00E+00,6.41E+00,3.36E+00,3.93E+00,4.15E+04,1.09E+06,1.04E+07,4.28E+04,4.10E+05,1.00E+00,0.00E+00,2.59E-01,1.00E+02,1.13E+07,1.08E+08,1.00E+00,5.44E+00,0.00E+00,0.00E+00,6.06E+01,4.40E+01,0.00E+00,6.28E+01,4.43E+00,0.00E+00,1.13E+07,1.08E+08,1.09E+06,1.05E+07,6.72E+01,3.20E+00,5.97E+01,0.00E+00,9.94E-02,0.00E+00,9.52E-03,0.00E+00,0.00E+00,0.00E+00,0.00E+00
816768310000,1.04E-01,9.58E+00,6.50E+08,3.04E+01,1.82E+09,3.17E+09,1.35E+09,9.89E+01,1.03E-01,9.89E-03,0.00E+00,0.00E+00,0.00E+00,0.00E+00,,,,0.00E+00,0.00E+00,0.00E+00,0.00E+00,,1.10E+01,8.91E-01,1.00E+02,1.44E+07,1.38E+08,1.20E+00,1.38E+01,0.00E+00,0.00E+00,1.48E+01,,0.00E+00,2.35E+01,0.00E+00,0.00E+00,1.72E+07,1.65E+08,0.00E+00,0.00E+00,2.35E+01,2.61E-01,7.88E+01,0.00E+00,1.03E-01,0.00E+00,9.89E-03,0.00E+00,0.00E+00,0.00E+00,0.00E+00
816768320000,1.04E-01,9.58E+00,6.50E+08,3.20E+01,1.98E+09,3.33E+09,1.35E+09,6.50E+01,6.79E-02,6.50E-03,0.00E+00,0.00E+00,0.00E+00,5.49E+00,2.02E+00,4.06E+01,5.29E+03,9.31E+05,8.92E+06,3.78E+05,3.62E+06,1.02E+00,1.76E+01,8.41E-01,1.00E+02,1.26E+07,1.21E+08,1.19E+00,1.21E+01,0.00E+00,0.00E+00,9.97E+00,4.65E+01,0.00E+00,1.38E+01,4.05E+00,0.00E+00,1.50E+07,1.44E+08,9.45E+05,9.05E+06,1.79E+01,9.17E-04,7.44E+01,0.00E+00,6.79E-02,0.00E+00,6.50E-03,0.00E+00,0.00E+00,0.00E+00,0.00E+00
816768330000,1.04E-01,9.58E+00,6.50E+08,2.95E+01,1.87E+09,3.07E+09,1.20E+09,0.00E+00,0.00E+00,0.00E+00,2.63E+01,2.75E-02,2.63E-03,1.73E+01,2.02E+00,4.06E+01,5.29E+03,2.93E+06,2.81E+07,1.19E+06,1.14E+07,1.02E+00,2.32E+01,5.13E-01,1.00E+02,8.13E+06,7.79E+07,1.05E+00,5.71E+00,0.00E+00,0.00E+00,1.13E+01,4.65E+01,0.00E+00,8.93E+00,1.28E+01,0.00E+00,8.54E+06,8.19E+07,2.98E+06,2.85E+07,2.17E+01,2.44E-03,5.51E+01,0.00E+00,0.00E+00,0.00E+00,0.00E+00,0.00E+00,2.75E-02,0.00E+00,2.63E-03
816768340000,1.04E-01,9.58E+00,6.50E+08,2.95E+01,1.87E+09,3.07E+09,1.20E+09,0.00E+00,0.00E+00,0.00E+00,1.00E+02,1.04E-01,1.00E-02,1.73E+01,2.02E+00,4.06E+01,5.29E+03,2.93E+06,2.81E+07,1.19E+06,1.14E+07,1.02E+00,2.32E+01,5.13E-01,1.00E+02,8.13E+06,7.79E+07,1.05E+00,5.71E+00,0.00E+00,0.00E+00,1.13E+01,4.65E+01,0.00E+00,8.93E+00,1.28E+01,0.00E+00,8.54E+06,8.19E+07,2.98E+06,2.85E+07,2.17E+01,2.44E-03,5.51E+01,0.00E+00,0.00E+00,0.00E+00,0.00E+00,0.00E+00,1.04E-01,0.00E+00,1.00E-02
816768350000,1.04E-01,9.58E+00,6.50E+08,2.27E+01,1.26E+09,2.37E+09,1.10E+09,5.08E+01,5.30E-02,5.08E-03,6.83E+01,7.14E-02,6.83E-03,8.12E+00,2.06E+00,4.07E+01,2.61E+03,1.38E+06,1.32E+07,5.60E+05,5.37E+06,1.02E+00,0.00E+00,3.85E-01,1.00E+02,1.01E+07,9.65E+07,1.02E+00,5.73E+00,0.00E+00,0.00E+00,4.13E+01,4.65E+01,0.00E+00,3.91E+01,5.99E+00,0.00E+00,1.03E+07,9.84E+07,1.40E+06,1.34E+07,4.51E+01,1.47E+00,5.36E+01,0.00E+00,5.30E-02,0.00E+00,5.08E-03,0.00E+00,7.14E-02,0.00E+00,6.83E-03
816768360000,1.09E-01,9.14E+00,6.50E+08,1.71E+01,7.34E+08,1.78E+09,1.05E+09,9.53E+01,1.04E-01,9.53E-03,2.97E+01,3.25E-02,2.97E-03,7.55E-01,1.40E+01,1.57E+01,2.65E+02,1.34E+05,1.23E+06,2.11E+04,1.93E+05,1.03E+00,0.00E+00,2.66E-01,1.00E+02,1.21E+07,1.11E+08,1.00E+00,5.61E+00,0.00E+00,0.00E+00,6.06E+01,4.44E+01,0.00E+00,6.44E+01,5.39E-01,0.00E+00,1.21E+07,1.11E+08,1.38E+05,1.26E+06,6.49E+01,2.94E+00,5.29E+01,0.00E+00,1.04E-01,0.00E+00,9.53E-03,0.00E+00,3.25E-02,0.00E+00,2.97E-03
816768370000,1.09E-01,9.14E+00,6.50E+08,2.38E+01,1.38E+09,2.47E+09,1.09E+09,9.32E+01,1.02E-01,9.32E-03,0.00E+00,0.00E+00,0.00E+00,9.81E+00,2.22E+00,4.88E+01,3.11E+04,1.74E+06,1.59E+07,8.51E+05,7.78E+06,1.01E+00,0.00E+00,2.24E-01,1.00E+02,1.02E+07,9.33E+07,1.00E+00,4.81E+00,0.00E+00,0.00E+00,6.06E+01,4.40E+01,0.00E+00,5.43E+01,6.80E+00,0.00E+00,1.02E+07,9.33E+07,1.76E+06,1.61E+07,6.11E+01,6.64E+00,6.73E+01,0.00E+00,1.02E-01,0.00E+00,9.32E-03,0.00E+00,0.00E+00,0.00E+00,0.00E+00
816768380000,1.09E-01,9.14E+00,6.50E+08,2.45E+01,1.42E+09,2.55E+09,1.14E+09,9.45E+01,1.03E-01,9.45E-03,0.00E+00,0.00E+00,0.00E+00,1.09E+01,1.94E+00,5.84E+01,3.26E+04,1.93E+06,1.77E+07,1.13E+06,1.03E+07,1.01E+00,0.00E+00,2.19E-01,1.00E+02,9.96E+06,9.11E+07,1.00E+00,4.73E+00,0.00E+00,0.00E+00,6.06E+01,4.40E+01,0.00E+00,5.30E+01,7.54E+00,0.00E+00,9.96E+06,9.11E+07,1.95E+06,1.78E+07,6.06E+01,7.04E+00,6.92E+01,0.00E+00,1.03E-01,0.00E+00,9.45E-03,0.00E+00,0.00E+00,0.00E+00,0.00E+00
816768390000,1.09E-01,9.14E+00,6.50E+08,2.56E+01,1.55E+09,2.67E+09,1.12E+09,9.34E+01,1.02E-01,9.34E-03,0.00E+00,0.00E+00,0.00E+00,1.07E+01,2.02E+00,5.54E+01,3.19E+04,1.91E+06,1.75E+07,1.06E+06,9.67E+06,1.01E+00,0.00E+00,2.19E-01,1.00E+02,9.95E+06,9.10E+07,1.00E+00,4.70E+00,0.00E+00,0.00E+00,6.06E+01,4.40E+01,0.00E+00,5.30E+01,7.45E+00,0.00E+00,9.95E+06,9.10E+07,1.93E+06,1.76E+07,6.04E+01,7.70E+00,6.94E+01,0.00E+00,1.02E-01,0.00E+00,9.34E-03,0.00E+00,0.00E+00,0.00E+00,0.00E+00
816768400000,1.09E-01,9.14E+00,6.50E+08,2.26E+01,1.53E+09,2.35E+09,8.21E+08,9.54E+01,1.04E-01,9.54E-03,0.00E+00,0.00E+00,0.00E+00,1.13E+01,2.07E+00,1.05E+01,3.31E+04,2.01E+06,1.84E+07,2.12E+05,1.93E+06,1.01E+00,0.00E+00,2.24E-01,1.00E+02,1.02E+07,9.31E+07,1.00E+00,4.72E+00,0.00E+00,0.00E+00,6.06E+01,4.40E+01,0.00E+00,5.42E+01,7.84E+00,0.00E+00,1.02E+07,9.31E+07,2.02E+06,1.85E+07,6.20E+01,6.86E+00,6.93E+01,0.00E+00,1.04E-01,0.00E+00,9.54E-03,0.00E+00,0.00E+00,0.00E+00,0.00E+00
816768410000,1.09E-01,9.14E+00,6.50E+08,2.34E+01,1.41E+09,2.43E+09,1.02E+09,5.89E+01,6.45E-02,5.89E-03,0.00E+00,0.00E+00,0.00E+00,4.36E+00,4.22E+00,2.29E+00,4.91E+04,7.74E+05,7.08E+06,1.77E+04,1.62E+05,1.00E+00,0.00E+00,4.92E-01,1.00E+02,1.23E+07,1.12E+08,1.10E+00,8.46E+00,0.00E+00,0.00E+00,3.61E+01,4.39E+01,0.00E+00,4.28E+01,3.00E+00,0.00E+00,1.35E+07,1.23E+08,7.76E+05,7.10E+06,4.58E+01,3.18E+00,6.97E+01,0.00E+00,6.45E-02,0.00E+00,5.89E-03,0.00E+00,0.00E+00,0.00E+00,0.00E+00
816768420000,1.09E-01,9.14E+00,6.50E+08,3.06E+01,1.88E+09,3.18E+09,1.30E+09,0.00E+00,0.00E+00,0.00E+00,0.00E+00,0.00E+00,0.00E+00,0.00E+00,,,,0.00E+00,0.00E+00,0.00E+00,0.00E+00,,1.59E+01,9.09E-01,1.00E+02,1.42E+07,1.30E+08,1.22E+00,1.40E+01,0.00E+00,0.00E+00,9.63E+00,,0.00E+00,1.47E+01,0.00E+00,0.00E+00,1.74E+07,1.59E+08,0.00E+00,0.00E+00,1.47E+01,1.80E-04,8.32E+01,0.00E+00,0.00E+00,0.00E+00,0.00E+00,0.00E+00,0.00E+00,0.00E+00,0.00E+00
816768430000,1.09E-01,9.14E+00,6.50E+08,2.99E+01,1.88E+09,3.11E+09,1.24E+09,7.01E+01,7.67E-02,7.01E-03,0.00E+00,0.00E+00,0.00E+00,1.22E+01,2.02E+00,4.06E+01,5.29E+03,2.17E+06,1.98E+07,8.81E+05,8.05E+06,1.02E+00,2.00E+01,6.33E-01,1.00E+02,1.03E+07,9.38E+07,1.12E+00,8.17E+00,0.00E+00,0.00E+00,1.06E+01,4.65E+01,0.00E+00,1.07E+01,9.00E+00,0.00E+00,1.15E+07,1.05E+08,2.20E+06,2.01E+07,1.97E+01,1.87E-03,6.29E+01,0.00E+00,7.67E-02,0.00E+00,7.01E-03,0.00E+00,0.00E+00,0.00E+00,0.00E+00
816768440000,1.09E-01,9.14E+00,6.50E+08,2.96E+01,1.88E+09,3.08E+09,1.21E+09,3.31E+01,3.62E-02,3.31E-03,6.33E+01,6.92E-02,6.33E-03,1.74E+01,2.02E+00,4.06E+01,5.29E+03,3.09E+06,2.83E+07,1.26E+06,1.15E+07,1.02E+00,2.32E+01,5.16E-01,1.00E+02,8.57E+06,7.84E+07,1.05E+00,5.67E+00,0.00E+00,0.00E+00,1.13E+01,4.65E+01,0.00E+00,8.99E+00,1.28E+01,0.00E+00,9.01E+06,8.24E+07,3.14E+06,2.87E+07,2.18E+01,2.59E-03,5.42E+01,0.00E+00,3.62E-02,0.00E+00,3.31E-03,0.00E+00,6.92E-02,0.00E+00,6.33E-03
816768450000,1.09E-01,9.14E+00,6.50E+08,2.96E+01,1.88E+09,3.08E+09,1.21E+09,0.00E+00,0.00E+00,0.00E+00,1.00E+02,1.09E-01,1.00E-02,1.74E+01,2.02E+00,4.06E+01,5.29E+03,3.09E+06,2.83E+07,1.26E+06,1.15E+07,1.02E+00,2.32E+01,5.16E-01,1.00E+02,8.57E+06,7.84E+07,1.05E+00,5.67E+00,0.00E+00,0.00E+00,1.13E+01,4.65E+01,0.00E+00,8.99E+00,1.28E+01,0.00E+00,9.01E+06,8.24E+07,3.14E+06,2.87E+07,2.18E+01,2.59E-03,5.42E+01,0.00E+00,0.00E+00,0.00E+00,0.00E+00,0.00E+00,1.09E-01,0.00E+00,1.00E-02
816768460000,1.09E-01,9.18E+00,6.50E+08,1.67E+01,7.44E+08,1.74E+09,9.97E+08,8.85E+01,9.64E-02,8.85E-03,3.13E+01,3.41E-02,3.13E-03,1.20E+00,2.29E+00,4.07E+01,6.17E+02,2.13E+05,1.96E+06,8.68E+04,7.97E+05,1.02E+00,0.00E+00,2.87E-01,1.00E+02,1.20E+07,1.10E+08,1.00E+00,5.71E+00,0.00E+00,0.00E+00,5.80E+01,4.65E+01,0.00E+00,6.16E+01,8.90E-01,0.00E+00,1.20E+07,1.10E+08,2.17E+05,1.99E+06,6.25E+01,2.49E+00,5.20E+01,0.00E+00,9.64E-02,0.00E+00,8.85E-03,0.00E+00,3.41E-02,0.00E+00,3.13E-03
816768470000,1.03E-01,9.69E+00,6.50E+08,1.71E+01,7.31E+08,1.78E+09,1.04E+09,9.54E+01,9.84E-02,9.54E-03,2.44E+01,2.52E-02,2.44E-03,7.38E-01,9.96E+00,2.39E+01,2.80E+02,1.24E+05,1.20E+06,2.96E+04,2.86E+05,1.02E+00,0.00E+00,2.69E-01,1.00E+02,1.15E+07,1.12E+08,1.00E+00,5.70E+00,0.00E+00,0.00E+00,6.06E+01,4.43E+01,0.00E+00,6.51E+01,5.21E-01,0.00E+00,1.15E+07,1.12E+08,1.26E+05,1.22E+06,6.57E+01,3.17E+00,5.35E+01,0.00E+00,9.84E-02,0.00E+00,9.54E-03,0.00E+00,2.52E-02,0.00E+00,2.44E-03
816768480000,1.03E-01,9.69E+00,6.50E+08,2.50E+01,1.47E+09,2.60E+09,1.13E+09,9.45E+01,9.75E-02,9.45E-03,0.00E+00,0.00E+00,0.00E+00,1.07E+01,2.16E+00,5.19E+01,2.94E+04,1.80E+06,1.75E+07,9.35E+05,9.06E+06,1.01E+00,0.00E+00,2.18E-01,1.00E+02,9.38E+06,9.08E+07,1.00E+00,4.69E+00,0.00E+00,0.00E+00,6.06E+01,4.40E+01,0.00E+00,5.29E+01,7.47E+00,0.00E+00,9.38E+06,9.08E+07,1.82E+06,1.76E+07,6.04E+01,7.12E+00,6.97E+01,0.00E+00,9.75E-02,0.00E+00,9.45E-03,0.00E+00,0.00E+00,0.00E+00,0.00E+00
816768490000,1.03E-01,9.69E+00,6.50E+08,2.66E+01,1.54E+09,2.76E+09,1.23E+09,9.41E+01,9.71E-02,9.41E-03,0.00E+00,0.00E+00,0.00E+00,1.16E+01,2.00E+00,5.72E+01,3.24E+04,1.94E+06,1.88E+07,1.11E+06,1.07E+07,1.01E+00,0.00E+00,2.40E-01,1.00E+02,1.03E+07,9.99E+07,1.00E+00,5.11E+00,0.00E+00,0.00E+00,6.06E+01,4.40E+01,0.00E+00,5.81E+01,8.01E+00,0.00E+00,1.03E+07,9.99E+07,1.95E+06,1.89E+07,6.62E+01,4.34E+00,6.72E+01,0.00E+00,9.71E-02,0.00E+00,9.41E-03,0.00E+00,0.00E+00,0.00E+00,0.00E+00
816768500000,1.03E-01,9.69E+00,6.50E+08,2.70E+01,1.65E+09,2.81E+09,1.16E+09,9.46E+01,9.77E-02,9.46E-03,0.00E+00,0.00E+00,0.00E+00,1.18E+01,1.99E+00,4.53E+01,3.28E+04,1.98E+06,1.92E+07,8.98E+05,8.70E+06,1.01E+00,0.00E+00,2.43E-01,1.00E+02,1.04E+07,1.01E+08,1.00E+00,5.14E+00,0.00E+00,0.00E+00,6.06E+01,4.40E+01,0.00E+00,5.89E+01,8.19E+00,0.00E+00,1.04E+07,1.01E+08,2.00E+06,1.94E+07,6.71E+01,4.01E+00,6.67E+01,0.00E+00,9.77E-02,0.00E+00,9.46E-03,0.00E+00,0.00E+00,0.00E+00,0.00E+00
816768510000,1.03E-01,9.69E+00,6.50E+08,2.38E+01,1.61E+09,2.47E+09,8.66E+08,9.51E+01,9.82E-02,9.51E-03,0.00E+00,0.00E+00,0.00E+00,1.17E+01,2.29E+00,6.55E+00,3.41E+04,1.97E+06,1.91E+07,1.29E+05,1.25E+06,1.01E+00,0.00E+00,2.43E-01,1.00E+02,1.05E+07,1.01E+08,1.00E+00,5.10E+00,0.00E+00,0.00E+00,6.06E+01,4.40E+01,0.00E+00,5.90E+01,8.13E+00,0.00E+00,1.05E+07,1.01E+08,1.98E+06,1.92E+07,6.71E+01,4.22E+00,6.66E+01,0.00E+00,9.82E-02,0.00E+00,9.51E-03,0.00E+00,0.00E+00,0.00E+00,0.00E+00
816768520000,1.03E-01,9.69E+00,6.50E+08,3.07E+01,1.87E+09,3.19E+09,1.32E+09,9.90E+01,1.02E-01,9.90E-03,0.00E+00,0.00E+00,0.00E+00,1.21E+00,7.50E+00,6.24E-01,,2.04E+05,1.97E+06,1.27E+03,1.23E+04,9.95E-01,9.48E+00,8.49E-01,1.00E+02,1.38E+07,1.34E+08,1.19E+00,1.31E+01,0.00E+00,0.00E+00,1.58E+01,4.39E+01,0.00E+00,2.43E+01,8.29E-01,0.00E+00,1.65E+07,1.60E+08,2.03E+05,1.96E+06,2.51E+01,5.57E-01,7.89E+01,0.00E+00,1.02E-01,0.00E+00,9.90E-03,0.00E+00,0.00E+00,0.00E+00,0.00E+00
816768530000,1.03E-01,9.69E+00,6.50E+08,3.19E+01,1.98E+09,3.32E+09,1.35E+09,9.68E+01,9.99E-02,9.68E-03,0.00E+00,0.00E+00,0.00E+00,4.58E+00,2.02E+00,4.06E+01,5.29E+03,7.69E+05,7.45E+06,3.12E+05,3.03E+06,1.02E+00,1.70E+01,8.53E-01,1.00E+02,1.27E+07,1.23E+08,1.20E+00,1.23E+01,0.00E+00,0.00E+00,9.88E+00,4.65E+01,0.00E+00,1.40E+01,3.38E+00,0.00E+00,1.52E+07,1.47E+08,7.81E+05,7.56E+06,1.74E+01,9.13E-04,7.59E+01,0.00E+00,9.99E-02,0.00E+00,9.68E-03,0.00E+00,0.00E+00,0.00E+00,0.00E+00
816768540000,1.03E-01,9.69E+00,6.50E+08,2.93E+01,1.85E+09,3.05E+09,1.19E+09,7.52E+01,7.76E-02,7.52E-03,2.12E+01,2.19E-02,2.12E-03,1.72E+01,2.02E+00,4.06E+01,5.29E+03,2.88E+06,2.79E+07,1.17E+06,1.13E+07,1.02E+00,2.32E+01,5.09E-01,1.00E+02,7.99E+06,7.74E+07,1.05E+00,5.53E+00,0.00E+00,0.00E+00,1.13E+01,4.65E+01,0.00E+00,8.88E+00,1.27E+01,0.00E+00,8.40E+06,8.14E+07,2.93E+06,2.84E+07,2.16E+01,3.08E-03,5.54E+01,0.00E+00,7.76E-02,0.00E+00,7.52E-03,0.00E+00,2.19E-02,0.00E+00,2.12E-03
816768550000,1.03E-01,9.69E+00,6.50E+08,2.93E+01,1.85E+09,3.05E+09,1.19E+09,0.00E+00,0.00E+00,0.00E+00,1.00E+02,1.03E-01,1.00E-02,1.72E+01,2.02E+00,4.06E+01,5.29E+03,2.88E+06,2.79E+07,1.17E+06,1.13E+07,1.02E+00,2.32E+01,5.09E-01,1.00E+02,7.99E+06,7.74E+07,1.05E+00,5.53E+00,0.00E+00,0.00E+00,1.13E+01,4.65E+01,0.00E+00,8.88E+00,1.27E+01,0.00E+00,8.40E+06,8.14E+07,2.93E+06,2.84E+07,2.16E+01,3.08E-03,5.54E+01,0.00E+00,0.00E+00,0.00E+00,0.00E+00,0.00E+00,1.03E-01,0.00E+00,1.00E-02
816768560000,1.03E-01,9.69E+00,6.50E+08,2.34E+01,1.33E+09,2.44E+09,1.10E+09,4.41E+01,4.55E-02,4.41E-03,7.40E+01,7.63E-02,7.40E-03,9.24E+00,2.02E+00,4.07E+01,2.99E+03,1.55E+06,1.50E+07,6.30E+05,6.11E+06,1.02E+00,0.00E+00,4.00E-01,1.00E+02,9.69E+06,9.39E+07,1.02E+00,5.63E+00,0.00E+00,0.00E+00,3.81E+01,4.65E+01,0.00E+00,3.52E+01,6.82E+00,0.00E+00,9.91E+06,9.60E+07,1.57E+06,1.53E+07,4.20E+01,1.34E+00,5.41E+01,0.00E+00,4.55E-02,0.00E+00,4.41E-03,0.00E+00,7.63E-02,0.00E+00,7.40E-03
816768570000,1.01E-01,9.94E+00,6.50E+08,1.67E+01,6.68E+08,1.74E+09,1.07E+09,9.51E+01,9.57E-02,9.51E-03,3.10E+01,3.12E-02,3.10E-03,4.25E-03,3.57E+02,1.00E+02,1.49E+00,6.95E+02,6.90E+03,6.95E+02,6.90E+03,2.00E+00,0.00E+00,2.73E-01,1.00E+02,1.14E+07,1.14E+08,1.00E+00,5.76E+00,0.00E+00,0.00E+00,6.06E+01,6.11E+01,0.00E+00,6.61E+01,8.11E-03,0.00E+00,1.14E+07,1.14E+08,1.39E+03,1.38E+04,6.61E+01,2.74E+00,5.24E+01,0.00E+00,9.57E-02,0.00E+00,9.51E-03,0.00E+00,3.12E-02,0.00E+00,3.10E-03
816768580000,9.98E-02,1.00E+01,6.50E+08,2.21E+01,1.30E+09,2.30E+09,9.97E+08,9.39E+01,9.37E-02,9.39E-03,1.10E+00,1.10E-03,1.10E-04,8.34E+00,2.51E+00,3.24E+01,1.56E+04,1.35E+06,1.35E+07,4.38E+05,4.39E+06,1.01E+00,0.00E+00,2.32E-01,1.00E+02,9.62E+06,9.63E+07,1.00E+00,4.94E+00,0.00E+00,0.00E+00,6.06E+01,4.40E+01,0.00E+00,5.61E+01,5.79E+00,0.00E+00,9.62E+06,9.63E+07,1.37E+06,1.37E+07,6.19E+01,6.41E+00,6.58E+01,0.00E+00,9.37E-02,0.00E+00,9.39E-03,0.00E+00,1.10E-03,0.00E+00,1.10E-04
816768590000,9.98E-02,1.00E+01,6.50E+08,2.47E+01,1.40E+09,2.56E+09,1.16E+09,6.81E+01,6.80E-02,6.81E-03,0.00E+00,0.00E+00,0.00E+00,1.08E+01,1.97E+00,6.11E+01,3.91E+04,1.75E+06,1.76E+07,1.07E+06,1.07E+07,1.01E+00,0.00E+00,2.20E-01,1.00E+02,9.14E+06,9.16E+07,1.00E+00,4.79E+00,0.00E+00,0.00E+00,6.06E+01,4.40E+01,0.00E+00,5.33E+01,7.49E+00,0.00E+00,9.14E+06,9.16E+07,1.77E+06,1.77E+07,6.08E+01,6.79E+00,6.96E+01,0.00E+00,6.80E-02,0.00E+00,6.81E-03,0.00E+00,0.00E+00,0.00E+00,0.00E+00
816768600000,9.98E-02,1.00E+01,6.50E+08,2.71E+01,1.61E+09,2.82E+09,1.21E+09,9.37E+01,9.35E-02,9.37E-03,0.00E+00,0.00E+00,0.00E+00,1.14E+01,1.93E+00,6.09E+01,3.27E+04,1.85E+06,1.85E+07,1.12E+06,1.13E+07,1.01E+00,0.00E+00,2.31E-01,1.00E+02,9.59E+06,9.61E+07,1.00E+00,4.93E+00,0.00E+00,0.00E+00,6.06E+01,4.40E+01,0.00E+00,5.59E+01,7.89E+00,0.00E+00,9.59E+06,9.61E+07,1.86E+06,1.86E+07,6.38E+01,5.64E+00,6.83E+01,0.00E+00,9.35E-02,0.00E+00,9.37E-03,0.00E+00,0.00E+00,0.00E+00,0.00E+00
816768610000,9.98E-02,1.00E+01,6.50E+08,2.49E+01,1.65E+09,2.59E+09,9.37E+08,9.54E+01,9.52E-02,9.54E-03,0.00E+00,0.00E+00,0.00E+00,1.21E+01,2.13E+00,1.70E+01,3.37E+04,1.96E+06,1.96E+07,3.33E+05,3.34E+06,1.01E+00,0.00E+00,2.42E-01,1.00E+02,1.00E+07,1.00E+08,1.00E+00,5.09E+00,0.00E+00,0.00E+00,6.06E+01,4.40E+01,0.00E+00,5.85E+01,8.36E+00,0.00E+00,1.00E+07,1.00E+08,1.97E+06,1.98E+07,6.69E+01,4.37E+00,6.69E+01,0.00E+00,9.52E-02,0.00E+00,9.54E-03,0.00E+00,0.00E+00,0.00E+00,0.00E+00
816768620000,9.98E-02,1.00E+01,6.50E+08,2.75E+01,1.73E+09,2.86E+09,1.13E+09,4.88E+01,4.88E-02,4.88E-03,0.00E+00,0.00E+00,0.00E+00,5.24E+00,2.95E+00,3.80E+00,4.22E+04,8.50E+05,8.52E+06,3.23E+04,3.24E+05,1.00E+00,0.00E+00,6.02E-01,1.00E+02,1.20E+07,1.21E+08,1.13E+00,9.92E+00,0.00E+00,0.00E+00,2.94E+01,4.40E+01,0.00E+00,3.84E+01,3.61E+00,0.00E+00,1.36E+07,1.36E+08,8.53E+05,8.55E+06,4.20E+01,2.07E+00,7.33E+01,0.00E+00,4.88E-02,0.00E+00,4.88E-03,0.00E+00,0.00E+00,0.00E+00,0.00E+00
816768630000,9.98E-02,1.00E+01,6.50E+08,3.29E+01,2.02E+09,3.42E+09,1.40E+09,0.00E+00,0.00E+00,0.00E+00,0.00E+00,0.00E+00,0.00E+00,0.00E+00,,,,0.00E+00,0.00E+00,0.00E+00,0.00E+00,,1.59E+01,9.77E-01,1.00E+02,1.39E+07,1.40E+08,1.22E+00,1.49E+01,0.00E+00,0.00E+00,9.63E+00,,0.00E+00,1.58E+01,0.00E+00,0.00E+00,1.71E+07,1.71E+08,0.00E+00,0.00E+00,1.58E+01,2.52E-04,8.33E+01,0.00E+00,0.00E+00,0.00E+00,0.00E+00,0.00E+00,0.00E+00,0.00E+00,0.00E+00
816768640000,9.98E-02,1.00E+01,6.50E+08,3.13E+01,1.97E+09,3.25E+09,1.28E+09,9.32E+01,9.30E-02,9.32E-03,0.00E+00,0.00E+00,0.00E+00,1.70E+01,2.02E+00,4.07E+01,5.67E+03,2.76E+06,2.77E+07,1.12E+06,1.13E+07,1.01E+00,2.23E+01,5.72E-01,1.00E+02,8.61E+06,8.63E+07,1.07E+00,6.64E+00,0.00E+00,0.00E+00,1.11E+01,4.64E+01,0.00E+00,9.88E+00,1.25E+01,0.00E+00,9.22E+06,9.23E+07,2.80E+06,2.81E+07,2.24E+01,2.50E-03,5.43E+01,0.00E+00,9.30E-02,0.00E+00,9.32E-03,0.00E+00,0.00E+00,0.00E+00,0.00E+00
816768650000,9.98E-02,1.00E+01,6.50E+08,3.12E+01,1.97E+09,3.24E+09,1.27E+09,1.00E+01,1.00E-02,1.00E-03,8.64E+01,8.63E-02,8.64E-03,1.83E+01,2.02E+00,4.07E+01,5.67E+03,2.96E+06,2.97E+07,1.21E+06,1.21E+07,1.01E+00,2.32E+01,5.42E-01,1.00E+02,8.22E+06,8.24E+07,1.05E+00,6.04E+00,0.00E+00,0.00E+00,1.13E+01,4.64E+01,0.00E+00,9.45E+00,1.34E+01,0.00E+00,8.64E+06,8.66E+07,3.01E+06,3.01E+07,2.29E+01,2.67E-03,5.22E+01,0.00E+00,1.00E-02,0.00E+00,1.00E-03,0.00E+00,8.63E-02,0.00E+00,8.64E-03
816768660000,9.98E-02,1.00E+01,6.50E+08,2.69E+01,1.60E+09,2.79E+09,1.19E+09,2.87E+01,2.86E-02,2.87E-03,8.29E+01,8.28E-02,8.29E-03,1.28E+01,2.02E+00,4.07E+01,4.02E+03,2.08E+06,2.09E+07,8.47E+05,8.49E+06,1.01E+00,1.63E+00,4.62E-01,1.00E+02,9.13E+06,9.15E+07,1.03E+00,5.95E+00,0.00E+00,0.00E+00,2.89E+01,4.64E+01,0.00E+00,2.62E+01,9.44E+00,0.00E+00,9.43E+06,9.44E+07,2.11E+06,2.12E+07,3.56E+01,7.33E-01,5.20E+01,0.00E+00,2.86E-02,0.00E+00,2.87E-03,0.00E+00,8.28E-02,0.00E+00,8.29E-03
816768670000,1.03E-01,9.72E+00,6.50E+08,1.92E+01,8.75E+08,1.99E+09,1.12E+09,9.58E+01,9.85E-02,9.58E-03,3.57E+01,3.68E-02,3.57E-03,1.46E+00,7.63E+00,1.93E+01,4.17E+02,2.44E+05,2.37E+06,4.70E+04,4.57E+05,1.02E+00,0.00E+00,2.75E-01,1.00E+02,1.18E+07,1.14E+08,1.00E+00,5.82E+00,0.00E+00,0.00E+00,6.06E+01,4.43E+01,0.00E+00,6.66E+01,1.03E+00,0.00E+00,1.18E+07,1.14E+08,2.49E+05,2.42E+06,6.77E+01,2.19E+00,5.34E+01,0.00E+00,9.85E-02,0.00E+00,9.58E-03,0.00E+00,3.68E-02,0.00E+00,3.57E-03
816768680000,1.04E-01,9.64E+00,6.50E+08,2.66E+01,1.53E+09,2.77E+09,1.24E+09,9.39E+01,9.74E-02,9.39E-03,0.00E+00,0.00E+00,0.00E+00,1.12E+01,2.16E+00,5.70E+01,3.32E+04,1.89E+06,1.82E+07,1.08E+06,1.04E+07,1.01E+00,0.00E+00,2.38E-01,1.00E+02,1.03E+07,9.89E+07,1.00E+00,5.08E+00,0.00E+00,0.00E+00,6.06E+01,4.40E+01,0.00E+00,5.76E+01,7.77E+00,0.00E+00,1.03E+07,9.89E+07,1.90E+06,1.84E+07,6.54E+01,4.46E+00,6.69E+01,0.00E+00,9.74E-02,0.00E+00,9.39E-03,0.00E+00,0.00E+00,0.00E+00,0.00E+00
816768690000,1.04E-01,9.64E+00,6.50E+08,2.65E+01,1.54E+09,2.76E+09,1.22E+09,9.39E+01,9.74E-02,9.39E-03,0.00E+00,0.00E+00,0.00E+00,1.18E+01,1.99E+00,5.56E+01,3.30E+04,1.99E+06,1.91E+07,1.10E+06,1.06E+07,1.01E+00,0.00E+00,2.39E-01,1.00E+02,1.03E+07,9.95E+07,1.00E+00,5.08E+00,0.00E+00,0.00E+00,6.06E+01,4.40E+01,0.00E+00,5.79E+01,8.16E+00,0.00E+00,1.03E+07,9.95E+07,2.00E+06,1.93E+07,6.61E+01,4.13E+00,6.72E+01,0.00E+00,9.74E-02,0.00E+00,9.39E-03,0.00E+00,0.00E+00,0.00E+00,0.00E+00
816768700000,1.04E-01,9.64E+00,6.50E+08,2.63E+01,1.64E+09,2.73E+09,1.09E+09,9.48E+01,9.83E-02,9.48E-03,0.00E+00,0.00E+00,0.00E+00,1.18E+01,1.97E+00,3.83E+01,3.32E+04,2.00E+06,1.92E+07,7.65E+05,7.37E+06,1.01E+00,0.00E+00,2.38E-01,1.00E+02,1.03E+07,9.92E+07,1.00E+00,5.05E+00,0.00E+00,0.00E+00,6.06E+01,4.40E+01,0.00E+00,5.78E+01,8.20E+00,0.00E+00,1.03E+07,9.92E+07,2.01E+06,1.94E+07,6.60E+01,4.72E+00,6.73E+01,0.00E+00,9.83E-02,0.00E+00,9.48E-03,0.00E+00,0.00E+00,0.00E+00,0.00E+00
816768710000,1.04E-01,9.64E+00,6.50E+08,2.36E+01,1.58E+09,2.46E+09,8.76E+08,9.64E+01,1.00E-01,9.64E-03,0.00E+00,0.00E+00,0.00E+00,1.13E+01,2.21E+00,6.63E+00,3.77E+04,1.91E+06,1.84E+07,1.26E+05,1.22E+06,1.01E+00,0.00E+00,2.44E-01,1.00E+02,1.05E+07,1.02E+08,1.00E+00,5.14E+00,0.00E+00,0.00E+00,6.06E+01,4.40E+01,0.00E+00,5.92E+01,7.81E+00,0.00E+00,1.05E+07,1.02E+08,1.92E+06,1.85E+07,6.70E+01,4.14E+00,6.55E+01,0.00E+00,1.00E-01,0.00E+00,9.64E-03,0.00E+00,0.00E+00,0.00E+00,0.00E+00
816768720000,1.04E-01,9.64E+00,6.50E+08,2.10E+01,1.07E+09,2.18E+09,1.11E+09,6.38E+01,6.62E-02,6.38E-03,0.00E+00,0.00E+00,0.00E+00,2.70E-01,1.21E+01,1.11E+00,3.56E+04,4.56E+04,4.39E+05,5.07E+02,4.88E+03,9.98E-01,0.00E+00,5.12E-01,1.00E+02,1.32E+07,1.27E+08,1.08E+00,8.92E+00,0.00E+00,0.00E+00,4.01E+01,4.39E+01,0.00E+00,5.28E+01,1.85E-01,0.00E+00,1.42E+07,1.37E+08,4.55E+04,4.38E+05,5.30E+01,6.28E-01,6.13E+01,0.00E+00,6.62E-02,0.00E+00,6.38E-03,0.00E+00,0.00E+00,0.00E+00,0.00E+00
816768730000,1.04E-01,9.64E+00,6.50E+08,3.30E+01,2.03E+09,3.44E+09,1.41E+09,0.00E+00,0.00E+00,0.00E+00,0.00E+00,0.00E+00,0.00E+00,0.00E+00,,,,0.00E+00,0.00E+00,0.00E+00,0.00E+00,,1.59E+01,9.82E-01,1.00E+02,1.46E+07,1.40E+08,1.22E+00,1.51E+01,0.00E+00,0.00E+00,9.63E+00,,0.00E+00,1.59E+01,0.00E+00,0.00E+00,1.78E+07,1.72E+08,0.00E+00,0.00E+00,1.59E+01,1.14E-04,8.33E+01,0.00E+00,0.00E+00,0.00E+00,0.00E+00,0.00E+00,0.00E+00,0.00E+00,0.00E+00
816768740000,1.04E-01,9.64E+00,6.50E+08,3.18E+01,2.00E+09,3.31E+09,1.31E+09,7.75E+01,8.04E-02,7.75E-03,0.00E+00,0.00E+00,0.00E+00,1.43E+01,2.02E+00,4.07E+01,5.67E+03,2.41E+06,2.32E+07,9.81E+05,9.45E+06,1.01E+00,2.07E+01,6.46E-01,1.00E+02,9.97E+06,9.61E+07,1.11E+00,8.07E+00,0.00E+00,0.00E+00,1.07E+01,4.64E+01,0.00E+00,1.10E+01,1.05E+01,0.00E+00,1.11E+07,1.07E+08,2.45E+06,2.36E+07,2.15E+01,1.31E-04,5.91E+01,0.00E+00,8.04E-02,0.00E+00,7.75E-03,0.00E+00,0.00E+00,0.00E+00,0.00E+00
816768750000,1.04E-01,9.64E+00,6.50E+08,3.14E+01,1.99E+09,3.27E+09,1.28E+09,2.47E+01,2.57E-02,2.47E-03,7.20E+01,7.47E-02,7.20E-03,1.85E+01,2.02E+00,4.07E+01,5.67E+03,3.11E+06,3.00E+07,1.27E+06,1.22E+07,1.01E+00,2.32E+01,5.48E-01,1.00E+02,8.64E+06,8.32E+07,1.05E+00,6.04E+00,0.00E+00,0.00E+00,1.13E+01,4.64E+01,0.00E+00,9.54E+00,1.36E+01,0.00E+00,9.08E+06,8.75E+07,3.16E+06,3.04E+07,2.31E+01,1.36E-04,5.21E+01,0.00E+00,2.57E-02,0.00E+00,2.47E-03,0.00E+00,7.47E-02,0.00E+00,7.20E-03
816768760000,1.04E-01,9.64E+00,6.50E+08,2.91E+01,1.78E+09,3.03E+09,1.24E+09,1.66E+01,1.73E-02,1.66E-03,8.88E+01,9.22E-02,8.88E-03,1.54E+01,2.02E+00,4.07E+01,4.71E+03,2.60E+06,2.50E+07,1.06E+06,1.02E+07,1.01E+00,1.17E+01,5.04E-01,1.00E+02,9.23E+06,8.90E+07,1.04E+00,6.03E+00,0.00E+00,0.00E+00,2.18E+01,4.64E+01,0.00E+00,1.94E+01,1.13E+01,0.00E+00,9.60E+06,9.25E+07,2.63E+06,2.54E+07,3.07E+01,2.55E-01,5.19E+01,0.00E+00,1.73E-02,0.00E+00,1.66E-03,0.00E+00,9.22E-02,0.00E+00,8.88E-03
816768770000,1.01E-01,9.95E+00,6.50E+08,1.67E+01,6.79E+08,1.73E+09,1.05E+09,9.49E+01,9.54E-02,9.49E-03,2.16E+01,2.17E-02,2.16E-03,2.44E-03,2.35E+02,1.00E+02,1.27E+00,3.99E+02,3.97E+03,3.99E+02,3.97E+03,2.00E+00,0.00E+00,2.87E-01,1.00E+02,1.20E+07,1.20E+08,1.00E+00,6.02E+00,0.00E+00,0.00E+00,6.06E+01,5.66E+01,0.00E+00,6.96E+01,4.32E-03,0.00E+00,1.20E+07,1.20E+08,7.98E+02,7.93E+03,6.96E+01,1.09E+00,5.08E+01,0.00E+00,9.54E-02,0.00E+00,9.49E-03,0.00E+00,2.17E-02,0.00E+00,2.16E-03
816768780000,9.60E-02,1.04E+01,6.50E+08,1.67E+01,6.91E+08,1.74E+09,1.05E+09,7.49E+01,7.19E-02,7.49E-03,1.74E+01,1.67E-02,1.74E-03,5.06E-01,1.79E+01,1.23E+01,2.57E+02,7.89E+04,8.22E+05,9.69E+03,1.01E+05,1.05E+00,0.00E+00,2.82E-01,1.00E+02,1.13E+07,1.17E+08,1.00E+00,5.89E+00,0.00E+00,0.00E+00,6.06E+01,4.44E+01,0.00E+00,6.83E+01,3.68E-01,0.00E+00,1.13E+07,1.17E+08,8.27E+04,8.61E+05,6.87E+01,1.10E+00,5.10E+01,0.00E+00,7.19E-02,0.00E+00,7.49E-03,0.00E+00,1.67E-02,0.00E+00,1.74E-03
816768790000,9.60E-02,1.04E+01,6.50E+08,2.66E+01,1.55E+09,2.77E+09,1.21E+09,9.42E+01,9.05E-02,9.42E-03,9.69E+01,9.30E-02,9.69E-03,1.10E+01,2.19E+00,5.19E+01,3.28E+04,1.72E+06,1.79E+07,8.94E+05,9.31E+06,1.01E+00,0.00E+00,2.41E-01,1.00E+02,9.63E+06,1.00E+08,1.00E+00,5.13E+00,0.00E+00,0.00E+00,6.06E+01,4.40E+01,0.00E+00,5.84E+01,7.64E+00,0.00E+00,9.63E+06,1.00E+08,1.73E+06,1.81E+07,6.60E+01,4.12E+00,6.59E+01,0.00E+00,9.05E-02,0.00E+00,9.42E-03,0.00E+00,9.30E-02,0.00E+00,9.69E-03
816768800000,9.60E-02,1.04E+01,6.50E+08,2.69E+01,1.57E+09,2.80E+09,1.23E+09,9.49E+01,9.12E-02,9.49E-03,1.00E+02,9.60E-02,1.00E-02,1.17E+01,1.95E+00,5.68E+01,3.24E+04,1.82E+06,1.90E+07,1.04E+06,1.08E+07,1.01E+00,0.00E+00,2.43E-01,1.00E+02,9.72E+06,1.01E+08,1.00E+00,5.16E+00,0.00E+00,0.00E+00,6.06E+01,4.40E+01,0.00E+00,5.90E+01,8.11E+00,0.00E+00,9.72E+06,1.01E+08,1.84E+06,1.91E+07,6.71E+01,3.89E+00,6.61E+01,0.00E+00,9.12E-02,0.00E+00,9.49E-03,0.00E+00,9.60E-02,0.00E+00,1.00E-02
816768810000,9.60E-02,1.04E+01,6.50E+08,2.69E+01,1.65E+09,2.80E+09,1.15E+09,9.46E+01,9.08E-02,9.46E-03,1.00E+02,9.60E-02,1.00E-02,1.19E+01,2.00E+00,4.45E+01,3.31E+04,1.85E+06,1.93E+07,8.25E+05,8.59E+06,1.01E+00,0.00E+00,2.42E-01,1.00E+02,9.67E+06,1.01E+08,1.00E+00,5.14E+00,0.00E+00,0.00E+00,6.06E+01,4.40E+01,0.00E+00,5.86E+01,8.24E+00,0.00E+00,9.67E+06,1.01E+08,1.87E+06,1.95E+07,6.69E+01,4.07E+00,6.67E+01,0.00E+00,9.08E-02,0.00E+00,9.46E-03,0.00E+00,9.60E-02,0.00E+00,1.00E-02
816768820000,9.60E-02,1.04E+01,6.50E+08,3.09E+01,2.05E+09,3.21E+09,1.16E+09,4.12E+01,3.95E-02,4.12E-03,6.95E+01,6.67E-02,6.95E-03,7.89E+00,2.06E+00,7.01E+00,3.43E+04,1.23E+06,1.28E+07,8.63E+04,8.99E+05,1.01E+00,0.00E+00,6.41E-01,1.00E+02,1.16E+07,1.21E+08,1.14E+00,1.04E+01,0.00E+00,0.00E+00,2.60E+01,4.40E+01,0.00E+00,3.44E+01,5.47E+00,0.00E+00,1.32E+07,1.38E+08,1.24E+06,1.29E+07,3.99E+01,1.80E+00,7.82E+01,0.00E+00,3.95E-02,0.00E+00,4.12E-03,0.00E+00,6.67E-02,0.00E+00,6.95E-03
816768830000,9.60E-02,1.04E+01,6.50E+08,3.58E+01,2.34E+09,3.73E+09,1.39E+09,0.00E+00,0.00E+00,0.00E+00,0.00E+00,0.00E+00,0.00E+00,4.66E+00,3.05E+00,4.71E+00,4.04E+04,7.27E+05,7.57E+06,3.43E+04,3.57E+05,1.00E+00,1.59E+01,9.49E-01,1.00E+02,1.30E+07,1.36E+08,1.22E+00,1.45E+01,0.00E+00,0.00E+00,9.63E+00,4.40E+01,0.00E+00,1.54E+01,3.22E+00,0.00E+00,1.60E+07,1.66E+08,7.31E+05,7.61E+06,1.86E+01,5.39E-04,8.70E+01,0.00E+00,0.00E+00,0.00E+00,0.00E+00,0.00E+00,0.00E+00,0.00E+00,0.00E+00
816768840000,9.60E-02,1.04E+01,6.50E+08,3.16E+01,2.00E+09,3.28E+09,1.29E+09,9.64E+01,9.25E-02,9.64E-03,0.00E+00,0.00E+00,0.00E+00,1.80E+01,2.03E+00,4.03E+01,5.72E+03,2.80E+06,2.92E+07,1.13E+06,1.18E+07,1.01E+00,2.27E+01,5.62E-01,1.00E+02,8.17E+06,8.51E+07,1.06E+00,6.43E+00,0.00E+00,0.00E+00,1.12E+01,4.63E+01,0.00E+00,9.75E+00,1.32E+01,0.00E+00,8.67E+06,9.03E+07,2.84E+06,2.96E+07,2.29E+01,2.24E-05,5.37E+01,0.00E+00,9.25E-02,0.00E+00,9.64E-03,0.00E+00,0.00E+00,0.00E+00,0.00E+00
816768850000,9.60E-02,1.04E+01,6.50E+08,3.14E+01,1.99E+09,3.27E+09,1.28E+09,5.27E+00,5.06E-03,5.27E-04,9.15E+01,8.79E-02,9.15E-03,1.85E+01,2.02E+00,4.07E+01,5.67E+03,2.88E+06,3.00E+07,1.17E+06,1.22E+07,1.01E+00,2.32E+01,5.47E-01,1.00E+02,7.99E+06,8.32E+07,1.05E+00,6.12E+00,0.00E+00,0.00E+00,1.13E+01,4.64E+01,0.00E+00,9.54E+00,1.36E+01,0.00E+00,8.40E+06,8.74E+07,2.92E+06,3.04E+07,2.31E+01,2.95E-06,5.24E+01,0.00E+00,5.06E-03,0.00E+00,5.27E-04,0.00E+00,8.79E-02,0.00E+00,9.15E-03
816768860000,9.60E-02,1.04E+01,6.50E+08,2.67E+01,1.56E+09,2.78E+09,1.21E+09,3.44E+01,3.31E-02,3.44E-03,7.93E+01,7.61E-02,7.93E-03,1.19E+01,2.02E+00,4.07E+01,3.60E+03,1.86E+06,1.94E+07,7.57E+05,7.88E+06,1.01E+00,0.00E+00,4.54E-01,1.00E+02,9.19E+06,9.57E+07,1.03E+00,6.08E+00,0.00E+00,0.00E+00,3.23E+01,4.64E+01,0.00E+00,3.06E+01,8.76E+00,0.00E+00,9.46E+06,9.85E+07,1.89E+06,1.96E+07,3.94E+01,4.62E-01,5.19E+01,0.00E+00,3.31E-02,0.00E+00,3.44E-03,0.00E+00,7.61E-02,0.00E+00,7.93E-03
816768870000,9.85E-02,1.02E+01,6.50E+08,1.69E+01,6.80E+08,1.76E+09,1.08E+09,9.50E+01,9.36E-02,9.50E-03,2.06E+01,2.03E-02,2.06E-03,3.18E-03,3.32E+02,1.00E+02,1.44E+00,5.09E+02,5.17E+03,5.09E+02,5.17E+03,2.00E+00,0.00E+00,2.89E-01,1.00E+02,1.19E+07,1.20E+08,1.00E+00,6.06E+00,0.00E+00,0.00E+00,6.06E+01,6.02E+01,0.00E+00,7.01E+01,5.99E-03,0.00E+00,1.19E+07,1.20E+08,1.02E+03,1.03E+04,7.01E+01,1.07E+00,5.09E+01,0.00E+00,9.36E-02,0.00E+00,9.50E-03,0.00E+00,2.03E-02,0.00E+00,2.06E-03
816768880000,9.91E-02,1.01E+01,6.50E+08,1.99E+01,1.03E+09,2.07E+09,1.04E+09,9.56E+01,9.48E-02,9.56E-03,4.16E+01,4.12E-02,4.16E-03,3.99E+00,2.64E+00,2.79E+01,3.61E+03,6.43E+05,6.48E+06,1.79E+05,1.81E+06,1.01E+00,0.00E+00,2.72E-01,1.00E+02,1.12E+07,1.13E+08,1.00E+00,5.69E+00,0.00E+00,0.00E+00,6.06E+01,4.41E+01,0.00E+00,6.59E+01,2.79E+00,0.00E+00,1.12E+07,1.13E+08,6.52E+05,6.58E+06,6.87E+01,2.42E+00,5.66E+01,0.00E+00,9.48E-02,0.00E+00,9.56E-03,0.00E+00,4.12E-02,0.00E+00,4.16E-03
816768890000,9.91E-02,1.01E+01,6.50E+08,2.71E+01,1.53E+09,2.82E+09,1.29E+09,9.48E+01,9.40E-02,9.48E-03,1.00E+02,9.91E-02,1.00E-02,1.15E+01,2.16E+00,5.93E+01,3.54E+04,1.85E+06,1.86E+07,1.10E+06,1.11E+07,1.01E+00,0.00E+00,2.44E-01,1.00E+02,1.01E+07,1.02E+08,1.00E+00,5.22E+00,0.00E+00,0.00E+00,6.06E+01,4.40E+01,0.00E+00,5.92E+01,7.95E+00,0.00E+00,1.01E+07,1.02E+08,1.86E+06,1.88E+07,6.71E+01,3.72E+00,6.63E+01,0.00E+00,9.40E-02,0.00E+00,9.48E-03,0.00E+00,9.91E-02,0.00E+00,1.00E-02
816768900000,9.91E-02,1.01E+01,6.50E+08,2.69E+01,1.60E+09,2.80E+09,1.20E+09,9.46E+01,9.37E-02,9.46E-03,1.00E+02,9.91E-02,1.00E-02,1.19E+01,1.99E+00,5.00E+01,3.40E+04,1.92E+06,1.94E+07,9.61E+05,9.69E+06,1.01E+00,0.00E+00,2.43E-01,1.00E+02,1.00E+07,1.01E+08,1.00E+00,5.17E+00,0.00E+00,0.00E+00,6.06E+01,4.40E+01,0.00E+00,5.88E+01,8.26E+00,0.00E+00,1.00E+07,1.01E+08,1.94E+06,1.95E+07,6.71E+01,3.84E+00,6.68E+01,0.00E+00,9.37E-02,0.00E+00,9.46E-03,0.00E+00,9.91E-02,0.00E+00,1.00E-02
816768910000,9.91E-02,1.01E+01,6.50E+08,2.61E+01,1.66E+09,2.71E+09,1.06E+09,9.50E+01,9.42E-02,9.50E-03,1.00E+02,9.91E-02,1.00E-02,1.19E+01,1.91E+00,3.32E+01,3.35E+04,1.91E+06,1.93E+07,6.35E+05,6.40E+06,1.01E+00,0.00E+00,2.44E-01,1.00E+02,1.01E+07,1.02E+08,1.00E+00,5.13E+00,0.00E+00,0.00E+00,6.06E+01,4.40E+01,0.00E+00,5.91E+01,8.22E+00,0.00E+00,1.01E+07,1.02E+08,1.93E+06,1.94E+07,6.74E+01,3.97E+00,6.65E+01,0.00E+00,9.42E-02,0.00E+00,9.50E-03,0.00E+00,9.91E-02,0.00E+00,1.00E-02
816768920000,9.91E-02,1.01E+01,6.50E+08,2.93E+01,1.91E+09,3.05E+09,1.14E+09,4.68E+01,4.64E-02,4.68E-03,6.06E+01,6.01E-02,6.06E-03,6.78E+00,1.97E+00,9.65E+00,3.56E+04,1.09E+06,1.10E+07,1.05E+05,1.06E+06,1.01E+00,0.00E+00,6.08E-01,1.00E+02,1.18E+07,1.19E+08,1.13E+00,9.95E+00,0.00E+00,0.00E+00,2.83E+01,4.40E+01,0.00E+00,3.67E+01,4.69E+00,0.00E+00,1.34E+07,1.35E+08,1.10E+06,1.11E+07,4.14E+01,2.22E+00,7.60E+01,0.00E+00,4.64E-02,0.00E+00,4.68E-03,0.00E+00,6.01E-02,0.00E+00,6.06E-03
816768930000,9.91E-02,1.01E+01,6.50E+08,3.40E+01,2.14E+09,3.53E+09,1.40E+09,0.00E+00,0.00E+00,0.00E+00,0.00E+00,0.00E+00,0.00E+00,1.70E+00,1.21E+01,9.12E-01,4.34E+04,2.74E+05,2.76E+06,2.49E+03,2.52E+04,9.99E-01,1.59E+01,9.65E-01,1.00E+02,1.37E+07,1.38E+08,1.22E+00,1.47E+01,0.00E+00,0.00E+00,9.63E+00,4.40E+01,0.00E+00,1.56E+01,1.17E+00,0.00E+00,1.67E+07,1.69E+08,2.73E+05,2.76E+06,1.68E+01,3.81E-04,8.48E+01,0.00E+00,0.00E+00,0.00E+00,0.00E+00,0.00E+00,0.00E+00,0.00E+00,0.00E+00
816768940000,9.91E-02,1.01E+01,6.50E+08,3.19E+01,2.01E+09,3.31E+09,1.30E+09,9.33E+01,9.25E-02,9.33E-03,0.00E+00,0.00E+00,0.00E+00,1.75E+01,2.03E+00,4.04E+01,5.87E+03,2.82E+06,2.84E+07,1.14E+06,1.15E+07,1.01E+00,2.24E+01,5.80E-01,1.00E+02,8.69E+06,8.76E+07,1.07E+00,6.62E+00,0.00E+00,0.00E+00,1.11E+01,4.63E+01,0.00E+00,1.00E+01,1.28E+01,0.00E+00,9.29E+06,9.37E+07,2.86E+06,2.88E+07,2.29E+01,2.54E-05,5.46E+01,0.00E+00,9.25E-02,0.00E+00,9.33E-03,0.00E+00,0.00E+00,0.00E+00,0.00E+00
816768950000,9.91E-02,1.01E+01,6.50E+08,3.17E+01,2.00E+09,3.30E+09,1.29E+09,7.24E+00,7.17E-03,7.24E-04,8.96E+01,8.88E-02,8.96E-03,1.86E+01,2.02E+00,4.07E+01,5.84E+03,3.00E+06,3.03E+07,1.22E+06,1.23E+07,1.01E+00,2.32E+01,5.53E-01,1.00E+02,8.33E+06,8.40E+07,1.05E+00,6.04E+00,0.00E+00,0.00E+00,1.13E+01,4.63E+01,0.00E+00,9.63E+00,1.37E+01,0.00E+00,8.75E+06,8.83E+07,3.04E+06,3.07E+07,2.33E+01,0.00E+00,5.25E+01,0.00E+00,7.17E-03,0.00E+00,7.24E-04,0.00E+00,8.88E-02,0.00E+00,8.96E-03
816768960000,9.91E-02,1.01E+01,6.50E+08,2.68E+01,1.58E+09,2.79E+09,1.21E+09,2.17E+01,2.15E-02,2.17E-03,7.98E+01,7.91E-02,7.98E-03,1.21E+01,2.02E+00,4.07E+01,3.77E+03,1.95E+06,1.97E+07,7.95E+05,8.02E+06,1.01E+00,0.00E+00,4.58E-01,1.00E+02,9.47E+06,9.55E+07,1.03E+00,6.00E+00,0.00E+00,0.00E+00,3.18E+01,4.63E+01,0.00E+00,3.00E+01,8.90E+00,0.00E+00,9.75E+06,9.83E+07,1.98E+06,2.00E+07,3.89E+01,4.64E-01,5.18E+01,0.00E+00,2.15E-02,0.00E+00,2.17E-03,0.00E+00,7.91E-02,0.00E+00,7.98E-03
816768970000,1.03E-01,9.70E+00,6.50E+08,1.68E+01,6.76E+08,1.75E+09,1.07E+09,8.61E+01,8.88E-02,8.61E-03,1.98E+01,2.05E-02,1.98E-03,3.13E-03,3.31E+02,1.00E+02,1.44E+00,5.24E+02,5.08E+03,5.24E+02,5.08E+03,2.00E+00,0.00E+00,2.87E-01,1.00E+02,1.23E+07,1.19E+08,1.00E+00,6.01E+00,0.00E+00,0.00E+00,6.06E+01,6.02E+01,0.00E+00,6.96E+01,5.88E-03,0.00E+00,1.23E+07,1.19E+08,1.05E+03,1.02E+04,6.96E+01,1.04E+00,5.06E+01,0.00E+00,8.88E-02,0.00E+00,8.61E-03,0.00E+00,2.05E-02,0.00E+00,1.98E-03
816768980000,1.04E-01,9.64E+00,6.50E+08,1.93E+01,9.74E+08,2.01E+09,1.03E+09,9.54E+01,9.89E-02,9.54E-03,8.14E+00,8.44E-03,8.14E-04,3.37E+00,2.76E+00,2.61E+01,2.75E+03,5.68E+05,5.48E+06,1.48E+05,1.43E+06,1.01E+00,0.00E+00,2.73E-01,1.00E+02,1.18E+07,1.13E+08,1.00E+00,5.69E+00,0.00E+00,0.00E+00,6.06E+01,4.41E+01,0.00E+00,6.60E+01,2.36E+00,0.00E+00,1.18E+07,1.13E+08,5.77E+05,5.56E+06,6.84E+01,2.38E+00,5.61E+01,0.00E+00,9.89E-02,0.00E+00,9.54E-03,0.00E+00,8.44E-03,0.00E+00,8.14E-04
816768990000,1.04E-01,9.64E+00,6.50E+08,2.70E+01,1.53E+09,2.81E+09,1.29E+09,9.43E+01,9.78E-02,9.43E-03,0.00E+00,0.00E+00,0.00E+00,1.15E+01,2.17E+00,6.07E+01,3.32E+04,1.93E+06,1.86E+07,1.17E+06,1.13E+07,1.01E+00,0.00E+00,2.40E-01,1.00E+02,1.03E+07,9.98E+07,1.00E+00,5.11E+00,0.00E+00,0.00E+00,6.06E+01,4.40E+01,0.00E+00,5.81E+01,7.94E+00,0.00E+00,1.03E+07,9.98E+07,1.95E+06,1.88E+07,6.60E+01,4.28E+00,6.69E+01,0.00E+00,9.78E-02,0.00E+00,9.43E-03,0.00E+00,0.00E+00,0.00E+00,0.00E+00
816769000000,1.04E-01,9.64E+00,6.50E+08,2.63E+01,1.57E+09,2.73E+09,1.17E+09,9.49E+01,9.84E-02,9.49E-03,0.00E+00,0.00E+00,0.00E+00,1.14E+01,2.02E+00,4.91E+01,3.30E+04,1.92E+06,1.86E+07,9.45E+05,9.11E+06,1.01E+00,0.00E+00,2.40E-01,1.00E+02,1.04E+07,9.99E+07,1.00E+00,5.14E+00,0.00E+00,0.00E+00,6.06E+01,4.40E+01,0.00E+00,5.82E+01,7.92E+00,0.00E+00,1.04E+07,9.99E+07,1.94E+06,1.87E+07,6.61E+01,4.46E+00,6.63E+01,0.00E+00,9.84E-02,0.00E+00,9.49E-03,0.00E+00,0.00E+00,0.00E+00,0.00E+00
816769010000,1.04E-01,9.64E+00,6.50E+08,2.57E+01,1.62E+09,2.67E+09,1.05E+09,9.59E+01,9.94E-02,9.59E-03,0.00E+00,0.00E+00,0.00E+00,1.15E+01,1.88E+00,3.73E+01,3.43E+04,1.94E+06,1.88E+07,7.25E+05,6.99E+06,1.01E+00,0.00E+00,2.35E-01,1.00E+02,1.01E+07,9.78E+07,1.00E+00,4.97E+00,0.00E+00,0.00E+00,6.06E+01,4.40E+01,0.00E+00,5.69E+01,8.00E+00,0.00E+00,1.01E+07,9.78E+07,1.96E+06,1.89E+07,6.49E+01,5.31E+00,6.75E+01,0.00E+00,9.94E-02,0.00E+00,9.59E-03,0.00E+00,0.00E+00,0.00E+00,0.00E+00
816769020000,1.04E-01,9.64E+00,6.50E+08,3.17E+01,2.08E+09,3.29E+09,1.21E+09,9.74E+01,1.01E-01,9.74E-03,0.00E+00,0.00E+00,0.00E+00,6.40E+00,2.05E+00,9.86E+00,3.19E+04,1.08E+06,1.04E+07,1.06E+05,1.03E+06,1.01E+00,3.39E+00,7.11E-01,1.00E+02,1.27E+07,1.23E+08,1.17E+00,1.15E+01,0.00E+00,0.00E+00,2.10E+01,4.40E+01,0.00E+00,2.88E+01,4.42E+00,0.00E+00,1.48E+07,1.43E+08,1.09E+06,1.05E+07,3.32E+01,1.74E+00,8.02E+01,0.00E+00,1.01E-01,0.00E+00,9.74E-03,0.00E+00,0.00E+00,0.00E+00,0.00E+00
816769030000,1.04E-01,9.64E+00,6.50E+08,3.45E+01,2.23E+09,3.58E+09,1.36E+09,9.69E+01,1.00E-01,9.69E-03,0.00E+00,0.00E+00,0.00E+00,4.66E+00,2.29E+00,1.15E+01,1.87E+04,7.86E+05,7.58E+06,9.03E+04,8.71E+05,1.01E+00,1.61E+01,9.15E-01,1.00E+02,1.36E+07,1.31E+08,1.22E+00,1.41E+01,0.00E+00,0.00E+00,9.68E+00,4.45E+01,0.00E+00,1.49E+01,3.27E+00,0.00E+00,1.66E+07,1.60E+08,7.92E+05,7.64E+06,1.81E+01,5.50E-04,8.44E+01,0.00E+00,1.00E-01,0.00E+00,9.69E-03,0.00E+00,0.00E+00,0.00E+00,0.00E+00
816769040000,1.04E-01,9.64E+00,6.50E+08,3.05E+01,1.93E+09,3.17E+09,1.24E+09,1.00E+02,1.04E-01,1.00E-02,0.00E+00,0.00E+00,0.00E+00,1.79E+01,2.02E+00,4.07E+01,5.84E+03,3.01E+06,2.90E+07,1.22E+06,1.18E+07,1.01E+00,2.32E+01,5.30E-01,1.00E+02,8.35E+06,8.05E+07,1.05E+00,6.08E+00,0.00E+00,0.00E+00,1.13E+01,4.63E+01,0.00E+00,9.24E+00,1.31E+01,0.00E+00,8.78E+06,8.47E+07,3.05E+06,2.94E+07,2.23E+01,2.60E-03,5.22E+01,0.00E+00,1.04E-01,0.00E+00,1.00E-02,0.00E+00,0.00E+00,0.00E+00,0.00E+00
816769050000,1.04E-01,9.64E+00,6.50E+08,3.05E+01,1.93E+09,3.17E+09,1.24E+09,3.97E-01,4.11E-04,3.97E-05,9.63E+01,9.98E-02,9.63E-03,1.79E+01,2.02E+00,4.07E+01,5.84E+03,3.01E+06,2.90E+07,1.22E+06,1.18E+07,1.01E+00,2.32E+01,5.30E-01,1.00E+02,8.35E+06,8.05E+07,1.05E+00,6.08E+00,0.00E+00,0.00E+00,1.13E+01,4.63E+01,0.00E+00,9.24E+00,1.31E+01,0.00E+00,8.78E+06,8.47E+07,3.05E+06,2.94E+07,2.23E+01,2.60E-03,5.22E+01,0.00E+00,4.11E-04,0.00E+00,3.97E-05,0.00E+00,9.98E-02,0.00E+00,9.63E-03
816769060000,1.04E-01,9.64E+00,6.50E+08,2.57E+01,1.51E+09,2.68E+09,1.17E+09,1.35E+01,1.40E-02,1.35E-03,7.85E+01,8.14E-02,7.85E-03,1.14E+01,2.02E+00,4.07E+01,3.63E+03,1.92E+06,1.85E+07,7.80E+05,7.53E+06,1.01E+00,0.00E+00,4.39E-01,1.00E+02,9.68E+06,9.33E+07,1.03E+00,6.00E+00,0.00E+00,0.00E+00,3.29E+01,4.63E+01,0.00E+00,3.03E+01,8.35E+00,0.00E+00,9.95E+06,9.59E+07,1.95E+06,1.88E+07,3.87E+01,7.56E-01,5.20E+01,0.00E+00,1.40E-02,0.00E+00,1.35E-03,0.00E+00,8.14E-02,0.00E+00,7.85E-03
816769070000,1.01E-01,9.88E+00,6.50E+08,1.61E+01,6.40E+08,1.67E+09,1.03E+09,9.48E+01,9.59E-02,9.48E-03,1.50E+01,1.51E-02,1.50E-03,1.88E-03,3.06E+02,1.00E+02,1.39E+00,3.09E+02,3.06E+03,3.09E+02,3.06E+03,2.00E+00,0.00E+00,2.87E-01,1.00E+02,1.21E+07,1.19E+08,1.00E+00,6.01E+00,0.00E+00,0.00E+00,6.06E+01,5.93E+01,0.00E+00,6.94E+01,3.48E-03,0.00E+00,1.21E+07,1.19E+08,6.19E+02,6.12E+03,6.94E+01,1.32E+00,5.11E+01,0.00E+00,9.59E-02,0.00E+00,9.48E-03,0.00E+00,1.51E-02,0.00E+00,1.50E-03
816769080000,9.89E-02,1.01E+01,6.50E+08,1.64E+01,6.51E+08,1.71E+09,1.06E+09,9.59E+01,9.48E-02,9.59E-03,1.49E+01,1.47E-02,1.49E-03,2.61E-03,3.63E+02,1.00E+02,1.50E+00,4.19E+02,4.24E+03,4.19E+02,4.24E+03,2.00E+00,0.00E+00,2.89E-01,1.00E+02,1.19E+07,1.20E+08,1.00E+00,6.04E+00,0.00E+00,0.00E+00,6.06E+01,6.13E+01,0.00E+00,7.01E+01,5.00E-03,0.00E+00,1.19E+07,1.20E+08,8.39E+02,8.48E+03,7.01E+01,1.04E+00,5.08E+01,0.00E+00,9.48E-02,0.00E+00,9.59E-03,0.00E+00,1.47E-02,0.00E+00,1.49E-03
816769090000,9.89E-02,1.01E+01,6.50E+08,2.55E+01,1.51E+09,2.65E+09,1.15E+09,9.45E+01,9.35E-02,9.45E-03,0.00E+00,0.00E+00,0.00E+00,1.03E+01,2.23E+00,4.53E+01,2.37E+04,1.66E+06,1.68E+07,7.51E+05,7.59E+06,1.01E+00,0.00E+00,2.40E-01,1.00E+02,9.89E+06,1.00E+08,1.00E+00,5.10E+00,0.00E+00,0.00E+00,6.06E+01,4.40E+01,0.00E+00,5.82E+01,7.17E+00,0.00E+00,9.89E+06,1.00E+08,1.67E+06,1.69E+07,6.54E+01,4.43E+00,6.59E+01,0.00E+00,9.35E-02,0.00E+00,9.45E-03,0.00E+00,0.00E+00,0.00E+00,0.00E+00
816769100000,9.89E-02,1.01E+01,6.50E+08,2.57E+01,1.48E+09,2.67E+09,1.19E+09,9.31E+01,9.21E-02,9.31E-03,0.00E+00,0.00E+00,0.00E+00,1.12E+01,1.96E+00,5.84E+01,3.20E+04,1.79E+06,1.81E+07,1.05E+06,1.06E+07,1.01E+00,0.00E+00,2.32E-01,1.00E+02,9.53E+06,9.63E+07,1.00E+00,4.94E+00,0.00E+00,0.00E+00,6.06E+01,4.40E+01,0.00E+00,5.61E+01,7.73E+00,0.00E+00,9.53E+06,9.63E+07,1.81E+06,1.83E+07,6.38E+01,4.90E+00,6.74E+01,0.00E+00,9.21E-02,0.00E+00,9.31E-03,0.00E+00,0.00E+00,0.00E+00,0.00E+00
816769110000,9.89E-02,1.01E+01,6.50E+08,2.67E+01,1.60E+09,2.77E+09,1.18E+09,9.50E+01,9.40E-02,9.50E-03,0.00E+00,0.00E+00,0.00E+00,1.14E+01,1.94E+00,5.52E+01,3.98E+04,1.83E+06,1.86E+07,1.01E+06,1.02E+07,1.01E+00,0.00E+00,2.31E-01,1.00E+02,9.49E+06,9.60E+07,1.00E+00,4.92E+00,0.00E+00,0.00E+00,6.06E+01,4.40E+01,0.00E+00,5.59E+01,7.91E+00,0.00E+00,9.49E+06,9.60E+07,1.85E+06,1.87E+07,6.38E+01,5.44E+00,6.82E+01,0.00E+00,9.40E-02,0.00E+00,9.50E-03,0.00E+00,0.00E+00,0.00E+00,0.00E+00
816769120000,9.89E-02,1.01E+01,6.50E+08,2.86E+01,1.91E+09,2.97E+09,1.06E+09,9.58E+01,9.48E-02,9.58E-03,0.00E+00,0.00E+00,0.00E+00,8.79E+00,3.04E+00,5.26E+00,3.42E+04,1.41E+06,1.43E+07,7.43E+04,7.52E+05,1.01E+00,0.00E+00,5.38E-01,1.00E+02,1.12E+07,1.13E+08,1.11E+00,9.07E+00,0.00E+00,0.00E+00,3.19E+01,4.40E+01,0.00E+00,3.87E+01,6.09E+00,0.00E+00,1.25E+07,1.26E+08,1.42E+06,1.44E+07,4.48E+01,2.98E+00,7.64E+01,0.00E+00,9.48E-02,0.00E+00,9.58E-03,0.00E+00,0.00E+00,0.00E+00,0.00E+00
816769130000,9.89E-02,1.01E+01,6.50E+08,3.59E+01,2.36E+09,3.73E+09,1.37E+09,1.00E+02,9.89E-02,1.00E-02,0.00E+00,0.00E+00,0.00E+00,5.14E+00,2.19E+00,8.70E+00,3.40E+04,8.27E+05,8.36E+06,7.19E+04,7.27E+05,1.01E+00,1.59E+01,9.32E-01,1.00E+02,1.32E+07,1.33E+08,1.22E+00,1.44E+01,0.00E+00,0.00E+00,9.63E+00,4.40E+01,0.00E+00,1.51E+01,3.56E+00,0.00E+00,1.61E+07,1.63E+08,8.31E+05,8.40E+06,1.87E+01,3.00E-03,8.73E+01,0.00E+00,9.89E-02,0.00E+00,1.00E-02,0.00E+00,0.00E+00,0.00E+00,0.00E+00
816769140000,9.89E-02,1.01E+01,6.50E+08,3.18E+01,2.03E+09,3.31E+09,1.28E+09,9.68E+01,9.57E-02,9.68E-03,0.00E+00,0.00E+00,0.00E+00,1.56E+01,2.03E+00,3.86E+01,6.17E+03,2.51E+06,2.53E+07,9.68E+05,9.79E+06,1.01E+00,2.10E+01,6.14E-01,1.00E+02,9.07E+06,9.17E+07,1.10E+00,7.62E+00,0.00E+00,0.00E+00,1.08E+01,4.62E+01,0.00E+00,1.05E+01,1.14E+01,0.00E+00,9.97E+06,1.01E+08,2.54E+06,2.57E+07,2.19E+01,6.92E-04,5.94E+01,0.00E+00,9.57E-02,0.00E+00,9.68E-03,0.00E+00,0.00E+00,0.00E+00,0.00E+00
816769150000,9.89E-02,1.01E+01,6.50E+08,3.09E+01,1.95E+09,3.21E+09,1.26E+09,2.24E+01,2.22E-02,2.24E-03,7.43E+01,7.34E-02,7.43E-03,1.81E+01,2.02E+00,4.07E+01,5.84E+03,2.91E+06,2.94E+07,1.18E+06,1.20E+07,1.01E+00,2.32E+01,5.37E-01,1.00E+02,8.07E+06,8.16E+07,1.05E+00,5.98E+00,0.00E+00,0.00E+00,1.13E+01,4.63E+01,0.00E+00,9.36E+00,1.33E+01,0.00E+00,8.49E+06,8.58E+07,2.95E+06,2.98E+07,2.27E+01,1.36E-04,5.27E+01,0.00E+00,2.22E-02,0.00E+00,2.24E-03,0.00E+00,7.34E-02,0.00E+00,7.43E-03
816769160000,9.89E-02,1.01E+01,6.50E+08,2.88E+01,1.77E+09,2.99E+09,1.22E+09,1.47E+01,1.45E-02,1.47E-03,8.94E+01,8.84E-02,8.94E-03,1.54E+01,2.02E+00,4.07E+01,5.03E+03,2.48E+06,2.51E+07,1.01E+06,1.02E+07,1.01E+00,1.34E+01,4.98E-01,1.00E+02,8.52E+06,8.62E+07,1.04E+00,5.94E+00,0.00E+00,0.00E+00,2.04E+01,4.63E+01,0.00E+00,1.76E+01,1.13E+01,0.00E+00,8.87E+06,8.97E+07,2.52E+06,2.55E+07,2.89E+01,4.44E-01,5.26E+01,0.00E+00,1.45E-02,0.00E+00,1.47E-03,0.00E+00,8.84E-02,0.00E+00,8.94E-03
816769170000,1.02E-01,9.76E+00,6.50E+08,1.65E+01,6.80E+08,1.72E+09,1.04E+09,9.53E+01,9.76E-02,9.53E-03,3.67E+01,3.76E-02,3.67E-03,3.67E-03,2.65E+02,1.00E+02,1.32E+00,6.11E+02,5.97E+03,6.11E+02,5.97E+03,2.00E+00,0.00E+00,2.71E-01,1.00E+02,1.15E+07,1.13E+08,1.00E+00,5.71E+00,0.00E+00,0.00E+00,6.06E+01,5.77E+01,0.00E+00,6.55E+01,6.63E-03,0.00E+00,1.15E+07,1.13E+08,1.22E+03,1.19E+04,6.55E+01,2.86E+00,5.23E+01,0.00E+00,9.76E-02,0.00E+00,9.53E-03,0.00E+00,3.76E-02,0.00E+00,3.67E-03
816769180000,1.05E-01,9.56E+00,6.50E+08,1.67E+01,7.71E+08,1.73E+09,9.63E+08,9.36E+01,9.79E-02,9.36E-03,2.53E+01,2.65E-02,2.53E-03,1.70E+00,3.77E+00,1.88E+01,1.31E+03,2.89E+05,2.76E+06,5.43E+04,5.19E+05,1.02E+00,0.00E+00,2.62E-01,1.00E+02,1.14E+07,1.09E+08,1.00E+00,5.51E+00,0.00E+00,0.00E+00,6.06E+01,4.43E+01,0.00E+00,6.35E+01,1.20E+00,0.00E+00,1.14E+07,1.09E+08,2.95E+05,2.82E+06,6.47E+01,3.43E+00,5.51E+01,0.00E+00,9.79E-02,0.00E+00,9.36E-03,0.00E+00,2.65E-02,0.00E+00,2.53E-03
816769190000,1.05E-01,9.56E+00,6.50E+08,2.46E+01,1.41E+09,2.56E+09,1.15E+09,9.48E+01,9.92E-02,9.48E-03,1.00E+02,1.05E-01,1.00E-02,1.04E+01,2.21E+00,5.69E+01,3.40E+04,1.76E+06,1.68E+07,1.00E+06,9.58E+06,1.01E+00,0.00E+00,2.19E-01,1.00E+02,9.53E+06,9.11E+07,1.00E+00,4.70E+00,0.00E+00,0.00E+00,6.06E+01,4.40E+01,0.00E+00,5.30E+01,7.17E+00,0.00E+00,9.53E+06,9.11E+07,1.77E+06,1.70E+07,6.02E+01,7.10E+00,6.83E+01,0.00E+00,9.92E-02,0.00E+00,9.48E-03,0.00E+00,1.05E-01,0.00E+00,1.00E-02
816769200000,1.05E-01,9.56E+00,6.50E+08,2.43E+01,1.40E+09,2.53E+09,1.13E+09,9.25E+01,9.68E-02,9.25E-03,1.00E+02,1.05E-01,1.00E-02,1.09E+01,1.89E+00,5.95E+01,3.59E+04,1.85E+06,1.77E+07,1.10E+06,1.05E+07,1.01E+00,0.00E+00,2.18E-01,1.00E+02,9.50E+06,9.08E+07,1.00E+00,4.68E+00,0.00E+00,0.00E+00,6.06E+01,4.40E+01,0.00E+00,5.29E+01,7.53E+00,0.00E+00,9.50E+06,9.08E+07,1.86E+06,1.78E+07,6.04E+01,7.11E+00,6.93E+01,0.00E+00,9.68E-02,0.00E+00,9.25E-03,0.00E+00,1.05E-01,0.00E+00,1.00E-02
816769210000,1.05E-01,9.56E+00,6.50E+08,2.49E+01,1.55E+09,2.59E+09,1.04E+09,9.49E+01,9.93E-02,9.49E-03,1.00E+02,1.05E-01,1.00E-02,1.07E+01,2.06E+00,4.44E+01,2.96E+04,1.83E+06,1.75E+07,8.11E+05,7.75E+06,1.01E+00,0.00E+00,2.17E-01,1.00E+02,9.46E+06,9.04E+07,1.00E+00,4.65E+00,0.00E+00,0.00E+00,6.06E+01,4.41E+01,0.00E+00,5.27E+01,7.46E+00,0.00E+00,9.46E+06,9.04E+07,1.84E+06,1.76E+07,6.01E+01,7.95E+00,6.96E+01,0.00E+00,9.93E-02,0.00E+00,9.49E-03,0.00E+00,1.05E-01,0.00E+00,1.00E-02
816769220000,1.05E-01,9.56E+00,6.50E+08,2.24E+01,1.53E+09,2.33E+09,8.07E+08,9.43E+01,9.87E-02,9.43E-03,1.00E+02,1.05E-01,1.00E-02,1.13E+01,2.03E+00,8.94E+00,3.63E+04,1.92E+06,1.84E+07,1.72E+05,1.64E+06,1.01E+00,0.00E+00,2.24E-01,1.00E+02,9.71E+06,9.28E+07,1.00E+00,4.72E+00,0.00E+00,0.00E+00,6.04E+01,4.40E+01,0.00E+00,5.39E+01,7.83E+00,0.00E+00,9.72E+06,9.28E+07,1.94E+06,1.85E+07,6.17E+01,7.12E+00,6.91E+01,0.00E+00,9.87E-02,0.00E+00,9.43E-03,0.00E+00,1.05E-01,0.00E+00,1.00E-02
816769230000,1.05E-01,9.56E+00,6.50E+08,3.08E+01,1.95E+09,3.21E+09,1.26E+09,1.00E+02,1.05E-01,1.00E-02,1.36E+01,1.42E-02,1.36E-03,1.65E+00,1.21E+01,8.51E-01,4.65E+04,2.80E+05,2.68E+06,2.38E+03,2.28E+04,1.00E+00,1.59E+01,8.73E-01,1.00E+02,1.31E+07,1.25E+08,1.22E+00,1.33E+01,0.00E+00,0.00E+00,9.63E+00,4.39E+01,0.00E+00,1.41E+01,1.13E+00,0.00E+00,1.60E+07,1.53E+08,2.80E+05,2.68E+06,1.53E+01,2.52E-04,8.48E+01,0.00E+00,1.05E-01,0.00E+00,1.00E-02,0.00E+00,1.42E-02,0.00E+00,1.36E-03
816769240000,1.05E-01,9.56E+00,6.50E+08,3.09E+01,1.95E+09,3.21E+09,1.26E+09,9.67E+01,1.01E-01,9.67E-03,0.00E+00,0.00E+00,0.00E+00,5.99E+00,2.08E+00,3.26E+01,7.10E+03,1.02E+06,9.73E+06,3.32E+05,3.17E+06,1.01E+00,1.72E+01,7.85E-01,1.00E+02,1.19E+07,1.14E+08,1.19E+00,1.14E+01,0.00E+00,0.00E+00,9.91E+00,4.58E+01,0.00E+00,1.29E+01,4.34E+00,0.00E+00,1.42E+07,1.35E+08,1.03E+06,9.84E+06,1.72E+01,7.86E-04,7.63E+01,0.00E+00,1.01E-01,0.00E+00,9.67E-03,0.00E+00,0.00E+00,0.00E+00,0.00E+00
816769250000,1.05E-01,9.56E+00,6.50E+08,3.10E+01,1.96E+09,3.22E+09,1.26E+09,7.69E+01,8.05E-02,7.69E-03,1.94E+01,2.04E-02,1.94E-03,1.82E+01,2.02E+00,4.07E+01,5.84E+03,3.09E+06,2.95E+07,1.26E+06,1.20E+07,1.01E+00,2.32E+01,5.39E-01,1.00E+02,8.57E+06,8.19E+07,1.05E+00,6.06E+00,0.00E+00,0.00E+00,1.13E+01,4.63E+01,0.00E+00,9.39E+00,1.33E+01,0.00E+00,9.01E+06,8.61E+07,3.13E+06,2.99E+07,2.27E+01,2.28E-03,5.23E+01,0.00E+00,8.05E-02,0.00E+00,7.69E-03,0.00E+00,2.04E-02,0.00E+00,1.94E-03
816769260000,1.05E-01,9.56E+00,6.50E+08,3.10E+01,1.96E+09,3.22E+09,1.26E+09,0.00E+00,0.00E+00,0.00E+00,1.00E+02,1.05E-01,1.00E-02,1.82E+01,2.02E+00,4.07E+01,5.84E+03,3.09E+06,2.95E+07,1.26E+06,1.20E+07,1.01E+00,2.32E+01,5.39E-01,1.00E+02,8.57E+06,8.19E+07,1.05E+00,6.06E+00,0.00E+00,0.00E+00,1.13E+01,4.63E+01,0.00E+00,9.39E+00,1.33E+01,0.00E+00,9.01E+06,8.61E+07,3.13E+06,2.99E+07,2.27E+01,2.28E-03,5.23E+01,0.00E+00,0.00E+00,0.00E+00,0.00E+00,0.00E+00,1.05E-01,0.00E+00,1.00E-02
816769270000,1.05E-01,9.53E+00,6.50E+08,2.32E+01,1.24E+09,2.41E+09,1.17E+09,5.91E+01,6.21E-02,5.91E-03,6.62E+01,6.95E-02,6.62E-03,7.05E+00,2.20E+00,4.07E+01,1.96E+03,1.20E+06,1.15E+07,4.89E+05,4.66E+06,1.01E+00,0.00E+00,3.82E-01,1.00E+02,1.09E+07,1.04E+08,1.02E+00,6.00E+00,0.00E+00,0.00E+00,4.49E+01,4.63E+01,0.00E+00,4.55E+01,5.17E+00,0.00E+00,1.10E+07,1.05E+08,1.22E+06,1.16E+07,5.06E+01,7.42E-01,5.11E+01,0.00E+00,6.21E-02,0.00E+00,5.91E-03,0.00E+00,6.95E-02,0.00E+00,6.62E-03
816769280000,1.07E-01,9.36E+00,6.50E+08,1.68E+01,7.03E+08,1.75E+09,1.05E+09,9.46E+01,1.01E-01,9.46E-03,1.63E+01,1.74E-02,1.63E-03,5.02E-01,1.13E+01,2.24E+01,2.57E+02,8.71E+04,8.16E+05,1.95E+04,1.83E+05,1.02E+00,0.00E+00,2.81E-01,1.00E+02,1.25E+07,1.17E+08,1.00E+00,5.88E+00,0.00E+00,0.00E+00,6.06E+01,4.44E+01,0.00E+00,6.80E+01,3.55E-01,0.00E+00,1.25E+07,1.17E+08,8.89E+04,8.33E+05,6.84E+01,1.81E+00,5.20E+01,0.00E+00,1.01E-01,0.00E+00,9.46E-03,0.00E+00,1.74E-02,0.00E+00,1.63E-03
816769290000,1.07E-01,9.36E+00,6.50E+08,2.70E+01,1.58E+09,2.81E+09,1.22E+09,9.42E+01,1.01E-01,9.42E-03,0.00E+00,0.00E+00,0.00E+00,1.12E+01,2.16E+00,5.29E+01,2.83E+04,1.94E+06,1.82E+07,1.03E+06,9.61E+06,1.01E+00,0.00E+00,2.41E-01,1.00E+02,1.07E+07,1.00E+08,1.00E+00,5.10E+00,0.00E+00,0.00E+00,6.06E+01,4.40E+01,0.00E+00,5.83E+01,7.76E+00,0.00E+00,1.07E+07,1.00E+08,1.96E+06,1.83E+07,6.61E+01,4.23E+00,6.63E+01,0.00E+00,1.01E-01,0.00E+00,9.42E-03,0.00E+00,0.00E+00,0.00E+00,0.00E+00
816769300000,1.07E-01,9.36E+00,6.50E+08,2.62E+01,1.51E+09,2.73E+09,1.22E+09,9.60E+01,1.03E-01,9.60E-03,0.00E+00,0.00E+00,0.00E+00,1.14E+01,1.97E+00,5.78E+01,3.31E+04,1.98E+06,1.86E+07,1.15E+06,1.07E+07,1.01E+00,0.00E+00,2.39E-01,1.00E+02,1.06E+07,9.96E+07,1.00E+00,5.09E+00,0.00E+00,0.00E+00,6.06E+01,4.40E+01,0.00E+00,5.80E+01,7.91E+00,0.00E+00,1.06E+07,9.96E+07,2.00E+06,1.87E+07,6.59E+01,4.45E+00,6.68E+01,0.00E+00,1.03E-01,0.00E+00,9.60E-03,0.00E+00,0.00E+00,0.00E+00,0.00E+00
816769310000,1.07E-01,9.36E+00,6.50E+08,2.68E+01,1.67E+09,2.79E+09,1.12E+09,9.43E+01,1.01E-01,9.43E-03,0.00E+00,0.00E+00,0.00E+00,1.18E+01,1.98E+00,4.29E+01,3.50E+04,2.05E+06,1.92E+07,8.79E+05,8.23E+06,1.01E+00,0.00E+00,2.36E-01,1.00E+02,1.05E+07,9.82E+07,1.00E+00,4.98E+00,0.00E+00,0.00E+00,6.06E+01,4.40E+01,0.00E+00,5.72E+01,8.19E+00,0.00E+00,1.05E+07,9.82E+07,2.07E+06,1.93E+07,6.54E+01,5.02E+00,6.78E+01,0.00E+00,1.01E-01,0.00E+00,9.43E-03,0.00E+00,0.00E+00,0.00E+00,0.00E+00
816769320000,1.07E-01,9.36E+00,6.50E+08,2.37E+01,1.60E+09,2.46E+09,8.64E+08,9.51E+01,1.02E-01,9.51E-03,0.00E+00,0.00E+00,0.00E+00,1.16E+01,2.35E+00,6.80E+00,3.21E+04,2.02E+06,1.89E+07,1.37E+05,1.29E+06,1.01E+00,0.00E+00,2.41E-01,1.00E+02,1.07E+07,1.00E+08,1.00E+00,5.06E+00,0.00E+00,0.00E+00,6.06E+01,4.40E+01,0.00E+00,5.85E+01,8.06E+00,0.00E+00,1.07E+07,1.00E+08,2.03E+06,1.91E+07,6.66E+01,4.48E+00,6.65E+01,0.00E+00,1.02E-01,0.00E+00,9.51E-03,0.00E+00,0.00E+00,0.00E+00,0.00E+00
816769330000,1.07E-01,9.36E+00,6.50E+08,2.75E+01,1.62E+09,2.86E+09,1.24E+09,9.79E+01,1.05E-01,9.79E-03,0.00E+00,0.00E+00,0.00E+00,1.27E+00,1.70E+01,4.89E-01,,2.21E+05,2.07E+06,1.08E+03,1.01E+04,9.97E-01,0.00E+00,7.23E-01,1.00E+02,1.40E+07,1.31E+08,1.15E+00,1.15E+01,0.00E+00,0.00E+00,2.39E+01,4.39E+01,0.00E+00,3.46E+01,8.72E-01,0.00E+00,1.61E+07,1.51E+08,2.20E+05,2.06E+06,3.55E+01,8.08E-01,7.28E+01,0.00E+00,1.05E-01,0.00E+00,9.79E-03,0.00E+00,0.00E+00,0.00E+00,0.00E+00
816769340000,1.07E-01,9.36E+00,6.50E+08,3.29E+01,2.03E+09,3.43E+09,1.40E+09,9.67E+01,1.03E-01,9.67E-03,0.00E+00,0.00E+00,0.00E+00,1.61E+00,2.02E+00,4.07E+01,5.84E+03,2.80E+05,2.62E+06,1.14E+05,1.07E+06,1.01E+00,1.62E+01,9.45E-01,1.00E+02,1.45E+07,1.36E+08,1.21E+00,1.41E+01,0.00E+00,0.00E+00,9.71E+00,4.63E+01,0.00E+00,1.54E+01,1.18E+00,0.00E+00,1.76E+07,1.65E+08,2.84E+05,2.66E+06,1.65E+01,4.64E-04,8.08E+01,0.00E+00,1.03E-01,0.00E+00,9.67E-03,0.00E+00,0.00E+00,0.00E+00,0.00E+00
816769350000,1.07E-01,9.36E+00,6.50E+08,2.99E+01,1.89E+09,3.11E+09,1.22E+09,9.49E+01,1.01E-01,9.49E-03,1.55E+00,1.66E-03,1.55E-04,1.75E+01,2.02E+00,4.07E+01,5.84E+03,3.04E+06,2.84E+07,1.23E+06,1.16E+07,1.01E+00,2.32E+01,5.19E-01,1.00E+02,8.42E+06,7.89E+07,1.05E+00,5.99E+00,0.00E+00,0.00E+00,1.13E+01,4.63E+01,0.00E+00,9.04E+00,1.28E+01,0.00E+00,8.85E+06,8.29E+07,3.08E+06,2.88E+07,2.19E+01,3.26E-03,5.37E+01,0.00E+00,1.01E-01,0.00E+00,9.49E-03,0.00E+00,1.66E-03,0.00E+00,1.55E-04
816769360000,1.07E-01,9.36E+00,6.50E+08,2.99E+01,1.89E+09,3.11E+09,1.22E+09,0.00E+00,0.00E+00,0.00E+00,1.00E+02,1.07E-01,1.00E-02,1.75E+01,2.02E+00,4.07E+01,5.84E+03,3.04E+06,2.84E+07,1.23E+06,1.16E+07,1.01E+00,2.32E+01,5.19E-01,1.00E+02,8.42E+06,7.89E+07,1.05E+00,5.99E+00,0.00E+00,0.00E+00,1.13E+01,4.63E+01,0.00E+00,9.04E+00,1.28E+01,0.00E+00,8.85E+06,8.29E+07,3.08E+06,2.88E+07,2.19E+01,3.26E-03,5.37E+01,0.00E+00,0.00E+00,0.00E+00,0.00E+00,0.00E+00,1.07E-01,0.00E+00,1.00E-02
816769370000,1.07E-01,9.36E+00,6.50E+08,2.53E+01,1.49E+09,2.63E+09,1.14E+09,3.28E+01,3.51E-02,3.28E-03,7.83E+01,8.36E-02,7.83E-03,1.16E+01,2.02E+00,4.07E+01,3.90E+03,2.00E+06,1.88E+07,8.16E+05,7.64E+06,1.01E+00,0.00E+00,4.34E-01,1.00E+02,9.62E+06,9.01E+07,1.03E+00,5.89E+00,0.00E+00,0.00E+00,3.15E+01,4.63E+01,0.00E+00,2.81E+01,8.48E+00,0.00E+00,9.90E+06,9.27E+07,2.03E+06,1.90E+07,3.66E+01,9.48E-01,5.31E+01,0.00E+00,3.51E-02,0.00E+00,3.28E-03,0.00E+00,8.36E-02,0.00E+00,7.83E-03
816769380000,1.07E-01,9.35E+00,6.50E+08,1.61E+01,6.49E+08,1.68E+09,1.03E+09,9.56E+01,1.02E-01,9.56E-03,2.06E+01,2.20E-02,2.06E-03,2.61E-03,3.03E+02,1.00E+02,1.38E+00,4.54E+02,4.24E+03,4.54E+02,4.24E+03,2.00E+00,0.00E+00,2.77E-01,1.00E+02,1.23E+07,1.15E+08,1.00E+00,5.83E+00,0.00E+00,0.00E+00,6.06E+01,5.91E+01,0.00E+00,6.72E+01,4.83E-03,0.00E+00,1.23E+07,1.15E+08,9.08E+02,8.49E+03,6.72E+01,2.14E+00,5.17E+01,0.00E+00,1.02E-01,0.00E+00,9.56E-03,0.00E+00,2.20E-02,0.00E+00,2.06E-03
816769390000,1.07E-01,9.33E+00,6.50E+08,2.17E+01,1.17E+09,2.26E+09,1.09E+09,7.25E+01,7.78E-02,7.25E-03,5.90E+01,6.33E-02,5.90E-03,5.48E+00,2.73E+00,3.10E+01,3.13E+03,9.55E+05,8.91E+06,2.96E+05,2.76E+06,1.01E+00,0.00E+00,2.64E-01,1.00E+02,1.18E+07,1.10E+08,1.00E+00,5.54E+00,0.00E+00,0.00E+00,6.06E+01,4.41E+01,0.00E+00,6.39E+01,3.82E+00,0.00E+00,1.18E+07,1.10E+08,9.66E+05,9.01E+06,6.77E+01,2.67E+00,5.81E+01,0.00E+00,7.78E-02,0.00E+00,7.25E-03,0.00E+00,6.33E-02,0.00E+00,5.90E-03
816769400000,1.07E-01,9.33E+00,6.50E+08,2.64E+01,1.51E+09,2.75E+09,1.24E+09,9.60E+01,1.03E-01,9.60E-03,1.00E+02,1.07E-01,1.00E-02,1.14E+01,2.18E+00,5.56E+01,3.29E+04,1.98E+06,1.85E+07,1.10E+06,1.03E+07,1.01E+00,0.00E+00,2.40E-01,1.00E+02,1.07E+07,9.97E+07,1.00E+00,5.13E+00,0.00E+00,0.00E+00,6.06E+01,4.40E+01,0.00E+00,5.81E+01,7.87E+00,0.00E+00,1.07E+07,9.97E+07,1.99E+06,1.86E+07,6.59E+01,4.36E+00,6.69E+01,0.00E+00,1.03E-01,0.00E+00,9.60E-03,0.00E+00,1.07E-01,0.00E+00,1.00E-02
816769410000,1.07E-01,9.33E+00,6.50E+08,2.72E+01,1.61E+09,2.83E+09,1.22E+09,9.43E+01,1.01E-01,9.43E-03,1.00E+02,1.07E-01,1.00E-02,1.17E+01,1.92E+00,5.78E+01,3.45E+04,2.04E+06,1.91E+07,1.18E+06,1.10E+07,1.01E+00,0.00E+00,2.37E-01,1.00E+02,1.06E+07,9.86E+07,1.00E+00,5.05E+00,0.00E+00,0.00E+00,6.06E+01,4.40E+01,0.00E+00,5.74E+01,8.13E+00,0.00E+00,1.06E+07,9.86E+07,2.06E+06,1.92E+07,6.55E+01,4.79E+00,6.77E+01,0.00E+00,1.01E-01,0.00E+00,9.43E-03,0.00E+00,1.07E-01,0.00E+00,1.00E-02
816769420000,1.07E-01,9.33E+00,6.50E+08,2.54E+01,1.64E+09,2.64E+09,1.00E+09,9.49E+01,1.02E-01,9.49E-03,1.00E+02,1.07E-01,1.00E-02,1.19E+01,1.97E+00,2.69E+01,3.42E+04,2.07E+06,1.93E+07,5.56E+05,5.19E+06,1.01E+00,0.00E+00,2.41E-01,1.00E+02,1.07E+07,1.00E+08,1.00E+00,5.08E+00,0.00E+00,0.00E+00,6.06E+01,4.40E+01,0.00E+00,5.83E+01,8.22E+00,0.00E+00,1.07E+07,1.00E+08,2.08E+06,1.94E+07,6.65E+01,4.55E+00,6.72E+01,0.00E+00,1.02E-01,0.00E+00,9.49E-03,0.00E+00,1.07E-01,0.00E+00,1.00E-02
816769430000,1.07E-01,9.33E+00,6.50E+08,2.96E+01,1.91E+09,3.08E+09,1.17E+09,3.97E+01,4.25E-02,3.97E-03,5.43E+01,5.82E-02,5.43E-03,5.84E+00,2.02E+00,8.40E+00,3.76E+04,1.02E+06,9.50E+06,8.55E+04,7.98E+05,1.01E+00,0.00E+00,6.59E-01,1.00E+02,1.30E+07,1.21E+08,1.15E+00,1.06E+01,0.00E+00,0.00E+00,2.48E+01,4.40E+01,0.00E+00,3.32E+01,4.05E+00,0.00E+00,1.49E+07,1.39E+08,1.03E+06,9.56E+06,3.72E+01,2.26E+00,7.75E+01,0.00E+00,4.25E-02,0.00E+00,3.97E-03,0.00E+00,5.82E-02,0.00E+00,5.43E-03
816769440000,1.07E-01,9.33E+00,6.50E+08,3.39E+01,2.13E+09,3.53E+09,1.40E+09,9.38E-01,1.01E-03,9.38E-05,0.00E+00,0.00E+00,0.00E+00,1.72E+00,3.90E+00,4.82E+00,2.55E+04,2.99E+05,2.79E+06,1.44E+04,1.35E+05,9.99E-01,1.59E+01,9.64E-01,1.00E+02,1.48E+07,1.38E+08,1.22E+00,1.47E+01,0.00E+00,0.00E+00,9.63E+00,4.42E+01,0.00E+00,1.56E+01,1.18E+00,0.00E+00,1.81E+07,1.69E+08,2.99E+05,2.79E+06,1.68E+01,1.21E-03,8.44E+01,0.00E+00,1.01E-03,0.00E+00,9.38E-05,0.00E+00,0.00E+00,0.00E+00,0.00E+00
816769450000,1.07E-01,9.33E+00,6.50E+08,3.01E+01,1.90E+09,3.13E+09,1.23E+09,1.00E+02,1.07E-01,1.00E-02,0.00E+00,0.00E+00,0.00E+00,1.76E+01,2.02E+00,4.07E+01,5.84E+03,3.07E+06,2.87E+07,1.25E+06,1.17E+07,1.01E+00,2.32E+01,5.24E-01,1.00E+02,8.53E+06,7.96E+07,1.05E+00,5.84E+00,0.00E+00,0.00E+00,1.13E+01,4.63E+01,0.00E+00,9.13E+00,1.30E+01,0.00E+00,8.97E+06,8.37E+07,3.12E+06,2.91E+07,2.21E+01,2.49E-03,5.38E+01,0.00E+00,1.07E-01,0.00E+00,1.00E-02,0.00E+00,0.00E+00,0.00E+00,0.00E+00
816769460000,1.07E-01,9.33E+00,6.50E+08,3.01E+01,1.90E+09,3.13E+09,1.23E+09,1.72E+00,1.84E-03,1.72E-04,9.46E+01,1.01E-01,9.46E-03,1.76E+01,2.02E+00,4.07E+01,5.84E+03,3.07E+06,2.87E+07,1.25E+06,1.17E+07,1.01E+00,2.32E+01,5.24E-01,1.00E+02,8.53E+06,7.96E+07,1.05E+00,5.84E+00,0.00E+00,0.00E+00,1.13E+01,4.63E+01,0.00E+00,9.13E+00,1.30E+01,0.00E+00,8.97E+06,8.37E+07,3.12E+06,2.91E+07,2.21E+01,2.49E-03,5.38E+01,0.00E+00,1.84E-03,0.00E+00,1.72E-04,0.00E+00,1.01E-01,0.00E+00,9.46E-03
816769470000,1.07E-01,9.33E+00,6.50E+08,2.62E+01,1.57E+09,2.73E+09,1.16E+09,2.70E+01,2.90E-02,2.70E-03,8.35E+01,8.96E-02,8.35E-03,1.27E+01,2.02E+00,4.07E+01,4.26E+03,2.21E+06,2.06E+07,8.99E+05,8.38E+06,1.01E+00,2.43E+00,4.52E-01,1.00E+02,9.53E+06,8.89E+07,1.03E+00,5.81E+00,0.00E+00,0.00E+00,2.83E+01,4.63E+01,0.00E+00,2.50E+01,9.31E+00,0.00E+00,9.84E+06,9.18E+07,2.24E+06,2.09E+07,3.43E+01,8.71E-01,5.35E+01,0.00E+00,2.90E-02,0.00E+00,2.70E-03,0.00E+00,8.96E-02,0.00E+00,8.35E-03
816769480000,1.07E-01,9.33E+00,6.50E+08,1.48E+01,5.93E+08,1.54E+09,9.49E+08,9.54E+01,1.02E-01,9.54E-03,1.25E+01,1.34E-02,1.25E-03,6.71E-04,1.00E+00,1.00E+02,1.00E+00,1.17E+02,1.09E+03,1.17E+02,1.09E+03,2.00E+00,0.00E+00,2.74E-01,1.00E+02,1.22E+07,1.14E+08,1.00E+00,5.76E+00,0.00E+00,0.00E+00,6.06E+01,4.80E+01,0.00E+00,6.63E+01,1.01E-03,0.00E+00,1.22E+07,1.14E+08,2.34E+02,2.18E+03,6.63E+01,2.58E+00,5.20E+01,0.00E+00,1.02E-01,0.00E+00,9.54E-03,0.00E+00,1.34E-02,0.00E+00,1.25E-03
816769490000,1.07E-01,9.33E+00,6.50E+08,1.61E+01,6.41E+08,1.67E+09,1.03E+09,9.52E+01,1.02E-01,9.52E-03,2.71E+01,2.91E-02,2.71E-03,3.81E-03,3.63E+02,1.00E+02,1.50E+00,6.64E+02,6.20E+03,6.64E+02,6.20E+03,2.00E+00,0.00E+00,2.70E-01,1.00E+02,1.20E+07,1.12E+08,1.00E+00,5.69E+00,0.00E+00,0.00E+00,6.06E+01,6.13E+01,0.00E+00,6.53E+01,7.31E-03,0.00E+00,1.20E+07,1.12E+08,1.33E+03,1.24E+04,6.53E+01,2.86E+00,5.20E+01,0.00E+00,1.02E-01,0.00E+00,9.52E-03,0.00E+00,2.91E-02,0.00E+00,2.71E-03
816769500000,1.07E-01,9.33E+00,6.50E+08,1.55E+01,5.86E+08,1.61E+09,1.02E+09,9.35E+01,1.00E-01,9.35E-03,1.46E+01,1.56E-02,1.46E-03,5.48E-01,3.04E+00,9.12E+01,1.99E+02,9.54E+04,8.90E+05,8.71E+04,8.12E+05,1.52E+00,0.00E+00,2.73E-01,1.00E+02,1.22E+07,1.14E+08,1.00E+00,5.73E+00,0.00E+00,0.00E+00,6.06E+01,2.96E+01,0.00E+00,6.61E+01,3.85E-01,0.00E+00,1.22E+07,1.14E+08,1.45E+05,1.35E+06,6.65E+01,2.34E+00,5.15E+01,0.00E+00,1.00E-01,0.00E+00,9.35E-03,0.00E+00,1.56E-02,0.00E+00,1.46E-03
816769510000,1.07E-01,9.33E+00,6.50E+08,2.30E+01,1.29E+09,2.39E+09,1.10E+09,9.45E+01,1.01E-01,9.45E-03,0.00E+00,0.00E+00,0.00E+00,6.39E+00,2.11E+00,3.62E+01,2.47E+04,1.11E+06,1.04E+07,4.04E+05,3.76E+06,1.01E+00,0.00E+00,2.48E-01,1.00E+02,1.41E+07,1.31E+08,1.00E+00,5.21E+00,0.00E+00,0.00E+00,4.86E+01,4.40E+01,0.00E+00,6.12E+01,4.44E+00,0.00E+00,1.41E+07,1.31E+08,1.13E+06,1.05E+07,6.57E+01,3.31E+00,6.05E+01,0.00E+00,1.01E-01,0.00E+00,9.45E-03,0.00E+00,0.00E+00,0.00E+00,0.00E+00
816769520000,1.07E-01,9.33E+00,6.50E+08,2.67E+01,1.53E+09,2.77E+09,1.24E+09,9.55E+01,1.02E-01,9.55E-03,0.00E+00,0.00E+00,0.00E+00,1.16E+01,2.13E+00,5.66E+01,3.34E+04,2.02E+06,1.89E+07,1.15E+06,1.07E+07,1.01E+00,0.00E+00,2.37E-01,1.00E+02,1.06E+07,9.84E+07,1.00E+00,5.08E+00,0.00E+00,0.00E+00,6.06E+01,4.40E+01,0.00E+00,5.73E+01,8.06E+00,0.00E+00,1.06E+07,9.84E+07,2.04E+06,1.90E+07,6.54E+01,4.68E+00,6.74E+01,0.00E+00,1.02E-01,0.00E+00,9.55E-03,0.00E+00,0.00E+00,0.00E+00,0.00E+00
816769530000,1.07E-01,9.33E+00,6.50E+08,3.77E+01,2.41E+09,3.92E+09,1.51E+09,9.56E+01,1.02E-01,9.56E-03,0.00E+00,0.00E+00,0.00E+00,1.67E+01,1.99E+00,5.14E+01,3.28E+04,2.92E+06,2.72E+07,1.50E+06,1.40E+07,1.01E+00,0.00E+00,4.48E-01,1.00E+02,1.08E+07,1.01E+08,1.10E+00,1.12E+01,0.00E+00,0.00E+00,3.54E+01,4.43E+01,0.00E+00,3.78E+01,1.17E+01,0.00E+00,1.19E+07,1.11E+08,2.94E+06,2.74E+07,4.95E+01,2.65E+00,8.08E+01,0.00E+00,1.02E-01,0.00E+00,9.56E-03,0.00E+00,0.00E+00,0.00E+00,0.00E+00
816769540000,1.07E-01,9.33E+00,6.50E+08,5.06E+01,3.50E+09,5.26E+09,1.76E+09,1.00E+02,1.07E-01,1.00E-02,5.70E+01,6.11E-02,5.70E-03,2.34E+01,2.06E+00,3.84E+01,3.17E+04,4.08E+06,3.81E+07,1.57E+06,1.46E+07,1.01E+00,1.59E+01,7.28E-01,1.00E+02,1.12E+07,1.04E+08,1.22E+00,1.93E+01,0.00E+00,0.00E+00,9.63E+00,4.45E+01,0.00E+00,1.18E+01,1.64E+01,0.00E+00,1.37E+07,1.27E+08,4.11E+06,3.83E+07,2.82E+01,2.46E-02,9.83E+01,0.00E+00,1.07E-01,0.00E+00,1.00E-02,0.00E+00,6.11E-02,0.00E+00,5.70E-03
816769550000,1.07E-01,9.33E+00,6.50E+08,4.34E+01,2.92E+09,4.51E+09,1.59E+09,9.42E+01,1.01E-01,9.42E-03,1.00E+02,1.07E-01,1.00E-02,1.95E+01,1.94E+00,3.82E+01,3.36E+04,3.40E+06,3.17E+07,1.30E+06,1.21E+07,1.01E+00,5.07E+00,6.28E-01,1.00E+02,1.16E+07,1.08E+08,1.15E+00,1.53E+01,0.00E+00,0.00E+00,2.06E+01,4.46E+01,0.00E+00,2.46E+01,1.37E+01,0.00E+00,1.33E+07,1.24E+08,3.42E+06,3.19E+07,3.83E+01,1.50E+00,8.64E+01,0.00E+00,1.01E-01,0.00E+00,9.42E-03,0.00E+00,1.07E-01,0.00E+00,1.00E-02
816769560000,1.07E-01,9.33E+00,6.50E+08,4.07E+01,2.49E+09,4.23E+09,1.74E+09,1.00E+02,1.07E-01,1.00E-02,5.50E+01,5.90E-02,5.50E-03,1.45E+01,1.99E+00,2.30E+01,3.07E+04,2.52E+06,2.35E+07,5.81E+05,5.42E+06,1.01E+00,2.18E+01,1.19E+00,1.00E+02,1.98E+07,1.85E+08,1.04E+00,1.85E+01,0.00E+00,0.00E+00,1.14E+01,4.50E+01,0.00E+00,2.11E+01,1.02E+01,0.00E+00,2.07E+07,1.93E+08,2.54E+06,2.37E+07,3.14E+01,5.77E-04,4.92E+01,0.00E+00,1.07E-01,0.00E+00,1.00E-02,0.00E+00,5.90E-02,0.00E+00,5.50E-03
816769570000,1.07E-01,9.33E+00,6.50E+08,2.15E+01,1.17E+09,2.24E+09,1.07E+09,8.88E+01,9.52E-02,8.88E-03,5.10E+01,5.47E-02,5.10E-03,3.90E+00,2.56E+00,1.28E+01,4.41E+02,6.80E+05,6.34E+06,8.72E+04,8.13E+05,1.10E+00,0.00E+00,5.32E-01,1.00E+02,1.21E+07,1.12E+08,1.47E+00,2.20E+01,0.00E+00,0.00E+00,3.91E+01,6.25E+01,0.00E+00,6.20E+01,4.21E+00,0.00E+00,1.77E+07,1.65E+08,7.50E+05,7.00E+06,6.62E+01,6.22E-01,5.67E+01,0.00E+00,9.52E-02,0.00E+00,8.88E-03,0.00E+00,5.47E-02,0.00E+00,5.10E-03
816769580000,1.07E-01,9.33E+00,6.50E+08,1.48E+01,5.73E+08,1.54E+09,9.68E+08,9.49E+01,1.02E-01,9.49E-03,0.00E+00,0.00E+00,0.00E+00,0.00E+00,,,,0.00E+00,0.00E+00,0.00E+00,0.00E+00,,0.00E+00,2.90E-01,1.00E+02,1.29E+07,1.21E+08,1.00E+00,6.02E+00,0.00E+00,0.00E+00,6.06E+01,,0.00E+00,7.02E+01,0.00E+00,0.00E+00,1.29E+07,1.21E+08,0.00E+00,0.00E+00,7.02E+01,9.24E-01,5.06E+01,0.00E+00,1.02E-01,0.00E+00,9.49E-03,0.00E+00,0.00E+00,0.00E+00,0.00E+00
816769590000,1.06E-01,9.39E+00,6.50E+08,1.52E+01,5.90E+08,1.58E+09,9.91E+08,9.60E+01,1.02E-01,9.60E-03,2.10E+00,2.23E-03,2.10E-04,4.51E-04,3.63E+02,1.00E+02,1.50E+00,7.80E+01,7.33E+02,7.80E+01,7.33E+02,2.00E+00,0.00E+00,2.92E-01,1.00E+02,1.29E+07,1.21E+08,1.00E+00,6.07E+00,0.00E+00,0.00E+00,6.06E+01,6.13E+01,0.00E+00,7.07E+01,8.64E-04,0.00E+00,1.29E+07,1.21E+08,1.56E+02,1.47E+03,7.07E+01,7.50E-01,5.04E+01,0.00E+00,1.02E-01,0.00E+00,9.60E-03,0.00E+00,2.23E-03,0.00E+00,2.10E-04
816769600000,9.13E-02,1.10E+01,6.50E+08,1.71E+01,6.70E+08,1.78E+09,1.11E+09,9.49E+01,8.66E-02,9.49E-03,2.14E+01,1.95E-02,2.14E-03,2.30E-01,8.53E+00,8.99E+01,6.46E+01,3.41E+04,3.73E+05,3.06E+04,3.36E+05,1.71E+00,0.00E+00,2.85E-01,1.00E+02,1.08E+07,1.19E+08,1.00E+00,5.99E+00,0.00E+00,0.00E+00,6.06E+01,2.83E+01,0.00E+00,6.91E+01,1.73E-01,0.00E+00,1.08E+07,1.19E+08,5.82E+04,6.37E+05,6.93E+01,1.41E+00,5.11E+01,0.00E+00,8.66E-02,0.00E+00,9.49E-03,0.00E+00,1.95E-02,0.00E+00,2.14E-03
816769610000,9.13E-02,1.10E+01,6.50E+08,1.71E+01,6.35E+08,1.78E+09,1.15E+09,9.56E+01,8.73E-02,9.56E-03,2.52E+01,2.30E-02,2.52E-03,1.40E+00,2.06E+00,8.87E+01,2.34E+02,2.08E+05,2.27E+06,1.84E+05,2.02E+06,1.56E+00,0.00E+00,2.88E-01,1.00E+02,1.09E+07,1.20E+08,1.00E+00,6.02E+00,0.00E+00,0.00E+00,6.06E+01,2.91E+01,0.00E+00,6.98E+01,9.97E-01,0.00E+00,1.09E+07,1.20E+08,3.25E+05,3.56E+06,7.08E+01,8.00E-01,5.01E+01,0.00E+00,8.73E-02,0.00E+00,9.56E-03,0.00E+00,2.30E-02,0.00E+00,2.52E-03
816769620000,9.13E-02,1.10E+01,6.50E+08,3.39E+01,2.13E+09,3.53E+09,1.40E+09,4.85E+01,4.43E-02,4.85E-03,0.00E+00,0.00E+00,0.00E+00,1.11E+01,2.05E+00,3.64E+01,3.12E+04,1.64E+06,1.80E+07,5.98E+05,6.55E+06,1.01E+00,0.00E+00,4.50E-01,1.00E+02,1.43E+07,1.57E+08,1.07E+00,1.01E+01,0.00E+00,0.00E+00,2.45E+01,4.41E+01,0.00E+00,3.96E+01,7.69E+00,0.00E+00,1.53E+07,1.68E+08,1.66E+06,1.81E+07,4.73E+01,4.51E-01,7.46E+01,0.00E+00,4.43E-02,0.00E+00,4.85E-03,0.00E+00,0.00E+00,0.00E+00,0.00E+00
816769630000,9.13E-02,1.10E+01,6.50E+08,4.85E+01,3.47E+09,5.05E+09,1.58E+09,0.00E+00,0.00E+00,0.00E+00,0.00E+00,0.00E+00,0.00E+00,2.35E+01,2.05E+00,3.64E+01,3.12E+04,3.48E+06,3.81E+07,1.27E+06,1.39E+07,1.01E+00,1.37E+01,6.75E-01,1.00E+02,8.97E+06,9.82E+07,1.23E+00,1.56E+01,0.00E+00,0.00E+00,9.99E+00,4.41E+01,0.00E+00,1.16E+01,1.63E+01,0.00E+00,1.11E+07,1.21E+08,3.51E+06,3.85E+07,2.79E+01,6.38E-02,9.76E+01,0.00E+00,0.00E+00,0.00E+00,0.00E+00,0.00E+00,0.00E+00,0.00E+00,0.00E+00
816769640000,9.13E-02,1.10E+01,6.50E+08,4.26E+01,2.94E+09,4.43E+09,1.49E+09,2.51E+01,2.29E-02,2.51E-03,4.35E+01,3.98E-02,4.35E-03,2.02E+01,2.12E+00,3.76E+01,2.98E+04,2.99E+06,3.28E+07,1.13E+06,1.23E+07,1.01E+00,1.14E+00,5.61E-01,1.00E+02,8.98E+06,9.84E+07,1.17E+00,1.28E+01,0.00E+00,0.00E+00,2.13E+01,4.42E+01,0.00E+00,2.36E+01,1.40E+01,0.00E+00,1.05E+07,1.15E+08,3.02E+06,3.30E+07,3.77E+01,1.23E+00,8.95E+01,0.00E+00,2.29E-02,0.00E+00,2.51E-03,0.00E+00,3.98E-02,0.00E+00,4.35E-03
816769650000,9.13E-02,1.10E+01,6.50E+08,4.55E+01,2.74E+09,4.73E+09,1.99E+09,9.80E+01,8.95E-02,9.80E-03,1.00E+02,9.13E-02,1.00E-02,2.19E+01,1.99E+00,4.55E+01,3.37E+04,3.25E+06,3.56E+07,1.48E+06,1.62E+07,1.01E+00,1.09E+01,8.22E-01,1.00E+02,1.35E+07,1.48E+08,1.03E+00,1.44E+01,0.00E+00,0.00E+00,2.00E+01,4.50E+01,0.00E+00,2.93E+01,1.55E+01,0.00E+00,1.39E+07,1.52E+08,3.28E+06,3.59E+07,4.48E+01,1.12E+00,8.22E+01,0.00E+00,8.95E-02,0.00E+00,9.80E-03,0.00E+00,9.13E-02,0.00E+00,1.00E-02
816769660000,9.13E-02,1.10E+01,6.50E+08,4.03E+01,2.55E+09,4.20E+09,1.65E+09,9.62E+01,8.78E-02,9.62E-03,9.56E+01,8.73E-02,9.56E-03,1.85E+01,1.99E+00,3.27E+01,4.07E+03,2.74E+06,3.00E+07,8.95E+05,9.80E+06,1.02E+00,4.66E+00,8.63E-01,1.00E+02,1.23E+07,1.34E+08,1.27E+00,3.51E+01,0.00E+00,0.00E+00,2.43E+01,4.72E+01,0.00E+00,4.00E+01,1.39E+01,0.00E+00,1.56E+07,1.71E+08,2.79E+06,3.06E+07,5.39E+01,7.59E-03,8.19E+01,0.00E+00,8.78E-02,0.00E+00,9.62E-03,0.00E+00,8.73E-02,0.00E+00,9.56E-03
816769670000,9.13E-02,1.10E+01,6.50E+08,1.75E+01,8.25E+08,1.82E+09,9.95E+08,8.99E+01,8.21E-02,8.99E-03,3.54E+01,3.23E-02,3.54E-03,1.00E+00,3.75E+00,9.25E+00,1.90E+02,1.49E+05,1.63E+06,1.38E+04,1.51E+05,1.22E+00,0.00E+00,3.31E-01,1.00E+02,1.02E+07,1.11E+08,1.12E+00,1.30E+01,0.00E+00,0.00E+00,5.63E+01,8.09E+01,0.00E+00,6.73E+01,1.55E+00,0.00E+00,1.13E+07,1.24E+08,1.82E+05,1.99E+06,6.88E+01,1.20E+00,5.38E+01,0.00E+00,8.21E-02,0.00E+00,8.99E-03,0.00E+00,3.23E-02,0.00E+00,3.54E-03
816769680000,9.13E-02,1.10E+01,6.50E+08,1.50E+01,5.79E+08,1.56E+09,9.77E+08,9.50E+01,8.67E-02,9.50E-03,0.00E+00,0.00E+00,0.00E+00,6.69E-05,3.63E+02,1.00E+02,1.50E+00,9.92E+00,1.09E+02,9.92E+00,1.09E+02,2.00E+00,0.00E+00,2.92E-01,1.00E+02,1.11E+07,1.21E+08,1.00E+00,6.08E+00,0.00E+00,0.00E+00,6.06E+01,6.13E+01,0.00E+00,7.07E+01,1.28E-04,0.00E+00,1.11E+07,1.21E+08,1.98E+01,2.17E+02,7.07E+01,8.09E-01,5.05E+01,0.00E+00,8.67E-02,0.00E+00,9.50E-03,0.00E+00,0.00E+00,0.00E+00,0.00E+00
816769690000,8.29E-02,1.21E+01,6.50E+08,1.72E+01,6.89E+08,1.79E+09,1.10E+09,9.58E+01,7.95E-02,9.58E-03,2.46E+01,2.04E-02,2.46E-03,4.28E-03,3.63E+02,1.00E+02,1.50E+00,5.77E+02,6.96E+03,5.77E+02,6.96E+03,2.00E+00,0.00E+00,2.85E-01,1.00E+02,9.84E+06,1.19E+08,1.00E+00,6.00E+00,0.00E+00,0.00E+00,6.06E+01,6.13E+01,0.00E+00,6.91E+01,8.20E-03,0.00E+00,9.84E+06,1.19E+08,1.15E+03,1.39E+04,6.91E+01,1.09E+00,5.03E+01,0.00E+00,7.95E-02,0.00E+00,9.58E-03,0.00E+00,2.04E-02,0.00E+00,2.46E-03
816769700000,8.22E-02,1.22E+01,6.50E+08,1.87E+01,7.92E+08,1.94E+09,1.15E+09,9.43E+01,7.75E-02,9.43E-03,1.48E+01,1.21E-02,1.48E-03,1.53E+00,1.88E+00,6.28E+01,5.22E+02,2.05E+05,2.49E+06,1.29E+05,1.56E+06,1.44E+00,0.00E+00,2.76E-01,1.00E+02,1.17E+07,1.43E+08,1.00E+00,5.74E+00,0.00E+00,0.00E+00,4.95E+01,2.97E+01,0.00E+00,6.79E+01,1.03E+00,0.00E+00,1.17E+07,1.43E+08,2.96E+05,3.60E+06,6.90E+01,1.08E+00,5.24E+01,0.00E+00,7.75E-02,0.00E+00,9.43E-03,0.00E+00,1.21E-02,0.00E+00,1.48E-03
816769710000,8.22E-02,1.22E+01,6.50E+08,2.83E+01,1.64E+09,2.94E+09,1.31E+09,9.47E+01,7.78E-02,9.47E-03,0.00E+00,0.00E+00,0.00E+00,1.13E+01,2.06E+00,6.26E+01,2.80E+04,1.51E+06,1.84E+07,9.47E+05,1.15E+07,1.01E+00,0.00E+00,2.57E-01,1.00E+02,8.32E+06,1.01E+08,1.01E+00,5.60E+00,0.00E+00,0.00E+00,5.86E+01,4.41E+01,0.00E+00,5.74E+01,7.87E+00,0.00E+00,8.38E+06,1.02E+08,1.53E+06,1.86E+07,6.53E+01,3.99E+00,6.65E+01,0.00E+00,7.78E-02,0.00E+00,9.47E-03,0.00E+00,0.00E+00,0.00E+00,0.00E+00
816769720000,8.22E-02,1.22E+01,6.50E+08,4.84E+01,3.42E+09,5.04E+09,1.62E+09,1.00E+02,8.22E-02,1.00E-02,0.00E+00,0.00E+00,0.00E+00,2.34E+01,2.09E+00,3.44E+01,3.26E+04,3.12E+06,3.80E+07,1.08E+06,1.31E+07,1.01E+00,1.18E+01,6.78E-01,1.00E+02,8.32E+06,1.01E+08,1.23E+00,1.83E+01,0.00E+00,0.00E+00,1.02E+01,4.42E+01,0.00E+00,1.22E+01,1.63E+01,0.00E+00,1.02E+07,1.24E+08,3.15E+06,3.83E+07,2.85E+01,3.78E-02,9.82E+01,0.00E+00,8.22E-02,0.00E+00,1.00E-02,0.00E+00,0.00E+00,0.00E+00,0.00E+00
816769730000,8.22E-02,1.22E+01,6.50E+08,4.84E+01,3.42E+09,5.04E+09,1.62E+09,1.00E+02,8.22E-02,1.00E-02,5.09E+01,4.18E-02,5.09E-03,2.34E+01,2.09E+00,3.44E+01,3.26E+04,3.12E+06,3.80E+07,1.08E+06,1.31E+07,1.01E+00,1.18E+01,6.78E-01,1.00E+02,8.32E+06,1.01E+08,1.23E+00,1.83E+01,0.00E+00,0.00E+00,1.02E+01,4.42E+01,0.00E+00,1.22E+01,1.63E+01,0.00E+00,1.02E+07,1.24E+08,3.15E+06,3.83E+07,2.85E+01,3.78E-02,9.82E+01,0.00E+00,8.22E-02,0.00E+00,1.00E-02,0.00E+00,4.18E-02,0.00E+00,5.09E-03
816769740000,8.22E-02,1.22E+01,6.50E+08,4.54E+01,2.89E+09,4.72E+09,1.83E+09,9.40E+01,7.72E-02,9.40E-03,1.00E+02,8.22E-02,1.00E-02,2.29E+01,1.99E+00,3.28E+01,3.33E+04,3.06E+06,3.73E+07,1.01E+06,1.22E+07,1.01E+00,1.47E+01,8.83E-01,1.00E+02,1.24E+07,1.51E+08,1.04E+00,1.41E+01,0.00E+00,0.00E+00,1.96E+01,4.49E+01,0.00E+00,2.95E+01,1.62E+01,0.00E+00,1.29E+07,1.57E+08,3.09E+06,3.76E+07,4.57E+01,9.08E-01,8.38E+01,0.00E+00,7.72E-02,0.00E+00,9.40E-03,0.00E+00,8.22E-02,0.00E+00,1.00E-02
816769750000,8.22E-02,1.22E+01,6.50E+08,3.90E+01,2.49E+09,4.06E+09,1.57E+09,8.77E+01,7.21E-02,8.77E-03,8.75E+01,7.19E-02,8.75E-03,1.84E+01,2.19E+00,2.40E+01,2.02E+03,2.46E+06,3.00E+07,5.90E+05,7.18E+06,1.03E+00,1.19E+01,8.69E-01,1.00E+02,1.14E+07,1.39E+08,1.14E+00,2.58E+01,0.00E+00,0.00E+00,2.37E+01,4.96E+01,0.00E+00,3.63E+01,1.47E+01,0.00E+00,1.31E+07,1.59E+08,2.54E+06,3.09E+07,5.10E+01,2.86E-01,7.92E+01,0.00E+00,7.21E-02,0.00E+00,8.77E-03,0.00E+00,7.19E-02,0.00E+00,8.75E-03
816769760000,8.22E-02,1.22E+01,6.50E+08,1.53E+01,6.25E+08,1.59E+09,9.64E+08,9.54E+01,7.84E-02,9.54E-03,2.29E+01,1.88E-02,2.29E-03,1.18E-03,1.00E+00,1.00E+02,1.00E+00,1.57E+02,1.91E+03,1.57E+02,1.91E+03,2.00E+00,0.00E+00,2.74E-01,1.00E+02,9.35E+06,1.14E+08,1.00E+00,5.75E+00,0.00E+00,0.00E+00,6.06E+01,4.80E+01,0.00E+00,6.63E+01,1.76E-03,0.00E+00,9.35E+06,1.14E+08,3.14E+02,3.82E+03,6.63E+01,2.62E+00,5.22E+01,0.00E+00,7.84E-02,0.00E+00,9.54E-03,0.00E+00,1.88E-02,0.00E+00,2.29E-03
816769770000,8.75E-02,1.14E+01,6.50E+08,1.54E+01,6.11E+08,1.61E+09,9.94E+08,7.21E+01,6.31E-02,7.21E-03,1.50E+01,1.32E-02,1.50E-03,2.42E-03,3.63E+02,1.00E+02,1.50E+00,3.44E+02,3.93E+03,3.44E+02,3.93E+03,2.00E+00,0.00E+00,2.73E-01,1.00E+02,9.93E+06,1.13E+08,1.00E+00,5.74E+00,0.00E+00,0.00E+00,6.06E+01,6.13E+01,0.00E+00,6.61E+01,4.63E-03,0.00E+00,9.93E+06,1.13E+08,6.88E+02,7.86E+03,6.61E+01,2.82E+00,5.24E+01,0.00E+00,6.31E-02,0.00E+00,7.21E-03,0.00E+00,1.32E-02,0.00E+00,1.50E-03
816769780000,9.01E-02,1.11E+01,6.50E+08,1.87E+01,9.24E+08,1.94E+09,1.02E+09,9.52E+01,8.58E-02,9.52E-03,3.90E+01,3.52E-02,3.90E-03,2.98E+00,2.46E+00,3.80E+01,2.11E+03,4.36E+05,4.84E+06,1.66E+05,1.84E+06,1.02E+00,0.00E+00,2.62E-01,1.00E+02,9.83E+06,1.09E+08,1.00E+00,5.53E+00,0.00E+00,0.00E+00,6.06E+01,4.41E+01,0.00E+00,6.35E+01,2.08E+00,0.00E+00,9.83E+06,1.09E+08,4.43E+05,4.92E+06,6.56E+01,3.56E+00,5.64E+01,0.00E+00,8.58E-02,0.00E+00,9.52E-03,0.00E+00,3.52E-02,0.00E+00,3.90E-03
816769790000,9.01E-02,1.11E+01,6.50E+08,2.78E+01,1.52E+09,2.89E+09,1.38E+09,9.43E+01,8.50E-02,9.43E-03,1.00E+02,9.01E-02,1.00E-02,1.12E+01,1.97E+00,7.80E+01,3.76E+04,1.64E+06,1.82E+07,1.28E+06,1.42E+07,1.01E+00,0.00E+00,2.41E-01,1.00E+02,9.05E+06,1.00E+08,1.00E+00,5.18E+00,0.00E+00,0.00E+00,6.06E+01,4.40E+01,0.00E+00,5.84E+01,7.77E+00,0.00E+00,9.05E+06,1.00E+08,1.66E+06,1.84E+07,6.62E+01,4.13E+00,6.63E+01,0.00E+00,8.50E-02,0.00E+00,9.43E-03,0.00E+00,9.01E-02,0.00E+00,1.00E-02
816769800000,9.01E-02,1.11E+01,6.50E+08,2.58E+01,1.62E+09,2.68E+09,1.06E+09,9.62E+01,8.68E-02,9.62E-03,1.00E+02,9.01E-02,1.00E-02,1.22E+01,2.25E+00,2.96E+01,3.37E+04,1.78E+06,1.98E+07,5.28E+05,5.86E+06,1.01E+00,0.00E+00,2.44E-01,1.00E+02,9.17E+06,1.02E+08,1.00E+00,5.17E+00,0.00E+00,0.00E+00,6.06E+01,4.40E+01,0.00E+00,5.92E+01,8.44E+00,0.00E+00,9.17E+06,1.02E+08,1.80E+06,1.99E+07,6.77E+01,3.74E+00,6.67E+01,0.00E+00,8.68E-02,0.00E+00,9.62E-03,0.00E+00,9.01E-02,0.00E+00,1.00E-02
816769810000,9.01E-02,1.11E+01,6.50E+08,3.08E+01,2.05E+09,3.20E+09,1.15E+09,5.25E+01,4.73E-02,5.25E-03,1.00E+02,9.01E-02,1.00E-02,1.05E+01,2.22E+00,1.98E+01,3.50E+04,1.54E+06,1.71E+07,3.06E+05,3.39E+06,1.01E+00,0.00E+00,5.23E-01,1.00E+02,9.98E+06,1.11E+08,1.11E+00,8.88E+00,0.00E+00,0.00E+00,3.29E+01,4.40E+01,0.00E+00,3.90E+01,7.30E+00,0.00E+00,1.11E+07,1.23E+08,1.56E+06,1.73E+07,4.63E+01,2.94E+00,7.82E+01,0.00E+00,4.73E-02,0.00E+00,5.25E-03,0.00E+00,9.01E-02,0.00E+00,1.00E-02
816769820000,9.01E-02,1.11E+01,6.50E+08,3.69E+01,2.49E+09,3.84E+09,1.35E+09,0.00E+00,0.00E+00,0.00E+00,1.01E+01,9.07E-03,1.01E-03,8.55E+00,2.81E+00,9.74E+00,3.40E+04,1.25E+06,1.39E+07,1.22E+05,1.35E+06,1.01E+00,1.62E+01,8.91E-01,1.00E+02,1.14E+07,1.27E+08,1.23E+00,1.39E+01,0.00E+00,0.00E+00,1.04E+01,4.40E+01,0.00E+00,1.56E+01,5.92E+00,0.00E+00,1.40E+07,1.55E+08,1.26E+06,1.40E+07,2.15E+01,6.87E-03,9.16E+01,0.00E+00,0.00E+00,0.00E+00,0.00E+00,0.00E+00,9.07E-03,0.00E+00,1.01E-03
816769830000,9.01E-02,1.11E+01,6.50E+08,3.25E+01,2.10E+09,3.38E+09,1.28E+09,7.25E+01,6.53E-02,7.25E-03,0.00E+00,0.00E+00,0.00E+00,1.59E+01,2.10E+00,3.31E+01,5.68E+03,2.33E+06,2.58E+07,7.72E+05,8.56E+06,1.02E+00,2.21E+01,6.47E-01,1.00E+02,8.64E+06,9.58E+07,1.09E+00,8.28E+00,0.00E+00,0.00E+00,1.11E+01,4.64E+01,0.00E+00,1.11E+01,1.17E+01,0.00E+00,9.45E+06,1.05E+08,2.36E+06,2.62E+07,2.28E+01,6.64E-03,6.42E+01,0.00E+00,6.53E-02,0.00E+00,7.25E-03,0.00E+00,0.00E+00,0.00E+00,0.00E+00
816769840000,9.01E-02,1.11E+01,6.50E+08,3.08E+01,1.95E+09,3.20E+09,1.25E+09,2.27E+01,2.05E-02,2.27E-03,7.39E+01,6.66E-02,7.39E-03,1.87E+01,2.06E+00,3.72E+01,4.96E+03,2.74E+06,3.04E+07,1.02E+06,1.13E+07,1.02E+00,2.57E+01,5.53E-01,1.00E+02,7.58E+06,8.40E+07,1.02E+00,6.16E+00,0.00E+00,0.00E+00,1.15E+01,4.68E+01,0.00E+00,9.47E+00,1.39E+01,0.00E+00,7.71E+06,8.56E+07,2.78E+06,3.09E+07,2.34E+01,6.56E-03,5.37E+01,0.00E+00,2.05E-02,0.00E+00,2.27E-03,0.00E+00,6.66E-02,0.00E+00,7.39E-03
816769850000,9.01E-02,1.11E+01,6.50E+08,2.90E+01,1.78E+09,3.01E+09,1.23E+09,1.41E+01,1.27E-02,1.41E-03,9.02E+01,8.13E-02,9.02E-03,1.60E+01,2.06E+00,3.72E+01,4.28E+03,2.35E+06,2.61E+07,8.75E+05,9.70E+06,1.02E+00,1.58E+01,5.16E-01,1.00E+02,8.02E+06,8.90E+07,1.01E+00,6.13E+00,0.00E+00,0.00E+00,2.07E+01,4.68E+01,0.00E+00,1.79E+01,1.19E+01,0.00E+00,8.14E+06,9.03E+07,2.39E+06,2.65E+07,2.99E+01,1.69E-01,5.33E+01,0.00E+00,1.27E-02,0.00E+00,1.41E-03,0.00E+00,8.13E-02,0.00E+00,9.02E-03
816769860000,9.59E-02,1.04E+01,6.50E+08,1.82E+01,7.49E+08,1.89E+09,1.14E+09,9.49E+01,9.11E-02,9.49E-03,3.62E+01,3.47E-02,3.62E-03,5.00E-03,2.97E+02,1.00E+02,1.38E+00,7.79E+02,8.12E+03,7.79E+02,8.12E+03,2.00E+00,0.00E+00,2.87E-01,1.00E+02,1.14E+07,1.19E+08,1.00E+00,6.05E+00,0.00E+00,0.00E+00,6.06E+01,5.89E+01,0.00E+00,6.94E+01,9.20E-03,0.00E+00,1.14E+07,1.19E+08,1.56E+03,1.62E+04,6.95E+01,1.20E+00,5.09E+01,0.00E+00,9.11E-02,0.00E+00,9.49E-03,0.00E+00,3.47E-02,0.00E+00,3.62E-03
816769870000,9.90E-02,1.01E+01,6.50E+08,2.52E+01,1.41E+09,2.62E+09,1.21E+09,9.52E+01,9.42E-02,9.52E-03,8.02E+01,7.94E-02,8.02E-03,8.92E+00,2.01E+00,5.89E+01,2.06E+04,1.43E+06,1.45E+07,8.45E+05,8.53E+06,1.01E+00,0.00E+00,2.53E-01,1.00E+02,1.04E+07,1.05E+08,1.00E+00,5.33E+00,0.00E+00,0.00E+00,6.06E+01,4.40E+01,0.00E+00,6.13E+01,6.19E+00,0.00E+00,1.04E+07,1.05E+08,1.45E+06,1.46E+07,6.75E+01,3.45E+00,6.25E+01,0.00E+00,9.42E-02,0.00E+00,9.52E-03,0.00E+00,7.94E-02,0.00E+00,8.02E-03
816769880000,9.90E-02,1.01E+01,6.50E+08,2.62E+01,1.57E+09,2.73E+09,1.16E+09,9.46E+01,9.36E-02,9.46E-03,1.00E+02,9.90E-02,1.00E-02,1.20E+01,1.93E+00,4.57E+01,3.40E+04,1.93E+06,1.95E+07,8.84E+05,8.93E+06,1.01E+00,0.00E+00,2.44E-01,1.00E+02,1.00E+07,1.02E+08,1.00E+00,5.18E+00,0.00E+00,0.00E+00,6.06E+01,4.40E+01,0.00E+00,5.91E+01,8.34E+00,0.00E+00,1.00E+07,1.02E+08,1.95E+06,1.97E+07,6.75E+01,3.71E+00,6.66E+01,0.00E+00,9.36E-02,0.00E+00,9.46E-03,0.00E+00,9.90E-02,0.00E+00,1.00E-02
816769890000,9.90E-02,1.01E+01,6.50E+08,2.63E+01,1.67E+09,2.73E+09,1.07E+09,9.61E+01,9.51E-02,9.61E-03,1.00E+02,9.90E-02,1.00E-02,1.20E+01,2.18E+00,3.18E+01,3.38E+04,1.92E+06,1.94E+07,6.11E+05,6.18E+06,1.01E+00,0.00E+00,2.41E-01,1.00E+02,9.93E+06,1.00E+08,1.00E+00,5.09E+00,0.00E+00,0.00E+00,6.06E+01,4.40E+01,0.00E+00,5.84E+01,8.29E+00,0.00E+00,9.93E+06,1.00E+08,1.94E+06,1.96E+07,6.67E+01,4.35E+00,6.69E+01,0.00E+00,9.51E-02,0.00E+00,9.61E-03,0.00E+00,9.90E-02,0.00E+00,1.00E-02
816769900000,9.90E-02,1.01E+01,6.50E+08,2.45E+01,1.68E+09,2.55E+09,8.70E+08,9.51E+01,9.41E-02,9.51E-03,1.00E+02,9.90E-02,1.00E-02,1.19E+01,2.37E+00,8.06E+00,3.33E+04,1.92E+06,1.94E+07,1.55E+05,1.56E+06,1.01E+00,0.00E+00,2.41E-01,1.00E+02,9.94E+06,1.00E+08,1.00E+00,5.08E+00,0.00E+00,0.00E+00,6.06E+01,4.40E+01,0.00E+00,5.85E+01,8.28E+00,0.00E+00,9.94E+06,1.00E+08,1.94E+06,1.96E+07,6.68E+01,4.38E+00,6.71E+01,0.00E+00,9.41E-02,0.00E+00,9.51E-03,0.00E+00,9.90E-02,0.00E+00,1.00E-02
816769910000,9.90E-02,1.01E+01,6.50E+08,2.52E+01,1.42E+09,2.62E+09,1.20E+09,9.63E+01,9.53E-02,9.63E-03,3.17E+01,3.14E-02,3.17E-03,2.99E+00,2.98E+00,3.33E+01,3.85E+04,4.81E+05,4.86E+06,1.60E+05,1.62E+06,1.00E+00,0.00E+00,5.81E-01,1.00E+02,1.20E+07,1.21E+08,1.11E+00,9.70E+00,0.00E+00,0.00E+00,3.25E+01,4.40E+01,0.00E+00,4.22E+01,2.05E+00,0.00E+00,1.34E+07,1.35E+08,4.81E+05,4.86E+06,4.43E+01,2.23E+00,6.97E+01,0.00E+00,9.53E-02,0.00E+00,9.63E-03,0.00E+00,3.14E-02,0.00E+00,3.17E-03
816769920000,9.90E-02,1.01E+01,6.50E+08,3.21E+01,1.92E+09,3.34E+09,1.41E+09,1.00E+02,9.90E-02,1.00E-02,0.00E+00,0.00E+00,0.00E+00,0.00E+00,,,,0.00E+00,0.00E+00,0.00E+00,0.00E+00,,1.70E+01,9.98E-01,1.00E+02,1.40E+07,1.41E+08,1.22E+00,1.52E+01,0.00E+00,0.00E+00,1.06E+01,,0.00E+00,1.75E+01,0.00E+00,0.00E+00,1.70E+07,1.72E+08,0.00E+00,0.00E+00,1.75E+01,3.65E-04,8.40E+01,0.00E+00,9.90E-02,0.00E+00,1.00E-02,0.00E+00,0.00E+00,0.00E+00,0.00E+00
816769930000,9.90E-02,1.01E+01,6.50E+08,3.03E+01,1.91E+09,3.15E+09,1.24E+09,9.69E+01,9.59E-02,9.69E-03,0.00E+00,0.00E+00,0.00E+00,1.65E+01,2.06E+00,3.66E+01,4.96E+03,2.66E+06,2.69E+07,9.73E+05,9.83E+06,1.02E+00,2.33E+01,5.81E-01,1.00E+02,8.75E+06,8.85E+07,1.05E+00,6.86E+00,0.00E+00,0.00E+00,1.14E+01,4.68E+01,0.00E+00,1.01E+01,1.23E+01,0.00E+00,9.16E+06,9.26E+07,2.71E+06,2.73E+07,2.24E+01,4.86E-03,5.83E+01,0.00E+00,9.59E-02,0.00E+00,9.69E-03,0.00E+00,0.00E+00,0.00E+00,0.00E+00
816769940000,9.90E-02,1.01E+01,6.50E+08,3.01E+01,1.91E+09,3.13E+09,1.22E+09,2.53E+00,2.50E-03,2.53E-04,9.43E+01,9.34E-02,9.43E-03,1.84E+01,2.06E+00,3.66E+01,4.96E+03,2.95E+06,2.99E+07,1.08E+06,1.09E+07,1.02E+00,2.46E+01,5.34E-01,1.00E+02,8.18E+06,8.26E+07,1.01E+00,5.93E+00,0.00E+00,0.00E+00,1.16E+01,4.68E+01,0.00E+00,9.32E+00,1.37E+01,0.00E+00,8.29E+06,8.38E+07,3.00E+06,3.04E+07,2.30E+01,5.36E-03,5.54E+01,0.00E+00,2.50E-03,0.00E+00,2.53E-04,0.00E+00,9.34E-02,0.00E+00,9.43E-03
816769950000,9.90E-02,1.01E+01,6.50E+08,2.63E+01,1.58E+09,2.74E+09,1.16E+09,2.61E+01,2.59E-02,2.61E-03,8.35E+01,8.26E-02,8.35E-03,1.34E+01,2.06E+00,3.66E+01,3.79E+03,2.15E+06,2.17E+07,7.86E+05,7.94E+06,1.02E+00,5.12E+00,4.61E-01,1.00E+02,8.91E+06,9.01E+07,1.01E+00,5.83E+00,0.00E+00,0.00E+00,2.77E+01,4.68E+01,0.00E+00,2.42E+01,9.94E+00,0.00E+00,8.99E+06,9.09E+07,2.18E+06,2.21E+07,3.42E+01,7.79E-01,5.43E+01,0.00E+00,2.59E-02,0.00E+00,2.61E-03,0.00E+00,8.26E-02,0.00E+00,8.35E-03
816769960000,1.04E-01,9.62E+00,6.50E+08,1.69E+01,6.84E+08,1.76E+09,1.07E+09,7.34E+01,7.63E-02,7.34E-03,3.90E+01,4.06E-02,3.90E-03,4.72E-03,3.18E+02,1.00E+02,1.41E+00,7.97E+02,7.67E+03,7.97E+02,7.67E+03,2.00E+00,0.00E+00,2.69E-01,1.00E+02,1.17E+07,1.12E+08,1.00E+00,5.68E+00,0.00E+00,0.00E+00,6.06E+01,5.97E+01,0.00E+00,6.52E+01,8.80E-03,0.00E+00,1.17E+07,1.12E+08,1.59E+03,1.53E+04,6.52E+01,2.80E+00,5.19E+01,0.00E+00,7.63E-02,0.00E+00,7.34E-03,0.00E+00,4.06E-02,0.00E+00,3.90E-03
816769970000,1.06E-01,9.48E+00,6.50E+08,2.42E+01,1.38E+09,2.52E+09,1.14E+09,9.32E+01,9.84E-02,9.32E-03,8.57E+01,9.04E-02,8.57E-03,9.26E+00,2.02E+00,6.03E+01,2.10E+04,1.59E+06,1.51E+07,9.58E+05,9.08E+06,1.01E+00,0.00E+00,2.26E-01,1.00E+02,9.92E+06,9.40E+07,1.00E+00,4.82E+00,0.00E+00,0.00E+00,6.06E+01,4.41E+01,0.00E+00,5.48E+01,6.44E+00,0.00E+00,9.92E+06,9.40E+07,1.60E+06,1.52E+07,6.12E+01,6.63E+00,6.74E+01,0.00E+00,9.84E-02,0.00E+00,9.32E-03,0.00E+00,9.04E-02,0.00E+00,8.57E-03
816769980000,1.06E-01,9.48E+00,6.50E+08,2.48E+01,1.48E+09,2.58E+09,1.10E+09,9.54E+01,1.01E-01,9.54E-03,1.00E+02,1.06E-01,1.00E-02,1.13E+01,1.93E+00,4.65E+01,3.44E+04,1.94E+06,1.84E+07,9.01E+05,8.54E+06,1.01E+00,0.00E+00,2.31E-01,1.00E+02,1.01E+07,9.61E+07,1.00E+00,4.93E+00,0.00E+00,0.00E+00,6.06E+01,4.40E+01,0.00E+00,5.59E+01,7.83E+00,0.00E+00,1.01E+07,9.61E+07,1.95E+06,1.85E+07,6.38E+01,5.48E+00,6.80E+01,0.00E+00,1.01E-01,0.00E+00,9.54E-03,0.00E+00,1.06E-01,0.00E+00,1.00E-02
816769990000,1.06E-01,9.48E+00,6.50E+08,2.53E+01,1.61E+09,2.63E+09,1.02E+09,9.39E+01,9.91E-02,9.39E-03,1.00E+02,1.06E-01,1.00E-02,1.15E+01,2.10E+00,3.28E+01,3.56E+04,1.98E+06,1.88E+07,6.50E+05,6.16E+06,1.01E+00,0.00E+00,2.29E-01,1.00E+02,1.01E+07,9.54E+07,1.00E+00,4.87E+00,0.00E+00,0.00E+00,6.06E+01,4.40E+01,0.00E+00,5.55E+01,8.00E+00,0.00E+00,1.01E+07,9.54E+07,2.00E+06,1.89E+07,6.35E+01,5.90E+00,6.83E+01,0.00E+00,9.91E-02,0.00E+00,9.39E-03,0.00E+00,1.06E-01,0.00E+00,1.00E-02
816770000000,1.06E-01,9.48E+00,6.50E+08,2.46E+01,1.67E+09,2.56E+09,8.87E+08,9.54E+01,1.01E-01,9.54E-03,1.00E+02,1.06E-01,1.00E-02,1.21E+01,2.64E+00,8.03E+00,2.99E+04,2.07E+06,1.96E+07,1.66E+05,1.58E+06,1.01E+00,0.00E+00,2.44E-01,1.00E+02,1.07E+07,1.02E+08,1.00E+00,5.11E+00,0.00E+00,0.00E+00,6.06E+01,4.40E+01,0.00E+00,5.92E+01,8.38E+00,0.00E+00,1.07E+07,1.02E+08,2.09E+06,1.98E+07,6.76E+01,4.06E+00,6.65E+01,0.00E+00,1.01E-01,0.00E+00,9.54E-03,0.00E+00,1.06E-01,0.00E+00,1.00E-02
816770010000,1.06E-01,9.48E+00,6.50E+08,2.47E+01,1.40E+09,2.57E+09,1.17E+09,6.35E+01,6.70E-02,6.35E-03,3.70E+01,3.91E-02,3.70E-03,3.63E+00,3.05E+00,2.49E+01,7.27E+04,6.23E+05,5.90E+06,1.55E+05,1.47E+06,1.00E+00,0.00E+00,5.08E-01,1.00E+02,1.28E+07,1.21E+08,1.08E+00,9.08E+00,0.00E+00,0.00E+00,3.86E+01,4.40E+01,0.00E+00,4.88E+01,2.50E+00,0.00E+00,1.39E+07,1.32E+08,6.24E+05,5.91E+06,5.13E+01,1.82E+00,6.71E+01,0.00E+00,6.70E-02,0.00E+00,6.35E-03,0.00E+00,3.91E-02,0.00E+00,3.70E-03
816770020000,1.06E-01,9.48E+00,6.50E+08,3.24E+01,1.94E+09,3.37E+09,1.43E+09,0.00E+00,0.00E+00,0.00E+00,0.00E+00,0.00E+00,0.00E+00,0.00E+00,,,,0.00E+00,0.00E+00,0.00E+00,0.00E+00,,1.59E+01,9.94E-01,1.00E+02,1.51E+07,1.43E+08,1.22E+00,1.61E+01,0.00E+00,0.00E+00,1.06E+01,,0.00E+00,1.78E+01,0.00E+00,0.00E+00,1.83E+07,1.74E+08,0.00E+00,0.00E+00,1.78E+01,2.99E-04,8.56E+01,0.00E+00,0.00E+00,0.00E+00,0.00E+00,0.00E+00,0.00E+00,0.00E+00,0.00E+00
816770030000,1.06E-01,9.48E+00,6.50E+08,3.04E+01,1.91E+09,3.16E+09,1.25E+09,8.14E+01,8.59E-02,8.14E-03,0.00E+00,0.00E+00,0.00E+00,1.48E+01,2.06E+00,3.66E+01,4.96E+03,2.54E+06,2.41E+07,9.31E+05,8.82E+06,1.02E+00,2.20E+01,6.17E-01,1.00E+02,9.85E+06,9.33E+07,1.07E+00,7.75E+00,0.00E+00,0.00E+00,1.13E+01,4.68E+01,0.00E+00,1.08E+01,1.10E+01,0.00E+00,1.06E+07,1.00E+08,2.59E+06,2.45E+07,2.19E+01,3.61E-03,6.13E+01,0.00E+00,8.59E-02,0.00E+00,8.14E-03,0.00E+00,0.00E+00,0.00E+00,0.00E+00
816770040000,1.06E-01,9.48E+00,6.50E+08,2.99E+01,1.90E+09,3.11E+09,1.21E+09,1.13E+01,1.19E-02,1.13E-03,8.53E+01,9.00E-02,8.53E-03,1.82E+01,2.06E+00,3.66E+01,4.96E+03,3.13E+06,2.96E+07,1.14E+06,1.08E+07,1.02E+00,2.46E+01,5.30E-01,1.00E+02,8.65E+06,8.20E+07,1.01E+00,5.84E+00,0.00E+00,0.00E+00,1.16E+01,4.68E+01,0.00E+00,9.25E+00,1.36E+01,0.00E+00,8.77E+06,8.31E+07,3.18E+06,3.01E+07,2.28E+01,4.37E-03,5.57E+01,0.00E+00,1.19E-02,0.00E+00,1.13E-03,0.00E+00,9.00E-02,0.00E+00,8.53E-03
816770050000,1.06E-01,9.48E+00,6.50E+08,2.77E+01,1.70E+09,2.88E+09,1.18E+09,1.67E+01,1.76E-02,1.67E-03,8.83E+01,9.32E-02,8.83E-03,1.52E+01,2.06E+00,3.66E+01,4.29E+03,2.61E+06,2.47E+07,9.53E+05,9.03E+06,1.02E+00,1.32E+01,4.87E-01,1.00E+02,9.18E+06,8.70E+07,1.01E+00,5.82E+00,0.00E+00,0.00E+00,2.20E+01,4.68E+01,0.00E+00,1.86E+01,1.13E+01,0.00E+00,9.28E+06,8.79E+07,2.65E+06,2.51E+07,2.99E+01,4.63E-01,5.51E+01,0.00E+00,1.76E-02,0.00E+00,1.67E-03,0.00E+00,9.32E-02,0.00E+00,8.83E-03
816770060000,1.04E-01,9.64E+00,6.50E+08,1.57E+01,6.38E+08,1.63E+09,9.91E+08,9.43E+01,9.79E-02,9.43E-03,2.26E+01,2.34E-02,2.26E-03,2.09E-03,2.01E+02,1.00E+02,1.23E+00,3.52E+02,3.39E+03,3.52E+02,3.39E+03,2.00E+00,0.00E+00,2.72E-01,1.00E+02,1.17E+07,1.13E+08,1.00E+00,5.73E+00,0.00E+00,0.00E+00,6.06E+01,5.54E+01,0.00E+00,6.59E+01,3.61E-03,0.00E+00,1.17E+07,1.13E+08,7.04E+02,6.79E+03,6.59E+01,2.76E+00,5.22E+01,0.00E+00,9.79E-02,0.00E+00,9.43E-03,0.00E+00,2.34E-02,0.00E+00,2.26E-03
816770070000,9.80E-02,1.02E+01,6.50E+08,2.02E+01,1.02E+09,2.10E+09,1.08E+09,9.42E+01,9.23E-02,9.42E-03,1.96E+01,1.92E-02,1.96E-03,4.19E+00,2.26E+00,4.88E+01,1.86E+03,6.67E+05,6.80E+06,3.26E+05,3.32E+06,1.01E+00,0.00E+00,2.53E-01,1.00E+02,1.03E+07,1.05E+08,1.00E+00,5.36E+00,0.00E+00,0.00E+00,6.06E+01,4.41E+01,0.00E+00,6.13E+01,2.93E+00,0.00E+00,1.03E+07,1.05E+08,6.77E+05,6.90E+06,6.42E+01,4.38E+00,5.98E+01,0.00E+00,9.23E-02,0.00E+00,9.42E-03,0.00E+00,1.92E-02,0.00E+00,1.96E-03
816770080000,9.80E-02,1.02E+01,6.50E+08,2.56E+01,1.41E+09,2.67E+09,1.26E+09,9.39E+01,9.21E-02,9.39E-03,0.00E+00,0.00E+00,0.00E+00,1.08E+01,2.01E+00,7.44E+01,3.21E+04,1.71E+06,1.75E+07,1.27E+06,1.30E+07,1.01E+00,0.00E+00,2.20E-01,1.00E+02,8.96E+06,9.14E+07,1.00E+00,4.76E+00,0.00E+00,0.00E+00,6.06E+01,4.40E+01,0.00E+00,5.32E+01,7.45E+00,0.00E+00,8.96E+06,9.14E+07,1.73E+06,1.76E+07,6.07E+01,6.74E+00,6.91E+01,0.00E+00,9.21E-02,0.00E+00,9.39E-03,0.00E+00,0.00E+00,0.00E+00,0.00E+00
816770090000,9.80E-02,1.02E+01,6.50E+08,2.44E+01,1.54E+09,2.54E+09,9.98E+08,9.44E+01,9.25E-02,9.44E-03,0.00E+00,0.00E+00,0.00E+00,1.14E+01,2.21E+00,2.93E+01,3.29E+04,1.82E+06,1.86E+07,5.35E+05,5.46E+06,1.01E+00,0.00E+00,2.31E-01,1.00E+02,9.40E+06,9.59E+07,1.00E+00,4.88E+00,0.00E+00,0.00E+00,6.06E+01,4.40E+01,0.00E+00,5.58E+01,7.93E+00,0.00E+00,9.40E+06,9.59E+07,1.84E+06,1.87E+07,6.38E+01,5.87E+00,6.82E+01,0.00E+00,9.25E-02,0.00E+00,9.44E-03,0.00E+00,0.00E+00,0.00E+00,0.00E+00
816770100000,9.80E-02,1.02E+01,6.50E+08,2.49E+01,1.66E+09,2.59E+09,9.31E+08,9.50E+01,9.31E-02,9.50E-03,0.00E+00,0.00E+00,0.00E+00,1.20E+01,2.17E+00,1.64E+01,3.35E+04,1.91E+06,1.95E+07,3.12E+05,3.19E+06,1.01E+00,0.00E+00,2.41E-01,1.00E+02,9.81E+06,1.00E+08,1.00E+00,5.06E+00,0.00E+00,0.00E+00,6.06E+01,4.40E+01,0.00E+00,5.83E+01,8.30E+00,0.00E+00,9.81E+06,1.00E+08,1.92E+06,1.96E+07,6.66E+01,4.54E+00,6.70E+01,0.00E+00,9.31E-02,0.00E+00,9.50E-03,0.00E+00,0.00E+00,0.00E+00,0.00E+00
816770110000,9.80E-02,1.02E+01,6.50E+08,2.63E+01,1.71E+09,2.73E+09,1.02E+09,9.62E+01,9.43E-02,9.62E-03,0.00E+00,0.00E+00,0.00E+00,9.42E+00,2.67E+00,1.21E+01,3.83E+04,1.50E+06,1.53E+07,1.81E+05,1.85E+06,1.01E+00,0.00E+00,3.86E-01,1.00E+02,1.05E+07,1.07E+08,1.06E+00,7.25E+00,0.00E+00,0.00E+00,4.53E+01,4.40E+01,0.00E+00,4.93E+01,6.52E+00,0.00E+00,1.11E+07,1.13E+08,1.51E+06,1.54E+07,5.58E+01,4.53E+00,7.11E+01,0.00E+00,9.43E-02,0.00E+00,9.62E-03,0.00E+00,0.00E+00,0.00E+00,0.00E+00
816770120000,9.80E-02,1.02E+01,6.50E+08,3.31E+01,1.97E+09,3.44E+09,1.47E+09,1.00E+02,9.80E-02,1.00E-02,0.00E+00,0.00E+00,0.00E+00,4.60E-02,2.40E+01,3.03E+01,,7.32E+03,7.47E+04,2.22E+03,2.26E+04,7.21E-01,1.59E+01,1.01E+00,1.00E+02,1.42E+07,1.45E+08,1.22E+00,1.66E+01,0.00E+00,0.00E+00,1.06E+01,4.27E+01,0.00E+00,1.80E+01,2.21E-02,0.00E+00,1.73E+07,1.76E+08,5.28E+03,5.39E+04,1.80E+01,4.67E-04,8.53E+01,0.00E+00,9.80E-02,0.00E+00,1.00E-02,0.00E+00,0.00E+00,0.00E+00,0.00E+00
816770130000,9.80E-02,1.02E+01,6.50E+08,3.07E+01,1.91E+09,3.19E+09,1.28E+09,9.70E+01,9.50E-02,9.70E-03,0.00E+00,0.00E+00,0.00E+00,1.26E+01,2.08E+00,3.66E+01,4.97E+03,2.01E+06,2.05E+07,7.34E+05,7.49E+06,1.02E+00,2.07E+01,6.71E-01,1.00E+02,9.85E+06,1.00E+08,1.10E+00,9.15E+00,0.00E+00,0.00E+00,1.11E+01,4.68E+01,0.00E+00,1.18E+01,9.37E+00,0.00E+00,1.09E+07,1.11E+08,2.04E+06,2.08E+07,2.12E+01,2.17E-03,6.49E+01,0.00E+00,9.50E-02,0.00E+00,9.70E-03,0.00E+00,0.00E+00,0.00E+00,0.00E+00
816770140000,9.80E-02,1.02E+01,6.50E+08,2.96E+01,1.88E+09,3.08E+09,1.20E+09,2.33E+01,2.28E-02,2.33E-03,7.36E+01,7.21E-02,7.36E-03,1.81E+01,2.06E+00,3.66E+01,4.96E+03,2.88E+06,2.93E+07,1.05E+06,1.07E+07,1.02E+00,2.46E+01,5.25E-01,1.00E+02,7.96E+06,8.12E+07,1.01E+00,5.89E+00,0.00E+00,0.00E+00,1.16E+01,4.68E+01,0.00E+00,9.16E+00,1.34E+01,0.00E+00,8.07E+06,8.23E+07,2.92E+06,2.98E+07,2.26E+01,2.91E-03,5.61E+01,0.00E+00,2.28E-02,0.00E+00,2.33E-03,0.00E+00,7.21E-02,0.00E+00,7.36E-03
816770150000,9.80E-02,1.02E+01,6.50E+08,2.93E+01,1.85E+09,3.05E+09,1.20E+09,2.34E+00,2.29E-03,2.34E-04,9.64E+01,9.45E-02,9.64E-03,1.76E+01,2.06E+00,3.66E+01,4.87E+03,2.81E+06,2.87E+07,1.03E+06,1.05E+07,1.02E+00,2.31E+01,5.19E-01,1.00E+02,8.03E+06,8.19E+07,1.01E+00,5.89E+00,0.00E+00,0.00E+00,1.31E+01,4.68E+01,0.00E+00,1.05E+01,1.31E+01,0.00E+00,8.14E+06,8.30E+07,2.86E+06,2.91E+07,2.36E+01,6.51E-02,5.60E+01,0.00E+00,2.29E-03,0.00E+00,2.34E-04,0.00E+00,9.45E-02,0.00E+00,9.64E-03
816770160000,9.87E-02,1.01E+01,6.50E+08,1.68E+01,6.99E+08,1.75E+09,1.05E+09,9.54E+01,9.41E-02,9.54E-03,4.14E+01,4.09E-02,4.14E-03,4.06E-03,2.43E+02,1.00E+02,1.29E+00,6.51E+02,6.59E+03,6.51E+02,6.59E+03,2.00E+00,0.00E+00,2.70E-01,1.00E+02,1.11E+07,1.12E+08,1.00E+00,5.71E+00,0.00E+00,0.00E+00,6.06E+01,5.69E+01,0.00E+00,6.54E+01,7.22E-03,0.00E+00,1.11E+07,1.12E+08,1.30E+03,1.32E+04,6.54E+01,2.81E+00,5.21E+01,0.00E+00,9.41E-02,0.00E+00,9.54E-03,0.00E+00,4.09E-02,0.00E+00,4.14E-03
816770170000,9.96E-02,1.00E+01,6.50E+08,2.10E+01,1.12E+09,2.19E+09,1.07E+09,9.43E+01,9.39E-02,9.43E-03,1.19E+01,1.19E-02,1.19E-03,5.75E+00,2.09E+00,5.09E+01,4.47E+03,9.31E+05,9.34E+06,4.73E+05,4.75E+06,1.01E+00,0.00E+00,2.46E-01,1.00E+02,1.02E+07,1.02E+08,1.00E+00,5.18E+00,0.00E+00,0.00E+00,6.06E+01,4.41E+01,0.00E+00,5.95E+01,4.00E+00,0.00E+00,1.02E+07,1.02E+08,9.41E+05,9.45E+06,6.35E+01,5.08E+00,6.19E+01,0.00E+00,9.39E-02,0.00E+00,9.43E-03,0.00E+00,1.19E-02,0.00E+00,1.19E-03
816770180000,9.96E-02,1.00E+01,6.50E+08,2.53E+01,1.41E+09,2.63E+09,1.22E+09,9.45E+01,9.42E-02,9.45E-03,0.00E+00,0.00E+00,0.00E+00,1.06E+01,1.97E+00,7.04E+01,3.25E+04,1.72E+06,1.73E+07,1.21E+06,1.22E+07,1.01E+00,0.00E+00,2.22E-01,1.00E+02,9.18E+06,9.21E+07,1.00E+00,4.78E+00,0.00E+00,0.00E+00,6.06E+01,4.40E+01,0.00E+00,5.37E+01,7.37E+00,0.00E+00,9.18E+06,9.21E+07,1.74E+06,1.74E+07,6.10E+01,6.73E+00,6.88E+01,0.00E+00,9.42E-02,0.00E+00,9.45E-03,0.00E+00,0.00E+00,0.00E+00,0.00E+00
816770190000,9.96E-02,1.00E+01,6.50E+08,2.53E+01,1.61E+09,2.63E+09,1.01E+09,9.51E+01,9.47E-02,9.51E-03,0.00E+00,0.00E+00,0.00E+00,1.15E+01,2.24E+00,2.62E+01,3.71E+04,1.86E+06,1.87E+07,4.88E+05,4.89E+06,1.01E+00,0.00E+00,2.41E-01,1.00E+02,9.98E+06,1.00E+08,1.00E+00,5.07E+00,0.00E+00,0.00E+00,6.06E+01,4.40E+01,0.00E+00,5.83E+01,7.95E+00,0.00E+00,9.98E+06,1.00E+08,1.87E+06,1.88E+07,6.63E+01,4.70E+00,6.63E+01,0.00E+00,9.47E-02,0.00E+00,9.51E-03,0.00E+00,0.00E+00,0.00E+00,0.00E+00
816770200000,9.96E-02,1.00E+01,6.50E+08,2.49E+01,1.66E+09,2.59E+09,9.25E+08,9.51E+01,9.48E-02,9.51E-03,0.00E+00,0.00E+00,0.00E+00,1.19E+01,2.17E+00,1.63E+01,3.12E+04,1.93E+06,1.94E+07,3.16E+05,3.17E+06,1.01E+00,0.00E+00,2.39E-01,1.00E+02,9.92E+06,9.96E+07,1.00E+00,5.02E+00,0.00E+00,0.00E+00,6.06E+01,4.40E+01,0.00E+00,5.80E+01,8.28E+00,0.00E+00,9.92E+06,9.96E+07,1.95E+06,1.96E+07,6.63E+01,4.75E+00,6.72E+01,0.00E+00,9.48E-02,0.00E+00,9.51E-03,0.00E+00,0.00E+00,0.00E+00,0.00E+00
816770210000,9.96E-02,1.00E+01,6.50E+08,2.40E+01,1.47E+09,2.50E+09,1.03E+09,9.53E+01,9.50E-02,9.53E-03,0.00E+00,0.00E+00,0.00E+00,8.03E+00,3.01E+00,1.42E+01,4.12E+04,1.30E+06,1.30E+07,1.84E+05,1.85E+06,1.01E+00,0.00E+00,3.32E-01,1.00E+02,1.09E+07,1.09E+08,1.03E+00,6.47E+00,0.00E+00,0.00E+00,5.23E+01,4.40E+01,0.00E+00,5.66E+01,5.54E+00,0.00E+00,1.12E+07,1.12E+08,1.31E+06,1.31E+07,6.21E+01,3.32E+00,6.52E+01,0.00E+00,9.50E-02,0.00E+00,9.53E-03,0.00E+00,0.00E+00,0.00E+00,0.00E+00
816770220000,9.96E-02,1.00E+01,6.50E+08,3.25E+01,1.94E+09,3.38E+09,1.44E+09,1.00E+02,9.96E-02,1.00E-02,0.00E+00,0.00E+00,0.00E+00,0.00E+00,,,,0.00E+00,0.00E+00,0.00E+00,0.00E+00,,1.59E+01,9.97E-01,1.00E+02,1.43E+07,1.43E+08,1.22E+00,1.62E+01,0.00E+00,0.00E+00,1.06E+01,,0.00E+00,1.78E+01,0.00E+00,0.00E+00,1.74E+07,1.74E+08,0.00E+00,0.00E+00,1.78E+01,4.22E-04,8.51E+01,0.00E+00,9.96E-02,0.00E+00,1.00E-02,0.00E+00,0.00E+00,0.00E+00,0.00E+00
816770230000,9.96E-02,1.00E+01,6.50E+08,3.12E+01,1.93E+09,3.25E+09,1.32E+09,9.69E+01,9.66E-02,9.69E-03,0.00E+00,0.00E+00,0.00E+00,1.10E+01,2.06E+00,3.66E+01,5.60E+03,1.78E+06,1.78E+07,6.50E+05,6.52E+06,1.02E+00,1.97E+01,7.26E-01,1.00E+02,1.07E+07,1.08E+08,1.12E+00,1.01E+01,0.00E+00,0.00E+00,1.10E+01,4.67E+01,0.00E+00,1.28E+01,8.13E+00,0.00E+00,1.21E+07,1.21E+08,1.80E+06,1.81E+07,2.10E+01,3.12E-03,6.74E+01,0.00E+00,9.66E-02,0.00E+00,9.69E-03,0.00E+00,0.00E+00,0.00E+00,0.00E+00
816770240000,9.96E-02,1.00E+01,6.50E+08,3.03E+01,1.92E+09,3.15E+09,1.23E+09,3.32E+01,3.30E-02,3.32E-03,6.38E+01,6.36E-02,6.38E-03,1.85E+01,2.06E+00,3.66E+01,5.60E+03,3.00E+06,3.01E+07,1.10E+06,1.10E+07,1.02E+00,2.46E+01,5.39E-01,1.00E+02,8.30E+06,8.33E+07,1.01E+00,5.89E+00,0.00E+00,0.00E+00,1.16E+01,4.67E+01,0.00E+00,9.40E+00,1.37E+01,0.00E+00,8.41E+06,8.45E+07,3.05E+06,3.06E+07,2.31E+01,4.97E-03,5.53E+01,0.00E+00,3.30E-02,0.00E+00,3.32E-03,0.00E+00,6.36E-02,0.00E+00,6.38E-03
816770250000,9.96E-02,1.00E+01,6.50E+08,3.03E+01,1.92E+09,3.15E+09,1.23E+09,0.00E+00,0.00E+00,0.00E+00,9.88E+01,9.85E-02,9.88E-03,1.85E+01,2.06E+00,3.66E+01,5.60E+03,3.00E+06,3.01E+07,1.10E+06,1.10E+07,1.02E+00,2.46E+01,5.39E-01,1.00E+02,8.30E+06,8.33E+07,1.01E+00,5.89E+00,0.00E+00,0.00E+00,1.16E+01,4.67E+01,0.00E+00,9.40E+00,1.37E+01,0.00E+00,8.41E+06,8.45E+07,3.05E+06,3.06E+07,2.31E+01,4.97E-03,5.53E+01,0.00E+00,0.00E+00,0.00E+00,0.00E+00,0.00E+00,9.85E-02,0.00E+00,9.88E-03
816770260000,1.02E-01,9.83E+00,6.50E+08,1.72E+01,7.23E+08,1.79E+09,1.06E+09,9.41E+01,9.57E-02,9.41E-03,4.80E+01,4.89E-02,4.80E-03,2.52E-01,1.46E+01,3.78E+01,6.86E+01,4.17E+04,4.10E+05,1.57E+04,1.55E+05,1.03E+00,0.00E+00,2.70E-01,1.00E+02,1.12E+07,1.10E+08,1.00E+00,5.67E+00,0.00E+00,0.00E+00,6.01E+01,4.71E+01,0.00E+00,6.37E+01,1.92E-01,0.00E+00,1.12E+07,1.10E+08,4.31E+04,4.24E+05,6.39E+01,3.03E+00,5.20E+01,0.00E+00,9.57E-02,0.00E+00,9.41E-03,0.00E+00,4.89E-02,0.00E+00,4.80E-03
816770270000,1.04E-01,9.59E+00,6.50E+08,2.28E+01,1.27E+09,2.37E+09,1.10E+09,9.52E+01,9.93E-02,9.52E-03,5.40E+00,5.63E-03,5.40E-04,7.86E+00,2.15E+00,5.49E+01,8.17E+03,1.33E+06,1.28E+07,7.32E+05,7.01E+06,1.01E+00,0.00E+00,2.30E-01,1.00E+02,9.99E+06,9.58E+07,1.00E+00,4.93E+00,0.00E+00,0.00E+00,6.06E+01,4.40E+01,0.00E+00,5.58E+01,5.46E+00,0.00E+00,9.99E+06,9.58E+07,1.35E+06,1.29E+07,6.12E+01,6.62E+00,6.52E+01,0.00E+00,9.93E-02,0.00E+00,9.52E-03,0.00E+00,5.63E-03,0.00E+00,5.40E-04
816770280000,1.04E-01,9.59E+00,6.50E+08,2.42E+01,1.40E+09,2.52E+09,1.12E+09,9.33E+01,9.73E-02,9.33E-03,0.00E+00,0.00E+00,0.00E+00,1.07E+01,1.88E+00,5.79E+01,3.74E+04,1.82E+06,1.75E+07,1.05E+06,1.01E+07,1.01E+00,0.00E+00,2.20E-01,1.00E+02,9.54E+06,9.15E+07,1.00E+00,4.73E+00,0.00E+00,0.00E+00,6.06E+01,4.40E+01,0.00E+00,5.33E+01,7.45E+00,0.00E+00,9.54E+06,9.15E+07,1.84E+06,1.76E+07,6.07E+01,7.07E+00,6.91E+01,0.00E+00,9.73E-02,0.00E+00,9.33E-03,0.00E+00,0.00E+00,0.00E+00,0.00E+00
816770290000,1.04E-01,9.59E+00,6.50E+08,2.36E+01,1.50E+09,2.45E+09,9.49E+08,6.79E+01,7.09E-02,6.79E-03,0.00E+00,0.00E+00,0.00E+00,1.10E+01,2.19E+00,2.91E+01,3.28E+04,1.87E+06,1.79E+07,5.44E+05,5.21E+06,1.01E+00,0.00E+00,2.18E-01,1.00E+02,9.45E+06,9.06E+07,1.00E+00,4.63E+00,0.00E+00,0.00E+00,6.06E+01,4.40E+01,0.00E+00,5.28E+01,7.64E+00,0.00E+00,9.45E+06,9.06E+07,1.88E+06,1.80E+07,6.04E+01,7.55E+00,6.99E+01,0.00E+00,7.09E-02,0.00E+00,6.79E-03,0.00E+00,0.00E+00,0.00E+00,0.00E+00
816770300000,1.04E-01,9.59E+00,6.50E+08,2.30E+01,1.54E+09,2.39E+09,8.48E+08,9.39E+01,9.80E-02,9.39E-03,0.00E+00,0.00E+00,0.00E+00,1.14E+01,2.19E+00,1.45E+01,3.34E+04,1.93E+06,1.85E+07,2.80E+05,2.69E+06,1.01E+00,0.00E+00,2.23E-01,1.00E+02,9.66E+06,9.26E+07,1.00E+00,4.70E+00,0.00E+00,0.00E+00,6.06E+01,4.40E+01,0.00E+00,5.39E+01,7.87E+00,0.00E+00,9.66E+06,9.26E+07,1.94E+06,1.86E+07,6.18E+01,7.06E+00,6.94E+01,0.00E+00,9.80E-02,0.00E+00,9.39E-03,0.00E+00,0.00E+00,0.00E+00,0.00E+00
816770310000,1.04E-01,9.59E+00,6.50E+08,2.04E+01,1.20E+09,2.12E+09,9.16E+08,9.47E+01,9.88E-02,9.47E-03,0.00E+00,0.00E+00,0.00E+00,6.85E+00,3.03E+00,1.62E+01,4.13E+04,1.16E+06,1.11E+07,1.89E+05,1.81E+06,1.00E+00,0.00E+00,2.39E-01,1.00E+02,1.04E+07,9.95E+07,1.00E+00,5.06E+00,0.00E+00,0.00E+00,6.06E+01,4.40E+01,0.00E+00,5.79E+01,4.73E+00,0.00E+00,1.04E+07,9.95E+07,1.17E+06,1.12E+07,6.27E+01,5.85E+00,6.23E+01,0.00E+00,9.88E-02,0.00E+00,9.47E-03,0.00E+00,0.00E+00,0.00E+00,0.00E+00
816770320000,1.04E-01,9.59E+00,6.50E+08,2.62E+01,1.51E+09,2.73E+09,1.22E+09,9.88E+01,1.03E-01,9.88E-03,0.00E+00,0.00E+00,0.00E+00,0.00E+00,,,,0.00E+00,0.00E+00,0.00E+00,0.00E+00,,7.35E+00,7.71E-01,1.00E+02,1.32E+07,1.26E+08,1.18E+00,1.31E+01,0.00E+00,0.00E+00,1.86E+01,,0.00E+00,2.66E+01,0.00E+00,0.00E+00,1.55E+07,1.49E+08,0.00E+00,0.00E+00,2.66E+01,4.57E-01,7.84E+01,0.00E+00,1.03E-01,0.00E+00,9.88E-03,0.00E+00,0.00E+00,0.00E+00,0.00E+00
816770330000,1.04E-01,9.59E+00,6.50E+08,2.95E+01,1.78E+09,3.07E+09,1.29E+09,8.53E+01,8.90E-02,8.53E-03,0.00E+00,0.00E+00,0.00E+00,2.18E+00,2.06E+00,3.66E+01,5.60E+03,3.70E+05,3.55E+06,1.35E+05,1.30E+06,1.02E+00,1.66E+01,8.58E-01,1.00E+02,1.30E+07,1.24E+08,1.20E+00,1.39E+01,0.00E+00,0.00E+00,1.07E+01,4.67E+01,0.00E+00,1.53E+01,1.62E+00,0.00E+00,1.55E+07,1.49E+08,3.76E+05,3.60E+06,1.69E+01,5.31E-04,8.16E+01,0.00E+00,8.90E-02,0.00E+00,8.53E-03,0.00E+00,0.00E+00,0.00E+00,0.00E+00
816770340000,1.04E-01,9.59E+00,6.50E+08,3.08E+01,1.95E+09,3.20E+09,1.25E+09,0.00E+00,0.00E+00,0.00E+00,1.15E+01,1.20E-02,1.15E-03,1.88E+01,2.06E+00,3.66E+01,5.60E+03,3.19E+06,3.06E+07,1.17E+06,1.12E+07,1.02E+00,2.46E+01,5.47E-01,1.00E+02,8.83E+06,8.46E+07,1.01E+00,6.17E+00,0.00E+00,0.00E+00,1.16E+01,4.67E+01,0.00E+00,9.55E+00,1.39E+01,0.00E+00,8.95E+06,8.58E+07,3.24E+06,3.10E+07,2.35E+01,2.30E-03,5.29E+01,0.00E+00,0.00E+00,0.00E+00,0.00E+00,0.00E+00,1.20E-02,0.00E+00,1.15E-03
816770350000,1.04E-01,9.59E+00,6.50E+08,3.08E+01,1.95E+09,3.20E+09,1.25E+09,0.00E+00,0.00E+00,0.00E+00,1.00E+02,1.04E-01,1.00E-02,1.88E+01,2.06E+00,3.66E+01,5.60E+03,3.19E+06,3.06E+07,1.17E+06,1.12E+07,1.02E+00,2.46E+01,5.47E-01,1.00E+02,8.83E+06,8.46E+07,1.01E+00,6.17E+00,0.00E+00,0.00E+00,1.16E+01,4.67E+01,0.00E+00,9.55E+00,1.39E+01,0.00E+00,8.95E+06,8.58E+07,3.24E+06,3.10E+07,2.35E+01,2.30E-03,5.29E+01,0.00E+00,0.00E+00,0.00E+00,0.00E+00,0.00E+00,1.04E-01,0.00E+00,1.00E-02
816770360000,1.04E-01,9.58E+00,6.50E+08,2.32E+01,1.28E+09,2.41E+09,1.13E+09,5.26E+01,5.49E-02,5.26E-03,6.94E+01,7.24E-02,6.94E-03,8.46E+00,2.12E+00,3.66E+01,2.63E+03,1.43E+06,1.37E+07,5.25E+05,5.03E+06,1.02E+00,0.00E+00,3.96E-01,1.00E+02,1.05E+07,1.01E+08,1.01E+00,5.98E+00,0.00E+00,0.00E+00,4.19E+01,4.67E+01,0.00E+00,4.07E+01,6.27E+00,0.00E+00,1.05E+07,1.01E+08,1.46E+06,1.40E+07,4.70E+01,1.48E+00,5.26E+01,0.00E+00,5.49E-02,0.00E+00,5.26E-03,0.00E+00,7.24E-02,0.00E+00,6.94E-03
816770370000,1.05E-01,9.52E+00,6.50E+08,1.67E+01,6.65E+08,1.74E+09,1.07E+09,9.58E+01,1.01E-01,9.58E-03,2.15E+01,2.26E-02,2.15E-03,3.55E-03,3.59E+02,1.00E+02,1.49E+00,6.06E+02,5.76E+03,6.06E+02,5.76E+03,2.00E+00,0.00E+00,2.81E-01,1.00E+02,1.23E+07,1.17E+08,1.00E+00,5.91E+00,0.00E+00,0.00E+00,6.06E+01,6.12E+01,0.00E+00,6.82E+01,6.78E-03,0.00E+00,1.23E+07,1.17E+08,1.21E+03,1.15E+04,6.82E+01,1.43E+00,5.05E+01,0.00E+00,1.01E-01,0.00E+00,9.58E-03,0.00E+00,2.26E-02,0.00E+00,2.15E-03
816770380000,1.05E-01,9.52E+00,6.50E+08,2.53E+01,1.43E+09,2.63E+09,1.21E+09,9.43E+01,9.90E-02,9.43E-03,8.26E+01,8.68E-02,8.26E-03,9.53E+00,1.94E+00,6.20E+01,1.86E+04,1.63E+06,1.55E+07,1.01E+06,9.59E+06,1.01E+00,0.00E+00,2.44E-01,1.00E+02,1.07E+07,1.01E+08,1.00E+00,5.16E+00,0.00E+00,0.00E+00,6.06E+01,4.40E+01,0.00E+00,5.91E+01,6.61E+00,0.00E+00,1.07E+07,1.01E+08,1.64E+06,1.56E+07,6.57E+01,4.17E+00,6.51E+01,0.00E+00,9.90E-02,0.00E+00,9.43E-03,0.00E+00,8.68E-02,0.00E+00,8.26E-03
816770390000,1.05E-01,9.52E+00,6.50E+08,2.54E+01,1.52E+09,2.65E+09,1.13E+09,9.39E+01,9.86E-02,9.39E-03,1.00E+02,1.05E-01,1.00E-02,1.15E+01,1.98E+00,4.67E+01,3.27E+04,1.97E+06,1.88E+07,9.20E+05,8.76E+06,1.01E+00,0.00E+00,2.35E-01,1.00E+02,1.03E+07,9.80E+07,1.00E+00,5.00E+00,0.00E+00,0.00E+00,6.06E+01,4.40E+01,0.00E+00,5.70E+01,8.01E+00,0.00E+00,1.03E+07,9.80E+07,1.99E+06,1.89E+07,6.51E+01,4.76E+00,6.77E+01,0.00E+00,9.86E-02,0.00E+00,9.39E-03,0.00E+00,1.05E-01,0.00E+00,1.00E-02
816770400000,1.05E-01,9.52E+00,6.50E+08,2.60E+01,1.67E+09,2.71E+09,1.04E+09,9.48E+01,9.96E-02,9.48E-03,1.00E+02,1.05E-01,1.00E-02,1.17E+01,2.26E+00,2.90E+01,3.29E+04,2.00E+06,1.91E+07,5.81E+05,5.53E+06,1.01E+00,0.00E+00,2.39E-01,1.00E+02,1.05E+07,9.96E+07,1.00E+00,5.04E+00,0.00E+00,0.00E+00,6.06E+01,4.40E+01,0.00E+00,5.80E+01,8.14E+00,0.00E+00,1.05E+07,9.96E+07,2.02E+06,1.92E+07,6.61E+01,4.79E+00,6.72E+01,0.00E+00,9.96E-02,0.00E+00,9.48E-03,0.00E+00,1.05E-01,0.00E+00,1.00E-02
816770410000,1.05E-01,9.52E+00,6.50E+08,2.43E+01,1.66E+09,2.53E+09,8.71E+08,9.51E+01,9.99E-02,9.51E-03,1.00E+02,1.05E-01,1.00E-02,1.21E+01,2.50E+00,7.57E+00,3.36E+04,2.06E+06,1.96E+07,1.56E+05,1.48E+06,1.01E+00,0.00E+00,2.41E-01,1.00E+02,1.06E+07,1.00E+08,1.00E+00,5.07E+00,0.00E+00,0.00E+00,6.06E+01,4.40E+01,0.00E+00,5.85E+01,8.36E+00,0.00E+00,1.06E+07,1.00E+08,2.08E+06,1.98E+07,6.69E+01,4.46E+00,6.71E+01,0.00E+00,9.99E-02,0.00E+00,9.51E-03,0.00E+00,1.05E-01,0.00E+00,1.00E-02
816770420000,1.05E-01,9.52E+00,6.50E+08,3.12E+01,1.89E+09,3.25E+09,1.36E+09,2.31E+01,2.43E-02,2.31E-03,2.76E+01,2.90E-02,2.76E-03,2.92E+00,2.73E+00,3.03E+01,5.21E+04,4.98E+05,4.75E+06,1.51E+05,1.44E+06,1.00E+00,7.64E+00,8.05E-01,1.00E+02,1.38E+07,1.31E+08,1.18E+00,1.34E+01,0.00E+00,0.00E+00,1.83E+01,4.40E+01,0.00E+00,2.73E+01,2.01E+00,0.00E+00,1.62E+07,1.55E+08,5.00E+05,4.76E+06,2.93E+01,1.35E+00,8.10E+01,0.00E+00,2.43E-02,0.00E+00,2.31E-03,0.00E+00,2.90E-02,0.00E+00,2.76E-03
816770430000,1.05E-01,9.52E+00,6.50E+08,3.17E+01,1.91E+09,3.29E+09,1.38E+09,2.29E+01,2.40E-02,2.29E-03,0.00E+00,0.00E+00,0.00E+00,4.07E+00,2.22E+00,3.66E+01,5.64E+03,6.94E+05,6.61E+06,2.54E+05,2.42E+06,1.01E+00,1.71E+01,8.79E-01,1.00E+02,1.34E+07,1.28E+08,1.19E+00,1.37E+01,0.00E+00,0.00E+00,1.07E+01,4.67E+01,0.00E+00,1.57E+01,3.01E+00,0.00E+00,1.59E+07,1.52E+08,7.04E+05,6.70E+06,1.87E+01,1.12E-03,7.87E+01,0.00E+00,2.40E-02,0.00E+00,2.29E-03,0.00E+00,0.00E+00,0.00E+00,0.00E+00
816770440000,1.05E-01,9.52E+00,6.50E+08,2.90E+01,1.84E+09,3.01E+09,1.17E+09,7.21E+01,7.58E-02,7.21E-03,2.44E+01,2.57E-02,2.44E-03,1.76E+01,2.06E+00,3.66E+01,5.60E+03,3.01E+06,2.87E+07,1.10E+06,1.05E+07,1.02E+00,2.46E+01,5.13E-01,1.00E+02,8.34E+06,7.94E+07,1.01E+00,5.60E+00,0.00E+00,0.00E+00,1.16E+01,4.67E+01,0.00E+00,8.96E+00,1.31E+01,0.00E+00,8.45E+06,8.05E+07,3.06E+06,2.91E+07,2.20E+01,3.82E-03,5.63E+01,0.00E+00,7.58E-02,0.00E+00,7.21E-03,0.00E+00,2.57E-02,0.00E+00,2.44E-03
816770450000,1.05E-01,9.52E+00,6.50E+08,2.90E+01,1.84E+09,3.01E+09,1.17E+09,0.00E+00,0.00E+00,0.00E+00,1.00E+02,1.05E-01,1.00E-02,1.76E+01,2.06E+00,3.66E+01,5.60E+03,3.01E+06,2.87E+07,1.10E+06,1.05E+07,1.02E+00,2.46E+01,5.13E-01,1.00E+02,8.34E+06,7.94E+07,1.01E+00,5.60E+00,0.00E+00,0.00E+00,1.16E+01,4.67E+01,0.00E+00,8.96E+00,1.31E+01,0.00E+00,8.45E+06,8.05E+07,3.06E+06,2.91E+07,2.20E+01,3.82E-03,5.63E+01,0.00E+00,0.00E+00,0.00E+00,0.00E+00,0.00E+00,1.05E-01,0.00E+00,1.00E-02
816770460000,1.05E-01,9.52E+00,6.50E+08,2.27E+01,1.28E+09,2.36E+09,1.08E+09,4.70E+01,4.94E-02,4.70E-03,7.09E+01,7.45E-02,7.09E-03,8.92E+00,2.06E+00,3.66E+01,3.02E+03,1.52E+06,1.45E+07,5.58E+05,5.31E+06,1.02E+00,0.00E+00,3.92E-01,1.00E+02,9.99E+06,9.51E+07,1.01E+00,5.61E+00,0.00E+00,0.00E+00,3.97E+01,4.67E+01,0.00E+00,3.65E+01,6.62E+00,0.00E+00,1.00E+07,9.56E+07,1.55E+06,1.47E+07,4.31E+01,1.54E+00,5.43E+01,0.00E+00,4.94E-02,0.00E+00,4.70E-03,0.00E+00,7.45E-02,0.00E+00,7.09E-03
816770470000,1.02E-01,9.85E+00,6.50E+08,1.52E+01,5.99E+08,1.58E+09,9.81E+08,9.53E+01,9.68E-02,9.53E-03,1.40E+01,1.43E-02,1.40E-03,1.59E-03,3.50E+02,1.00E+02,1.47E+00,2.63E+02,2.59E+03,2.63E+02,2.59E+03,2.00E+00,0.00E+00,2.74E-01,1.00E+02,1.16E+07,1.14E+08,1.00E+00,5.73E+00,0.00E+00,0.00E+00,6.06E+01,6.09E+01,0.00E+00,6.63E+01,3.03E-03,0.00E+00,1.16E+07,1.14E+08,5.26E+02,5.17E+03,6.63E+01,2.52E+00,5.20E+01,0.00E+00,9.68E-02,0.00E+00,9.53E-03,0.00E+00,1.43E-02,0.00E+00,1.40E-03
816770480000,9.86E-02,1.01E+01,6.50E+08,1.56E+01,6.18E+08,1.62E+09,1.00E+09,9.53E+01,9.40E-02,9.53E-03,1.70E+01,1.67E-02,1.70E-03,2.67E-03,3.63E+02,1.00E+02,1.50E+00,4.27E+02,4.33E+03,4.27E+02,4.33E+03,2.00E+00,0.00E+00,2.72E-01,1.00E+02,1.12E+07,1.13E+08,1.00E+00,5.72E+00,0.00E+00,0.00E+00,6.06E+01,6.13E+01,0.00E+00,6.59E+01,5.11E-03,0.00E+00,1.12E+07,1.13E+08,8.54E+02,8.66E+03,6.59E+01,2.75E+00,5.22E+01,0.00E+00,9.40E-02,0.00E+00,9.53E-03,0.00E+00,1.67E-02,0.00E+00,1.70E-03
816770490000,9.86E-02,1.01E+01,6.50E+08,2.50E+01,1.43E+09,2.60E+09,1.17E+09,9.29E+01,9.16E-02,9.29E-03,0.00E+00,0.00E+00,0.00E+00,1.01E+01,1.97E+00,6.35E+01,2.43E+04,1.62E+06,1.64E+07,1.03E+06,1.04E+07,1.01E+00,0.00E+00,2.21E-01,1.00E+02,9.08E+06,9.21E+07,1.00E+00,4.74E+00,0.00E+00,0.00E+00,6.06E+01,4.40E+01,0.00E+00,5.36E+01,7.01E+00,0.00E+00,9.08E+06,9.21E+07,1.63E+06,1.65E+07,6.06E+01,6.83E+00,6.86E+01,0.00E+00,9.16E-02,0.00E+00,9.29E-03,0.00E+00,0.00E+00,0.00E+00,0.00E+00
816770500000,9.86E-02,1.01E+01,6.50E+08,2.56E+01,1.55E+09,2.66E+09,1.11E+09,9.48E+01,9.35E-02,9.48E-03,0.00E+00,0.00E+00,0.00E+00,1.18E+01,2.00E+00,4.05E+01,3.28E+04,1.88E+06,1.91E+07,7.63E+05,7.73E+06,1.01E+00,0.00E+00,2.41E-01,1.00E+02,9.90E+06,1.00E+08,1.00E+00,5.12E+00,0.00E+00,0.00E+00,6.06E+01,4.40E+01,0.00E+00,5.84E+01,8.15E+00,0.00E+00,9.90E+06,1.00E+08,1.90E+06,1.93E+07,6.66E+01,4.18E+00,6.70E+01,0.00E+00,9.35E-02,0.00E+00,9.48E-03,0.00E+00,0.00E+00,0.00E+00,0.00E+00
816770510000,9.86E-02,1.01E+01,6.50E+08,2.59E+01,1.67E+09,2.69E+09,1.03E+09,9.57E+01,9.43E-02,9.57E-03,0.00E+00,0.00E+00,0.00E+00,1.19E+01,2.16E+00,2.94E+01,3.43E+04,1.90E+06,1.93E+07,5.59E+05,5.67E+06,1.01E+00,0.00E+00,2.37E-01,1.00E+02,9.73E+06,9.87E+07,1.00E+00,5.01E+00,0.00E+00,0.00E+00,6.06E+01,4.40E+01,0.00E+00,5.75E+01,8.22E+00,0.00E+00,9.73E+06,9.87E+07,1.92E+06,1.94E+07,6.57E+01,4.83E+00,6.77E+01,0.00E+00,9.43E-02,0.00E+00,9.57E-03,0.00E+00,0.00E+00,0.00E+00,0.00E+00
816770520000,9.86E-02,1.01E+01,6.50E+08,3.37E+01,2.20E+09,3.51E+09,1.30E+09,9.76E+01,9.62E-02,9.76E-03,0.00E+00,0.00E+00,0.00E+00,8.25E+00,2.44E+00,1.46E+01,3.83E+04,1.32E+06,1.34E+07,1.92E+05,1.95E+06,1.01E+00,4.73E+00,7.42E-01,1.00E+02,1.25E+07,1.26E+08,1.17E+00,1.25E+01,0.00E+00,0.00E+00,2.07E+01,4.40E+01,0.00E+00,2.93E+01,5.71E+00,0.00E+00,1.45E+07,1.47E+08,1.33E+06,1.35E+07,3.50E+01,1.36E+00,8.43E+01,0.00E+00,9.62E-02,0.00E+00,9.76E-03,0.00E+00,0.00E+00,0.00E+00,0.00E+00
816770530000,9.86E-02,1.01E+01,6.50E+08,3.64E+01,2.37E+09,3.79E+09,1.42E+09,9.71E+01,9.58E-02,9.71E-03,0.00E+00,0.00E+00,0.00E+00,8.00E+00,2.59E+00,1.79E+01,1.46E+04,1.28E+06,1.30E+07,2.29E+05,2.32E+06,1.01E+00,1.65E+01,9.00E-01,1.00E+02,1.28E+07,1.30E+08,1.20E+00,1.44E+01,0.00E+00,0.00E+00,1.07E+01,4.47E+01,0.00E+00,1.61E+01,5.63E+00,0.00E+00,1.54E+07,1.56E+08,1.29E+06,1.31E+07,2.17E+01,2.21E-03,8.74E+01,0.00E+00,9.58E-02,0.00E+00,9.71E-03,0.00E+00,0.00E+00,0.00E+00,0.00E+00
816770540000,9.86E-02,1.01E+01,6.50E+08,2.88E+01,1.83E+09,3.00E+09,1.17E+09,8.19E+01,8.08E-02,8.19E-03,1.47E+01,1.45E-02,1.47E-03,1.75E+01,2.06E+00,3.66E+01,5.60E+03,2.81E+06,2.85E+07,1.03E+06,1.04E+07,1.02E+00,2.46E+01,5.11E-01,1.00E+02,7.79E+06,7.90E+07,1.01E+00,5.62E+00,0.00E+00,0.00E+00,1.16E+01,4.67E+01,0.00E+00,8.91E+00,1.30E+01,0.00E+00,7.89E+06,8.00E+07,2.86E+06,2.90E+07,2.19E+01,4.87E-04,5.70E+01,0.00E+00,8.08E-02,0.00E+00,8.19E-03,0.00E+00,1.45E-02,0.00E+00,1.47E-03
816770550000,9.86E-02,1.01E+01,6.50E+08,2.88E+01,1.83E+09,3.00E+09,1.17E+09,0.00E+00,0.00E+00,0.00E+00,1.00E+02,9.86E-02,1.00E-02,1.75E+01,2.06E+00,3.66E+01,5.60E+03,2.81E+06,2.85E+07,1.03E+06,1.04E+07,1.02E+00,2.46E+01,5.11E-01,1.00E+02,7.79E+06,7.90E+07,1.01E+00,5.62E+00,0.00E+00,0.00E+00,1.16E+01,4.67E+01,0.00E+00,8.91E+00,1.30E+01,0.00E+00,7.89E+06,8.00E+07,2.86E+06,2.90E+07,2.19E+01,4.87E-04,5.70E+01,0.00E+00,0.00E+00,0.00E+00,0.00E+00,0.00E+00,9.86E-02,0.00E+00,1.00E-02
816770560000,9.86E-02,1.01E+01,6.50E+08,2.42E+01,1.42E+09,2.52E+09,1.10E+09,3.60E+01,3.55E-02,3.60E-03,7.83E+01,7.72E-02,7.83E-03,1.10E+01,2.06E+00,3.66E+01,3.61E+03,1.77E+06,1.79E+07,6.47E+05,6.56E+06,1.02E+00,0.00E+00,4.22E-01,1.00E+02,9.03E+06,9.15E+07,1.01E+00,5.68E+00,0.00E+00,0.00E+00,3.38E+01,4.67E+01,0.00E+00,3.00E+01,8.18E+00,0.00E+00,9.09E+06,9.22E+07,1.80E+06,1.82E+07,3.82E+01,1.15E+00,5.54E+01,0.00E+00,3.55E-02,0.00E+00,3.60E-03,0.00E+00,7.72E-02,0.00E+00,7.83E-03
816770570000,1.01E-01,9.91E+00,6.50E+08,1.59E+01,6.40E+08,1.66E+09,1.02E+09,9.51E+01,9.60E-02,9.51E-03,2.20E+01,2.22E-02,2.20E-03,2.52E-03,3.15E+02,1.00E+02,1.41E+00,4.13E+02,4.09E+03,4.13E+02,4.09E+03,2.00E+00,0.00E+00,2.75E-01,1.00E+02,1.15E+07,1.14E+08,1.00E+00,5.78E+00,0.00E+00,0.00E+00,6.06E+01,5.96E+01,0.00E+00,6.65E+01,4.68E-03,0.00E+00,1.15E+07,1.14E+08,8.25E+02,8.18E+03,6.65E+01,2.55E+00,5.23E+01,0.00E+00,9.60E-02,0.00E+00,9.51E-03,0.00E+00,2.22E-02,0.00E+00,2.20E-03
816770580000,1.02E-01,9.79E+00,6.50E+08,1.60E+01,6.76E+08,1.66E+09,9.87E+08,9.44E+01,9.63E-02,9.44E-03,1.52E+01,1.55E-02,1.52E-03,6.41E-01,4.57E+00,4.12E+01,4.53E+02,1.06E+05,1.04E+06,4.38E+04,4.29E+05,1.02E+00,0.00E+00,2.69E-01,1.00E+02,1.14E+07,1.12E+08,1.00E+00,5.64E+00,0.00E+00,0.00E+00,6.06E+01,4.42E+01,0.00E+00,6.52E+01,4.52E-01,0.00E+00,1.14E+07,1.12E+08,1.08E+05,1.06E+06,6.56E+01,3.07E+00,5.33E+01,0.00E+00,9.63E-02,0.00E+00,9.44E-03,0.00E+00,1.55E-02,0.00E+00,1.52E-03
816770590000,1.02E-01,9.79E+00,6.50E+08,2.57E+01,1.47E+09,2.67E+09,1.21E+09,9.41E+01,9.61E-02,9.41E-03,0.00E+00,0.00E+00,0.00E+00,1.07E+01,1.93E+00,6.90E+01,2.89E+04,1.77E+06,1.73E+07,1.22E+06,1.20E+07,1.01E+00,0.00E+00,2.17E-01,1.00E+02,9.23E+06,9.04E+07,1.00E+00,4.70E+00,0.00E+00,0.00E+00,6.06E+01,4.40E+01,0.00E+00,5.26E+01,7.41E+00,0.00E+00,9.23E+06,9.04E+07,1.79E+06,1.75E+07,6.00E+01,7.23E+00,6.98E+01,0.00E+00,9.61E-02,0.00E+00,9.41E-03,0.00E+00,0.00E+00,0.00E+00,0.00E+00
816770600000,1.02E-01,9.79E+00,6.50E+08,2.46E+01,1.51E+09,2.56E+09,1.06E+09,9.37E+01,9.56E-02,9.37E-03,0.00E+00,0.00E+00,0.00E+00,1.15E+01,2.06E+00,3.72E+01,3.27E+04,1.90E+06,1.86E+07,7.07E+05,6.93E+06,1.01E+00,0.00E+00,2.33E-01,1.00E+02,9.91E+06,9.71E+07,1.00E+00,4.98E+00,0.00E+00,0.00E+00,6.06E+01,4.40E+01,0.00E+00,5.65E+01,7.95E+00,0.00E+00,9.91E+06,9.71E+07,1.92E+06,1.88E+07,6.45E+01,5.18E+00,6.78E+01,0.00E+00,9.56E-02,0.00E+00,9.37E-03,0.00E+00,0.00E+00,0.00E+00,0.00E+00
816770610000,1.02E-01,9.79E+00,6.50E+08,2.56E+01,1.66E+09,2.66E+09,1.00E+09,9.46E+01,9.65E-02,9.46E-03,0.00E+00,0.00E+00,0.00E+00,1.19E+01,2.23E+00,2.45E+01,3.33E+04,1.97E+06,1.93E+07,4.83E+05,4.73E+06,1.01E+00,0.00E+00,2.40E-01,1.00E+02,1.02E+07,9.98E+07,1.00E+00,5.06E+00,0.00E+00,0.00E+00,6.06E+01,4.40E+01,0.00E+00,5.81E+01,8.24E+00,0.00E+00,1.02E+07,9.98E+07,1.99E+06,1.95E+07,6.64E+01,4.50E+00,6.74E+01,0.00E+00,9.65E-02,0.00E+00,9.46E-03,0.00E+00,0.00E+00,0.00E+00,0.00E+00
816770620000,1.02E-01,9.79E+00,6.50E+08,3.05E+01,1.99E+09,3.17E+09,1.17E+09,9.75E+01,9.95E-02,9.75E-03,0.00E+00,0.00E+00,0.00E+00,8.21E+00,2.53E+00,1.14E+01,3.51E+04,1.36E+06,1.33E+07,1.56E+05,1.52E+06,1.01E+00,0.00E+00,6.11E-01,1.00E+02,1.22E+07,1.19E+08,1.13E+00,1.06E+01,0.00E+00,0.00E+00,2.83E+01,4.40E+01,0.00E+00,3.65E+01,5.69E+00,0.00E+00,1.37E+07,1.34E+08,1.37E+06,1.34E+07,4.22E+01,2.34E+00,7.94E+01,0.00E+00,9.95E-02,0.00E+00,9.75E-03,0.00E+00,0.00E+00,0.00E+00,0.00E+00
816770630000,1.02E-01,9.79E+00,6.50E+08,3.59E+01,2.27E+09,3.73E+09,1.45E+09,1.00E+02,1.02E-01,1.00E-02,0.00E+00,0.00E+00,0.00E+00,4.65E+00,3.01E+00,1.56E+01,3.99E+04,7.72E+05,7.56E+06,1.20E+05,1.18E+06,1.00E+00,1.60E+01,9.53E-01,1.00E+02,1.40E+07,1.37E+08,1.21E+00,1.58E+01,0.00E+00,0.00E+00,1.06E+01,4.40E+01,0.00E+00,1.69E+01,3.21E+00,0.00E+00,1.70E+07,1.67E+08,7.76E+05,7.60E+06,2.01E+01,2.69E-03,9.02E+01,0.00E+00,1.02E-01,0.00E+00,1.00E-02,0.00E+00,0.00E+00,0.00E+00,0.00E+00
816770640000,1.02E-01,9.79E+00,6.50E+08,2.92E+01,1.85E+09,3.03E+09,1.18E+09,9.69E+01,9.90E-02,9.69E-03,0.00E+00,0.00E+00,0.00E+00,1.67E+01,2.07E+00,3.62E+01,5.76E+03,2.78E+06,2.72E+07,1.01E+06,9.85E+06,1.02E+00,2.37E+01,5.37E-01,1.00E+02,8.42E+06,8.25E+07,1.03E+00,6.19E+00,0.00E+00,0.00E+00,1.15E+01,4.66E+01,0.00E+00,9.39E+00,1.24E+01,0.00E+00,8.71E+06,8.53E+07,2.82E+06,2.76E+07,2.18E+01,7.66E-04,5.89E+01,0.00E+00,9.90E-02,0.00E+00,9.69E-03,0.00E+00,0.00E+00,0.00E+00,0.00E+00
816770650000,1.02E-01,9.79E+00,6.50E+08,2.87E+01,1.82E+09,2.99E+09,1.17E+09,7.08E-01,7.23E-04,7.08E-05,9.58E+01,9.78E-02,9.58E-03,1.75E+01,2.06E+00,3.66E+01,5.68E+03,2.91E+06,2.85E+07,1.06E+06,1.04E+07,1.02E+00,2.46E+01,5.10E-01,1.00E+02,8.05E+06,7.89E+07,1.01E+00,5.56E+00,0.00E+00,0.00E+00,1.16E+01,4.67E+01,0.00E+00,8.90E+00,1.30E+01,0.00E+00,8.16E+06,7.99E+07,2.95E+06,2.89E+07,2.19E+01,6.40E-04,5.68E+01,0.00E+00,7.23E-04,0.00E+00,7.08E-05,0.00E+00,9.78E-02,0.00E+00,9.58E-03
816770660000,1.02E-01,9.79E+00,6.50E+08,2.64E+01,1.61E+09,2.74E+09,1.13E+09,1.86E+01,1.90E-02,1.86E-03,8.75E+01,8.94E-02,8.75E-03,1.43E+01,2.06E+00,3.66E+01,4.70E+03,2.37E+06,2.32E+07,8.66E+05,8.49E+06,1.02E+00,1.16E+01,4.64E-01,1.00E+02,8.62E+06,8.45E+07,1.01E+00,5.55E+00,0.00E+00,0.00E+00,2.32E+01,4.67E+01,0.00E+00,1.90E+01,1.06E+01,0.00E+00,8.71E+06,8.53E+07,2.41E+06,2.36E+07,2.96E+01,6.27E-01,5.59E+01,0.00E+00,1.90E-02,0.00E+00,1.86E-03,0.00E+00,8.94E-02,0.00E+00,8.75E-03
816770670000,1.04E-01,9.62E+00,6.50E+08,1.55E+01,6.33E+08,1.61E+09,9.81E+08,9.40E+01,9.77E-02,9.40E-03,2.52E+01,2.62E-02,2.52E-03,2.03E-03,2.04E+02,1.00E+02,1.23E+00,3.43E+02,3.30E+03,3.43E+02,3.30E+03,2.00E+00,0.00E+00,2.70E-01,1.00E+02,1.17E+07,1.12E+08,1.00E+00,5.68E+00,0.00E+00,0.00E+00,6.06E+01,5.55E+01,0.00E+00,6.53E+01,3.52E-03,0.00E+00,1.17E+07,1.12E+08,6.85E+02,6.59E+03,6.53E+01,3.04E+00,5.24E+01,0.00E+00,9.77E-02,0.00E+00,9.40E-03,0.00E+00,2.62E-02,0.00E+00,2.52E-03
816770680000,1.06E-01,9.42E+00,6.50E+08,1.54E+01,6.13E+08,1.61E+09,9.93E+08,9.53E+01,1.01E-01,9.53E-03,1.65E+01,1.75E-02,1.65E-03,2.46E-03,3.63E+02,1.00E+02,1.50E+00,4.24E+02,3.99E+03,4.24E+02,3.99E+03,2.00E+00,0.00E+00,2.72E-01,1.00E+02,1.20E+07,1.13E+08,1.00E+00,5.73E+00,0.00E+00,0.00E+00,6.06E+01,6.13E+01,0.00E+00,6.59E+01,4.71E-03,0.00E+00,1.20E+07,1.13E+08,8.48E+02,7.98E+03,6.59E+01,3.04E+00,5.27E+01,0.00E+00,1.01E-01,0.00E+00,9.53E-03,0.00E+00,1.75E-02,0.00E+00,1.65E-03
816770690000,1.06E-01,9.42E+00,6.50E+08,2.01E+01,1.06E+09,2.09E+09,1.03E+09,9.38E+01,9.96E-02,9.38E-03,3.29E+00,3.49E-03,3.29E-04,5.44E+00,2.00E+00,5.07E+01,7.79E+03,9.40E+05,8.85E+06,4.76E+05,4.48E+06,1.01E+00,0.00E+00,2.47E-01,1.00E+02,1.09E+07,1.03E+08,1.00E+00,5.20E+00,0.00E+00,0.00E+00,6.06E+01,4.40E+01,0.00E+00,5.97E+01,3.79E+00,0.00E+00,1.09E+07,1.03E+08,9.50E+05,8.95E+06,6.35E+01,4.78E+00,6.13E+01,0.00E+00,9.96E-02,0.00E+00,9.38E-03,0.00E+00,3.49E-03,0.00E+00,3.29E-04
816770700000,1.06E-01,9.42E+00,6.50E+08,2.70E+01,1.51E+09,2.81E+09,1.30E+09,9.42E+01,1.00E-01,9.42E-03,0.00E+00,0.00E+00,0.00E+00,1.13E+01,1.95E+00,6.86E+01,3.77E+04,1.94E+06,1.83E+07,1.33E+06,1.26E+07,1.01E+00,0.00E+00,2.39E-01,1.00E+02,1.06E+07,9.94E+07,1.00E+00,5.10E+00,0.00E+00,0.00E+00,6.06E+01,4.40E+01,0.00E+00,5.79E+01,7.82E+00,0.00E+00,1.06E+07,9.94E+07,1.96E+06,1.85E+07,6.57E+01,4.35E+00,6.67E+01,0.00E+00,1.00E-01,0.00E+00,9.42E-03,0.00E+00,0.00E+00,0.00E+00,0.00E+00
816770710000,1.06E-01,9.42E+00,6.50E+08,2.52E+01,1.63E+09,2.62E+09,9.92E+08,9.58E+01,1.02E-01,9.58E-03,0.00E+00,0.00E+00,0.00E+00,1.17E+01,2.26E+00,2.50E+01,3.34E+04,2.02E+06,1.90E+07,5.04E+05,4.75E+06,1.01E+00,0.00E+00,2.36E-01,1.00E+02,1.04E+07,9.83E+07,1.00E+00,4.99E+00,0.00E+00,0.00E+00,6.06E+01,4.40E+01,0.00E+00,5.72E+01,8.10E+00,0.00E+00,1.04E+07,9.83E+07,2.03E+06,1.91E+07,6.53E+01,5.04E+00,6.75E+01,0.00E+00,1.02E-01,0.00E+00,9.58E-03,0.00E+00,0.00E+00,0.00E+00,0.00E+00
816770720000,1.06E-01,9.42E+00,6.50E+08,2.98E+01,1.96E+09,3.09E+09,1.13E+09,9.60E+01,1.02E-01,9.60E-03,0.00E+00,0.00E+00,0.00E+00,9.95E+00,2.25E+00,1.87E+01,3.46E+04,1.72E+06,1.62E+07,3.21E+05,3.02E+06,1.01E+00,0.00E+00,5.11E-01,1.00E+02,1.18E+07,1.11E+08,1.10E+00,9.09E+00,0.00E+00,0.00E+00,3.39E+01,4.40E+01,0.00E+00,3.99E+01,6.89E+00,0.00E+00,1.30E+07,1.22E+08,1.73E+06,1.63E+07,4.68E+01,3.05E+00,7.80E+01,0.00E+00,1.02E-01,0.00E+00,9.60E-03,0.00E+00,0.00E+00,0.00E+00,0.00E+00
816770730000,1.06E-01,9.42E+00,6.50E+08,3.63E+01,2.40E+09,3.78E+09,1.38E+09,1.00E+02,1.06E-01,1.00E-02,0.00E+00,0.00E+00,0.00E+00,7.47E+00,2.81E+00,1.31E+01,3.41E+04,1.29E+06,1.21E+07,1.69E+05,1.59E+06,1.01E+00,1.60E+01,8.94E-01,1.00E+02,1.37E+07,1.29E+08,1.21E+00,1.48E+01,0.00E+00,0.00E+00,1.06E+01,4.40E+01,0.00E+00,1.59E+01,5.17E+00,0.00E+00,1.66E+07,1.56E+08,1.30E+06,1.22E+07,2.10E+01,6.41E-03,9.22E+01,0.00E+00,1.06E-01,0.00E+00,1.00E-02,0.00E+00,0.00E+00,0.00E+00,0.00E+00
816770740000,1.06E-01,9.42E+00,6.50E+08,3.15E+01,2.02E+09,3.28E+09,1.26E+09,9.68E+01,1.03E-01,9.68E-03,0.00E+00,0.00E+00,0.00E+00,1.53E+01,2.10E+00,3.35E+01,6.38E+03,2.64E+06,2.48E+07,8.83E+05,8.31E+06,1.01E+00,2.13E+01,6.27E-01,1.00E+02,1.00E+07,9.43E+07,1.09E+00,8.36E+00,0.00E+00,0.00E+00,1.12E+01,4.63E+01,0.00E+00,1.10E+01,1.12E+01,0.00E+00,1.09E+07,1.03E+08,2.67E+06,2.52E+07,2.22E+01,2.35E-03,6.47E+01,0.00E+00,1.03E-01,0.00E+00,9.68E-03,0.00E+00,0.00E+00,0.00E+00,0.00E+00
816770750000,1.06E-01,9.42E+00,6.50E+08,2.98E+01,1.89E+09,3.10E+09,1.21E+09,2.33E+01,2.47E-02,2.33E-03,7.36E+01,7.81E-02,7.36E-03,1.81E+01,2.06E+00,3.66E+01,5.68E+03,3.13E+06,2.95E+07,1.15E+06,1.08E+07,1.02E+00,2.46E+01,5.28E-01,1.00E+02,8.67E+06,8.17E+07,1.01E+00,5.97E+00,0.00E+00,0.00E+00,1.16E+01,4.67E+01,0.00E+00,9.22E+00,1.34E+01,0.00E+00,8.79E+06,8.28E+07,3.18E+06,3.00E+07,2.27E+01,8.57E-04,5.46E+01,0.00E+00,2.47E-02,0.00E+00,2.33E-03,0.00E+00,7.81E-02,0.00E+00,7.36E-03
816770760000,1.06E-01,9.42E+00,6.50E+08,2.88E+01,1.80E+09,2.99E+09,1.19E+09,7.25E+00,7.70E-03,7.25E-04,9.36E+01,9.94E-02,9.36E-03,1.68E+01,2.06E+00,3.66E+01,5.31E+03,2.90E+06,2.74E+07,1.06E+06,1.00E+07,1.02E+00,1.99E+01,5.09E-01,1.00E+02,8.89E+06,8.37E+07,1.01E+00,5.95E+00,0.00E+00,0.00E+00,1.62E+01,4.67E+01,0.00E+00,1.32E+01,1.25E+01,0.00E+00,9.00E+06,8.48E+07,2.95E+06,2.78E+07,2.57E+01,2.33E-01,5.44E+01,0.00E+00,7.70E-03,0.00E+00,7.25E-04,0.00E+00,9.94E-02,0.00E+00,9.36E-03
816770770000,1.06E-01,9.42E+00,6.50E+08,1.53E+01,6.25E+08,1.59E+09,9.62E+08,9.54E+01,1.01E-01,9.54E-03,2.19E+01,2.33E-02,2.19E-03,1.21E-03,1.00E+00,1.00E+02,1.00E+00,2.09E+02,1.96E+03,2.09E+02,1.96E+03,2.00E+00,0.00E+00,2.73E-01,1.00E+02,1.21E+07,1.13E+08,1.00E+00,5.75E+00,0.00E+00,0.00E+00,6.06E+01,4.80E+01,0.00E+00,6.61E+01,1.81E-03,0.00E+00,1.21E+07,1.13E+08,4.17E+02,3.93E+03,6.61E+01,2.72E+00,5.22E+01,0.00E+00,1.01E-01,0.00E+00,9.54E-03,0.00E+00,2.33E-02,0.00E+00,2.19E-03
816770780000,2.14E-01,4.67E+00,6.50E+08,1.53E+01,6.03E+08,1.59E+09,9.84E+08,9.47E+01,2.03E-01,9.47E-03,1.30E+01,2.77E-02,1.30E-03,2.02E-03,3.63E+02,1.00E+02,1.50E+00,7.01E+02,3.28E+03,7.01E+02,3.28E+03,2.00E+00,0.00E+00,2.74E-01,1.00E+02,2.44E+07,1.14E+08,1.00E+00,5.76E+00,0.00E+00,0.00E+00,6.06E+01,6.13E+01,0.00E+00,6.63E+01,3.87E-03,0.00E+00,2.44E+07,1.14E+08,1.40E+03,6.56E+03,6.63E+01,2.75E+00,5.24E+01,0.00E+00,2.03E-01,0.00E+00,9.47E-03,0.00E+00,2.77E-02,0.00E+00,1.30E-03
816770790000,2.68E-01,3.73E+00,6.50E+08,1.55E+01,6.28E+08,1.61E+09,9.82E+08,9.47E+01,2.54E-01,9.47E-03,1.35E+01,3.60E-02,1.35E-03,2.65E-01,1.15E+01,2.85E+01,1.86E+02,1.15E+05,4.31E+05,3.29E+04,1.23E+05,1.04E+00,0.00E+00,2.71E-01,1.00E+02,3.02E+07,1.13E+08,1.00E+00,5.68E+00,0.00E+00,0.00E+00,6.06E+01,4.44E+01,0.00E+00,6.55E+01,1.91E-01,0.00E+00,3.02E+07,1.13E+08,1.20E+05,4.48E+05,6.57E+01,2.91E+00,5.29E+01,0.00E+00,2.54E-01,0.00E+00,9.47E-03,0.00E+00,3.60E-02,0.00E+00,1.35E-03
816770800000,2.68E-01,3.73E+00,6.50E+08,2.41E+01,1.36E+09,2.51E+09,1.15E+09,9.38E+01,2.51E-01,9.38E-03,0.00E+00,0.00E+00,0.00E+00,9.52E+00,1.94E+00,6.38E+01,2.30E+04,4.15E+06,1.55E+07,2.65E+06,9.87E+06,1.01E+00,0.00E+00,2.23E-01,1.00E+02,2.49E+07,9.29E+07,1.00E+00,4.80E+00,0.00E+00,0.00E+00,6.06E+01,4.40E+01,0.00E+00,5.41E+01,6.61E+00,0.00E+00,2.49E+07,9.29E+07,4.18E+06,1.56E+07,6.07E+01,6.43E+00,6.81E+01,0.00E+00,2.51E-01,0.00E+00,9.38E-03,0.00E+00,0.00E+00,0.00E+00,0.00E+00
816770810000,2.68E-01,3.73E+00,6.50E+08,2.52E+01,1.51E+09,2.62E+09,1.11E+09,9.37E+01,2.51E-01,9.37E-03,0.00E+00,0.00E+00,0.00E+00,1.14E+01,1.98E+00,4.53E+01,3.24E+04,4.96E+06,1.85E+07,2.25E+06,8.39E+06,1.01E+00,0.00E+00,2.34E-01,1.00E+02,2.61E+07,9.73E+07,1.00E+00,4.99E+00,0.00E+00,0.00E+00,6.06E+01,4.40E+01,0.00E+00,5.67E+01,7.90E+00,0.00E+00,2.61E+07,9.73E+07,5.00E+06,1.87E+07,6.46E+01,4.99E+00,6.77E+01,0.00E+00,2.51E-01,0.00E+00,9.37E-03,0.00E+00,0.00E+00,0.00E+00,0.00E+00
816770820000,2.68E-01,3.73E+00,6.50E+08,3.00E+01,1.99E+09,3.12E+09,1.12E+09,9.58E+01,2.57E-01,9.58E-03,0.00E+00,0.00E+00,0.00E+00,1.13E+01,2.38E+00,2.38E+01,3.55E+04,4.91E+06,1.83E+07,1.17E+06,4.35E+06,1.01E+00,0.00E+00,4.37E-01,1.00E+02,2.82E+07,1.05E+08,1.08E+00,8.19E+00,0.00E+00,0.00E+00,3.90E+01,4.40E+01,0.00E+00,4.28E+01,7.81E+00,0.00E+00,3.06E+07,1.14E+08,4.95E+06,1.85E+07,5.06E+01,3.95E+00,7.64E+01,0.00E+00,2.57E-01,0.00E+00,9.58E-03,0.00E+00,0.00E+00,0.00E+00,0.00E+00
816770830000,2.68E-01,3.73E+00,6.50E+08,3.84E+01,2.61E+09,3.99E+09,1.38E+09,1.00E+02,2.68E-01,1.00E-02,0.00E+00,0.00E+00,0.00E+00,1.07E+01,2.47E+00,1.64E+01,3.41E+04,4.68E+06,1.75E+07,7.66E+05,2.86E+06,1.01E+00,1.60E+01,8.57E-01,1.00E+02,3.31E+07,1.23E+08,1.21E+00,1.48E+01,0.00E+00,0.00E+00,1.06E+01,4.40E+01,0.00E+00,1.52E+01,7.44E+00,0.00E+00,4.01E+07,1.50E+08,4.71E+06,1.76E+07,2.26E+01,1.52E-02,9.29E+01,0.00E+00,2.68E-01,0.00E+00,1.00E-02,0.00E+00,0.00E+00,0.00E+00,0.00E+00
816770840000,2.68E-01,3.73E+00,6.50E+08,3.31E+01,2.18E+09,3.44E+09,1.27E+09,9.67E+01,2.59E-01,9.67E-03,0.00E+00,0.00E+00,0.00E+00,1.47E+01,2.13E+00,3.02E+01,7.71E+03,6.41E+06,2.39E+07,1.94E+06,7.23E+06,1.01E+00,1.98E+01,6.63E-01,1.00E+02,2.64E+07,9.86E+07,1.12E+00,9.60E+00,0.00E+00,0.00E+00,1.10E+01,4.58E+01,0.00E+00,1.17E+01,1.07E+01,0.00E+00,2.96E+07,1.11E+08,6.49E+06,2.42E+07,2.24E+01,7.38E-03,7.21E+01,0.00E+00,2.59E-01,0.00E+00,9.67E-03,0.00E+00,0.00E+00,0.00E+00,0.00E+00
816770850000,2.68E-01,3.73E+00,6.50E+08,2.91E+01,1.84E+09,3.02E+09,1.18E+09,3.67E+01,9.84E-02,3.67E-03,5.99E+01,1.60E-01,5.99E-03,1.77E+01,2.06E+00,3.66E+01,5.68E+03,7.72E+06,2.88E+07,2.82E+06,1.05E+07,1.02E+00,2.46E+01,5.16E-01,1.00E+02,2.14E+07,7.98E+07,1.01E+00,5.63E+00,0.00E+00,0.00E+00,1.16E+01,4.67E+01,0.00E+00,9.00E+00,1.31E+01,0.00E+00,2.17E+07,8.09E+07,7.84E+06,2.93E+07,2.21E+01,1.46E-03,5.63E+01,0.00E+00,9.84E-02,0.00E+00,3.67E-03,0.00E+00,1.60E-01,0.00E+00,5.99E-03
816770860000,2.68E-01,3.73E+00,6.50E+08,2.91E+01,1.84E+09,3.02E+09,1.18E+09,0.00E+00,0.00E+00,0.00E+00,1.00E+02,2.68E-01,1.00E-02,1.77E+01,2.06E+00,3.66E+01,5.68E+03,7.72E+06,2.88E+07,2.82E+06,1.05E+07,1.02E+00,2.46E+01,5.16E-01,1.00E+02,2.14E+07,7.98E+07,1.01E+00,5.63E+00,0.00E+00,0.00E+00,1.16E+01,4.67E+01,0.00E+00,9.00E+00,1.31E+01,0.00E+00,2.17E+07,8.09E+07,7.84E+06,2.93E+07,2.21E+01,1.46E-03,5.63E+01,0.00E+00,0.00E+00,0.00E+00,0.00E+00,0.00E+00,2.68E-01,0.00E+00,1.00E-02
816770870000,2.68E-01,3.73E+00,6.50E+08,1.77E+01,8.37E+08,1.85E+09,1.01E+09,8.13E+01,2.18E-01,8.13E-03,3.62E+01,9.71E-02,3.62E-03,2.71E+00,2.06E+00,3.66E+01,1.43E+03,1.18E+06,4.40E+06,4.32E+05,1.61E+06,1.02E+00,0.00E+00,3.10E-01,1.00E+02,2.90E+07,1.08E+08,1.00E+00,5.72E+00,0.00E+00,0.00E+00,5.50E+01,4.67E+01,0.00E+00,5.73E+01,2.01E+00,0.00E+00,2.90E+07,1.08E+08,1.20E+06,4.48E+06,5.93E+01,2.22E+00,5.26E+01,0.00E+00,2.18E-01,0.00E+00,8.13E-03,0.00E+00,9.71E-02,0.00E+00,3.62E-03
816770880000,2.68E-01,3.73E+00,6.50E+08,1.43E+01,5.52E+08,1.49E+09,9.33E+08,9.43E+01,2.53E-01,9.43E-03,0.00E+00,0.00E+00,0.00E+00,0.00E+00,,,,0.00E+00,0.00E+00,0.00E+00,0.00E+00,,0.00E+00,2.79E-01,1.00E+02,3.11E+07,1.16E+08,1.00E+00,5.83E+00,0.00E+00,0.00E+00,6.06E+01,,0.00E+00,6.76E+01,0.00E+00,0.00E+00,3.11E+07,1.16E+08,0.00E+00,0.00E+00,6.76E+01,2.05E+00,5.17E+01,0.00E+00,2.53E-01,0.00E+00,9.43E-03,0.00E+00,0.00E+00,0.00E+00,0.00E+00
816770890000,2.68E-01,3.73E+00,6.50E+08,1.43E+01,5.52E+08,1.48E+09,9.32E+08,9.55E+01,2.56E-01,9.55E-03,0.00E+00,0.00E+00,0.00E+00,0.00E+00,,,,0.00E+00,0.00E+00,0.00E+00,0.00E+00,,0.00E+00,2.79E-01,1.00E+02,3.11E+07,1.16E+08,1.00E+00,5.83E+00,0.00E+00,0.00E+00,6.06E+01,,0.00E+00,6.76E+01,0.00E+00,0.00E+00,3.11E+07,1.16E+08,0.00E+00,0.00E+00,6.76E+01,2.08E+00,5.18E+01,0.00E+00,2.56E-01,0.00E+00,9.55E-03,0.00E+00,0.00E+00,0.00E+00,0.00E+00
816770900000,2.68E-01,3.73E+00,6.50E+08,1.44E+01,5.57E+08,1.50E+09,9.41E+08,9.47E+01,2.54E-01,9.47E-03,0.00E+00,0.00E+00,0.00E+00,0.00E+00,,,,0.00E+00,0.00E+00,0.00E+00,0.00E+00,,0.00E+00,2.82E-01,1.00E+02,3.14E+07,1.17E+08,1.00E+00,5.88E+00,0.00E+00,0.00E+00,6.06E+01,,0.00E+00,6.83E+01,0.00E+00,0.00E+00,3.14E+07,1.17E+08,0.00E+00,0.00E+00,6.83E+01,1.85E+00,5.16E+01,0.00E+00,2.54E-01,0.00E+00,9.47E-03,0.00E+00,0.00E+00,0.00E+00,0.00E+00
816770910000,2.68E-01,3.73E+00,6.50E+08,1.50E+01,5.79E+08,1.56E+09,9.79E+08,9.59E+01,2.57E-01,9.59E-03,0.00E+00,0.00E+00,0.00E+00,0.00E+00,,,,0.00E+00,0.00E+00,0.00E+00,0.00E+00,,0.00E+00,2.93E-01,1.00E+02,3.27E+07,1.22E+08,1.00E+00,6.08E+00,0.00E+00,0.00E+00,6.06E+01,,0.00E+00,7.10E+01,0.00E+00,0.00E+00,3.27E+07,1.22E+08,0.00E+00,0.00E+00,7.10E+01,6.91E-01,5.04E+01,0.00E+00,2.57E-01,0.00E+00,9.59E-03,0.00E+00,0.00E+00,0.00E+00,0.00E+00
816770920000,2.68E-01,3.73E+00,6.50E+08,4.36E+00,5.78E+08,1.55E+09,9.76E+08,9.81E+01,2.63E-01,9.81E-03,0.00E+00,0.00E+00,0.00E+00,0.00E+00,,,,0.00E+00,0.00E+00,0.00E+00,0.00E+00,,0.00E+00,8.53E-02,1.00E+02,9.51E+06,1.22E+08,1.00E+00,1.77E+00,0.00E+00,0.00E+00,6.06E+01,,0.00E+00,2.07E+01,0.00E+00,0.00E+00,9.51E+06,1.22E+08,0.00E+00,0.00E+00,2.07E+01,2.35E-01,8.56E+01,0.00E+00,2.63E-01,0.00E+00,9.81E-03,0.00E+00,0.00E+00,0.00E+00,0.00E+00
816770930000,2.68E-01,3.73E+00,6.50E+08,,,,,7.91E+01,2.12E-01,7.91E-03,0.00E+00,0.00E+00,0.00E+00,,,,,,,,,,,,,,,,,,,,,,,,,,,,,,,,0.00E+00,2.12E-01,0.00E+00,7.91E-03,0.00E+00,0.00E+00,0.00E+00,0.00E+00
816770940000,2.68E-01,3.73E+00,6.50E+08,,,,,0.00E+00,0.00E+00,0.00E+00,0.00E+00,0.00E+00,0.00E+00,,,,,,,,,,,,,,,,,,,,,,,,,,,,,,,,0.00E+00,0.00E+00,0.00E+00,0.00E+00,0.00E+00,0.00E+00,0.00E+00,0.00E+00
816770950000,2.68E-01,3.73E+00,,,,,,0.00E+00,0.00E+00,0.00E+00,0.00E+00,0.00E+00,0.00E+00,,,,,,,,,,,,,,,,,,,,,,,,,,,,,,,,0.00E+00,0.00E+00,0.00E+00,0.00E+00,0.00E+00,0.00E+00,0.00E+00,0.00E+00
816770960000,2.68E-01,3.73E+00,,,,,,0.00E+00,0.00E+00,0.00E+00,0.00E+00,0.00E+00,0.00E+00,,,,,,,,,,,,,,,,,,,,,,,,,,,,,,,,0.00E+00,0.00E+00,0.00E+00,0.00E+00,0.00E+00,0.00E+00,0.00E+00,0.00E+00
816770970000,2.68E-01,3.73E+00,,,,,,0.00E+00,0.00E+00,0.00E+00,0.00E+00,0.00E+00,0.00E+00,,,,,,,,,,,,,,,,,,,,,,,,,,,,,,,,0.00E+00,0.00E+00,0.00E+00,0.00E+00,0.00E+00,0.00E+00,0.00E+00,0.00E+00
816770980000,2.68E-01,3.73E+00,,,,,,0.00E+00,0.00E+00,0.00E+00,0.00E+00,0.00E+00,0.00E+00,,,,,,,,,,,,,,,,,,,,,,,,,,,,,,,,0.00E+00,0.00E+00,0.00E+00,0.00E+00,0.00E+00,0.00E+00,0.00E+00,0.00E+00
816770990000,2.68E-01,3.73E+00,,,,,,0.00E+00,0.00E+00,0.00E+00,0.00E+00,0.00E+00,0.00E+00,,,,,,,,,,,,,,,,,,,,,,,,,,,,,,,,0.00E+00,0.00E+00,0.00E+00,0.00E+00,0.00E+00,0.00E+00,0.00E+00,0.00E+00
816771000000,2.68E-01,3.73E+00,,,,,,0.00E+00,0.00E+00,0.00E+00,0.00E+00,0.00E+00,0.00E+00,,,,,,,,,,,,,,,,,,,,,,,,,,,,,,,,0.00E+00,0.00E+00,0.00E+00,0.00E+00,0.00E+00,0.00E+00,0.00E+00,0.00E+00
816771010000,2.68E-01,3.73E+00,,,,,,0.00E+00,0.00E+00,0.00E+00,0.00E+00,0.00E+00,0.00E+00,,,,,,,,,,,,,,,,,,,,,,,,,,,,,,,,0.00E+00,0.00E+00,0.00E+00,0.00E+00,0.00E+00,0.00E+00,0.00E+00,0.00E+00
816771020000,2.68E-01,3.73E+00,,,,,,0.00E+00,0.00E+00,0.00E+00,0.00E+00,0.00E+00,0.00E+00,,,,,,,,,,,,,,,,,,,,,,,,,,,,,,,,0.00E+00,0.00E+00,0.00E+00,0.00E+00,0.00E+00,0.00E+00,0.00E+00,0.00E+00
816771030000,2.68E-01,3.73E+00,,,,,,0.00E+00,0.00E+00,0.00E+00,0.00E+00,0.00E+00,0.00E+00,,,,,,,,,,,,,,,,,,,,,,,,,,,,,,,,0.00E+00,0.00E+00,0.00E+00,0.00E+00,0.00E+00,0.00E+00,0.00E+00,0.00E+00
816771040000,2.27E-01,4.41E+00,6.50E+08,,,,,0.00E+00,0.00E+00,0.00E+00,1.60E+00,3.62E-03,1.60E-04,,,,,,,,,,,,,,,,,,,,,,,,,,,,,,,,0.00E+00,0.00E+00,0.00E+00,0.00E+00,0.00E+00,3.62E-03,0.00E+00,1.60E-04
816771050000,4.91E-02,2.04E+01,6.50E+08,,,,,0.00E+00,0.00E+00,0.00E+00,5.72E+01,2.81E-02,5.72E-03,,,,,,,,,,,,,,,,,,,,,,,,,,,,,,,,0.00E+00,0.00E+00,0.00E+00,0.00E+00,0.00E+00,2.81E-02,0.00E+00,5.72E-03
816771060000,4.91E-02,2.04E+01,6.50E+08,2.72E+00,1.98E+09,3.25E+09,1.27E+09,8.70E+00,4.27E-03,8.70E-04,9.03E+01,4.43E-02,9.03E-03,1.66E+00,2.06E+00,3.66E+01,5.68E+03,1.33E+05,3.11E+07,4.86E+04,1.14E+07,1.02E+00,2.46E+01,4.84E-02,1.00E+02,3.68E+05,8.61E+07,1.01E+00,5.31E-01,0.00E+00,0.00E+00,1.16E+01,4.67E+01,0.00E+00,8.45E-01,1.23E+00,0.00E+00,3.73E+05,8.73E+07,1.35E+05,3.16E+07,2.08E+00,8.49E-05,9.59E+01,0.00E+00,4.27E-03,0.00E+00,8.70E-04,0.00E+00,4.43E-02,0.00E+00,9.03E-03
816771070000,4.91E-02,2.04E+01,6.50E+08,3.13E+01,1.98E+09,3.25E+09,1.27E+09,8.53E+01,4.18E-02,8.53E-03,1.16E+01,5.70E-03,1.16E-03,1.91E+01,2.06E+00,3.66E+01,5.68E+03,1.53E+06,3.11E+07,5.58E+05,1.14E+07,1.02E+00,2.46E+01,5.57E-01,1.00E+02,4.22E+06,8.61E+07,1.01E+00,6.10E+00,0.00E+00,0.00E+00,1.16E+01,4.67E+01,0.00E+00,9.71E+00,1.42E+01,0.00E+00,4.28E+06,8.73E+07,1.55E+06,3.16E+07,2.39E+01,9.76E-04,5.34E+01,0.00E+00,4.18E-02,0.00E+00,8.53E-03,0.00E+00,5.70E-03,0.00E+00,1.16E-03
816771080000,4.91E-02,2.04E+01,6.50E+08,3.13E+01,1.98E+09,3.25E+09,1.27E+09,0.00E+00,0.00E+00,0.00E+00,1.00E+02,4.91E-02,1.00E-02,1.91E+01,2.06E+00,3.66E+01,5.68E+03,1.53E+06,3.11E+07,5.58E+05,1.14E+07,1.02E+00,2.46E+01,5.57E-01,1.00E+02,4.22E+06,8.61E+07,1.01E+00,6.10E+00,0.00E+00,0.00E+00,1.16E+01,4.67E+01,0.00E+00,9.71E+00,1.42E+01,0.00E+00,4.28E+06,8.73E+07,1.55E+06,3.16E+07,2.39E+01,9.76E-04,5.34E+01,0.00E+00,0.00E+00,0.00E+00,0.00E+00,0.00E+00,4.91E-02,0.00E+00,1.00E-02
816771090000,5.29E-02,1.89E+01,6.50E+08,2.39E+01,1.31E+09,2.49E+09,1.18E+09,5.45E+01,2.88E-02,5.45E-03,6.89E+01,3.64E-02,6.89E-03,8.32E+00,2.20E+00,3.66E+01,2.27E+03,7.15E+05,1.35E+07,2.62E+05,4.95E+06,1.02E+00,0.00E+00,4.02E-01,1.00E+02,5.49E+06,1.04E+08,1.00E+00,6.02E+00,0.00E+00,0.00E+00,4.28E+01,4.67E+01,0.00E+00,4.29E+01,6.17E+00,0.00E+00,5.52E+06,1.04E+08,7.27E+05,1.37E+07,4.91E+01,7.29E-01,5.18E+01,0.00E+00,2.88E-02,0.00E+00,5.45E-03,0.00E+00,3.64E-02,0.00E+00,6.89E-03
816771100000,1.07E-01,9.36E+00,6.50E+08,2.41E+01,1.28E+09,2.51E+09,1.23E+09,9.52E+01,1.02E-01,9.52E-03,7.32E+01,7.81E-02,7.32E-03,6.89E+00,2.19E+00,5.62E+01,2.95E+03,1.20E+06,1.12E+07,6.71E+05,6.29E+06,1.01E+00,0.00E+00,2.60E-01,1.00E+02,1.16E+07,1.08E+08,1.00E+00,5.50E+00,0.00E+00,0.00E+00,6.06E+01,4.41E+01,0.00E+00,6.30E+01,4.79E+00,0.00E+00,1.16E+07,1.08E+08,1.21E+06,1.13E+07,6.78E+01,2.81E+00,6.05E+01,0.00E+00,1.02E-01,0.00E+00,9.52E-03,0.00E+00,7.81E-02,0.00E+00,7.32E-03
816771110000,1.07E-01,9.36E+00,6.50E+08,2.67E+01,1.52E+09,2.78E+09,1.25E+09,9.46E+01,1.01E-01,9.46E-03,1.00E+02,1.07E-01,1.00E-02,1.12E+01,1.98E+00,6.08E+01,3.39E+04,1.95E+06,1.82E+07,1.18E+06,1.11E+07,1.01E+00,0.00E+00,2.43E-01,1.00E+02,1.08E+07,1.01E+08,1.00E+00,5.18E+00,0.00E+00,0.00E+00,6.06E+01,4.40E+01,0.00E+00,5.89E+01,7.79E+00,0.00E+00,1.08E+07,1.01E+08,1.96E+06,1.84E+07,6.67E+01,3.92E+00,6.59E+01,0.00E+00,1.01E-01,0.00E+00,9.46E-03,0.00E+00,1.07E-01,0.00E+00,1.00E-02
816771120000,1.07E-01,9.36E+00,6.50E+08,2.45E+01,1.58E+09,2.55E+09,9.71E+08,9.41E+01,1.01E-01,9.41E-03,1.00E+02,1.07E-01,1.00E-02,1.13E+01,2.22E+00,2.66E+01,3.50E+04,1.97E+06,1.84E+07,5.23E+05,4.90E+06,1.01E+00,0.00E+00,2.29E-01,1.00E+02,1.02E+07,9.52E+07,1.00E+00,4.84E+00,0.00E+00,0.00E+00,6.06E+01,4.40E+01,0.00E+00,5.54E+01,7.85E+00,0.00E+00,1.02E+07,9.52E+07,1.98E+06,1.86E+07,6.33E+01,6.18E+00,6.85E+01,0.00E+00,1.01E-01,0.00E+00,9.41E-03,0.00E+00,1.07E-01,0.00E+00,1.00E-02
816771130000,1.07E-01,9.36E+00,6.50E+08,2.39E+01,1.59E+09,2.48E+09,8.91E+08,9.61E+01,1.03E-01,9.61E-03,1.00E+02,1.07E-01,1.00E-02,1.17E+01,2.19E+00,1.43E+01,3.42E+04,2.03E+06,1.90E+07,2.91E+05,2.73E+06,1.01E+00,0.00E+00,2.34E-01,1.00E+02,1.04E+07,9.74E+07,1.00E+00,4.93E+00,0.00E+00,0.00E+00,6.06E+01,4.40E+01,0.00E+00,5.67E+01,8.10E+00,0.00E+00,1.04E+07,9.74E+07,2.05E+06,1.92E+07,6.48E+01,5.48E+00,6.78E+01,0.00E+00,1.03E-01,0.00E+00,9.61E-03,0.00E+00,1.07E-01,0.00E+00,1.00E-02
816771140000,1.07E-01,9.36E+00,6.50E+08,2.06E+01,1.17E+09,2.14E+09,9.65E+08,9.49E+01,1.01E-01,9.49E-03,6.10E+01,6.51E-02,6.10E-03,6.69E+00,3.00E+00,1.64E+01,3.47E+04,1.16E+06,1.09E+07,1.90E+05,1.78E+06,1.00E+00,0.00E+00,2.55E-01,1.00E+02,1.13E+07,1.06E+08,1.00E+00,5.39E+00,0.00E+00,0.00E+00,6.06E+01,4.40E+01,0.00E+00,6.17E+01,4.62E+00,0.00E+00,1.13E+07,1.06E+08,1.17E+06,1.09E+07,6.63E+01,4.01E+00,6.10E+01,0.00E+00,1.01E-01,0.00E+00,9.49E-03,0.00E+00,6.51E-02,0.00E+00,6.10E-03
816771150000,1.07E-01,9.36E+00,6.50E+08,2.77E+01,1.58E+09,2.88E+09,1.30E+09,9.78E+01,1.04E-01,9.78E-03,0.00E+00,0.00E+00,0.00E+00,0.00E+00,,,,0.00E+00,0.00E+00,0.00E+00,0.00E+00,,6.17E+00,8.09E-01,1.00E+02,1.44E+07,1.35E+08,1.17E+00,1.35E+01,0.00E+00,0.00E+00,1.96E+01,,0.00E+00,2.98E+01,0.00E+00,0.00E+00,1.69E+07,1.58E+08,0.00E+00,0.00E+00,2.98E+01,4.27E-01,7.69E+01,0.00E+00,1.04E-01,0.00E+00,9.78E-03,0.00E+00,0.00E+00,0.00E+00,0.00E+00
816771160000,1.07E-01,9.36E+00,6.50E+08,3.18E+01,1.92E+09,3.30E+09,1.38E+09,7.53E+01,8.04E-02,7.53E-03,0.00E+00,0.00E+00,0.00E+00,4.09E+00,2.06E+00,3.65E+01,5.68E+03,7.10E+05,6.65E+06,2.59E+05,2.43E+06,1.02E+00,1.71E+01,8.86E-01,1.00E+02,1.38E+07,1.29E+08,1.19E+00,1.38E+01,0.00E+00,0.00E+00,1.07E+01,4.67E+01,0.00E+00,1.57E+01,3.03E+00,0.00E+00,1.63E+07,1.53E+08,7.21E+05,6.75E+06,1.87E+01,3.05E-04,7.83E+01,0.00E+00,8.04E-02,0.00E+00,7.53E-03,0.00E+00,0.00E+00,0.00E+00,0.00E+00
816771170000,1.07E-01,9.36E+00,6.50E+08,3.10E+01,1.96E+09,3.22E+09,1.26E+09,0.00E+00,0.00E+00,0.00E+00,2.43E+01,2.59E-02,2.43E-03,1.89E+01,2.06E+00,3.65E+01,5.68E+03,3.28E+06,3.07E+07,1.20E+06,1.12E+07,1.02E+00,2.45E+01,5.48E-01,1.00E+02,9.08E+06,8.50E+07,1.01E+00,6.13E+00,0.00E+00,0.00E+00,1.16E+01,4.67E+01,0.00E+00,9.58E+00,1.40E+01,0.00E+00,9.20E+06,8.61E+07,3.33E+06,3.12E+07,2.36E+01,2.53E-04,5.38E+01,0.00E+00,0.00E+00,0.00E+00,0.00E+00,0.00E+00,2.59E-02,0.00E+00,2.43E-03
816771180000,1.07E-01,9.36E+00,6.50E+08,3.10E+01,1.96E+09,3.22E+09,1.26E+09,0.00E+00,0.00E+00,0.00E+00,1.00E+02,1.07E-01,1.00E-02,1.89E+01,2.06E+00,3.65E+01,5.68E+03,3.28E+06,3.07E+07,1.20E+06,1.12E+07,1.02E+00,2.45E+01,5.48E-01,1.00E+02,9.08E+06,8.50E+07,1.01E+00,6.13E+00,0.00E+00,0.00E+00,1.16E+01,4.67E+01,0.00E+00,9.58E+00,1.40E+01,0.00E+00,9.20E+06,8.61E+07,3.33E+06,3.12E+07,2.36E+01,2.53E-04,5.38E+01,0.00E+00,0.00E+00,0.00E+00,0.00E+00,0.00E+00,1.07E-01,0.00E+00,1.00E-02
816771190000,1.07E-01,9.36E+00,6.50E+08,2.16E+01,1.13E+09,2.25E+09,1.11E+09,6.32E+01,6.75E-02,6.32E-03,5.32E+01,5.68E-02,5.32E-03,6.37E+00,2.06E+00,3.66E+01,2.51E+03,1.11E+06,1.04E+07,4.04E+05,3.78E+06,1.02E+00,0.00E+00,3.75E-01,1.00E+02,1.15E+07,1.08E+08,1.00E+00,6.07E+00,0.00E+00,0.00E+00,4.74E+01,4.67E+01,0.00E+00,4.91E+01,4.72E+00,0.00E+00,1.15E+07,1.08E+08,1.12E+06,1.05E+07,5.39E+01,8.92E-01,5.21E+01,0.00E+00,6.75E-02,0.00E+00,6.32E-03,0.00E+00,5.68E-02,0.00E+00,5.32E-03
816771200000,1.05E-01,9.51E+00,6.50E+08,1.65E+01,6.51E+08,1.71E+09,1.06E+09,9.59E+01,1.01E-01,9.59E-03,1.50E+01,1.58E-02,1.50E-03,2.79E-03,3.63E+02,1.00E+02,1.50E+00,4.77E+02,4.54E+03,4.77E+02,4.54E+03,2.00E+00,0.00E+00,2.89E-01,1.00E+02,1.26E+07,1.20E+08,1.00E+00,6.05E+00,0.00E+00,0.00E+00,6.06E+01,6.13E+01,0.00E+00,6.99E+01,5.35E-03,0.00E+00,1.26E+07,1.20E+08,9.54E+02,9.08E+03,7.00E+01,1.02E+00,5.07E+01,0.00E+00,1.01E-01,0.00E+00,9.59E-03,0.00E+00,1.58E-02,0.00E+00,1.50E-03
816771210000,1.03E-01,9.69E+00,6.50E+08,1.71E+01,6.45E+08,1.78E+09,1.14E+09,9.18E+01,9.47E-02,9.18E-03,2.68E+01,2.77E-02,2.68E-03,1.10E+00,2.09E+00,9.39E+01,3.16E+02,1.85E+05,1.79E+06,1.74E+05,1.68E+06,1.91E+00,0.00E+00,2.87E-01,1.00E+02,1.23E+07,1.19E+08,1.00E+00,6.00E+00,0.00E+00,0.00E+00,6.06E+01,2.23E+01,0.00E+00,6.96E+01,7.32E-01,0.00E+00,1.23E+07,1.19E+08,3.53E+05,3.42E+06,7.03E+01,1.04E+00,5.06E+01,0.00E+00,9.47E-02,0.00E+00,9.18E-03,0.00E+00,2.77E-02,0.00E+00,2.68E-03
816771220000,1.03E-01,9.69E+00,6.50E+08,2.38E+01,1.27E+09,2.48E+09,1.21E+09,7.69E+01,7.93E-02,7.69E-03,5.44E+01,5.61E-02,5.44E-03,6.28E+00,1.86E+00,6.42E+01,9.98E+03,1.05E+06,1.02E+07,6.77E+05,6.56E+06,1.01E+00,0.00E+00,2.51E-01,1.00E+02,1.36E+07,1.32E+08,1.00E+00,5.26E+00,0.00E+00,0.00E+00,4.87E+01,4.41E+01,0.00E+00,6.19E+01,4.38E+00,0.00E+00,1.36E+07,1.32E+08,1.07E+06,1.03E+07,6.62E+01,2.95E+00,6.06E+01,0.00E+00,7.93E-02,0.00E+00,7.69E-03,0.00E+00,5.61E-02,0.00E+00,5.44E-03
816771230000,1.03E-01,9.69E+00,6.50E+08,2.71E+01,1.53E+09,2.82E+09,1.28E+09,9.54E+01,9.84E-02,9.54E-03,1.00E+02,1.03E-01,1.00E-02,1.13E+01,2.02E+00,6.40E+01,3.22E+04,1.90E+06,1.84E+07,1.21E+06,1.18E+07,1.01E+00,0.00E+00,2.42E-01,1.00E+02,1.04E+07,1.01E+08,1.00E+00,5.17E+00,0.00E+00,0.00E+00,6.06E+01,4.40E+01,0.00E+00,5.87E+01,7.84E+00,0.00E+00,1.04E+07,1.01E+08,1.91E+06,1.85E+07,6.65E+01,4.05E+00,6.62E+01,0.00E+00,9.84E-02,0.00E+00,9.54E-03,0.00E+00,1.03E-01,0.00E+00,1.00E-02
816771240000,1.03E-01,9.69E+00,6.50E+08,3.03E+01,1.98E+09,3.16E+09,1.18E+09,7.42E+01,7.66E-02,7.42E-03,1.00E+02,1.03E-01,1.00E-02,1.42E+01,2.15E+00,3.04E+01,3.54E+04,2.38E+06,2.30E+07,7.21E+05,6.99E+06,1.01E+00,0.00E+00,3.46E-01,1.00E+02,1.05E+07,1.02E+08,1.05E+00,8.43E+00,0.00E+00,0.00E+00,4.78E+01,4.42E+01,0.00E+00,4.89E+01,9.85E+00,0.00E+00,1.10E+07,1.06E+08,2.39E+06,2.32E+07,5.88E+01,3.24E+00,7.34E+01,0.00E+00,7.66E-02,0.00E+00,7.42E-03,0.00E+00,1.03E-01,0.00E+00,1.00E-02
816771250000,1.03E-01,9.69E+00,6.50E+08,4.91E+01,3.38E+09,5.11E+09,1.72E+09,0.00E+00,0.00E+00,0.00E+00,9.81E+01,1.01E-01,9.81E-03,2.25E+01,2.06E+00,3.66E+01,3.14E+04,3.77E+06,3.65E+07,1.38E+06,1.34E+07,1.01E+00,1.59E+01,7.30E-01,1.00E+02,1.09E+07,1.05E+08,1.21E+00,2.08E+01,0.00E+00,0.00E+00,1.05E+01,4.46E+01,0.00E+00,1.29E+01,1.58E+01,0.00E+00,1.32E+07,1.28E+08,3.80E+06,3.68E+07,2.87E+01,2.71E-02,9.83E+01,0.00E+00,0.00E+00,0.00E+00,0.00E+00,0.00E+00,1.01E-01,0.00E+00,9.81E-03
816771260000,1.03E-01,9.69E+00,6.50E+08,4.52E+01,3.12E+09,4.70E+09,1.59E+09,1.52E+01,1.57E-02,1.52E-03,1.00E+02,1.03E-01,1.00E-02,2.08E+01,2.06E+00,3.37E+01,3.22E+04,3.48E+06,3.37E+07,1.17E+06,1.14E+07,1.01E+00,9.41E+00,6.56E-01,1.00E+02,1.08E+07,1.05E+08,1.18E+00,1.84E+01,0.00E+00,0.00E+00,1.67E+01,4.46E+01,0.00E+00,1.99E+01,1.46E+01,0.00E+00,1.27E+07,1.24E+08,3.51E+06,3.40E+07,3.44E+01,6.86E-01,9.34E+01,0.00E+00,1.57E-02,0.00E+00,1.52E-03,0.00E+00,1.03E-01,0.00E+00,1.00E-02
816771270000,1.03E-01,9.69E+00,6.50E+08,4.12E+01,2.53E+09,4.28E+09,1.76E+09,9.87E+01,1.02E-01,9.87E-03,7.42E+01,7.65E-02,7.42E-03,1.57E+01,2.35E+00,1.54E+01,3.22E+04,2.63E+06,2.55E+07,4.05E+05,3.93E+06,1.01E+00,2.10E+01,1.18E+00,1.00E+02,1.98E+07,1.92E+08,1.01E+00,1.66E+01,0.00E+00,0.00E+00,1.42E+01,4.50E+01,0.00E+00,2.67E+01,1.11E+01,0.00E+00,2.01E+07,1.95E+08,2.65E+06,2.57E+07,3.78E+01,4.71E-01,5.46E+01,0.00E+00,1.02E-01,0.00E+00,9.87E-03,0.00E+00,7.65E-02,0.00E+00,7.42E-03
816771280000,1.03E-01,9.69E+00,6.50E+08,2.41E+01,1.39E+09,2.50E+09,1.11E+09,8.71E+01,8.99E-02,8.71E-03,5.34E+01,5.51E-02,5.34E-03,5.38E+00,2.68E+00,1.24E+01,6.01E+02,9.02E+05,8.74E+06,1.11E+05,1.08E+06,1.08E+00,0.00E+00,5.38E-01,1.00E+02,1.20E+07,1.16E+08,1.19E+00,2.14E+01,0.00E+00,0.00E+00,4.13E+01,5.93E+01,0.00E+00,5.50E+01,5.40E+00,0.00E+00,1.43E+07,1.38E+08,9.78E+05,9.48E+06,6.04E+01,1.47E+00,5.86E+01,0.00E+00,8.99E-02,0.00E+00,8.71E-03,0.00E+00,5.51E-02,0.00E+00,5.34E-03
816771290000,1.03E-01,9.69E+00,6.50E+08,1.43E+01,5.52E+08,1.49E+09,9.34E+08,9.55E+01,9.85E-02,9.55E-03,0.00E+00,0.00E+00,0.00E+00,0.00E+00,,,,0.00E+00,0.00E+00,0.00E+00,0.00E+00,,0.00E+00,2.77E-01,1.00E+02,1.19E+07,1.15E+08,1.00E+00,5.79E+00,0.00E+00,0.00E+00,6.06E+01,,0.00E+00,6.72E+01,0.00E+00,0.00E+00,1.19E+07,1.15E+08,0.00E+00,0.00E+00,6.72E+01,2.34E+00,5.20E+01,0.00E+00,9.85E-02,0.00E+00,9.55E-03,0.00E+00,0.00E+00,0.00E+00,0.00E+00
816771300000,1.02E-01,9.79E+00,6.50E+08,1.48E+01,5.75E+08,1.53E+09,9.59E+08,9.54E+01,9.75E-02,9.54E-03,5.06E+00,5.17E-03,5.06E-04,9.47E-04,3.63E+02,1.00E+02,1.50E+00,1.57E+02,1.54E+03,1.57E+02,1.54E+03,2.00E+00,0.00E+00,2.78E-01,1.00E+02,1.18E+07,1.15E+08,1.00E+00,5.80E+00,0.00E+00,0.00E+00,6.06E+01,6.13E+01,0.00E+00,6.73E+01,1.81E-03,0.00E+00,1.18E+07,1.15E+08,3.14E+02,3.08E+03,6.73E+01,2.29E+00,5.20E+01,0.00E+00,9.75E-02,0.00E+00,9.54E-03,0.00E+00,5.17E-03,0.00E+00,5.06E-04
816771310000,9.66E-02,1.04E+01,6.50E+08,1.69E+01,6.52E+08,1.76E+09,1.11E+09,7.30E+01,7.05E-02,7.30E-03,2.69E+01,2.60E-02,2.69E-03,5.09E-01,4.57E+00,9.38E+01,1.30E+02,7.99E+04,8.27E+05,7.49E+04,7.76E+05,1.81E+00,0.00E+00,2.76E-01,1.00E+02,1.11E+07,1.15E+08,1.00E+00,5.81E+00,0.00E+00,0.00E+00,6.06E+01,2.47E+01,0.00E+00,6.68E+01,3.56E-01,0.00E+00,1.11E+07,1.15E+08,1.45E+05,1.50E+06,6.72E+01,2.22E+00,5.14E+01,0.00E+00,7.05E-02,0.00E+00,7.30E-03,0.00E+00,2.60E-02,0.00E+00,2.69E-03
816771320000,9.66E-02,1.04E+01,6.50E+08,1.97E+01,9.80E+08,2.05E+09,1.07E+09,9.38E+01,9.06E-02,9.38E-03,3.13E+01,3.03E-02,3.13E-03,3.20E+00,1.77E+00,6.77E+01,5.65E+03,5.03E+05,5.21E+06,3.41E+05,3.53E+06,1.04E+00,0.00E+00,2.42E-01,1.00E+02,1.24E+07,1.29E+08,1.00E+00,5.12E+00,0.00E+00,0.00E+00,4.83E+01,4.25E+01,0.00E+00,5.97E+01,2.22E+00,0.00E+00,1.24E+07,1.29E+08,5.25E+05,5.44E+06,6.20E+01,4.45E+00,5.90E+01,0.00E+00,9.06E-02,0.00E+00,9.38E-03,0.00E+00,3.03E-02,0.00E+00,3.13E-03
816771330000,9.66E-02,1.04E+01,6.50E+08,3.24E+01,1.87E+09,3.37E+09,1.50E+09,9.57E+01,9.24E-02,9.57E-03,1.00E+02,9.66E-02,1.00E-02,1.32E+01,2.04E+00,7.11E+01,3.30E+04,2.07E+06,2.14E+07,1.47E+06,1.52E+07,1.01E+00,0.00E+00,3.43E-01,1.00E+02,9.64E+06,9.99E+07,1.05E+00,8.58E+00,0.00E+00,0.00E+00,4.72E+01,4.41E+01,0.00E+00,4.74E+01,9.16E+00,0.00E+00,1.01E+07,1.04E+08,2.08E+06,2.16E+07,5.65E+01,3.85E+00,7.30E+01,0.00E+00,9.24E-02,0.00E+00,9.57E-03,0.00E+00,9.66E-02,0.00E+00,1.00E-02
816771340000,9.66E-02,1.04E+01,6.50E+08,4.90E+01,3.38E+09,5.10E+09,1.72E+09,1.00E+02,9.66E-02,1.00E-02,1.00E+02,9.66E-02,1.00E-02,2.29E+01,2.10E+00,3.68E+01,3.18E+04,3.59E+06,3.72E+07,1.32E+06,1.37E+07,1.01E+00,1.57E+01,7.23E-01,1.00E+02,1.02E+07,1.06E+08,1.20E+00,2.10E+01,0.00E+00,0.00E+00,1.01E+01,4.43E+01,0.00E+00,1.24E+01,1.60E+01,0.00E+00,1.22E+07,1.27E+08,3.62E+06,3.75E+07,2.83E+01,6.05E-02,9.81E+01,0.00E+00,9.66E-02,0.00E+00,1.00E-02,0.00E+00,9.66E-02,0.00E+00,1.00E-02
816771350000,9.66E-02,1.04E+01,6.50E+08,4.50E+01,3.06E+09,4.68E+09,1.62E+09,9.62E+01,9.29E-02,9.62E-03,9.72E+00,9.38E-03,9.72E-04,2.09E+01,2.08E+00,3.71E+01,3.27E+04,3.27E+06,3.39E+07,1.21E+06,1.26E+07,1.01E+00,8.50E+00,6.43E-01,1.00E+02,1.01E+07,1.05E+08,1.17E+00,1.83E+01,0.00E+00,0.00E+00,1.70E+01,4.43E+01,0.00E+00,2.00E+01,1.46E+01,0.00E+00,1.18E+07,1.22E+08,3.30E+06,3.42E+07,3.46E+01,8.04E-01,9.28E+01,0.00E+00,9.29E-02,0.00E+00,9.62E-03,0.00E+00,9.38E-03,0.00E+00,9.72E-04
816771360000,9.66E-02,1.04E+01,6.50E+08,4.50E+01,2.90E+09,4.68E+09,1.78E+09,8.24E+00,7.96E-03,8.24E-04,0.00E+00,0.00E+00,0.00E+00,2.26E+01,2.18E+00,2.02E+01,3.34E+04,3.55E+06,3.67E+07,7.17E+05,7.43E+06,1.01E+00,2.11E+01,1.08E+00,1.00E+02,1.69E+07,1.75E+08,1.02E+00,1.50E+01,0.00E+00,0.00E+00,1.41E+01,4.50E+01,0.00E+00,2.40E+01,1.60E+01,0.00E+00,1.71E+07,1.77E+08,3.57E+06,3.70E+07,4.00E+01,4.28E-01,7.87E+01,0.00E+00,7.96E-03,0.00E+00,8.24E-04,0.00E+00,0.00E+00,0.00E+00,0.00E+00
816771370000,9.66E-02,1.04E+01,6.50E+08,2.74E+01,1.64E+09,2.85E+09,1.20E+09,6.18E+01,5.96E-02,6.18E-03,4.83E+01,4.66E-02,4.83E-03,9.29E+00,2.52E+00,1.65E+01,1.05E+03,1.46E+06,1.51E+07,2.41E+05,2.50E+06,1.05E+00,0.00E+00,6.34E-01,1.00E+02,1.15E+07,1.20E+08,1.27E+00,2.28E+01,0.00E+00,0.00E+00,3.41E+01,5.36E+01,0.00E+00,4.98E+01,8.19E+00,0.00E+00,1.47E+07,1.52E+08,1.53E+06,1.59E+07,5.80E+01,1.09E+00,6.63E+01,0.00E+00,5.96E-02,0.00E+00,6.18E-03,0.00E+00,4.66E-02,0.00E+00,4.83E-03
816771380000,9.66E-02,1.04E+01,6.50E+08,1.45E+01,5.67E+08,1.51E+09,9.40E+08,9.50E+01,9.17E-02,9.50E-03,7.05E+00,6.81E-03,7.05E-04,2.58E-04,1.00E+00,1.00E+02,1.00E+00,4.04E+01,4.19E+02,4.04E+01,4.19E+02,2.00E+00,0.00E+00,2.76E-01,1.00E+02,1.11E+07,1.15E+08,1.00E+00,5.79E+00,0.00E+00,0.00E+00,6.06E+01,4.80E+01,0.00E+00,6.70E+01,3.86E-04,0.00E+00,1.11E+07,1.15E+08,8.08E+01,8.37E+02,6.70E+01,2.39E+00,5.21E+01,0.00E+00,9.17E-02,0.00E+00,9.50E-03,0.00E+00,6.81E-03,0.00E+00,7.05E-04
816771390000,9.66E-02,1.04E+01,6.50E+08,1.42E+01,5.48E+08,1.47E+09,9.25E+08,9.47E+01,9.14E-02,9.47E-03,0.00E+00,0.00E+00,0.00E+00,0.00E+00,,,,0.00E+00,0.00E+00,0.00E+00,0.00E+00,,0.00E+00,2.77E-01,1.00E+02,1.11E+07,1.15E+08,1.00E+00,5.78E+00,0.00E+00,0.00E+00,6.06E+01,,0.00E+00,6.71E+01,0.00E+00,0.00E+00,1.11E+07,1.15E+08,0.00E+00,0.00E+00,6.71E+01,2.35E+00,5.20E+01,0.00E+00,9.14E-02,0.00E+00,9.47E-03,0.00E+00,0.00E+00,0.00E+00,0.00E+00
816771400000,8.84E-02,1.13E+01,6.50E+08,1.56E+01,6.14E+08,1.62E+09,1.00E+09,9.54E+01,8.43E-02,9.54E-03,1.95E+01,1.72E-02,1.95E-03,2.99E-03,3.63E+02,1.00E+02,1.50E+00,4.30E+02,4.86E+03,4.30E+02,4.86E+03,2.00E+00,0.00E+00,2.70E-01,1.00E+02,9.93E+06,1.12E+08,1.00E+00,5.66E+00,0.00E+00,0.00E+00,6.06E+01,6.13E+01,0.00E+00,6.54E+01,5.73E-03,0.00E+00,9.93E+06,1.12E+08,8.59E+02,9.72E+03,6.54E+01,2.73E+00,5.18E+01,0.00E+00,8.43E-02,0.00E+00,9.54E-03,0.00E+00,1.72E-02,0.00E+00,1.95E-03
816771410000,8.10E-02,1.24E+01,6.50E+08,1.65E+01,6.24E+08,1.71E+09,1.09E+09,9.44E+01,7.64E-02,9.44E-03,2.52E+01,2.04E-02,2.52E-03,1.03E+00,2.41E+00,8.72E+01,2.10E+02,1.35E+05,1.67E+06,1.18E+05,1.46E+06,1.39E+00,0.00E+00,2.77E-01,1.00E+02,9.32E+06,1.15E+08,1.00E+00,5.80E+00,0.00E+00,0.00E+00,6.06E+01,3.49E+01,0.00E+00,6.70E+01,7.80E-01,0.00E+00,9.32E+06,1.15E+08,1.88E+05,2.32E+06,6.78E+01,2.19E+00,5.18E+01,0.00E+00,7.64E-02,0.00E+00,9.44E-03,0.00E+00,2.04E-02,0.00E+00,2.52E-03
816771420000,8.10E-02,1.24E+01,6.50E+08,3.41E+01,2.17E+09,3.55E+09,1.38E+09,9.74E+01,7.88E-02,9.74E-03,5.22E+01,4.23E-02,5.22E-03,1.24E+01,2.12E+00,3.40E+01,3.24E+04,1.64E+06,2.02E+07,5.56E+05,6.87E+06,1.01E+00,0.00E+00,5.08E-01,1.00E+02,1.10E+07,1.36E+08,1.08E+00,1.16E+01,0.00E+00,0.00E+00,2.65E+01,4.40E+01,0.00E+00,3.72E+01,8.62E+00,0.00E+00,1.18E+07,1.46E+08,1.65E+06,2.04E+07,4.58E+01,3.35E-01,7.62E+01,0.00E+00,7.88E-02,0.00E+00,9.74E-03,0.00E+00,4.23E-02,0.00E+00,5.22E-03
816771430000,8.10E-02,1.24E+01,6.50E+08,4.76E+01,3.36E+09,4.95E+09,1.59E+09,1.00E+02,8.10E-02,1.00E-02,1.00E+02,8.10E-02,1.00E-02,2.30E+01,2.12E+00,3.40E+01,3.24E+04,3.03E+06,3.74E+07,1.03E+06,1.27E+07,1.01E+00,1.63E+01,7.12E-01,1.00E+02,8.46E+06,1.05E+08,1.19E+00,1.67E+01,0.00E+00,0.00E+00,9.66E+00,4.40E+01,0.00E+00,1.15E+01,1.60E+01,0.00E+00,1.00E+07,1.24E+08,3.05E+06,3.77E+07,2.75E+01,5.09E-02,9.64E+01,0.00E+00,8.10E-02,0.00E+00,1.00E-02,0.00E+00,8.10E-02,0.00E+00,1.00E-02
816771440000,8.10E-02,1.24E+01,6.50E+08,4.25E+01,2.83E+09,4.41E+09,1.59E+09,9.51E+01,7.70E-02,9.51E-03,5.42E+01,4.39E-02,5.42E-03,2.03E+01,2.02E+00,3.93E+01,2.79E+04,2.67E+06,3.29E+07,1.05E+06,1.29E+07,1.01E+00,6.68E+00,6.20E-01,1.00E+02,8.86E+06,1.09E+08,1.10E+00,1.27E+01,0.00E+00,0.00E+00,2.11E+01,4.44E+01,0.00E+00,2.45E+01,1.42E+01,0.00E+00,9.74E+06,1.20E+08,2.69E+06,3.32E+07,3.87E+01,1.42E+00,8.64E+01,0.00E+00,7.70E-02,0.00E+00,9.51E-03,0.00E+00,4.39E-02,0.00E+00,5.42E-03
816771450000,8.10E-02,1.24E+01,6.50E+08,4.68E+01,2.96E+09,4.87E+09,1.90E+09,1.00E+02,8.10E-02,1.00E-02,0.00E+00,0.00E+00,0.00E+00,2.73E+01,2.10E+00,3.55E+01,3.35E+04,3.59E+06,4.44E+07,1.28E+06,1.58E+07,1.01E+00,2.41E+01,8.85E-01,1.00E+02,1.11E+07,1.37E+08,1.02E+00,1.20E+01,0.00E+00,0.00E+00,1.14E+01,4.50E+01,0.00E+00,1.53E+01,1.94E+01,0.00E+00,1.13E+07,1.40E+08,3.62E+06,4.47E+07,3.47E+01,2.83E-03,8.66E+01,0.00E+00,8.10E-02,0.00E+00,1.00E-02,0.00E+00,0.00E+00,0.00E+00,0.00E+00
816771460000,8.10E-02,1.24E+01,6.50E+08,3.04E+01,1.88E+09,3.16E+09,1.28E+09,5.38E+01,4.36E-02,5.38E-03,4.57E+01,3.70E-02,4.57E-03,1.31E+01,2.19E+00,3.01E+01,1.43E+03,1.72E+06,2.12E+07,5.16E+05,6.38E+06,1.04E+00,0.00E+00,5.90E-01,1.00E+02,8.66E+06,1.07E+08,1.23E+00,2.27E+01,0.00E+00,0.00E+00,3.37E+01,5.17E+01,0.00E+00,4.26E+01,1.10E+01,0.00E+00,1.06E+07,1.31E+08,1.79E+06,2.21E+07,5.35E+01,8.77E-01,7.07E+01,0.00E+00,4.36E-02,0.00E+00,5.38E-03,0.00E+00,3.70E-02,0.00E+00,4.57E-03
816771470000,8.10E-02,1.24E+01,6.50E+08,1.49E+01,5.93E+08,1.54E+09,9.52E+08,9.53E+01,7.72E-02,9.53E-03,1.17E+01,9.45E-03,1.17E-03,6.33E-04,1.00E+00,1.00E+02,1.00E+00,8.33E+01,1.03E+03,8.33E+01,1.03E+03,2.00E+00,0.00E+00,2.75E-01,1.00E+02,9.26E+06,1.14E+08,1.00E+00,5.76E+00,0.00E+00,0.00E+00,6.06E+01,4.80E+01,0.00E+00,6.66E+01,9.50E-04,0.00E+00,9.26E+06,1.14E+08,1.67E+02,2.06E+03,6.66E+01,2.44E+00,5.19E+01,0.00E+00,7.72E-02,0.00E+00,9.53E-03,0.00E+00,9.45E-03,0.00E+00,1.17E-03
816771480000,8.21E-02,1.22E+01,6.50E+08,1.49E+01,5.82E+08,1.55E+09,9.63E+08,9.53E+01,7.82E-02,9.53E-03,7.92E+00,6.50E-03,7.92E-04,1.29E-03,3.63E+02,1.00E+02,1.50E+00,1.72E+02,2.09E+03,1.72E+02,2.09E+03,2.00E+00,0.00E+00,2.75E-01,1.00E+02,9.40E+06,1.14E+08,1.00E+00,5.77E+00,0.00E+00,0.00E+00,6.06E+01,6.13E+01,0.00E+00,6.67E+01,2.47E-03,0.00E+00,9.40E+06,1.14E+08,3.43E+02,4.18E+03,6.67E+01,2.57E+00,5.22E+01,0.00E+00,7.82E-02,0.00E+00,9.53E-03,0.00E+00,6.50E-03,0.00E+00,7.92E-04
816771490000,8.39E-02,1.19E+01,6.50E+08,1.67E+01,6.45E+08,1.74E+09,1.09E+09,9.42E+01,7.90E-02,9.42E-03,3.04E+01,2.55E-02,3.04E-03,4.52E-01,5.06E+00,9.13E+01,1.05E+02,6.17E+04,7.35E+05,5.63E+04,6.71E+05,1.88E+00,0.00E+00,2.74E-01,1.00E+02,9.57E+06,1.14E+08,1.00E+00,5.77E+00,0.00E+00,0.00E+00,6.06E+01,2.25E+01,0.00E+00,6.64E+01,2.99E-01,0.00E+00,9.57E+06,1.14E+08,1.16E+05,1.39E+06,6.67E+01,2.63E+00,5.23E+01,0.00E+00,7.90E-02,0.00E+00,9.42E-03,0.00E+00,2.55E-02,0.00E+00,3.04E-03
816771500000,8.39E-02,1.19E+01,6.50E+08,2.09E+01,1.03E+09,2.17E+09,1.15E+09,9.46E+01,7.94E-02,9.46E-03,3.12E+01,2.62E-02,3.12E-03,3.41E+00,1.76E+00,8.51E+01,7.43E+03,4.65E+05,5.54E+06,3.96E+05,4.71E+06,1.01E+00,0.00E+00,2.55E-01,1.00E+02,1.12E+07,1.34E+08,1.00E+00,5.35E+00,0.00E+00,0.00E+00,4.88E+01,4.41E+01,0.00E+00,6.28E+01,2.38E+00,0.00E+00,1.12E+07,1.34E+08,4.71E+05,5.62E+06,6.51E+01,3.14E+00,5.77E+01,0.00E+00,7.94E-02,0.00E+00,9.46E-03,0.00E+00,2.62E-02,0.00E+00,3.12E-03
816771510000,8.39E-02,1.19E+01,6.50E+08,2.79E+01,1.51E+09,2.90E+09,1.39E+09,9.43E+01,7.92E-02,9.43E-03,1.00E+02,8.39E-02,1.00E-02,1.11E+01,2.02E+00,7.97E+01,3.71E+04,1.51E+06,1.80E+07,1.21E+06,1.44E+07,1.01E+00,0.00E+00,2.43E-01,1.00E+02,8.42E+06,1.00E+08,1.00E+00,5.24E+00,0.00E+00,0.00E+00,6.03E+01,4.40E+01,0.00E+00,5.83E+01,7.69E+00,0.00E+00,8.43E+06,1.00E+08,1.52E+06,1.82E+07,6.60E+01,4.08E+00,6.56E+01,0.00E+00,7.92E-02,0.00E+00,9.43E-03,0.00E+00,8.39E-02,0.00E+00,1.00E-02
816771520000,8.39E-02,1.19E+01,6.50E+08,4.98E+01,3.47E+09,5.18E+09,1.71E+09,1.00E+02,8.39E-02,1.00E-02,1.00E+02,8.39E-02,1.00E-02,2.39E+01,2.13E+00,3.25E+01,3.25E+04,3.26E+06,3.88E+07,1.06E+06,1.26E+07,1.01E+00,1.68E+01,7.41E-01,1.00E+02,9.08E+06,1.08E+08,1.18E+00,2.06E+01,0.00E+00,0.00E+00,9.53E+00,4.43E+01,0.00E+00,1.17E+01,1.67E+01,0.00E+00,1.07E+07,1.28E+08,3.28E+06,3.91E+07,2.84E+01,3.48E-02,9.84E+01,0.00E+00,8.39E-02,0.00E+00,1.00E-02,0.00E+00,8.39E-02,0.00E+00,1.00E-02
816771530000,8.39E-02,1.19E+01,6.50E+08,4.98E+01,3.47E+09,5.18E+09,1.71E+09,9.61E+01,8.07E-02,9.61E-03,2.88E+01,2.41E-02,2.88E-03,2.39E+01,2.13E+00,3.25E+01,3.25E+04,3.26E+06,3.88E+07,1.06E+06,1.26E+07,1.01E+00,1.68E+01,7.41E-01,1.00E+02,9.08E+06,1.08E+08,1.18E+00,2.06E+01,0.00E+00,0.00E+00,9.53E+00,4.43E+01,0.00E+00,1.17E+01,1.67E+01,0.00E+00,1.07E+07,1.28E+08,3.28E+06,3.91E+07,2.84E+01,3.48E-02,9.84E+01,0.00E+00,8.07E-02,0.00E+00,9.61E-03,0.00E+00,2.41E-02,0.00E+00,2.88E-03
816771540000,8.39E-02,1.19E+01,6.50E+08,4.44E+01,2.92E+09,4.62E+09,1.69E+09,9.86E+01,8.27E-02,9.86E-03,0.00E+00,0.00E+00,0.00E+00,2.39E+01,2.30E+00,1.77E+01,3.15E+04,3.26E+06,3.89E+07,5.78E+05,6.88E+06,1.01E+00,1.64E+01,9.75E-01,1.00E+02,1.40E+07,1.67E+08,1.02E+00,1.29E+01,0.00E+00,0.00E+00,1.89E+01,4.50E+01,0.00E+00,3.09E+01,1.70E+01,0.00E+00,1.42E+07,1.70E+08,3.29E+06,3.92E+07,4.78E+01,8.07E-01,8.28E+01,0.00E+00,8.27E-02,0.00E+00,9.86E-03,0.00E+00,0.00E+00,0.00E+00,0.00E+00
816771550000,8.39E-02,1.19E+01,6.50E+08,3.21E+01,2.02E+09,3.34E+09,1.32E+09,8.71E+01,7.31E-02,8.71E-03,4.41E+01,3.70E-02,4.41E-03,1.41E+01,2.39E+00,1.47E+01,1.50E+03,1.92E+06,2.29E+07,2.82E+05,3.36E+06,1.04E+00,0.00E+00,7.91E-01,1.00E+02,1.09E+07,1.30E+08,1.33E+00,2.80E+01,0.00E+00,0.00E+00,2.65E+01,5.12E+01,0.00E+00,4.41E+01,1.17E+01,0.00E+00,1.45E+07,1.73E+08,2.00E+06,2.38E+07,5.59E+01,6.54E-01,7.29E+01,0.00E+00,7.31E-02,0.00E+00,8.71E-03,0.00E+00,3.70E-02,0.00E+00,4.41E-03
816771560000,8.39E-02,1.19E+01,6.50E+08,1.51E+01,6.05E+08,1.57E+09,9.66E+08,9.54E+01,8.00E-02,9.54E-03,1.17E+01,9.83E-03,1.17E-03,9.58E-04,1.14E+02,1.00E+02,1.12E+00,1.31E+02,1.56E+03,1.31E+02,1.56E+03,2.00E+00,0.00E+00,2.76E-01,1.00E+02,9.63E+06,1.15E+08,1.00E+00,5.81E+00,0.00E+00,0.00E+00,6.06E+01,5.22E+01,0.00E+00,6.68E+01,1.56E-03,0.00E+00,9.63E+06,1.15E+08,2.61E+02,3.11E+03,6.68E+01,2.45E+00,5.21E+01,0.00E+00,8.00E-02,0.00E+00,9.54E-03,0.00E+00,9.83E-03,0.00E+00,1.17E-03
816771570000,9.15E-02,1.09E+01,6.50E+08,1.72E+01,7.31E+08,1.79E+09,1.06E+09,9.54E+01,8.73E-02,9.54E-03,2.84E+01,2.59E-02,2.84E-03,8.35E-01,3.55E+00,8.13E+01,3.09E+02,1.24E+05,1.36E+06,1.01E+05,1.10E+06,1.03E+00,0.00E+00,2.65E-01,1.00E+02,1.01E+07,1.10E+08,1.00E+00,5.61E+00,0.00E+00,0.00E+00,6.06E+01,4.45E+01,0.00E+00,6.41E+01,5.96E-01,0.00E+00,1.01E+07,1.10E+08,1.27E+05,1.39E+06,6.47E+01,3.13E+00,5.35E+01,0.00E+00,8.73E-02,0.00E+00,9.54E-03,0.00E+00,2.59E-02,0.00E+00,2.84E-03
816771580000,9.16E-02,1.09E+01,6.50E+08,2.58E+01,1.35E+09,2.69E+09,1.34E+09,8.83E+01,8.08E-02,8.83E-03,0.00E+00,0.00E+00,0.00E+00,9.47E+00,1.99E+00,9.41E+01,3.02E+04,1.41E+06,1.54E+07,1.33E+06,1.45E+07,1.01E+00,0.00E+00,2.24E-01,1.00E+02,8.52E+06,9.30E+07,1.00E+00,4.86E+00,0.00E+00,0.00E+00,6.06E+01,4.40E+01,0.00E+00,5.42E+01,6.58E+00,0.00E+00,8.52E+06,9.30E+07,1.42E+06,1.55E+07,6.07E+01,6.64E+00,6.76E+01,0.00E+00,8.08E-02,0.00E+00,8.83E-03,0.00E+00,0.00E+00,0.00E+00,0.00E+00
816771590000,9.16E-02,1.09E+01,6.50E+08,2.44E+01,1.54E+09,2.54E+09,1.00E+09,7.30E+01,6.69E-02,7.30E-03,0.00E+00,0.00E+00,0.00E+00,1.17E+01,2.08E+00,2.75E+01,3.38E+04,1.74E+06,1.90E+07,4.79E+05,5.23E+06,1.01E+00,0.00E+00,2.38E-01,1.00E+02,9.06E+06,9.89E+07,1.00E+00,5.01E+00,0.00E+00,0.00E+00,6.06E+01,4.40E+01,0.00E+00,5.76E+01,8.10E+00,0.00E+00,9.06E+06,9.89E+07,1.75E+06,1.91E+07,6.57E+01,4.57E+00,6.74E+01,0.00E+00,6.69E-02,0.00E+00,7.30E-03,0.00E+00,0.00E+00,0.00E+00,0.00E+00
816771600000,9.16E-02,1.09E+01,6.50E+08,2.52E+01,1.69E+09,2.62E+09,9.22E+08,9.45E+01,8.65E-02,9.45E-03,0.00E+00,0.00E+00,0.00E+00,1.19E+01,2.35E+00,1.52E+01,3.32E+04,1.76E+06,1.93E+07,2.68E+05,2.93E+06,1.01E+00,0.00E+00,2.40E-01,1.00E+02,9.13E+06,9.98E+07,1.00E+00,5.04E+00,0.00E+00,0.00E+00,6.06E+01,4.40E+01,0.00E+00,5.81E+01,8.21E+00,0.00E+00,9.13E+06,9.98E+07,1.78E+06,1.94E+07,6.63E+01,4.65E+00,6.73E+01,0.00E+00,8.65E-02,0.00E+00,9.45E-03,0.00E+00,0.00E+00,0.00E+00,0.00E+00
816771610000,9.16E-02,1.09E+01,6.50E+08,2.93E+01,1.90E+09,3.05E+09,1.15E+09,9.62E+01,8.81E-02,9.62E-03,0.00E+00,0.00E+00,0.00E+00,8.86E+00,3.09E+00,1.00E+01,3.54E+04,1.32E+06,1.44E+07,1.32E+05,1.44E+06,1.01E+00,0.00E+00,5.43E-01,1.00E+02,1.08E+07,1.18E+08,1.09E+00,9.47E+00,0.00E+00,0.00E+00,3.31E+01,4.40E+01,0.00E+00,4.08E+01,6.14E+00,0.00E+00,1.17E+07,1.28E+08,1.33E+06,1.45E+07,4.69E+01,2.64E+00,7.64E+01,0.00E+00,8.81E-02,0.00E+00,9.62E-03,0.00E+00,0.00E+00,0.00E+00,0.00E+00
816771620000,9.16E-02,1.09E+01,6.50E+08,3.61E+01,2.25E+09,3.75E+09,1.50E+09,1.00E+02,9.16E-02,1.00E-02,0.00E+00,0.00E+00,0.00E+00,4.62E+00,3.11E+00,1.40E+01,3.79E+04,6.88E+05,7.51E+06,9.64E+04,1.05E+06,1.00E+00,1.77E+01,9.85E-01,1.00E+02,1.31E+07,1.43E+08,1.18E+00,1.59E+01,0.00E+00,0.00E+00,9.34E+00,4.40E+01,0.00E+00,1.51E+01,3.19E+00,0.00E+00,1.54E+07,1.69E+08,6.91E+05,7.54E+06,1.83E+01,6.55E-04,9.00E+01,0.00E+00,9.16E-02,0.00E+00,1.00E-02,0.00E+00,0.00E+00,0.00E+00,0.00E+00
816771630000,9.16E-02,1.09E+01,6.50E+08,3.06E+01,1.94E+09,3.18E+09,1.25E+09,9.70E+01,8.88E-02,9.70E-03,0.00E+00,0.00E+00,0.00E+00,1.69E+01,2.10E+00,3.53E+01,5.16E+03,2.51E+06,2.74E+07,8.88E+05,9.70E+06,1.02E+00,2.35E+01,5.89E-01,1.00E+02,8.17E+06,8.93E+07,1.05E+00,6.63E+00,0.00E+00,0.00E+00,1.09E+01,4.68E+01,0.00E+00,9.85E+00,1.25E+01,0.00E+00,8.58E+06,9.37E+07,2.55E+06,2.79E+07,2.24E+01,3.92E-03,5.87E+01,0.00E+00,8.88E-02,0.00E+00,9.70E-03,0.00E+00,0.00E+00,0.00E+00,0.00E+00
816771640000,9.16E-02,1.09E+01,6.50E+08,2.99E+01,1.90E+09,3.11E+09,1.21E+09,4.55E+00,4.16E-03,4.55E-04,9.20E+01,8.43E-02,9.20E-03,1.84E+01,2.09E+00,3.60E+01,5.03E+03,2.73E+06,2.99E+07,9.85E+05,1.08E+07,1.02E+00,2.49E+01,5.41E-01,1.00E+02,7.57E+06,8.26E+07,1.02E+00,5.50E+00,0.00E+00,0.00E+00,1.13E+01,4.69E+01,0.00E+00,9.20E+00,1.37E+01,0.00E+00,7.74E+06,8.45E+07,2.78E+06,3.04E+07,2.29E+01,4.32E-03,5.49E+01,0.00E+00,4.16E-03,0.00E+00,4.55E-04,0.00E+00,8.43E-02,0.00E+00,9.20E-03
816771650000,9.16E-02,1.09E+01,6.50E+08,2.67E+01,1.61E+09,2.78E+09,1.18E+09,2.54E+01,2.32E-02,2.54E-03,8.44E+01,7.72E-02,8.44E-03,1.35E+01,2.09E+00,3.60E+01,3.73E+03,2.01E+06,2.20E+07,7.25E+05,7.92E+06,1.02E+00,5.13E+00,4.73E-01,1.00E+02,8.42E+06,9.19E+07,1.01E+00,5.62E+00,0.00E+00,0.00E+00,2.77E+01,4.69E+01,0.00E+00,2.49E+01,1.01E+01,0.00E+00,8.54E+06,9.33E+07,2.05E+06,2.24E+07,3.49E+01,2.94E-01,5.37E+01,0.00E+00,2.32E-02,0.00E+00,2.54E-03,0.00E+00,7.72E-02,0.00E+00,8.44E-03
816771660000,1.05E-01,9.49E+00,6.50E+08,1.98E+01,8.79E+08,2.06E+09,1.18E+09,9.59E+01,1.01E-01,9.59E-03,3.31E+01,3.49E-02,3.31E-03,1.32E+00,2.97E+00,8.48E+01,3.90E+02,2.26E+05,2.15E+06,1.92E+05,1.82E+06,1.02E+00,0.00E+00,2.81E-01,1.00E+02,1.23E+07,1.17E+08,1.00E+00,5.92E+00,0.00E+00,0.00E+00,6.06E+01,4.42E+01,0.00E+00,6.80E+01,9.30E-01,0.00E+00,1.23E+07,1.17E+08,2.31E+05,2.19E+06,6.90E+01,1.67E+00,5.31E+01,0.00E+00,1.01E-01,0.00E+00,9.59E-03,0.00E+00,3.49E-02,0.00E+00,3.31E-03
816771670000,1.09E-01,9.21E+00,6.50E+08,2.63E+01,1.38E+09,2.74E+09,1.35E+09,9.33E+01,1.01E-01,9.33E-03,0.00E+00,0.00E+00,0.00E+00,9.78E+00,2.00E+00,9.27E+01,2.67E+04,1.72E+06,1.59E+07,1.60E+06,1.47E+07,1.01E+00,0.00E+00,2.26E-01,1.00E+02,1.02E+07,9.39E+07,1.00E+00,4.92E+00,0.00E+00,0.00E+00,6.06E+01,4.40E+01,0.00E+00,5.47E+01,6.78E+00,0.00E+00,1.02E+07,9.39E+07,1.74E+06,1.60E+07,6.15E+01,6.39E+00,6.75E+01,0.00E+00,1.01E-01,0.00E+00,9.33E-03,0.00E+00,0.00E+00,0.00E+00,0.00E+00
816771680000,1.09E-01,9.21E+00,6.50E+08,2.28E+01,1.44E+09,2.37E+09,9.32E+08,9.51E+01,1.03E-01,9.51E-03,0.00E+00,0.00E+00,0.00E+00,1.10E+01,2.05E+00,2.67E+01,3.95E+04,1.95E+06,1.79E+07,5.19E+05,4.78E+06,1.01E+00,0.00E+00,2.23E-01,1.00E+02,1.01E+07,9.28E+07,1.00E+00,4.72E+00,0.00E+00,0.00E+00,6.06E+01,4.40E+01,0.00E+00,5.40E+01,7.65E+00,0.00E+00,1.01E+07,9.28E+07,1.96E+06,1.81E+07,6.17E+01,6.64E+00,6.87E+01,0.00E+00,1.03E-01,0.00E+00,9.51E-03,0.00E+00,0.00E+00,0.00E+00,0.00E+00
816771690000,1.09E-01,9.21E+00,6.50E+08,2.31E+01,1.56E+09,2.40E+09,8.41E+08,9.36E+01,1.02E-01,9.36E-03,0.00E+00,0.00E+00,0.00E+00,1.10E+01,2.45E+00,1.35E+01,3.09E+04,1.93E+06,1.78E+07,2.61E+05,2.40E+06,1.01E+00,0.00E+00,2.21E-01,1.00E+02,9.96E+06,9.18E+07,1.00E+00,4.65E+00,0.00E+00,0.00E+00,6.06E+01,4.40E+01,0.00E+00,5.35E+01,7.60E+00,0.00E+00,9.96E+06,9.18E+07,1.95E+06,1.79E+07,6.11E+01,7.49E+00,6.94E+01,0.00E+00,1.02E-01,0.00E+00,9.36E-03,0.00E+00,0.00E+00,0.00E+00,0.00E+00
816771700000,1.09E-01,9.21E+00,6.50E+08,2.33E+01,1.57E+09,2.42E+09,8.57E+08,9.55E+01,1.04E-01,9.55E-03,0.00E+00,0.00E+00,0.00E+00,1.12E+01,3.01E+00,1.11E+01,3.47E+04,1.98E+06,1.82E+07,2.19E+05,2.02E+06,1.01E+00,0.00E+00,2.22E-01,1.00E+02,1.00E+07,9.23E+07,1.00E+00,4.68E+00,0.00E+00,0.00E+00,6.06E+01,4.40E+01,0.00E+00,5.38E+01,7.78E+00,0.00E+00,1.00E+07,9.23E+07,2.00E+06,1.84E+07,6.15E+01,7.31E+00,6.93E+01,0.00E+00,1.04E-01,0.00E+00,9.55E-03,0.00E+00,0.00E+00,0.00E+00,0.00E+00
816771710000,1.09E-01,9.21E+00,6.50E+08,2.06E+01,1.12E+09,2.14E+09,1.02E+09,9.50E+01,1.03E-01,9.50E-03,0.00E+00,0.00E+00,0.00E+00,3.52E+00,3.39E+00,1.04E+01,4.72E+04,6.21E+05,5.72E+06,6.49E+04,5.98E+05,1.00E+00,0.00E+00,4.06E-01,1.00E+02,1.23E+07,1.14E+08,1.05E+00,7.47E+00,0.00E+00,0.00E+00,4.56E+01,4.40E+01,0.00E+00,5.21E+01,2.42E+00,0.00E+00,1.29E+07,1.19E+08,6.21E+05,5.72E+06,5.45E+01,3.18E+00,6.35E+01,0.00E+00,1.03E-01,0.00E+00,9.50E-03,0.00E+00,0.00E+00,0.00E+00,0.00E+00
816771720000,1.09E-01,9.21E+00,6.50E+08,3.12E+01,1.83E+09,3.24E+09,1.41E+09,1.00E+02,1.09E-01,1.00E-02,0.00E+00,0.00E+00,0.00E+00,0.00E+00,,,,0.00E+00,0.00E+00,0.00E+00,0.00E+00,,1.83E+01,9.68E-01,1.00E+02,1.52E+07,1.40E+08,1.17E+00,1.52E+01,0.00E+00,0.00E+00,9.20E+00,,0.00E+00,1.45E+01,0.00E+00,0.00E+00,1.79E+07,1.65E+08,0.00E+00,0.00E+00,1.45E+01,3.13E-04,8.51E+01,0.00E+00,1.09E-01,0.00E+00,1.00E-02,0.00E+00,0.00E+00,0.00E+00,0.00E+00
816771730000,1.09E-01,9.21E+00,6.50E+08,2.97E+01,1.84E+09,3.09E+09,1.25E+09,9.69E+01,1.05E-01,9.69E-03,0.00E+00,0.00E+00,0.00E+00,1.18E+01,2.09E+00,3.60E+01,5.03E+03,2.08E+06,1.91E+07,7.47E+05,6.89E+06,1.02E+00,2.17E+01,6.73E-01,1.00E+02,1.09E+07,1.00E+08,1.09E+00,8.63E+00,0.00E+00,0.00E+00,1.02E+01,4.69E+01,0.00E+00,1.08E+01,8.77E+00,0.00E+00,1.19E+07,1.10E+08,2.11E+06,1.95E+07,1.96E+01,5.21E-03,6.58E+01,0.00E+00,1.05E-01,0.00E+00,9.69E-03,0.00E+00,0.00E+00,0.00E+00,0.00E+00
816771740000,1.09E-01,9.21E+00,6.50E+08,2.89E+01,1.84E+09,3.01E+09,1.17E+09,2.79E+01,3.03E-02,2.79E-03,6.86E+01,7.45E-02,6.86E-03,1.78E+01,2.09E+00,3.60E+01,5.03E+03,3.13E+06,2.89E+07,1.13E+06,1.04E+07,1.02E+00,2.49E+01,5.23E-01,1.00E+02,8.67E+06,7.99E+07,1.02E+00,5.26E+00,0.00E+00,0.00E+00,1.13E+01,4.69E+01,0.00E+00,8.90E+00,1.32E+01,0.00E+00,8.86E+06,8.17E+07,3.19E+06,2.94E+07,2.21E+01,7.71E-03,5.60E+01,0.00E+00,3.03E-02,0.00E+00,2.79E-03,0.00E+00,7.45E-02,0.00E+00,6.86E-03
816771750000,1.09E-01,9.21E+00,6.50E+08,2.89E+01,1.84E+09,3.01E+09,1.17E+09,0.00E+00,0.00E+00,0.00E+00,1.00E+02,1.09E-01,1.00E-02,1.78E+01,2.09E+00,3.60E+01,5.03E+03,3.13E+06,2.89E+07,1.13E+06,1.04E+07,1.02E+00,2.49E+01,5.23E-01,1.00E+02,8.67E+06,7.99E+07,1.02E+00,5.26E+00,0.00E+00,0.00E+00,1.13E+01,4.69E+01,0.00E+00,8.90E+00,1.32E+01,0.00E+00,8.86E+06,8.17E+07,3.19E+06,2.94E+07,2.21E+01,7.71E-03,5.60E+01,0.00E+00,0.00E+00,0.00E+00,0.00E+00,0.00E+00,1.09E-01,0.00E+00,1.00E-02
816771760000,1.09E-01,9.21E+00,6.50E+08,1.63E+01,7.13E+08,1.70E+09,9.85E+08,9.00E+01,9.77E-02,9.00E-03,2.62E+01,2.85E-02,2.62E-03,9.81E-01,2.17E+00,3.61E+01,5.87E+02,1.73E+05,1.59E+06,6.25E+04,5.75E+05,1.02E+00,0.00E+00,2.86E-01,1.00E+02,1.21E+07,1.11E+08,1.00E+00,5.71E+00,0.00E+00,0.00E+00,5.86E+01,4.69E+01,0.00E+00,6.28E+01,7.32E-01,0.00E+00,1.21E+07,1.12E+08,1.76E+05,1.62E+06,6.35E+01,2.42E+00,5.21E+01,0.00E+00,9.77E-02,0.00E+00,9.00E-03,0.00E+00,2.85E-02,0.00E+00,2.62E-03
816771770000,9.90E-02,1.01E+01,6.50E+08,1.76E+01,7.52E+08,1.83E+09,1.08E+09,9.54E+01,9.45E-02,9.54E-03,2.67E+01,2.64E-02,2.67E-03,8.93E-01,3.61E+00,8.85E+01,3.16E+02,1.44E+05,1.45E+06,1.27E+05,1.28E+06,1.02E+00,0.00E+00,2.67E-01,1.00E+02,1.10E+07,1.11E+08,1.00E+00,5.64E+00,0.00E+00,0.00E+00,6.06E+01,4.43E+01,0.00E+00,6.46E+01,6.32E-01,0.00E+00,1.10E+07,1.11E+08,1.47E+05,1.48E+06,6.53E+01,3.28E+00,5.38E+01,0.00E+00,9.45E-02,0.00E+00,9.54E-03,0.00E+00,2.64E-02,0.00E+00,2.67E-03
816771780000,9.89E-02,1.01E+01,6.50E+08,2.66E+01,1.41E+09,2.77E+09,1.35E+09,9.45E+01,9.34E-02,9.45E-03,0.00E+00,0.00E+00,0.00E+00,1.01E+01,1.98E+00,9.29E+01,2.79E+04,1.62E+06,1.64E+07,1.50E+06,1.52E+07,1.01E+00,0.00E+00,2.20E-01,1.00E+02,9.06E+06,9.16E+07,1.00E+00,4.81E+00,0.00E+00,0.00E+00,6.06E+01,4.40E+01,0.00E+00,5.34E+01,6.99E+00,0.00E+00,9.06E+06,9.16E+07,1.63E+06,1.65E+07,6.03E+01,6.86E+00,6.85E+01,0.00E+00,9.34E-02,0.00E+00,9.45E-03,0.00E+00,0.00E+00,0.00E+00,0.00E+00
816771790000,9.89E-02,1.01E+01,6.50E+08,2.27E+01,1.45E+09,2.37E+09,9.13E+08,9.37E+01,9.26E-02,9.37E-03,0.00E+00,0.00E+00,0.00E+00,1.13E+01,2.23E+00,2.19E+01,3.29E+04,1.81E+06,1.83E+07,3.97E+05,4.02E+06,1.01E+00,0.00E+00,2.24E-01,1.00E+02,9.23E+06,9.34E+07,1.00E+00,4.76E+00,0.00E+00,0.00E+00,6.06E+01,4.40E+01,0.00E+00,5.44E+01,7.81E+00,0.00E+00,9.23E+06,9.34E+07,1.83E+06,1.85E+07,6.22E+01,6.61E+00,6.91E+01,0.00E+00,9.26E-02,0.00E+00,9.37E-03,0.00E+00,0.00E+00,0.00E+00,0.00E+00
816771800000,9.89E-02,1.01E+01,6.50E+08,2.53E+01,1.69E+09,2.63E+09,9.37E+08,9.50E+01,9.39E-02,9.50E-03,0.00E+00,0.00E+00,0.00E+00,1.21E+01,2.15E+00,1.66E+01,3.36E+04,1.94E+06,1.96E+07,3.21E+05,3.25E+06,1.01E+00,0.00E+00,2.42E-01,1.00E+02,9.94E+06,1.01E+08,1.00E+00,5.07E+00,0.00E+00,0.00E+00,6.06E+01,4.40E+01,0.00E+00,5.86E+01,8.36E+00,0.00E+00,9.94E+06,1.01E+08,1.95E+06,1.97E+07,6.69E+01,4.40E+00,6.71E+01,0.00E+00,9.39E-02,0.00E+00,9.50E-03,0.00E+00,0.00E+00,0.00E+00,0.00E+00
816771810000,9.89E-02,1.01E+01,6.50E+08,2.52E+01,1.66E+09,2.62E+09,9.59E+08,9.50E+01,9.39E-02,9.50E-03,0.00E+00,0.00E+00,0.00E+00,1.18E+01,3.03E+00,1.31E+01,3.32E+04,1.90E+06,1.92E+07,2.48E+05,2.51E+06,1.01E+00,0.00E+00,2.53E-01,1.00E+02,1.00E+07,1.01E+08,1.00E+00,5.24E+00,0.00E+00,0.00E+00,5.94E+01,4.40E+01,0.00E+00,5.81E+01,8.19E+00,0.00E+00,1.01E+07,1.02E+08,1.91E+06,1.94E+07,6.63E+01,4.14E+00,6.70E+01,0.00E+00,9.39E-02,0.00E+00,9.50E-03,0.00E+00,0.00E+00,0.00E+00,0.00E+00
816771820000,9.89E-02,1.01E+01,6.50E+08,3.35E+01,2.00E+09,3.48E+09,1.48E+09,1.00E+02,9.89E-02,1.00E-02,0.00E+00,0.00E+00,0.00E+00,1.17E+00,4.54E+00,3.11E+00,,1.88E+05,1.90E+06,5.86E+03,5.92E+04,9.94E-01,1.83E+01,1.01E+00,1.00E+02,1.45E+07,1.46E+08,1.17E+00,1.61E+01,0.00E+00,0.00E+00,9.20E+00,4.39E+01,0.00E+00,1.52E+01,7.98E-01,0.00E+00,1.70E+07,1.72E+08,1.87E+05,1.89E+06,1.60E+01,3.78E-04,8.65E+01,0.00E+00,9.89E-02,0.00E+00,1.00E-02,0.00E+00,0.00E+00,0.00E+00,0.00E+00
816771830000,9.89E-02,1.01E+01,6.50E+08,3.10E+01,1.91E+09,3.23E+09,1.32E+09,9.70E+01,9.59E-02,9.70E-03,0.00E+00,0.00E+00,0.00E+00,9.95E+00,2.10E+00,3.42E+01,5.32E+03,1.60E+06,1.62E+07,5.47E+05,5.53E+06,1.02E+00,2.07E+01,7.51E-01,1.00E+02,1.10E+07,1.11E+08,1.12E+00,1.04E+01,0.00E+00,0.00E+00,9.94E+00,4.67E+01,0.00E+00,1.18E+01,7.38E+00,0.00E+00,1.22E+07,1.24E+08,1.62E+06,1.64E+07,1.92E+01,2.81E-03,7.07E+01,0.00E+00,9.59E-02,0.00E+00,9.70E-03,0.00E+00,0.00E+00,0.00E+00,0.00E+00
816771840000,9.89E-02,1.01E+01,6.50E+08,2.88E+01,1.83E+09,3.00E+09,1.17E+09,3.95E+01,3.90E-02,3.95E-03,5.70E+01,5.64E-02,5.70E-03,1.77E+01,2.09E+00,3.60E+01,5.03E+03,2.85E+06,2.88E+07,1.03E+06,1.04E+07,1.02E+00,2.49E+01,5.21E-01,1.00E+02,7.88E+06,7.97E+07,1.02E+00,5.31E+00,0.00E+00,0.00E+00,1.13E+01,4.69E+01,0.00E+00,8.87E+00,1.32E+01,0.00E+00,8.06E+06,8.15E+07,2.90E+06,2.93E+07,2.21E+01,4.96E-03,5.66E+01,0.00E+00,3.90E-02,0.00E+00,3.95E-03,0.00E+00,5.64E-02,0.00E+00,5.70E-03
816771850000,9.89E-02,1.01E+01,6.50E+08,2.88E+01,1.83E+09,3.00E+09,1.17E+09,0.00E+00,0.00E+00,0.00E+00,1.00E+02,9.89E-02,1.00E-02,1.77E+01,2.09E+00,3.60E+01,5.03E+03,2.85E+06,2.88E+07,1.03E+06,1.04E+07,1.02E+00,2.49E+01,5.21E-01,1.00E+02,7.88E+06,7.97E+07,1.02E+00,5.31E+00,0.00E+00,0.00E+00,1.13E+01,4.69E+01,0.00E+00,8.87E+00,1.32E+01,0.00E+00,8.06E+06,8.15E+07,2.90E+06,2.93E+07,2.21E+01,4.96E-03,5.66E+01,0.00E+00,0.00E+00,0.00E+00,0.00E+00,0.00E+00,9.89E-02,0.00E+00,1.00E-02
816771860000,9.90E-02,1.01E+01,6.50E+08,1.87E+01,9.05E+08,1.94E+09,1.04E+09,7.72E+01,7.65E-02,7.72E-03,4.31E+01,4.27E-02,4.31E-03,3.43E+00,2.27E+00,3.60E+01,1.37E+03,5.53E+05,5.58E+06,1.99E+05,2.01E+06,1.02E+00,0.00E+00,3.20E-01,1.00E+02,1.06E+07,1.07E+08,1.00E+00,5.65E+00,0.00E+00,0.00E+00,5.33E+01,4.69E+01,0.00E+00,5.49E+01,2.56E+00,0.00E+00,1.06E+07,1.07E+08,5.62E+05,5.68E+06,5.74E+01,2.21E+00,5.31E+01,0.00E+00,7.65E-02,0.00E+00,7.72E-03,0.00E+00,4.27E-02,0.00E+00,4.31E-03
816771870000,1.01E-01,9.94E+00,6.50E+08,1.81E+01,8.00E+08,1.89E+09,1.09E+09,9.54E+01,9.61E-02,9.54E-03,3.32E+01,3.34E-02,3.32E-03,1.43E+00,2.62E+00,8.47E+01,5.71E+02,2.34E+05,2.32E+06,1.98E+05,1.97E+06,1.02E+00,0.00E+00,2.66E-01,1.00E+02,1.11E+07,1.11E+08,1.00E+00,5.63E+00,0.00E+00,0.00E+00,6.06E+01,4.41E+01,0.00E+00,6.44E+01,1.00E+00,0.00E+00,1.11E+07,1.11E+08,2.38E+05,2.36E+06,6.54E+01,3.41E+00,5.49E+01,0.00E+00,9.61E-02,0.00E+00,9.54E-03,0.00E+00,3.34E-02,0.00E+00,3.32E-03
816771880000,1.01E-01,9.94E+00,6.50E+08,2.59E+01,1.35E+09,2.69E+09,1.34E+09,9.27E+01,9.33E-02,9.27E-03,1.00E+02,1.01E-01,1.00E-02,9.66E+00,2.02E+00,9.28E+01,2.69E+04,1.58E+06,1.57E+07,1.47E+06,1.46E+07,1.01E+00,0.00E+00,2.22E-01,1.00E+02,9.30E+06,9.24E+07,1.00E+00,4.88E+00,0.00E+00,0.00E+00,6.06E+01,4.40E+01,0.00E+00,5.38E+01,6.70E+00,0.00E+00,9.30E+06,9.24E+07,1.59E+06,1.58E+07,6.05E+01,6.85E+00,6.81E+01,0.00E+00,9.33E-02,0.00E+00,9.27E-03,0.00E+00,1.01E-01,0.00E+00,1.00E-02
816771890000,1.01E-01,9.94E+00,6.50E+08,2.28E+01,1.43E+09,2.37E+09,9.33E+08,9.52E+01,9.58E-02,9.52E-03,1.00E+02,1.01E-01,1.00E-02,1.11E+01,2.09E+00,2.67E+01,3.40E+04,1.81E+06,1.80E+07,4.83E+05,4.80E+06,1.01E+00,0.00E+00,2.23E-01,1.00E+02,9.33E+06,9.27E+07,1.00E+00,4.71E+00,0.00E+00,0.00E+00,6.06E+01,4.40E+01,0.00E+00,5.40E+01,7.68E+00,0.00E+00,9.33E+06,9.27E+07,1.83E+06,1.82E+07,6.17E+01,6.67E+00,6.88E+01,0.00E+00,9.58E-02,0.00E+00,9.52E-03,0.00E+00,1.01E-01,0.00E+00,1.00E-02
816771900000,1.01E-01,9.94E+00,6.50E+08,2.34E+01,1.59E+09,2.43E+09,8.44E+08,9.43E+01,9.48E-02,9.43E-03,1.00E+02,1.01E-01,1.00E-02,1.10E+01,2.37E+00,1.34E+01,3.55E+04,1.80E+06,1.79E+07,2.41E+05,2.39E+06,1.01E+00,0.00E+00,2.22E-01,1.00E+02,9.31E+06,9.25E+07,1.00E+00,4.69E+00,0.00E+00,0.00E+00,6.06E+01,4.40E+01,0.00E+00,5.39E+01,7.66E+00,0.00E+00,9.31E+06,9.25E+07,1.82E+06,1.81E+07,6.15E+01,7.36E+00,6.90E+01,0.00E+00,9.48E-02,0.00E+00,9.43E-03,0.00E+00,1.01E-01,0.00E+00,1.00E-02
816771910000,1.01E-01,9.94E+00,6.50E+08,2.35E+01,1.58E+09,2.44E+09,8.61E+08,9.54E+01,9.60E-02,9.54E-03,1.00E+02,1.01E-01,1.00E-02,1.14E+01,2.97E+00,1.14E+01,3.53E+04,1.86E+06,1.85E+07,2.12E+05,2.11E+06,1.01E+00,0.00E+00,2.22E-01,1.00E+02,9.29E+06,9.23E+07,1.00E+00,4.69E+00,0.00E+00,0.00E+00,6.06E+01,4.40E+01,0.00E+00,5.38E+01,7.87E+00,0.00E+00,9.29E+06,9.23E+07,1.87E+06,1.86E+07,6.16E+01,7.22E+00,6.94E+01,0.00E+00,9.60E-02,0.00E+00,9.54E-03,0.00E+00,1.01E-01,0.00E+00,1.00E-02
816771920000,1.01E-01,9.94E+00,6.50E+08,2.75E+01,1.66E+09,2.86E+09,1.20E+09,3.05E+01,3.07E-02,3.05E-03,3.48E+01,3.50E-02,3.48E-03,3.26E+00,3.62E+00,9.69E+00,4.45E+04,5.33E+05,5.30E+06,5.16E+04,5.13E+05,1.00E+00,5.62E+00,7.05E-01,1.00E+02,1.23E+07,1.22E+08,1.13E+00,1.18E+01,0.00E+00,0.00E+00,2.08E+01,4.39E+01,0.00E+00,2.77E+01,2.24E+00,0.00E+00,1.39E+07,1.38E+08,5.34E+05,5.31E+06,3.00E+01,2.28E+00,7.88E+01,0.00E+00,3.07E-02,0.00E+00,3.05E-03,0.00E+00,3.50E-02,0.00E+00,3.48E-03
816771930000,1.01E-01,9.94E+00,6.50E+08,3.05E+01,1.80E+09,3.17E+09,1.37E+09,7.85E+00,7.89E-03,7.85E-04,0.00E+00,0.00E+00,0.00E+00,1.47E+00,2.09E+00,3.61E+01,5.93E+03,2.40E+05,2.38E+06,8.65E+04,8.60E+05,1.01E+00,1.85E+01,9.13E-01,1.00E+02,1.33E+07,1.32E+08,1.17E+00,1.45E+01,0.00E+00,0.00E+00,9.35E+00,4.63E+01,0.00E+00,1.39E+01,1.08E+00,0.00E+00,1.56E+07,1.55E+08,2.43E+05,2.42E+06,1.50E+01,7.31E-04,8.27E+01,0.00E+00,7.89E-03,0.00E+00,7.85E-04,0.00E+00,0.00E+00,0.00E+00,0.00E+00
816771940000,1.01E-01,9.94E+00,6.50E+08,3.04E+01,1.93E+09,3.16E+09,1.24E+09,8.72E+01,8.77E-02,8.72E-03,9.43E+00,9.49E-03,9.43E-04,1.87E+01,2.09E+00,3.61E+01,5.93E+03,3.05E+06,3.04E+07,1.10E+06,1.10E+07,1.01E+00,2.49E+01,5.51E-01,1.00E+02,8.48E+06,8.42E+07,1.02E+00,5.67E+00,0.00E+00,0.00E+00,1.13E+01,4.63E+01,0.00E+00,9.38E+00,1.37E+01,0.00E+00,8.67E+06,8.61E+07,3.10E+06,3.08E+07,2.31E+01,5.69E-03,5.35E+01,0.00E+00,8.77E-02,0.00E+00,8.72E-03,0.00E+00,9.49E-03,0.00E+00,9.43E-04
816771950000,1.01E-01,9.94E+00,6.50E+08,3.04E+01,1.93E+09,3.16E+09,1.24E+09,0.00E+00,0.00E+00,0.00E+00,1.00E+02,1.01E-01,1.00E-02,1.87E+01,2.09E+00,3.61E+01,5.93E+03,3.05E+06,3.04E+07,1.10E+06,1.10E+07,1.01E+00,2.49E+01,5.51E-01,1.00E+02,8.48E+06,8.42E+07,1.02E+00,5.67E+00,0.00E+00,0.00E+00,1.13E+01,4.63E+01,0.00E+00,9.38E+00,1.37E+01,0.00E+00,8.67E+06,8.61E+07,3.10E+06,3.08E+07,2.31E+01,5.69E-03,5.35E+01,0.00E+00,0.00E+00,0.00E+00,0.00E+00,0.00E+00,1.01E-01,0.00E+00,1.00E-02
816771960000,1.01E-01,9.92E+00,6.50E+08,2.40E+01,1.34E+09,2.50E+09,1.15E+09,2.71E+01,2.73E-02,2.71E-03,7.12E+01,7.18E-02,7.12E-03,9.32E+00,2.13E+00,3.61E+01,2.86E+03,1.53E+06,1.51E+07,5.52E+05,5.47E+06,1.01E+00,0.00E+00,4.15E-01,1.00E+02,1.01E+07,1.00E+08,1.01E+00,5.78E+00,0.00E+00,0.00E+00,3.97E+01,4.63E+01,0.00E+00,3.86E+01,6.84E+00,0.00E+00,1.02E+07,1.01E+08,1.55E+06,1.54E+07,4.54E+01,1.00E+00,5.26E+01,0.00E+00,2.73E-02,0.00E+00,2.71E-03,0.00E+00,7.18E-02,0.00E+00,7.12E-03
816771970000,1.05E-01,9.54E+00,6.50E+08,2.12E+01,9.96E+08,2.20E+09,1.21E+09,9.51E+01,9.97E-02,9.51E-03,2.08E+01,2.18E-02,2.08E-03,3.25E+00,2.25E+00,8.99E+01,1.19E+03,5.54E+05,5.28E+06,4.98E+05,4.75E+06,1.01E+00,0.00E+00,2.65E-01,1.00E+02,1.16E+07,1.10E+08,1.00E+00,5.60E+00,0.00E+00,0.00E+00,6.06E+01,4.41E+01,0.00E+00,6.43E+01,2.27E+00,0.00E+00,1.16E+07,1.10E+08,5.62E+05,5.36E+06,6.66E+01,3.02E+00,5.65E+01,0.00E+00,9.97E-02,0.00E+00,9.51E-03,0.00E+00,2.18E-02,0.00E+00,2.08E-03
816771980000,1.05E-01,9.54E+00,6.50E+08,2.74E+01,1.48E+09,2.84E+09,1.36E+09,9.42E+01,9.87E-02,9.42E-03,0.00E+00,0.00E+00,0.00E+00,1.09E+01,2.03E+00,7.92E+01,3.19E+04,1.85E+06,1.77E+07,1.47E+06,1.40E+07,1.01E+00,0.00E+00,2.37E-01,1.00E+02,1.03E+07,9.87E+07,1.00E+00,5.09E+00,0.00E+00,0.00E+00,6.06E+01,4.40E+01,0.00E+00,5.75E+01,7.54E+00,0.00E+00,1.03E+07,9.87E+07,1.87E+06,1.78E+07,6.50E+01,4.68E+00,6.66E+01,0.00E+00,9.87E-02,0.00E+00,9.42E-03,0.00E+00,0.00E+00,0.00E+00,0.00E+00
816771990000,1.05E-01,9.54E+00,6.50E+08,2.25E+01,1.46E+09,2.34E+09,8.83E+08,9.52E+01,9.98E-02,9.52E-03,0.00E+00,0.00E+00,0.00E+00,1.10E+01,2.23E+00,1.91E+01,3.36E+04,1.88E+06,1.79E+07,3.59E+05,3.42E+06,1.01E+00,0.00E+00,2.23E-01,1.00E+02,9.71E+06,9.26E+07,1.00E+00,4.69E+00,0.00E+00,0.00E+00,6.06E+01,4.40E+01,0.00E+00,5.39E+01,7.65E+00,0.00E+00,9.71E+06,9.26E+07,1.89E+06,1.81E+07,6.16E+01,6.88E+00,6.88E+01,0.00E+00,9.98E-02,0.00E+00,9.52E-03,0.00E+00,0.00E+00,0.00E+00,0.00E+00
816772000000,1.05E-01,9.54E+00,6.50E+08,2.34E+01,1.61E+09,2.44E+09,8.28E+08,9.42E+01,9.88E-02,9.42E-03,0.00E+00,0.00E+00,0.00E+00,1.13E+01,2.41E+00,9.85E+00,3.29E+04,1.92E+06,1.83E+07,1.89E+05,1.80E+06,1.01E+00,0.00E+00,2.25E-01,1.00E+02,9.80E+06,9.35E+07,1.00E+00,4.74E+00,0.00E+00,0.00E+00,6.06E+01,4.40E+01,0.00E+00,5.44E+01,7.80E+00,0.00E+00,9.80E+06,9.35E+07,1.93E+06,1.84E+07,6.22E+01,6.96E+00,6.91E+01,0.00E+00,9.88E-02,0.00E+00,9.42E-03,0.00E+00,0.00E+00,0.00E+00,0.00E+00
816772010000,1.05E-01,9.54E+00,6.50E+08,2.27E+01,1.49E+09,2.36E+09,8.69E+08,9.51E+01,9.97E-02,9.51E-03,0.00E+00,0.00E+00,0.00E+00,1.08E+01,3.07E+00,1.32E+01,3.93E+04,1.85E+06,1.76E+07,2.44E+05,2.33E+06,1.01E+00,0.00E+00,2.20E-01,1.00E+02,9.58E+06,9.13E+07,1.00E+00,4.67E+00,0.00E+00,0.00E+00,6.06E+01,4.40E+01,0.00E+00,5.32E+01,7.50E+00,0.00E+00,9.58E+06,9.13E+07,1.86E+06,1.77E+07,6.07E+01,7.43E+00,6.85E+01,0.00E+00,9.97E-02,0.00E+00,9.51E-03,0.00E+00,0.00E+00,0.00E+00,0.00E+00
816772020000,1.05E-01,9.54E+00,6.50E+08,2.27E+01,1.21E+09,2.36E+09,1.15E+09,9.65E+01,1.01E-01,9.65E-03,0.00E+00,0.00E+00,0.00E+00,5.85E-01,4.25E+00,6.85E+00,4.33E+04,9.97E+04,9.51E+05,6.83E+03,6.51E+04,9.99E-01,0.00E+00,6.04E-01,1.00E+02,1.31E+07,1.25E+08,1.09E+00,1.02E+01,0.00E+00,0.00E+00,3.10E+01,4.40E+01,0.00E+00,4.09E+01,4.02E-01,0.00E+00,1.44E+07,1.37E+08,9.97E+04,9.50E+05,4.13E+01,1.30E+00,6.86E+01,0.00E+00,1.01E-01,0.00E+00,9.65E-03,0.00E+00,0.00E+00,0.00E+00,0.00E+00
816772030000,1.05E-01,9.54E+00,6.50E+08,3.06E+01,1.80E+09,3.18E+09,1.38E+09,1.00E+02,1.05E-01,1.00E-02,0.00E+00,0.00E+00,0.00E+00,0.00E+00,,,,0.00E+00,0.00E+00,0.00E+00,0.00E+00,,1.82E+01,9.53E-01,1.00E+02,1.45E+07,1.38E+08,1.18E+00,1.49E+01,0.00E+00,0.00E+00,9.26E+00,,0.00E+00,1.44E+01,0.00E+00,0.00E+00,1.70E+07,1.62E+08,0.00E+00,0.00E+00,1.44E+01,3.52E-04,8.50E+01,0.00E+00,1.05E-01,0.00E+00,1.00E-02,0.00E+00,0.00E+00,0.00E+00,0.00E+00
816772040000,1.05E-01,9.54E+00,6.50E+08,3.00E+01,1.89E+09,3.12E+09,1.23E+09,9.70E+01,1.02E-01,9.70E-03,0.00E+00,0.00E+00,0.00E+00,1.68E+01,2.09E+00,3.61E+01,5.93E+03,2.86E+06,2.73E+07,1.03E+06,9.85E+06,1.01E+00,2.39E+01,5.78E-01,1.00E+02,9.20E+06,8.77E+07,1.04E+00,6.36E+00,0.00E+00,0.00E+00,1.10E+01,4.63E+01,0.00E+00,9.69E+00,1.23E+01,0.00E+00,9.60E+06,9.15E+07,2.90E+06,2.76E+07,2.20E+01,1.17E-03,5.80E+01,0.00E+00,1.02E-01,0.00E+00,9.70E-03,0.00E+00,0.00E+00,0.00E+00,0.00E+00
816772050000,1.05E-01,9.54E+00,6.50E+08,2.99E+01,1.89E+09,3.11E+09,1.22E+09,1.64E+00,1.71E-03,1.64E-04,0.00E+00,0.00E+00,0.00E+00,1.84E+01,2.09E+00,3.61E+01,5.93E+03,3.13E+06,2.99E+07,1.13E+06,1.08E+07,1.01E+00,2.49E+01,5.42E-01,1.00E+02,8.69E+06,8.29E+07,1.02E+00,5.54E+00,0.00E+00,0.00E+00,1.13E+01,4.63E+01,0.00E+00,9.23E+00,1.35E+01,0.00E+00,8.89E+06,8.47E+07,3.18E+06,3.03E+07,2.27E+01,1.25E-03,5.54E+01,0.00E+00,1.71E-03,0.00E+00,1.64E-04,0.00E+00,0.00E+00,0.00E+00,0.00E+00
816772060000,1.05E-01,9.54E+00,6.50E+08,2.64E+01,1.57E+09,2.74E+09,1.17E+09,2.83E+01,2.97E-02,2.83E-03,1.33E+01,1.39E-02,1.33E-03,1.30E+01,2.09E+00,3.61E+01,4.12E+03,2.21E+06,2.11E+07,7.99E+05,7.62E+06,1.01E+00,2.46E+00,4.67E-01,1.00E+02,9.79E+06,9.34E+07,1.01E+00,5.67E+00,0.00E+00,0.00E+00,2.94E+01,4.63E+01,0.00E+00,2.68E+01,9.53E+00,0.00E+00,9.93E+06,9.47E+07,2.24E+06,2.14E+07,3.63E+01,3.87E-01,5.42E+01,0.00E+00,2.97E-02,0.00E+00,2.83E-03,0.00E+00,1.39E-02,0.00E+00,1.33E-03
816772070000,1.01E-01,9.94E+00,6.50E+08,1.65E+01,6.63E+08,1.72E+09,1.05E+09,9.59E+01,9.65E-02,9.59E-03,1.84E+01,1.85E-02,1.84E-03,2.42E-03,2.95E+02,1.00E+02,1.37E+00,3.95E+02,3.93E+03,3.95E+02,3.93E+03,2.00E+00,0.00E+00,2.88E-01,1.00E+02,1.21E+07,1.20E+08,1.00E+00,6.03E+00,0.00E+00,0.00E+00,6.06E+01,5.88E+01,0.00E+00,6.99E+01,4.44E-03,0.00E+00,1.21E+07,1.20E+08,7.90E+02,7.85E+03,6.99E+01,1.09E+00,5.09E+01,0.00E+00,9.65E-02,0.00E+00,9.59E-03,0.00E+00,1.85E-02,0.00E+00,1.84E-03
816772080000,9.74E-02,1.03E+01,6.50E+08,1.72E+01,7.21E+08,1.79E+09,1.06E+09,9.48E+01,9.23E-02,9.48E-03,1.37E+01,1.33E-02,1.37E-03,7.64E-01,2.78E+00,8.42E+01,4.86E+02,1.21E+05,1.24E+06,1.02E+05,1.05E+06,1.02E+00,0.00E+00,2.83E-01,1.00E+02,1.15E+07,1.18E+08,1.00E+00,5.92E+00,0.00E+00,0.00E+00,6.06E+01,4.42E+01,0.00E+00,6.86E+01,5.39E-01,0.00E+00,1.15E+07,1.18E+08,1.23E+05,1.27E+06,6.92E+01,1.48E+00,5.21E+01,0.00E+00,9.23E-02,0.00E+00,9.48E-03,0.00E+00,1.33E-02,0.00E+00,1.37E-03
816772090000,9.74E-02,1.03E+01,6.50E+08,2.81E+01,1.48E+09,2.92E+09,1.45E+09,9.40E+01,9.15E-02,9.40E-03,1.00E+02,9.74E-02,1.00E-02,1.04E+01,1.99E+00,9.20E+01,2.95E+04,1.65E+06,1.70E+07,1.52E+06,1.56E+07,1.01E+00,0.00E+00,2.44E-01,1.00E+02,9.88E+06,1.01E+08,1.00E+00,5.24E+00,0.00E+00,0.00E+00,6.06E+01,4.40E+01,0.00E+00,5.91E+01,7.24E+00,0.00E+00,9.88E+06,1.01E+08,1.67E+06,1.71E+07,6.63E+01,3.78E+00,6.55E+01,0.00E+00,9.15E-02,0.00E+00,9.40E-03,0.00E+00,9.74E-02,0.00E+00,1.00E-02
816772100000,9.74E-02,1.03E+01,6.50E+08,2.50E+01,1.59E+09,2.60E+09,1.02E+09,9.47E+01,9.22E-02,9.47E-03,1.00E+02,9.74E-02,1.00E-02,1.20E+01,2.03E+00,2.73E+01,3.42E+04,1.90E+06,1.95E+07,5.19E+05,5.33E+06,1.01E+00,0.00E+00,2.43E-01,1.00E+02,9.84E+06,1.01E+08,1.00E+00,5.10E+00,0.00E+00,0.00E+00,6.06E+01,4.40E+01,0.00E+00,5.89E+01,8.33E+00,0.00E+00,9.84E+06,1.01E+08,1.92E+06,1.97E+07,6.72E+01,3.88E+00,6.66E+01,0.00E+00,9.22E-02,0.00E+00,9.47E-03,0.00E+00,9.74E-02,0.00E+00,1.00E-02
816772110000,9.74E-02,1.03E+01,6.50E+08,2.51E+01,1.73E+09,2.62E+09,8.87E+08,9.61E+01,9.36E-02,9.61E-03,1.00E+02,9.74E-02,1.00E-02,1.19E+01,2.72E+00,9.17E+00,3.38E+04,1.88E+06,1.93E+07,1.72E+05,1.77E+06,1.01E+00,0.00E+00,2.41E-01,1.00E+02,9.78E+06,1.00E+08,1.00E+00,5.06E+00,0.00E+00,0.00E+00,6.06E+01,4.40E+01,0.00E+00,5.85E+01,8.24E+00,0.00E+00,9.78E+06,1.00E+08,1.89E+06,1.95E+07,6.67E+01,4.56E+00,6.68E+01,0.00E+00,9.36E-02,0.00E+00,9.61E-03,0.00E+00,9.74E-02,0.00E+00,1.00E-02
816772120000,9.74E-02,1.03E+01,6.50E+08,3.38E+01,2.17E+09,3.51E+09,1.34E+09,9.76E+01,9.50E-02,9.76E-03,6.17E+01,6.00E-02,6.17E-03,7.71E+00,3.00E+00,1.26E+01,3.19E+04,1.22E+06,1.25E+07,1.54E+05,1.58E+06,1.01E+00,8.18E+00,7.73E-01,1.00E+02,1.26E+07,1.30E+08,1.14E+00,1.26E+01,0.00E+00,0.00E+00,1.87E+01,4.40E+01,0.00E+00,2.66E+01,5.33E+00,0.00E+00,1.44E+07,1.48E+08,1.23E+06,1.26E+07,3.19E+01,1.26E+00,8.45E+01,0.00E+00,9.50E-02,0.00E+00,9.76E-03,0.00E+00,6.00E-02,0.00E+00,6.17E-03
816772130000,9.74E-02,1.03E+01,6.50E+08,3.56E+01,2.26E+09,3.70E+09,1.44E+09,9.69E+01,9.44E-02,9.69E-03,0.00E+00,0.00E+00,0.00E+00,8.39E+00,2.47E+00,2.20E+01,1.20E+04,1.33E+06,1.36E+07,2.92E+05,3.00E+06,1.01E+00,1.89E+01,8.92E-01,1.00E+02,1.26E+07,1.30E+08,1.16E+00,1.36E+01,0.00E+00,0.00E+00,9.47E+00,4.49E+01,0.00E+00,1.37E+01,5.94E+00,0.00E+00,1.46E+07,1.50E+08,1.34E+06,1.38E+07,1.96E+01,2.75E-03,8.43E+01,0.00E+00,9.44E-02,0.00E+00,9.69E-03,0.00E+00,0.00E+00,0.00E+00,0.00E+00
816772140000,9.74E-02,1.03E+01,6.50E+08,2.95E+01,1.87E+09,3.07E+09,1.20E+09,7.70E+01,7.50E-02,7.70E-03,1.95E+01,1.90E-02,1.95E-03,1.81E+01,2.09E+00,3.61E+01,5.93E+03,2.86E+06,2.94E+07,1.03E+06,1.06E+07,1.01E+00,2.49E+01,5.34E-01,1.00E+02,7.94E+06,8.16E+07,1.02E+00,5.71E+00,0.00E+00,0.00E+00,1.13E+01,4.63E+01,0.00E+00,9.09E+00,1.33E+01,0.00E+00,8.12E+06,8.34E+07,2.90E+06,2.98E+07,2.24E+01,1.02E-03,5.47E+01,0.00E+00,7.50E-02,0.00E+00,7.70E-03,0.00E+00,1.90E-02,0.00E+00,1.95E-03
816772150000,9.74E-02,1.03E+01,6.50E+08,2.95E+01,1.87E+09,3.07E+09,1.20E+09,0.00E+00,0.00E+00,0.00E+00,1.00E+02,9.74E-02,1.00E-02,1.81E+01,2.09E+00,3.61E+01,5.93E+03,2.86E+06,2.94E+07,1.03E+06,1.06E+07,1.01E+00,2.49E+01,5.34E-01,1.00E+02,7.94E+06,8.16E+07,1.02E+00,5.71E+00,0.00E+00,0.00E+00,1.13E+01,4.63E+01,0.00E+00,9.09E+00,1.33E+01,0.00E+00,8.12E+06,8.34E+07,2.90E+06,2.98E+07,2.24E+01,1.02E-03,5.47E+01,0.00E+00,0.00E+00,0.00E+00,0.00E+00,0.00E+00,9.74E-02,0.00E+00,1.00E-02
816772160000,9.74E-02,1.03E+01,6.50E+08,2.26E+01,1.26E+09,2.35E+09,1.09E+09,5.02E+01,4.89E-02,5.02E-03,7.01E+01,6.83E-02,7.01E-03,8.59E+00,2.09E+00,3.61E+01,3.05E+03,1.36E+06,1.40E+07,4.91E+05,5.04E+06,1.01E+00,0.00E+00,3.95E-01,1.00E+02,9.51E+06,9.77E+07,1.01E+00,5.72E+00,0.00E+00,0.00E+00,4.08E+01,4.63E+01,0.00E+00,3.86E+01,6.30E+00,0.00E+00,9.59E+06,9.85E+07,1.38E+06,1.42E+07,4.49E+01,1.63E+00,5.36E+01,0.00E+00,4.89E-02,0.00E+00,5.02E-03,0.00E+00,6.83E-02,0.00E+00,7.01E-03
816772170000,9.79E-02,1.02E+01,6.50E+08,1.59E+01,6.34E+08,1.66E+09,1.02E+09,9.53E+01,9.33E-02,9.53E-03,1.85E+01,1.81E-02,1.85E-03,2.88E-03,3.57E+02,1.00E+02,1.49E+00,4.58E+02,4.67E+03,4.58E+02,4.67E+03,2.00E+00,0.00E+00,2.73E-01,1.00E+02,1.11E+07,1.14E+08,1.00E+00,5.77E+00,0.00E+00,0.00E+00,6.06E+01,6.11E+01,0.00E+00,6.62E+01,5.49E-03,0.00E+00,1.11E+07,1.14E+08,9.16E+02,9.35E+03,6.62E+01,2.45E+00,5.16E+01,0.00E+00,9.33E-02,0.00E+00,9.53E-03,0.00E+00,1.81E-02,0.00E+00,1.85E-03
816772180000,9.81E-02,1.02E+01,6.50E+08,1.93E+01,9.03E+08,2.00E+09,1.10E+09,9.46E+01,9.28E-02,9.46E-03,7.98E+00,7.82E-03,7.98E-04,3.24E+00,1.88E+00,9.08E+01,2.92E+03,5.16E+05,5.26E+06,4.69E+05,4.78E+06,1.01E+00,0.00E+00,2.60E-01,1.00E+02,1.06E+07,1.08E+08,1.00E+00,5.49E+00,0.00E+00,0.00E+00,6.06E+01,4.40E+01,0.00E+00,6.29E+01,2.26E+00,0.00E+00,1.06E+07,1.08E+08,5.23E+05,5.33E+06,6.52E+01,3.64E+00,5.80E+01,0.00E+00,9.28E-02,0.00E+00,9.46E-03,0.00E+00,7.82E-03,0.00E+00,7.98E-04
816772190000,9.81E-02,1.02E+01,6.50E+08,2.58E+01,1.38E+09,2.68E+09,1.30E+09,9.24E+01,9.06E-02,9.24E-03,0.00E+00,0.00E+00,0.00E+00,1.03E+01,2.06E+00,8.19E+01,3.04E+04,1.64E+06,1.67E+07,1.34E+06,1.37E+07,1.01E+00,0.00E+00,2.20E-01,1.00E+02,8.97E+06,9.15E+07,1.00E+00,4.79E+00,0.00E+00,0.00E+00,6.06E+01,4.41E+01,0.00E+00,5.33E+01,7.13E+00,0.00E+00,8.97E+06,9.15E+07,1.65E+06,1.68E+07,6.04E+01,6.80E+00,6.88E+01,0.00E+00,9.06E-02,0.00E+00,9.24E-03,0.00E+00,0.00E+00,0.00E+00,0.00E+00
816772200000,9.81E-02,1.02E+01,6.50E+08,2.46E+01,1.60E+09,2.56E+09,9.58E+08,9.48E+01,9.30E-02,9.48E-03,0.00E+00,0.00E+00,0.00E+00,1.20E+01,2.24E+00,1.93E+01,3.34E+04,1.91E+06,1.95E+07,3.69E+05,3.76E+06,1.01E+00,0.00E+00,2.41E-01,1.00E+02,9.84E+06,1.00E+08,1.00E+00,5.07E+00,0.00E+00,0.00E+00,6.06E+01,4.40E+01,0.00E+00,5.84E+01,8.30E+00,0.00E+00,9.84E+06,1.00E+08,1.92E+06,1.96E+07,6.67E+01,4.24E+00,6.69E+01,0.00E+00,9.30E-02,0.00E+00,9.48E-03,0.00E+00,0.00E+00,0.00E+00,0.00E+00
816772210000,9.81E-02,1.02E+01,6.50E+08,2.50E+01,1.71E+09,2.60E+09,8.92E+08,9.63E+01,9.45E-02,9.63E-03,0.00E+00,0.00E+00,0.00E+00,1.21E+01,2.36E+00,1.04E+01,3.49E+04,1.93E+06,1.97E+07,2.01E+05,2.05E+06,1.01E+00,0.00E+00,2.40E-01,1.00E+02,9.79E+06,9.99E+07,1.00E+00,5.03E+00,0.00E+00,0.00E+00,6.06E+01,4.40E+01,0.00E+00,5.82E+01,8.40E+00,0.00E+00,9.79E+06,9.99E+07,1.95E+06,1.99E+07,6.66E+01,4.56E+00,6.72E+01,0.00E+00,9.45E-02,0.00E+00,9.63E-03,0.00E+00,0.00E+00,0.00E+00,0.00E+00
816772220000,9.81E-02,1.02E+01,6.50E+08,3.19E+01,2.02E+09,3.32E+09,1.30E+09,9.73E+01,9.54E-02,9.73E-03,0.00E+00,0.00E+00,0.00E+00,6.61E+00,3.25E+00,1.12E+01,4.01E+04,1.05E+06,1.07E+07,1.17E+05,1.20E+06,1.01E+00,6.48E+00,7.43E-01,1.00E+02,1.25E+07,1.28E+08,1.13E+00,1.21E+01,0.00E+00,0.00E+00,2.01E+01,4.40E+01,0.00E+00,2.80E+01,4.57E+00,0.00E+00,1.42E+07,1.45E+08,1.06E+06,1.08E+07,3.25E+01,1.44E+00,8.27E+01,0.00E+00,9.54E-02,0.00E+00,9.73E-03,0.00E+00,0.00E+00,0.00E+00,0.00E+00
816772230000,9.81E-02,1.02E+01,6.50E+08,3.43E+01,2.14E+09,3.57E+09,1.43E+09,9.69E+01,9.51E-02,9.69E-03,0.00E+00,0.00E+00,0.00E+00,6.21E+00,2.46E+00,2.39E+01,1.19E+04,9.90E+05,1.01E+07,2.36E+05,2.41E+06,1.01E+00,1.88E+01,9.07E-01,1.00E+02,1.29E+07,1.32E+08,1.16E+00,1.39E+01,0.00E+00,0.00E+00,9.42E+00,4.49E+01,0.00E+00,1.39E+01,4.39E+00,0.00E+00,1.50E+07,1.53E+08,9.97E+05,1.02E+07,1.83E+01,9.29E-04,8.46E+01,0.00E+00,9.51E-02,0.00E+00,9.69E-03,0.00E+00,0.00E+00,0.00E+00,0.00E+00
816772240000,9.81E-02,1.02E+01,6.50E+08,3.00E+01,1.90E+09,3.12E+09,1.22E+09,7.73E+01,7.59E-02,7.73E-03,1.96E+01,1.92E-02,1.96E-03,1.84E+01,2.09E+00,3.61E+01,6.20E+03,2.94E+06,3.00E+07,1.06E+06,1.08E+07,1.01E+00,2.49E+01,5.44E-01,1.00E+02,8.16E+06,8.32E+07,1.02E+00,5.47E+00,0.00E+00,0.00E+00,1.13E+01,4.61E+01,0.00E+00,9.27E+00,1.35E+01,0.00E+00,8.34E+06,8.51E+07,2.98E+06,3.04E+07,2.27E+01,3.18E-03,5.56E+01,0.00E+00,7.59E-02,0.00E+00,7.73E-03,0.00E+00,1.92E-02,0.00E+00,1.96E-03
816772250000,9.81E-02,1.02E+01,6.50E+08,3.00E+01,1.90E+09,3.12E+09,1.22E+09,0.00E+00,0.00E+00,0.00E+00,1.00E+02,9.81E-02,1.00E-02,1.84E+01,2.09E+00,3.61E+01,6.20E+03,2.94E+06,3.00E+07,1.06E+06,1.08E+07,1.01E+00,2.49E+01,5.44E-01,1.00E+02,8.16E+06,8.32E+07,1.02E+00,5.47E+00,0.00E+00,0.00E+00,1.13E+01,4.61E+01,0.00E+00,9.27E+00,1.35E+01,0.00E+00,8.34E+06,8.51E+07,2.98E+06,3.04E+07,2.27E+01,3.18E-03,5.56E+01,0.00E+00,0.00E+00,0.00E+00,0.00E+00,0.00E+00,9.81E-02,0.00E+00,1.00E-02
816772260000,9.81E-02,1.02E+01,6.50E+08,2.28E+01,1.27E+09,2.37E+09,1.10E+09,5.08E+01,4.98E-02,5.08E-03,7.02E+01,6.89E-02,7.02E-03,8.63E+00,2.11E+00,3.62E+01,2.95E+03,1.38E+06,1.40E+07,4.98E+05,5.07E+06,1.01E+00,0.00E+00,3.98E-01,1.00E+02,9.65E+06,9.84E+07,1.01E+00,5.58E+00,0.00E+00,0.00E+00,4.08E+01,4.61E+01,0.00E+00,3.89E+01,6.31E+00,0.00E+00,9.73E+06,9.92E+07,1.40E+06,1.42E+07,4.52E+01,1.55E+00,5.37E+01,0.00E+00,4.98E-02,0.00E+00,5.08E-03,0.00E+00,6.89E-02,0.00E+00,7.02E-03
816772270000,1.03E-01,9.68E+00,6.50E+08,1.62E+01,6.47E+08,1.69E+09,1.04E+09,9.53E+01,9.84E-02,9.53E-03,2.29E+01,2.37E-02,2.29E-03,3.48E-03,3.58E+02,1.00E+02,1.49E+00,5.84E+02,5.65E+03,5.84E+02,5.65E+03,2.00E+00,0.00E+00,2.72E-01,1.00E+02,1.17E+07,1.13E+08,1.00E+00,5.73E+00,0.00E+00,0.00E+00,6.06E+01,6.12E+01,0.00E+00,6.59E+01,6.64E-03,0.00E+00,1.17E+07,1.13E+08,1.17E+03,1.13E+04,6.59E+01,2.78E+00,5.22E+01,0.00E+00,9.84E-02,0.00E+00,9.53E-03,0.00E+00,2.37E-02,0.00E+00,2.29E-03
816772280000,1.03E-01,9.68E+00,6.50E+08,2.21E+01,1.11E+09,2.30E+09,1.19E+09,9.35E+01,9.66E-02,9.35E-03,2.73E+00,2.82E-03,2.73E-04,6.14E+00,1.91E+00,9.35E+01,9.45E+03,1.03E+06,9.98E+06,9.64E+05,9.33E+06,1.01E+00,0.00E+00,2.40E-01,1.00E+02,1.03E+07,9.98E+07,1.00E+00,5.10E+00,0.00E+00,0.00E+00,6.06E+01,4.41E+01,0.00E+00,5.81E+01,4.28E+00,0.00E+00,1.03E+07,9.98E+07,1.04E+06,1.01E+07,6.24E+01,5.38E+00,6.31E+01,0.00E+00,9.66E-02,0.00E+00,9.35E-03,0.00E+00,2.82E-03,0.00E+00,2.73E-04
816772290000,1.03E-01,9.68E+00,6.50E+08,2.58E+01,1.49E+09,2.68E+09,1.20E+09,9.43E+01,9.74E-02,9.43E-03,0.00E+00,0.00E+00,0.00E+00,1.09E+01,2.07E+00,5.54E+01,3.61E+04,1.84E+06,1.78E+07,1.02E+06,9.86E+06,1.01E+00,0.00E+00,2.38E-01,1.00E+02,1.02E+07,9.88E+07,1.00E+00,5.06E+00,0.00E+00,0.00E+00,6.06E+01,4.40E+01,0.00E+00,5.75E+01,7.59E+00,0.00E+00,1.02E+07,9.88E+07,1.85E+06,1.79E+07,6.51E+01,4.63E+00,6.63E+01,0.00E+00,9.74E-02,0.00E+00,9.43E-03,0.00E+00,0.00E+00,0.00E+00,0.00E+00
816772300000,1.03E-01,9.68E+00,6.50E+08,2.49E+01,1.67E+09,2.59E+09,9.28E+08,9.58E+01,9.90E-02,9.58E-03,0.00E+00,0.00E+00,0.00E+00,1.18E+01,2.26E+00,1.60E+01,3.41E+04,1.99E+06,1.92E+07,3.17E+05,3.07E+06,1.01E+00,0.00E+00,2.40E-01,1.00E+02,1.03E+07,9.97E+07,1.00E+00,5.02E+00,0.00E+00,0.00E+00,6.06E+01,4.40E+01,0.00E+00,5.81E+01,8.21E+00,0.00E+00,1.03E+07,9.97E+07,2.00E+06,1.94E+07,6.63E+01,4.56E+00,6.70E+01,0.00E+00,9.90E-02,0.00E+00,9.58E-03,0.00E+00,0.00E+00,0.00E+00,0.00E+00
816772310000,1.03E-01,9.68E+00,6.50E+08,2.49E+01,1.67E+09,2.59E+09,9.11E+08,9.52E+01,9.84E-02,9.52E-03,0.00E+00,0.00E+00,0.00E+00,1.20E+01,2.59E+00,1.26E+01,2.99E+04,2.01E+06,1.95E+07,2.53E+05,2.45E+06,1.01E+00,0.00E+00,2.38E-01,1.00E+02,1.02E+07,9.90E+07,1.00E+00,5.00E+00,0.00E+00,0.00E+00,6.06E+01,4.40E+01,0.00E+00,5.76E+01,8.31E+00,0.00E+00,1.02E+07,9.90E+07,2.03E+06,1.96E+07,6.59E+01,4.90E+00,6.73E+01,0.00E+00,9.84E-02,0.00E+00,9.52E-03,0.00E+00,0.00E+00,0.00E+00,0.00E+00
816772320000,1.03E-01,9.68E+00,6.50E+08,3.06E+01,1.88E+09,3.18E+09,1.29E+09,9.71E+01,1.00E-01,9.71E-03,0.00E+00,0.00E+00,0.00E+00,5.25E+00,2.97E+00,1.66E+01,4.35E+04,8.81E+05,8.52E+06,1.46E+05,1.42E+06,1.01E+00,5.31E+00,7.30E-01,1.00E+02,1.31E+07,1.27E+08,1.13E+00,1.21E+01,0.00E+00,0.00E+00,2.11E+01,4.39E+01,0.00E+00,2.91E+01,3.62E+00,0.00E+00,1.49E+07,1.44E+08,8.86E+05,8.57E+06,3.28E+01,2.27E+00,8.08E+01,0.00E+00,1.00E-01,0.00E+00,9.71E-03,0.00E+00,0.00E+00,0.00E+00,0.00E+00
816772330000,1.03E-01,9.68E+00,6.50E+08,3.34E+01,2.03E+09,3.47E+09,1.44E+09,9.69E+01,1.00E-01,9.69E-03,0.00E+00,0.00E+00,0.00E+00,4.46E+00,2.27E+00,2.56E+01,9.20E+03,7.50E+05,7.26E+06,1.92E+05,1.86E+06,1.01E+00,1.88E+01,9.32E-01,1.00E+02,1.40E+07,1.36E+08,1.16E+00,1.44E+01,0.00E+00,0.00E+00,9.43E+00,4.54E+01,0.00E+00,1.43E+01,3.19E+00,0.00E+00,1.63E+07,1.57E+08,7.56E+05,7.32E+06,1.75E+01,2.61E-03,8.23E+01,0.00E+00,1.00E-01,0.00E+00,9.69E-03,0.00E+00,0.00E+00,0.00E+00,0.00E+00
816772340000,1.03E-01,9.68E+00,6.50E+08,3.01E+01,1.91E+09,3.13E+09,1.22E+09,7.99E+01,8.26E-02,7.99E-03,1.69E+01,1.75E-02,1.69E-03,1.85E+01,2.09E+00,3.61E+01,6.20E+03,3.10E+06,3.00E+07,1.12E+06,1.09E+07,1.01E+00,2.49E+01,5.46E-01,1.00E+02,8.62E+06,8.34E+07,1.02E+00,5.77E+00,0.00E+00,0.00E+00,1.13E+01,4.61E+01,0.00E+00,9.29E+00,1.35E+01,0.00E+00,8.81E+06,8.53E+07,3.15E+06,3.04E+07,2.28E+01,4.14E-03,5.41E+01,0.00E+00,8.26E-02,0.00E+00,7.99E-03,0.00E+00,1.75E-02,0.00E+00,1.69E-03
816772350000,1.03E-01,9.68E+00,6.50E+08,3.01E+01,1.91E+09,3.13E+09,1.22E+09,0.00E+00,0.00E+00,0.00E+00,1.00E+02,1.03E-01,1.00E-02,1.85E+01,2.09E+00,3.61E+01,6.20E+03,3.10E+06,3.00E+07,1.12E+06,1.09E+07,1.01E+00,2.49E+01,5.46E-01,1.00E+02,8.62E+06,8.34E+07,1.02E+00,5.77E+00,0.00E+00,0.00E+00,1.13E+01,4.61E+01,0.00E+00,9.29E+00,1.35E+01,0.00E+00,8.81E+06,8.53E+07,3.15E+06,3.04E+07,2.28E+01,4.14E-03,5.41E+01,0.00E+00,0.00E+00,0.00E+00,0.00E+00,0.00E+00,1.03E-01,0.00E+00,1.00E-02
816772360000,1.03E-01,9.68E+00,6.50E+08,2.30E+01,1.26E+09,2.39E+09,1.12E+09,5.28E+01,5.45E-02,5.28E-03,6.50E+01,6.72E-02,6.50E-03,8.33E+00,2.09E+00,3.62E+01,3.02E+03,1.40E+06,1.35E+07,5.06E+05,4.90E+06,1.01E+00,0.00E+00,4.01E-01,1.00E+02,1.05E+07,1.02E+08,1.01E+00,5.87E+00,0.00E+00,0.00E+00,4.22E+01,4.61E+01,0.00E+00,4.17E+01,6.09E+00,0.00E+00,1.06E+07,1.03E+08,1.42E+06,1.37E+07,4.78E+01,8.21E-01,5.24E+01,0.00E+00,5.45E-02,0.00E+00,5.28E-03,0.00E+00,6.72E-02,0.00E+00,6.50E-03
816772370000,1.86E-01,5.37E+00,6.50E+08,1.59E+01,6.28E+08,1.66E+09,1.03E+09,9.58E+01,1.78E-01,9.58E-03,1.41E+01,2.62E-02,1.41E-03,2.35E-03,3.63E+02,1.00E+02,1.50E+00,7.11E+02,3.82E+03,7.11E+02,3.82E+03,2.00E+00,0.00E+00,2.83E-01,1.00E+02,2.19E+07,1.18E+08,1.00E+00,5.91E+00,0.00E+00,0.00E+00,6.06E+01,6.13E+01,0.00E+00,6.85E+01,4.50E-03,0.00E+00,2.19E+07,1.18E+08,1.42E+03,7.63E+03,6.85E+01,1.11E+00,5.00E+01,0.00E+00,1.78E-01,0.00E+00,9.58E-03,0.00E+00,2.62E-02,0.00E+00,1.41E-03
816772380000,3.06E-01,3.27E+00,6.50E+08,1.75E+01,7.52E+08,1.82E+09,1.06E+09,7.37E+01,2.25E-01,7.37E-03,2.01E+01,6.16E-02,2.01E-03,1.13E+00,2.39E+00,8.89E+01,8.46E+02,5.62E+05,1.84E+06,5.00E+05,1.63E+06,1.02E+00,0.00E+00,2.80E-01,1.00E+02,3.56E+07,1.16E+08,1.00E+00,5.86E+00,0.00E+00,0.00E+00,6.06E+01,4.42E+01,0.00E+00,6.78E+01,7.93E-01,0.00E+00,3.56E+07,1.16E+08,5.71E+05,1.87E+06,6.86E+01,1.70E+00,5.25E+01,0.00E+00,2.25E-01,0.00E+00,7.37E-03,0.00E+00,6.16E-02,0.00E+00,2.01E-03
816772390000,3.06E-01,3.27E+00,6.50E+08,2.82E+01,1.50E+09,2.93E+09,1.43E+09,9.38E+01,2.87E-01,9.38E-03,1.00E+02,3.06E-01,1.00E-02,1.06E+01,1.98E+00,9.08E+01,2.88E+04,5.28E+06,1.73E+07,4.80E+06,1.57E+07,1.01E+00,0.00E+00,2.38E-01,1.00E+02,3.02E+07,9.89E+07,1.00E+00,5.11E+00,0.00E+00,0.00E+00,6.06E+01,4.40E+01,0.00E+00,5.76E+01,7.38E+00,0.00E+00,3.02E+07,9.89E+07,5.33E+06,1.74E+07,6.49E+01,4.58E+00,6.60E+01,0.00E+00,2.87E-01,0.00E+00,9.38E-03,0.00E+00,3.06E-01,0.00E+00,1.00E-02
816772400000,3.06E-01,3.27E+00,6.50E+08,2.46E+01,1.57E+09,2.56E+09,9.91E+08,9.58E+01,2.93E-01,9.58E-03,1.00E+02,3.06E-01,1.00E-02,1.19E+01,2.16E+00,2.46E+01,3.37E+04,5.94E+06,1.94E+07,1.46E+06,4.77E+06,1.01E+00,0.00E+00,2.40E-01,1.00E+02,3.05E+07,9.97E+07,1.00E+00,5.06E+00,0.00E+00,0.00E+00,6.06E+01,4.40E+01,0.00E+00,5.81E+01,8.28E+00,0.00E+00,3.05E+07,9.97E+07,5.99E+06,1.96E+07,6.63E+01,4.31E+00,6.71E+01,0.00E+00,2.93E-01,0.00E+00,9.58E-03,0.00E+00,3.06E-01,0.00E+00,1.00E-02
816772410000,3.06E-01,3.27E+00,6.50E+08,2.50E+01,1.72E+09,2.60E+09,8.77E+08,9.54E+01,2.92E-01,9.54E-03,1.00E+02,3.06E-01,1.00E-02,1.19E+01,2.44E+00,8.62E+00,3.41E+04,5.91E+06,1.93E+07,5.10E+05,1.67E+06,1.01E+00,0.00E+00,2.42E-01,1.00E+02,3.07E+07,1.00E+08,1.00E+00,5.08E+00,0.00E+00,0.00E+00,6.06E+01,4.40E+01,0.00E+00,5.85E+01,8.25E+00,0.00E+00,3.07E+07,1.00E+08,5.96E+06,1.95E+07,6.68E+01,4.62E+00,6.72E+01,0.00E+00,2.92E-01,0.00E+00,9.54E-03,0.00E+00,3.06E-01,0.00E+00,1.00E-02
816772420000,3.06E-01,3.27E+00,6.50E+08,3.68E+01,2.38E+09,3.83E+09,1.45E+09,4.27E+00,1.31E-02,4.27E-04,4.79E+01,1.47E-01,4.79E-03,7.58E+00,3.08E+00,1.27E+01,3.62E+04,3.77E+06,1.23E+07,4.77E+05,1.56E+06,1.01E+00,1.65E+01,9.12E-01,1.00E+02,4.15E+07,1.36E+08,1.17E+00,1.46E+01,0.00E+00,0.00E+00,1.10E+01,4.40E+01,0.00E+00,1.68E+01,5.24E+00,0.00E+00,4.85E+07,1.58E+08,3.79E+06,1.24E+07,2.20E+01,2.89E-01,9.05E+01,0.00E+00,1.31E-02,0.00E+00,4.27E-04,0.00E+00,1.47E-01,0.00E+00,4.79E-03
816772430000,3.06E-01,3.27E+00,6.50E+08,3.44E+01,2.20E+09,3.58E+09,1.37E+09,3.68E+01,1.13E-01,3.68E-03,0.00E+00,0.00E+00,0.00E+00,1.12E+01,2.29E+00,2.69E+01,9.49E+03,5.57E+06,1.82E+07,1.50E+06,4.89E+06,1.01E+00,1.98E+01,7.95E-01,1.00E+02,3.57E+07,1.17E+08,1.14E+00,1.16E+01,0.00E+00,0.00E+00,9.73E+00,4.53E+01,0.00E+00,1.24E+01,8.01E+00,0.00E+00,4.06E+07,1.33E+08,5.63E+06,1.84E+07,2.04E+01,3.64E-03,7.84E+01,0.00E+00,1.13E-01,0.00E+00,3.68E-03,0.00E+00,0.00E+00,0.00E+00,0.00E+00
816772440000,3.06E-01,3.27E+00,6.50E+08,2.91E+01,1.84E+09,3.03E+09,1.18E+09,5.79E+01,1.77E-01,5.79E-03,3.87E+01,1.18E-01,3.87E-03,1.78E+01,2.09E+00,3.61E+01,6.20E+03,8.87E+06,2.90E+07,3.21E+06,1.05E+07,1.01E+00,2.49E+01,5.27E-01,1.00E+02,2.46E+07,8.05E+07,1.02E+00,5.54E+00,0.00E+00,0.00E+00,1.13E+01,4.61E+01,0.00E+00,8.97E+00,1.30E+01,0.00E+00,2.52E+07,8.23E+07,8.99E+06,2.94E+07,2.20E+01,1.44E-03,5.54E+01,0.00E+00,1.77E-01,0.00E+00,5.79E-03,0.00E+00,1.18E-01,0.00E+00,3.87E-03
816772450000,3.06E-01,3.27E+00,6.50E+08,2.91E+01,1.84E+09,3.03E+09,1.18E+09,0.00E+00,0.00E+00,0.00E+00,1.00E+02,3.06E-01,1.00E-02,1.78E+01,2.09E+00,3.61E+01,6.20E+03,8.87E+06,2.90E+07,3.21E+06,1.05E+07,1.01E+00,2.49E+01,5.27E-01,1.00E+02,2.46E+07,8.05E+07,1.02E+00,5.54E+00,0.00E+00,0.00E+00,1.13E+01,4.61E+01,0.00E+00,8.97E+00,1.30E+01,0.00E+00,2.52E+07,8.23E+07,8.99E+06,2.94E+07,2.20E+01,1.44E-03,5.54E+01,0.00E+00,0.00E+00,0.00E+00,0.00E+00,0.00E+00,3.06E-01,0.00E+00,1.00E-02
816772460000,3.06E-01,3.27E+00,6.50E+08,2.02E+01,1.06E+09,2.10E+09,1.04E+09,6.47E+01,1.98E-01,6.47E-03,5.78E+01,1.77E-01,5.78E-03,5.85E+00,2.09E+00,3.62E+01,2.49E+03,2.91E+06,9.51E+06,1.05E+06,3.44E+06,1.01E+00,0.00E+00,3.52E-01,1.00E+02,3.09E+07,1.01E+08,1.01E+00,5.62E+00,0.00E+00,0.00E+00,4.75E+01,4.61E+01,0.00E+00,4.64E+01,4.28E+00,0.00E+00,3.11E+07,1.02E+08,2.95E+06,9.64E+06,5.07E+01,2.11E+00,5.32E+01,0.00E+00,1.98E-01,0.00E+00,6.47E-03,0.00E+00,1.77E-01,0.00E+00,5.78E-03
816772470000,3.06E-01,3.27E+00,6.50E+08,1.42E+01,5.48E+08,1.47E+09,9.25E+08,9.43E+01,2.88E-01,9.43E-03,0.00E+00,0.00E+00,0.00E+00,9.47E-06,1.00E+00,1.00E+02,1.00E+00,4.71E+00,1.54E+01,4.71E+00,1.54E+01,2.00E+00,0.00E+00,2.76E-01,1.00E+02,3.52E+07,1.15E+08,1.00E+00,5.79E+00,0.00E+00,0.00E+00,6.06E+01,4.80E+01,0.00E+00,6.70E+01,1.42E-05,0.00E+00,3.52E+07,1.15E+08,9.41E+00,3.08E+01,6.70E+01,2.44E+00,5.22E+01,0.00E+00,2.88E-01,0.00E+00,9.43E-03,0.00E+00,0.00E+00,0.00E+00,0.00E+00
816772480000,3.06E-01,3.27E+00,6.50E+08,1.42E+01,5.49E+08,1.48E+09,9.28E+08,9.55E+01,2.92E-01,9.55E-03,0.00E+00,0.00E+00,0.00E+00,0.00E+00,,,,0.00E+00,0.00E+00,0.00E+00,0.00E+00,,0.00E+00,2.78E-01,1.00E+02,3.54E+07,1.16E+08,1.00E+00,5.82E+00,0.00E+00,0.00E+00,6.06E+01,,0.00E+00,6.73E+01,0.00E+00,0.00E+00,3.54E+07,1.16E+08,0.00E+00,0.00E+00,6.73E+01,2.33E+00,5.21E+01,0.00E+00,2.92E-01,0.00E+00,9.55E-03,0.00E+00,0.00E+00,0.00E+00,0.00E+00
816772490000,3.06E-01,3.27E+00,6.50E+08,1.44E+01,5.56E+08,1.50E+09,9.41E+08,9.45E+01,2.89E-01,9.45E-03,0.00E+00,0.00E+00,0.00E+00,0.00E+00,,,,0.00E+00,0.00E+00,0.00E+00,0.00E+00,,0.00E+00,2.82E-01,1.00E+02,3.58E+07,1.17E+08,1.00E+00,5.88E+00,0.00E+00,0.00E+00,6.06E+01,,0.00E+00,6.82E+01,0.00E+00,0.00E+00,3.58E+07,1.17E+08,0.00E+00,0.00E+00,6.82E+01,1.83E+00,5.15E+01,0.00E+00,2.89E-01,0.00E+00,9.45E-03,0.00E+00,0.00E+00,0.00E+00,0.00E+00
816772500000,3.06E-01,3.27E+00,6.50E+08,1.50E+01,5.78E+08,1.56E+09,9.77E+08,9.60E+01,2.94E-01,9.60E-03,0.00E+00,0.00E+00,0.00E+00,0.00E+00,,,,0.00E+00,0.00E+00,0.00E+00,0.00E+00,,0.00E+00,2.93E-01,1.00E+02,3.72E+07,1.22E+08,1.00E+00,6.08E+00,0.00E+00,0.00E+00,6.06E+01,,0.00E+00,7.09E+01,0.00E+00,0.00E+00,3.72E+07,1.22E+08,0.00E+00,0.00E+00,7.09E+01,6.97E-01,5.04E+01,0.00E+00,2.94E-01,0.00E+00,9.60E-03,0.00E+00,0.00E+00,0.00E+00,0.00E+00
816772510000,3.06E-01,3.27E+00,6.50E+08,7.23E+00,5.77E+08,1.55E+09,9.77E+08,4.55E+01,1.39E-01,4.55E-03,0.00E+00,0.00E+00,0.00E+00,0.00E+00,,,,0.00E+00,0.00E+00,0.00E+00,0.00E+00,,0.00E+00,1.42E-01,1.00E+02,1.80E+07,1.22E+08,1.00E+00,2.94E+00,0.00E+00,0.00E+00,6.06E+01,,0.00E+00,3.43E+01,0.00E+00,0.00E+00,1.80E+07,1.22E+08,0.00E+00,0.00E+00,3.43E+01,3.77E-01,7.61E+01,0.00E+00,1.39E-01,0.00E+00,4.55E-03,0.00E+00,0.00E+00,0.00E+00,0.00E+00
816772520000,3.06E-01,3.27E+00,6.50E+08,,,,,0.00E+00,0.00E+00,0.00E+00,0.00E+00,0.00E+00,0.00E+00,,,,,,,,,,,,,,,,,,,,,,,,,,,,,,,,0.00E+00,0.00E+00,0.00E+00,0.00E+00,0.00E+00,0.00E+00,0.00E+00,0.00E+00
816772530000,3.06E-01,3.27E+00,6.50E+08,,,,,0.00E+00,0.00E+00,0.00E+00,0.00E+00,0.00E+00,0.00E+00,,,,,,,,,,,,,,,,,,,,,,,,,,,,,,,,0.00E+00,0.00E+00,0.00E+00,0.00E+00,0.00E+00,0.00E+00,0.00E+00,0.00E+00
816772540000,3.06E-01,3.27E+00,,,,,,0.00E+00,0.00E+00,0.00E+00,0.00E+00,0.00E+00,0.00E+00,,,,,,,,,,,,,,,,,,,,,,,,,,,,,,,,0.00E+00,0.00E+00,0.00E+00,0.00E+00,0.00E+00,0.00E+00,0.00E+00,0.00E+00
816772550000,3.06E-01,3.27E+00,,,,,,0.00E+00,0.00E+00,0.00E+00,0.00E+00,0.00E+00,0.00E+00,,,,,,,,,,,,,,,,,,,,,,,,,,,,,,,,0.00E+00,0.00E+00,0.00E+00,0.00E+00,0.00E+00,0.00E+00,0.00E+00,0.00E+00
816772560000,3.06E-01,3.27E+00,,,,,,0.00E+00,0.00E+00,0.00E+00,0.00E+00,0.00E+00,0.00E+00,,,,,,,,,,,,,,,,,,,,,,,,,,,,,,,,0.00E+00,0.00E+00,0.00E+00,0.00E+00,0.00E+00,0.00E+00,0.00E+00,0.00E+00
816772570000,3.06E-01,3.27E+00,,,,,,0.00E+00,0.00E+00,0.00E+00,0.00E+00,0.00E+00,0.00E+00,,,,,,,,,,,,,,,,,,,,,,,,,,,,,,,,0.00E+00,0.00E+00,0.00E+00,0.00E+00,0.00E+00,0.00E+00,0.00E+00,0.00E+00
816772580000,3.06E-01,3.27E+00,,,,,,0.00E+00,0.00E+00,0.00E+00,0.00E+00,0.00E+00,0.00E+00,,,,,,,,,,,,,,,,,,,,,,,,,,,,,,,,0.00E+00,0.00E+00,0.00E+00,0.00E+00,0.00E+00,0.00E+00,0.00E+00,0.00E+00
816772590000,3.06E-01,3.27E+00,,,,,,0.00E+00,0.00E+00,0.00E+00,0.00E+00,0.00E+00,0.00E+00,,,,,,,,,,,,,,,,,,,,,,,,,,,,,,,,0.00E+00,0.00E+00,0.00E+00,0.00E+00,0.00E+00,0.00E+00,0.00E+00,0.00E+00
816772600000,3.06E-01,3.27E+00,,,,,,0.00E+00,0.00E+00,0.00E+00,0.00E+00,0.00E+00,0.00E+00,,,,,,,,,,,,,,,,,,,,,,,,,,,,,,,,0.00E+00,0.00E+00,0.00E+00,0.00E+00,0.00E+00,0.00E+00,0.00E+00,0.00E+00
816772610000,3.06E-01,3.27E+00,,,,,,0.00E+00,0.00E+00,0.00E+00,0.00E+00,0.00E+00,0.00E+00,,,,,,,,,,,,,,,,,,,,,,,,,,,,,,,,0.00E+00,0.00E+00,0.00E+00,0.00E+00,0.00E+00,0.00E+00,0.00E+00,0.00E+00
816772620000,3.06E-01,3.27E+00,,,,,,0.00E+00,0.00E+00,0.00E+00,0.00E+00,0.00E+00,0.00E+00,,,,,,,,,,,,,,,,,,,,,,,,,,,,,,,,0.00E+00,0.00E+00,0.00E+00,0.00E+00,0.00E+00,0.00E+00,0.00E+00,0.00E+00
816772630000,3.06E-01,3.27E+00,,,,,,0.00E+00,0.00E+00,0.00E+00,0.00E+00,0.00E+00,0.00E+00,,,,,,,,,,,,,,,,,,,,,,,,,,,,,,,,0.00E+00,0.00E+00,0.00E+00,0.00E+00,0.00E+00,0.00E+00,0.00E+00,0.00E+00
816772640000,3.06E-01,3.27E+00,,,,,,0.00E+00,0.00E+00,0.00E+00,0.00E+00,0.00E+00,0.00E+00,,,,,,,,,,,,,,,,,,,,,,,,,,,,,,,,0.00E+00,0.00E+00,0.00E+00,0.00E+00,0.00E+00,0.00E+00,0.00E+00,0.00E+00
816772650000,3.06E-01,3.27E+00,,,,,,0.00E+00,0.00E+00,0.00E+00,0.00E+00,0.00E+00,0.00E+00,,,,,,,,,,,,,,,,,,,,,,,,,,,,,,,,0.00E+00,0.00E+00,0.00E+00,0.00E+00,0.00E+00,0.00E+00,0.00E+00,0.00E+00
816772660000,3.06E-01,3.27E+00,,,,,,0.00E+00,0.00E+00,0.00E+00,0.00E+00,0.00E+00,0.00E+00,,,,,,,,,,,,,,,,,,,,,,,,,,,,,,,,0.00E+00,0.00E+00,0.00E+00,0.00E+00,0.00E+00,0.00E+00,0.00E+00,0.00E+00
816772670000,2.21E-01,4.53E+00,6.50E+08,,,,,0.00E+00,0.00E+00,0.00E+00,3.21E+00,7.10E-03,3.21E-04,,,,,,,,,,,,,,,,,,,,,,,,,,,,,,,,0.00E+00,0.00E+00,0.00E+00,0.00E+00,0.00E+00,7.10E-03,0.00E+00,3.21E-04
816772680000,5.10E-02,1.96E+01,6.50E+08,,,,,0.00E+00,0.00E+00,0.00E+00,3.43E+01,1.75E-02,3.43E-03,,,,,,,,,,,,,,,,,,,,,,,,,,,,,,,,0.00E+00,0.00E+00,0.00E+00,0.00E+00,0.00E+00,1.75E-02,0.00E+00,3.43E-03
816772690000,5.10E-02,1.96E+01,6.50E+08,,,,,0.00E+00,0.00E+00,0.00E+00,1.00E+02,5.10E-02,1.00E-02,,,,,,,,,,,,,,,,,,,,,,,,,,,,,,,,0.00E+00,0.00E+00,0.00E+00,0.00E+00,0.00E+00,5.10E-02,0.00E+00,1.00E-02
816772700000,5.10E-02,1.96E+01,6.50E+08,2.76E+01,2.00E+09,3.29E+09,1.29E+09,8.74E+01,4.45E-02,8.74E-03,1.17E+01,5.95E-03,1.17E-03,1.70E+01,2.09E+00,3.61E+01,6.20E+03,1.41E+06,3.16E+07,5.08E+05,1.14E+07,1.01E+00,2.49E+01,5.01E-01,1.00E+02,3.90E+06,8.77E+07,1.02E+00,5.03E+00,0.00E+00,0.00E+00,1.13E+01,4.61E+01,0.00E+00,8.53E+00,1.24E+01,0.00E+00,3.99E+06,8.96E+07,1.42E+06,3.20E+07,2.09E+01,6.30E-04,5.95E+01,0.00E+00,4.45E-02,0.00E+00,8.74E-03,0.00E+00,5.95E-03,0.00E+00,1.17E-03
816772710000,5.10E-02,1.96E+01,6.50E+08,3.16E+01,2.00E+09,3.29E+09,1.29E+09,3.23E+00,1.64E-03,3.23E-04,9.37E+01,4.78E-02,9.37E-03,1.94E+01,2.09E+00,3.61E+01,6.20E+03,1.61E+06,3.16E+07,5.82E+05,1.14E+07,1.01E+00,2.49E+01,5.73E-01,1.00E+02,4.47E+06,8.77E+07,1.02E+00,5.75E+00,0.00E+00,0.00E+00,1.13E+01,4.61E+01,0.00E+00,9.76E+00,1.42E+01,0.00E+00,4.57E+06,8.96E+07,1.63E+06,3.20E+07,2.40E+01,7.21E-04,5.37E+01,0.00E+00,1.64E-03,0.00E+00,3.23E-04,0.00E+00,4.78E-02,0.00E+00,9.37E-03
816772720000,5.10E-02,1.96E+01,6.50E+08,2.63E+01,1.52E+09,2.73E+09,1.21E+09,3.87E+01,1.97E-02,3.87E-03,7.79E+01,3.97E-02,7.79E-03,1.17E+01,2.10E+00,3.62E+01,3.58E+03,9.70E+05,1.90E+07,3.51E+05,6.88E+06,1.01E+00,0.00E+00,4.58E-01,1.00E+02,5.09E+06,9.97E+07,1.01E+00,5.86E+00,0.00E+00,0.00E+00,3.42E+01,4.61E+01,0.00E+00,3.32E+01,8.56E+00,0.00E+00,5.15E+06,1.01E+08,9.83E+05,1.93E+07,4.18E+01,4.59E-01,5.24E+01,0.00E+00,1.97E-02,0.00E+00,3.87E-03,0.00E+00,3.97E-02,0.00E+00,7.79E-03
816772730000,1.01E-01,9.91E+00,6.50E+08,2.38E+01,1.17E+09,2.48E+09,1.31E+09,7.40E+01,7.47E-02,7.40E-03,7.22E+01,7.29E-02,7.22E-03,4.99E+00,2.15E+00,9.28E+01,1.61E+03,8.19E+05,8.11E+06,7.60E+05,7.53E+06,1.01E+00,0.00E+00,2.59E-01,1.00E+02,1.09E+07,1.08E+08,1.00E+00,5.50E+00,0.00E+00,0.00E+00,6.06E+01,4.41E+01,0.00E+00,6.27E+01,3.48E+00,0.00E+00,1.09E+07,1.08E+08,8.29E+05,8.22E+06,6.62E+01,3.23E+00,5.82E+01,0.00E+00,7.47E-02,0.00E+00,7.40E-03,0.00E+00,7.29E-02,0.00E+00,7.22E-03
816772740000,1.03E-01,9.69E+00,6.50E+08,2.66E+01,1.49E+09,2.76E+09,1.27E+09,9.45E+01,9.75E-02,9.45E-03,1.00E+02,1.03E-01,1.00E-02,1.09E+01,2.09E+00,6.45E+01,3.22E+04,1.84E+06,1.78E+07,1.18E+06,1.15E+07,1.01E+00,0.00E+00,2.40E-01,1.00E+02,1.03E+07,1.00E+08,1.00E+00,5.14E+00,0.00E+00,0.00E+00,6.06E+01,4.40E+01,0.00E+00,5.82E+01,7.59E+00,0.00E+00,1.03E+07,1.00E+08,1.85E+06,1.79E+07,6.58E+01,4.31E+00,6.62E+01,0.00E+00,9.75E-02,0.00E+00,9.45E-03,0.00E+00,1.03E-01,0.00E+00,1.00E-02
816772750000,1.03E-01,9.69E+00,6.50E+08,2.44E+01,1.60E+09,2.54E+09,9.37E+08,9.47E+01,9.76E-02,9.47E-03,1.00E+02,1.03E-01,1.00E-02,1.17E+01,2.22E+00,1.78E+01,3.73E+04,1.96E+06,1.90E+07,3.49E+05,3.38E+06,1.01E+00,0.00E+00,2.39E-01,1.00E+02,1.03E+07,9.94E+07,1.00E+00,5.04E+00,0.00E+00,0.00E+00,6.06E+01,4.40E+01,0.00E+00,5.79E+01,8.09E+00,0.00E+00,1.03E+07,9.94E+07,1.97E+06,1.91E+07,6.60E+01,4.66E+00,6.66E+01,0.00E+00,9.76E-02,0.00E+00,9.47E-03,0.00E+00,1.03E-01,0.00E+00,1.00E-02
816772760000,1.03E-01,9.69E+00,6.50E+08,2.51E+01,1.69E+09,2.61E+09,9.15E+08,9.52E+01,9.82E-02,9.52E-03,1.00E+02,1.03E-01,1.00E-02,1.20E+01,2.40E+00,1.17E+01,3.31E+04,2.00E+06,1.94E+07,2.35E+05,2.28E+06,1.01E+00,0.00E+00,2.43E-01,1.00E+02,1.04E+07,1.01E+08,1.00E+00,5.09E+00,0.00E+00,0.00E+00,6.06E+01,4.40E+01,0.00E+00,5.90E+01,8.29E+00,0.00E+00,1.04E+07,1.01E+08,2.02E+06,1.96E+07,6.72E+01,4.25E+00,6.67E+01,0.00E+00,9.82E-02,0.00E+00,9.52E-03,0.00E+00,1.03E-01,0.00E+00,1.00E-02
816772770000,1.03E-01,9.69E+00,6.50E+08,2.13E+01,1.29E+09,2.22E+09,9.27E+08,9.48E+01,9.78E-02,9.48E-03,7.43E+01,7.67E-02,7.43E-03,8.27E+00,3.18E+00,1.28E+01,3.70E+04,1.39E+06,1.34E+07,1.77E+05,1.72E+06,1.01E+00,0.00E+00,2.45E-01,1.00E+02,1.05E+07,1.02E+08,1.00E+00,5.15E+00,0.00E+00,0.00E+00,6.06E+01,4.40E+01,0.00E+00,5.93E+01,5.71E+00,0.00E+00,1.05E+07,1.02E+08,1.39E+06,1.35E+07,6.50E+01,4.84E+00,6.35E+01,0.00E+00,9.78E-02,0.00E+00,9.48E-03,0.00E+00,7.67E-02,0.00E+00,7.43E-03
816772780000,1.03E-01,9.69E+00,6.50E+08,2.52E+01,1.37E+09,2.62E+09,1.25E+09,3.74E+01,3.85E-02,3.74E-03,0.00E+00,0.00E+00,0.00E+00,0.00E+00,,,,0.00E+00,0.00E+00,0.00E+00,0.00E+00,,0.00E+00,7.18E-01,1.00E+02,1.38E+07,1.34E+08,1.12E+00,1.20E+01,0.00E+00,0.00E+00,2.51E+01,,0.00E+00,3.60E+01,0.00E+00,0.00E+00,1.54E+07,1.49E+08,0.00E+00,0.00E+00,3.60E+01,8.54E-01,7.17E+01,0.00E+00,3.85E-02,0.00E+00,3.74E-03,0.00E+00,0.00E+00,0.00E+00,0.00E+00
816772790000,1.03E-01,9.69E+00,6.50E+08,3.20E+01,1.90E+09,3.33E+09,1.43E+09,1.11E+01,1.15E-02,1.11E-03,0.00E+00,0.00E+00,0.00E+00,2.03E+00,2.08E+00,3.63E+01,6.20E+03,3.40E+05,3.30E+06,1.23E+05,1.20E+06,1.01E+00,1.86E+01,9.53E-01,1.00E+02,1.43E+07,1.38E+08,1.17E+00,1.49E+01,0.00E+00,0.00E+00,9.38E+00,4.61E+01,0.00E+00,1.45E+01,1.48E+00,0.00E+00,1.66E+07,1.61E+08,3.45E+05,3.34E+06,1.60E+01,7.24E-04,8.14E+01,0.00E+00,1.15E-02,0.00E+00,1.11E-03,0.00E+00,0.00E+00,0.00E+00,0.00E+00
816772800000,1.03E-01,9.69E+00,6.50E+08,2.98E+01,1.89E+09,3.10E+09,1.21E+09,8.15E+01,8.40E-02,8.15E-03,1.54E+01,1.59E-02,1.54E-03,1.82E+01,2.08E+00,3.63E+01,6.20E+03,3.05E+06,2.96E+07,1.11E+06,1.07E+07,1.01E+00,2.47E+01,5.37E-01,1.00E+02,8.48E+06,8.22E+07,1.02E+00,5.68E+00,0.00E+00,0.00E+00,1.13E+01,4.61E+01,0.00E+00,9.14E+00,1.33E+01,0.00E+00,8.67E+06,8.41E+07,3.09E+06,3.00E+07,2.25E+01,3.58E-03,5.56E+01,0.00E+00,8.40E-02,0.00E+00,8.15E-03,0.00E+00,1.59E-02,0.00E+00,1.54E-03
816772810000,1.03E-01,9.69E+00,6.50E+08,2.98E+01,1.89E+09,3.10E+09,1.21E+09,0.00E+00,0.00E+00,0.00E+00,1.00E+02,1.03E-01,1.00E-02,1.82E+01,2.08E+00,3.63E+01,6.20E+03,3.05E+06,2.96E+07,1.11E+06,1.07E+07,1.01E+00,2.47E+01,5.37E-01,1.00E+02,8.48E+06,8.22E+07,1.02E+00,5.68E+00,0.00E+00,0.00E+00,1.13E+01,4.61E+01,0.00E+00,9.14E+00,1.33E+01,0.00E+00,8.67E+06,8.41E+07,3.09E+06,3.00E+07,2.25E+01,3.58E-03,5.56E+01,0.00E+00,0.00E+00,0.00E+00,0.00E+00,0.00E+00,1.03E-01,0.00E+00,1.00E-02
816772820000,1.03E-01,9.69E+00,6.50E+08,2.35E+01,1.34E+09,2.44E+09,1.11E+09,4.46E+01,4.60E-02,4.46E-03,7.06E+01,7.28E-02,7.06E-03,9.64E+00,2.08E+00,3.63E+01,3.32E+03,1.62E+06,1.57E+07,5.86E+05,5.68E+06,1.01E+00,0.00E+00,4.10E-01,1.00E+02,9.91E+06,9.61E+07,1.01E+00,5.68E+00,0.00E+00,0.00E+00,3.80E+01,4.61E+01,0.00E+00,3.55E+01,7.05E+00,0.00E+00,1.00E+07,9.71E+07,1.64E+06,1.59E+07,4.25E+01,1.45E+00,5.41E+01,0.00E+00,4.60E-02,0.00E+00,4.46E-03,0.00E+00,7.28E-02,0.00E+00,7.06E-03
816772830000,1.08E-01,9.30E+00,6.50E+08,1.50E+01,5.93E+08,1.56E+09,9.69E+08,7.36E+01,7.91E-02,7.36E-03,1.83E+01,1.97E-02,1.83E-03,1.94E-03,3.51E+02,1.00E+02,1.48E+00,3.39E+02,3.16E+03,3.39E+02,3.16E+03,2.00E+00,0.00E+00,2.67E-01,1.00E+02,1.19E+07,1.11E+08,1.00E+00,5.60E+00,0.00E+00,0.00E+00,6.06E+01,6.09E+01,0.00E+00,6.46E+01,3.70E-03,0.00E+00,1.19E+07,1.11E+08,6.79E+02,6.32E+03,6.46E+01,2.71E+00,5.12E+01,0.00E+00,7.91E-02,0.00E+00,7.36E-03,0.00E+00,1.97E-02,0.00E+00,1.83E-03
816772840000,1.10E-01,9.10E+00,6.50E+08,2.03E+01,9.76E+08,2.11E+09,1.14E+09,9.52E+01,1.05E-01,9.52E-03,1.73E+01,1.90E-02,1.73E-03,3.27E+00,2.15E+00,8.78E+01,1.84E+03,5.85E+05,5.32E+06,5.13E+05,4.67E+06,1.02E+00,0.00E+00,2.59E-01,1.00E+02,1.19E+07,1.08E+08,1.00E+00,5.50E+00,0.00E+00,0.00E+00,6.06E+01,4.41E+01,0.00E+00,6.28E+01,2.29E+00,0.00E+00,1.19E+07,1.08E+08,5.94E+05,5.40E+06,6.51E+01,3.85E+00,5.71E+01,0.00E+00,1.05E-01,0.00E+00,9.52E-03,0.00E+00,1.90E-02,0.00E+00,1.73E-03
816772850000,1.10E-01,9.10E+00,6.50E+08,2.59E+01,1.40E+09,2.70E+09,1.29E+09,9.44E+01,1.04E-01,9.44E-03,0.00E+00,0.00E+00,0.00E+00,1.04E+01,2.07E+00,7.82E+01,3.71E+04,1.86E+06,1.69E+07,1.45E+06,1.32E+07,1.01E+00,0.00E+00,2.24E-01,1.00E+02,1.02E+07,9.31E+07,1.00E+00,4.85E+00,0.00E+00,0.00E+00,6.06E+01,4.40E+01,0.00E+00,5.42E+01,7.21E+00,0.00E+00,1.02E+07,9.31E+07,1.87E+06,1.70E+07,6.14E+01,6.37E+00,6.80E+01,0.00E+00,1.04E-01,0.00E+00,9.44E-03,0.00E+00,0.00E+00,0.00E+00,0.00E+00
816772860000,1.10E-01,9.10E+00,6.50E+08,2.49E+01,1.58E+09,2.59E+09,1.01E+09,9.45E+01,1.04E-01,9.45E-03,0.00E+00,0.00E+00,0.00E+00,1.20E+01,2.08E+00,2.65E+01,3.35E+04,2.14E+06,1.95E+07,5.68E+05,5.17E+06,1.01E+00,0.00E+00,2.41E-01,1.00E+02,1.10E+07,1.00E+08,1.00E+00,5.09E+00,0.00E+00,0.00E+00,6.06E+01,4.40E+01,0.00E+00,5.85E+01,8.32E+00,0.00E+00,1.10E+07,1.00E+08,2.16E+06,1.97E+07,6.68E+01,4.10E+00,6.68E+01,0.00E+00,1.04E-01,0.00E+00,9.45E-03,0.00E+00,0.00E+00,0.00E+00,0.00E+00
816772870000,1.10E-01,9.10E+00,6.50E+08,2.51E+01,1.71E+09,2.61E+09,8.96E+08,9.50E+01,1.04E-01,9.50E-03,0.00E+00,0.00E+00,0.00E+00,1.21E+01,2.20E+00,1.24E+01,3.39E+04,2.15E+06,1.96E+07,2.67E+05,2.43E+06,1.01E+00,0.00E+00,2.38E-01,1.00E+02,1.09E+07,9.92E+07,1.00E+00,5.01E+00,0.00E+00,0.00E+00,6.06E+01,4.40E+01,0.00E+00,5.78E+01,8.36E+00,0.00E+00,1.09E+07,9.92E+07,2.17E+06,1.98E+07,6.61E+01,5.00E+00,6.73E+01,0.00E+00,1.04E-01,0.00E+00,9.50E-03,0.00E+00,0.00E+00,0.00E+00,0.00E+00
816772880000,1.10E-01,9.10E+00,6.50E+08,3.06E+01,1.90E+09,3.18E+09,1.28E+09,9.76E+01,1.07E-01,9.76E-03,0.00E+00,0.00E+00,0.00E+00,6.03E+00,3.11E+00,1.18E+01,3.39E+04,1.08E+06,9.81E+06,1.27E+05,1.16E+06,1.01E+00,2.46E+00,7.06E-01,1.00E+02,1.40E+07,1.28E+08,1.12E+00,1.18E+01,0.00E+00,0.00E+00,2.31E+01,4.40E+01,0.00E+00,3.19E+01,4.17E+00,0.00E+00,1.57E+07,1.43E+08,1.08E+06,9.87E+06,3.61E+01,1.61E+00,7.93E+01,0.00E+00,1.07E-01,0.00E+00,9.76E-03,0.00E+00,0.00E+00,0.00E+00,0.00E+00
816772890000,1.10E-01,9.10E+00,6.50E+08,3.36E+01,2.05E+09,3.49E+09,1.45E+09,9.69E+01,1.07E-01,9.69E-03,0.00E+00,0.00E+00,0.00E+00,4.00E+00,2.24E+00,2.27E+01,1.05E+04,7.15E+05,6.50E+06,1.63E+05,1.48E+06,1.01E+00,1.82E+01,9.44E-01,1.00E+02,1.51E+07,1.38E+08,1.16E+00,1.49E+01,0.00E+00,0.00E+00,9.35E+00,4.51E+01,0.00E+00,1.44E+01,2.84E+00,0.00E+00,1.76E+07,1.61E+08,7.20E+05,6.56E+06,1.73E+01,3.41E-04,8.33E+01,0.00E+00,1.07E-01,0.00E+00,9.69E-03,0.00E+00,0.00E+00,0.00E+00,0.00E+00
816772900000,1.10E-01,9.10E+00,6.50E+08,3.08E+01,1.93E+09,3.21E+09,1.28E+09,8.24E+01,9.05E-02,8.24E-03,1.45E+01,1.59E-02,1.45E-03,1.83E+01,2.04E+00,3.90E+01,5.89E+03,3.27E+06,2.97E+07,1.28E+06,1.16E+07,1.01E+00,2.02E+01,5.35E-01,1.00E+02,9.49E+06,8.63E+07,1.03E+00,6.32E+00,0.00E+00,0.00E+00,1.12E+01,4.62E+01,0.00E+00,9.60E+00,1.34E+01,0.00E+00,9.76E+06,8.88E+07,3.31E+06,3.02E+07,2.30E+01,9.45E-04,5.32E+01,0.00E+00,9.05E-02,0.00E+00,8.24E-03,0.00E+00,1.59E-02,0.00E+00,1.45E-03
816772910000,1.10E-01,9.10E+00,6.50E+08,3.08E+01,1.93E+09,3.21E+09,1.28E+09,0.00E+00,0.00E+00,0.00E+00,1.00E+02,1.10E-01,1.00E-02,1.83E+01,2.04E+00,3.90E+01,5.89E+03,3.27E+06,2.97E+07,1.28E+06,1.16E+07,1.01E+00,2.02E+01,5.35E-01,1.00E+02,9.49E+06,8.63E+07,1.03E+00,6.32E+00,0.00E+00,0.00E+00,1.12E+01,4.62E+01,0.00E+00,9.60E+00,1.34E+01,0.00E+00,9.76E+06,8.88E+07,3.31E+06,3.02E+07,2.30E+01,9.45E-04,5.32E+01,0.00E+00,0.00E+00,0.00E+00,0.00E+00,0.00E+00,1.10E-01,0.00E+00,1.00E-02
816772920000,1.10E-01,9.10E+00,6.50E+08,2.19E+01,1.18E+09,2.27E+09,1.09E+09,5.70E+01,6.26E-02,5.70E-03,6.41E+01,7.04E-02,6.41E-03,7.39E+00,2.04E+00,3.91E+01,2.80E+03,1.32E+06,1.20E+07,5.15E+05,4.69E+06,1.01E+00,0.00E+00,3.73E-01,1.00E+02,1.10E+07,1.00E+08,1.01E+00,5.88E+00,0.00E+00,0.00E+00,4.31E+01,4.62E+01,0.00E+00,4.19E+01,5.41E+00,0.00E+00,1.11E+07,1.01E+08,1.34E+06,1.22E+07,4.74E+01,1.85E+00,5.22E+01,0.00E+00,6.26E-02,0.00E+00,5.70E-03,0.00E+00,7.04E-02,0.00E+00,6.41E-03
816772930000,1.10E-01,9.10E+00,6.50E+08,1.42E+01,5.51E+08,1.48E+09,9.28E+08,9.53E+01,1.05E-01,9.53E-03,0.00E+00,0.00E+00,0.00E+00,3.12E-05,1.00E+00,1.00E+02,1.00E+00,5.57E+00,5.07E+01,5.57E+00,5.07E+01,2.00E+00,0.00E+00,2.76E-01,1.00E+02,1.26E+07,1.15E+08,1.00E+00,5.77E+00,0.00E+00,0.00E+00,6.06E+01,4.80E+01,0.00E+00,6.68E+01,4.68E-05,0.00E+00,1.26E+07,1.15E+08,1.11E+01,1.01E+02,6.68E+01,2.41E+00,5.20E+01,0.00E+00,1.05E-01,0.00E+00,9.53E-03,0.00E+00,0.00E+00,0.00E+00,0.00E+00
816772940000,1.04E-01,9.62E+00,6.50E+08,1.60E+01,6.39E+08,1.67E+09,1.03E+09,9.40E+01,9.77E-02,9.40E-03,2.33E+01,2.42E-02,2.33E-03,3.49E-03,3.63E+02,1.00E+02,1.50E+00,5.89E+02,5.67E+03,5.89E+02,5.67E+03,2.00E+00,0.00E+00,2.72E-01,1.00E+02,1.17E+07,1.13E+08,1.00E+00,5.74E+00,0.00E+00,0.00E+00,6.06E+01,6.13E+01,0.00E+00,6.58E+01,6.68E-03,0.00E+00,1.17E+07,1.13E+08,1.18E+03,1.13E+04,6.58E+01,2.67E+00,5.19E+01,0.00E+00,9.77E-02,0.00E+00,9.40E-03,0.00E+00,2.42E-02,0.00E+00,2.33E-03
816772950000,1.01E-01,9.88E+00,6.50E+08,1.53E+01,5.89E+08,1.60E+09,1.01E+09,9.52E+01,9.64E-02,9.52E-03,1.36E+01,1.38E-02,1.36E-03,3.33E-01,4.13E+00,9.25E+01,1.08E+02,5.47E+04,5.40E+05,5.06E+04,5.00E+05,1.34E+00,0.00E+00,2.73E-01,1.00E+02,1.15E+07,1.14E+08,1.00E+00,5.72E+00,0.00E+00,0.00E+00,6.06E+01,3.33E+01,0.00E+00,6.61E+01,2.31E-01,0.00E+00,1.15E+07,1.14E+08,7.31E+04,7.22E+05,6.63E+01,2.60E+00,5.19E+01,0.00E+00,9.64E-02,0.00E+00,9.52E-03,0.00E+00,1.38E-02,0.00E+00,1.36E-03
816772960000,1.01E-01,9.88E+00,6.50E+08,1.73E+01,7.03E+08,1.80E+09,1.09E+09,9.46E+01,9.58E-02,9.46E-03,1.09E+01,1.10E-02,1.09E-03,4.56E-01,2.81E+00,9.30E+01,1.95E+02,7.50E+04,7.41E+05,6.98E+04,6.90E+05,1.81E+00,0.00E+00,2.53E-01,1.00E+02,1.49E+07,1.47E+08,1.00E+00,5.28E+00,0.00E+00,0.00E+00,4.43E+01,2.28E+01,0.00E+00,6.29E+01,2.94E-01,0.00E+00,1.49E+07,1.47E+08,1.36E+05,1.34E+06,6.32E+01,2.24E+00,5.39E+01,0.00E+00,9.58E-02,0.00E+00,9.46E-03,0.00E+00,1.10E-02,0.00E+00,1.09E-03
816772970000,1.01E-01,9.88E+00,6.50E+08,2.56E+01,1.36E+09,2.66E+09,1.30E+09,9.39E+01,9.50E-02,9.39E-03,8.44E+01,8.55E-02,8.44E-03,8.75E+00,2.07E+00,8.83E+01,2.43E+04,1.44E+06,1.42E+07,1.27E+06,1.25E+07,1.01E+00,0.00E+00,2.14E-01,1.00E+02,1.04E+07,1.03E+08,1.00E+00,4.67E+00,0.00E+00,0.00E+00,5.32E+01,4.40E+01,0.00E+00,5.24E+01,6.08E+00,0.00E+00,1.04E+07,1.03E+08,1.45E+06,1.44E+07,5.85E+01,7.07E+00,6.82E+01,0.00E+00,9.50E-02,0.00E+00,9.39E-03,0.00E+00,8.55E-02,0.00E+00,8.44E-03
816772980000,1.01E-01,9.88E+00,6.50E+08,4.86E+01,3.41E+09,5.06E+09,1.65E+09,9.76E+01,9.88E-02,9.76E-03,1.00E+02,1.01E-01,1.00E-02,2.35E+01,2.07E+00,3.39E+01,3.29E+04,3.87E+06,3.82E+07,1.31E+06,1.30E+07,1.01E+00,1.29E+01,6.85E-01,1.00E+02,1.07E+07,1.06E+08,1.17E+00,1.96E+01,0.00E+00,0.00E+00,9.93E+00,4.42E+01,0.00E+00,1.18E+01,1.64E+01,0.00E+00,1.26E+07,1.24E+08,3.90E+06,3.85E+07,2.82E+01,2.30E-01,9.75E+01,0.00E+00,9.88E-02,0.00E+00,9.76E-03,0.00E+00,1.01E-01,0.00E+00,1.00E-02
816772990000,1.01E-01,9.88E+00,6.50E+08,4.92E+01,3.46E+09,5.11E+09,1.66E+09,1.00E+02,1.01E-01,1.00E-02,5.69E+01,5.76E-02,5.69E-03,2.38E+01,2.06E+00,3.34E+01,3.30E+04,3.92E+06,3.88E+07,1.31E+06,1.29E+07,1.01E+00,1.37E+01,6.96E-01,1.00E+02,1.08E+07,1.06E+08,1.18E+00,2.00E+01,0.00E+00,0.00E+00,9.04E+00,4.42E+01,0.00E+00,1.09E+01,1.66E+01,0.00E+00,1.27E+07,1.25E+08,3.95E+06,3.91E+07,2.75E+01,5.72E-02,9.82E+01,0.00E+00,1.01E-01,0.00E+00,1.00E-02,0.00E+00,5.76E-02,0.00E+00,5.69E-03
816773000000,1.01E-01,9.88E+00,6.50E+08,3.66E+01,2.27E+09,3.81E+09,1.54E+09,9.24E+01,9.35E-02,9.24E-03,0.00E+00,0.00E+00,0.00E+00,1.76E+01,2.06E+00,3.67E+01,3.07E+04,2.89E+06,2.85E+07,1.06E+06,1.05E+07,1.01E+00,0.00E+00,5.85E-01,1.00E+02,1.28E+07,1.26E+08,1.03E+00,1.11E+01,0.00E+00,0.00E+00,3.10E+01,4.49E+01,0.00E+00,3.87E+01,1.24E+01,0.00E+00,1.31E+07,1.30E+08,2.91E+06,2.87E+07,5.11E+01,3.11E+00,7.78E+01,0.00E+00,9.35E-02,0.00E+00,9.24E-03,0.00E+00,0.00E+00,0.00E+00,0.00E+00
816773010000,1.01E-01,9.88E+00,6.50E+08,4.66E+01,3.08E+09,4.84E+09,1.76E+09,9.77E+01,9.90E-02,9.77E-03,1.93E+01,1.95E-02,1.93E-03,2.50E+01,1.96E+00,2.20E+01,1.12E+04,4.12E+06,4.07E+07,9.07E+05,8.96E+06,1.01E+00,1.20E+01,1.05E+00,1.00E+02,1.65E+07,1.63E+08,1.18E+00,2.46E+01,0.00E+00,0.00E+00,1.42E+01,4.54E+01,0.00E+00,2.62E+01,1.79E+01,0.00E+00,1.95E+07,1.92E+08,4.16E+06,4.11E+07,4.42E+01,4.36E-03,8.85E+01,0.00E+00,9.90E-02,0.00E+00,9.77E-03,0.00E+00,1.95E-02,0.00E+00,1.93E-03
816773020000,1.01E-01,9.88E+00,6.50E+08,1.86E+01,9.00E+08,1.93E+09,1.03E+09,9.51E+01,9.63E-02,9.51E-03,5.60E+01,5.67E-02,5.60E-03,1.38E+00,3.73E+00,8.58E+00,2.05E+02,2.27E+05,2.24E+06,1.95E+04,1.92E+05,1.19E+00,0.00E+00,5.35E-01,1.00E+02,1.09E+07,1.08E+08,1.69E+00,3.08E+01,0.00E+00,0.00E+00,4.02E+01,7.55E+01,0.00E+00,7.03E+01,1.93E+00,0.00E+00,1.84E+07,1.82E+08,2.70E+05,2.66E+06,7.22E+01,1.83E+00,5.90E+01,0.00E+00,9.63E-02,0.00E+00,9.51E-03,0.00E+00,5.67E-02,0.00E+00,5.60E-03
816773030000,1.01E-01,9.88E+00,6.50E+08,1.42E+01,5.50E+08,1.48E+09,9.29E+08,9.46E+01,9.58E-02,9.46E-03,0.00E+00,0.00E+00,0.00E+00,0.00E+00,,,,0.00E+00,0.00E+00,0.00E+00,0.00E+00,,0.00E+00,2.78E-01,1.00E+02,1.17E+07,1.16E+08,1.00E+00,5.81E+00,0.00E+00,0.00E+00,6.06E+01,,0.00E+00,6.74E+01,0.00E+00,0.00E+00,1.17E+07,1.16E+08,0.00E+00,0.00E+00,6.74E+01,2.23E+00,5.20E+01,0.00E+00,9.58E-02,0.00E+00,9.46E-03,0.00E+00,0.00E+00,0.00E+00,0.00E+00
816773040000,7.81E-02,1.28E+01,6.50E+08,1.54E+01,6.10E+08,1.61E+09,9.97E+08,9.50E+01,7.42E-02,9.50E-03,1.87E+01,1.46E-02,1.87E-03,2.76E-03,3.63E+02,1.00E+02,1.50E+00,3.50E+02,4.48E+03,3.50E+02,4.48E+03,2.00E+00,0.00E+00,2.70E-01,1.00E+02,8.77E+06,1.12E+08,1.00E+00,5.70E+00,0.00E+00,0.00E+00,6.06E+01,6.13E+01,0.00E+00,6.54E+01,5.28E-03,0.00E+00,8.77E+06,1.12E+08,7.00E+02,8.96E+03,6.54E+01,2.84E+00,5.20E+01,0.00E+00,8.52E-02,0.00E+00,9.50E-03,0.00E+00,1.68E-02,0.00E+00,1.87E-03
816773050000,6.58E-02,1.52E+01,6.50E+08,1.65E+01,6.29E+08,1.71E+09,1.08E+09,7.89E+01,5.19E-02,7.89E-03,2.07E+01,1.36E-02,2.07E-03,5.10E-01,3.81E+00,9.00E+01,1.38E+02,5.45E+04,8.28E+05,4.90E+04,7.45E+05,1.56E+00,0.00E+00,2.83E-01,1.00E+02,7.75E+06,1.18E+08,1.00E+00,5.95E+00,0.00E+00,0.00E+00,6.06E+01,2.89E+01,0.00E+00,6.86E+01,3.59E-01,0.00E+00,7.75E+06,1.18E+08,8.49E+04,1.29E+06,6.90E+01,1.55E+00,5.12E+01,0.00E+00,6.46E-02,0.00E+00,7.89E-03,0.00E+00,1.70E-02,0.00E+00,2.07E-03
816773060000,6.58E-02,1.52E+01,6.50E+08,2.55E+01,1.32E+09,2.65E+09,1.33E+09,9.01E+01,5.93E-02,9.01E-03,6.72E+01,4.42E-02,6.72E-03,7.12E+00,2.09E+00,8.37E+01,2.26E+04,7.62E+05,1.16E+07,6.37E+05,9.68E+06,1.01E+00,0.00E+00,2.39E-01,1.00E+02,8.38E+06,1.27E+08,1.00E+00,5.07E+00,0.00E+00,0.00E+00,4.82E+01,4.40E+01,0.00E+00,5.90E+01,4.95E+00,0.00E+00,8.38E+06,1.27E+08,7.70E+05,1.17E+07,6.40E+01,3.98E+00,6.31E+01,0.00E+00,7.38E-02,0.00E+00,9.01E-03,0.00E+00,5.51E-02,0.00E+00,6.72E-03
816773070000,6.58E-02,1.52E+01,6.50E+08,3.18E+01,2.00E+09,3.31E+09,1.30E+09,9.53E+01,6.27E-02,9.53E-03,1.00E+02,6.58E-02,1.00E-02,1.43E+01,2.11E+00,4.64E+01,3.65E+04,1.53E+06,2.33E+07,7.10E+05,1.08E+07,1.01E+00,0.00E+00,3.61E-01,1.00E+02,6.29E+06,9.55E+07,1.06E+00,9.08E+00,0.00E+00,0.00E+00,4.14E+01,4.42E+01,0.00E+00,4.04E+01,9.96E+00,0.00E+00,6.67E+06,1.01E+08,1.54E+06,2.34E+07,5.03E+01,5.06E+00,7.79E+01,0.00E+00,7.81E-02,0.00E+00,9.53E-03,0.00E+00,8.19E-02,0.00E+00,1.00E-02
816773080000,6.58E-02,1.52E+01,6.50E+08,4.91E+01,3.40E+09,5.11E+09,1.70E+09,1.00E+02,6.58E-02,1.00E-02,9.52E+01,6.27E-02,9.52E-03,2.30E+01,2.07E+00,3.72E+01,3.23E+04,2.46E+06,3.73E+07,9.13E+05,1.39E+07,1.01E+00,1.33E+01,6.85E-01,1.00E+02,6.89E+06,1.05E+08,1.18E+00,1.91E+01,0.00E+00,0.00E+00,8.87E+00,4.43E+01,0.00E+00,1.05E+01,1.60E+01,0.00E+00,8.14E+06,1.24E+08,2.48E+06,3.76E+07,2.66E+01,3.13E-02,9.85E+01,0.00E+00,8.19E-02,0.00E+00,1.00E-02,0.00E+00,7.80E-02,0.00E+00,9.52E-03
816773090000,6.58E-02,1.52E+01,6.50E+08,4.37E+01,2.96E+09,4.54E+09,1.58E+09,9.64E+01,6.34E-02,9.64E-03,0.00E+00,0.00E+00,0.00E+00,2.03E+01,2.05E+00,3.76E+01,3.08E+04,2.17E+06,3.29E+07,8.16E+05,1.24E+07,1.01E+00,2.47E+00,5.84E-01,1.00E+02,6.84E+06,1.04E+08,1.14E+00,1.59E+01,0.00E+00,0.00E+00,1.90E+01,4.44E+01,0.00E+00,2.16E+01,1.42E+01,0.00E+00,7.80E+06,1.19E+08,2.18E+06,3.32E+07,3.58E+01,9.51E-01,9.12E+01,0.00E+00,7.89E-02,0.00E+00,9.64E-03,0.00E+00,0.00E+00,0.00E+00,0.00E+00
816773100000,6.58E-02,1.52E+01,6.50E+08,4.76E+01,3.04E+09,4.95E+09,1.90E+09,9.88E+01,6.50E-02,9.88E-03,0.00E+00,0.00E+00,0.00E+00,2.30E+01,1.88E+00,2.82E+01,2.11E+04,2.46E+06,3.74E+07,6.96E+05,1.06E+07,1.01E+00,2.09E+01,1.11E+00,1.00E+02,1.16E+07,1.76E+08,1.05E+00,1.63E+01,0.00E+00,0.00E+00,1.21E+01,4.50E+01,0.00E+00,2.13E+01,1.63E+01,0.00E+00,1.21E+07,1.83E+08,2.48E+06,3.77E+07,3.76E+01,1.27E-01,7.54E+01,0.00E+00,8.09E-02,0.00E+00,9.88E-03,0.00E+00,0.00E+00,0.00E+00,0.00E+00
816773110000,7.23E-03,1.38E+02,6.50E+08,2.61E+01,1.53E+09,2.71E+09,1.18E+09,9.00E+01,6.51E-03,9.00E-03,5.17E+01,3.74E-03,5.17E-03,8.26E+00,2.02E+00,2.17E+01,9.18E+02,9.71E+04,1.34E+07,2.11E+04,2.92E+06,1.04E+00,0.00E+00,6.55E-01,1.00E+02,8.57E+05,1.18E+08,1.47E+00,2.35E+01,0.00E+00,0.00E+00,3.07E+01,5.21E+01,0.00E+00,5.15E+01,7.01E+00,0.00E+00,1.26E+06,1.74E+08,1.01E+05,1.40E+07,5.85E+01,1.21E+00,6.24E+01,1.77E-04,7.23E-02,1.77E-04,8.82E-03,1.41E-04,4.12E-02,1.41E-04,5.03E-03
816773120000,1.52E-02,6.57E+01,6.50E+08,1.49E+01,5.92E+08,1.55E+09,9.56E+08,9.40E+01,1.43E-02,9.40E-03,1.35E+01,2.05E-03,1.35E-03,1.15E-03,2.78E+02,1.00E+02,1.34E+00,2.84E+01,1.87E+03,2.84E+01,1.87E+03,2.00E+00,0.00E+00,2.74E-01,1.00E+02,1.73E+06,1.14E+08,1.00E+00,5.61E+00,0.00E+00,0.00E+00,5.88E+01,5.82E+01,0.00E+00,6.47E+01,2.09E-03,0.00E+00,1.74E+06,1.14E+08,5.68E+01,3.74E+03,6.47E+01,2.61E+00,5.13E+01,,8.15E-02,1.28E-04,9.27E-03,,1.18E-02,0.00E+00,1.35E-03
816773130000,1.01E-01,9.88E+00,6.50E+08,1.64E+01,6.52E+08,1.71E+09,1.05E+09,9.47E+01,9.58E-02,9.47E-03,1.77E+01,1.79E-02,1.77E-03,2.97E-03,3.63E+02,1.00E+02,1.50E+00,4.89E+02,4.83E+03,4.89E+02,4.83E+03,2.00E+00,0.00E+00,2.85E-01,1.00E+02,1.20E+07,1.18E+08,1.00E+00,5.96E+00,0.00E+00,0.00E+00,6.06E+01,6.13E+01,0.00E+00,6.90E+01,5.70E-03,0.00E+00,1.20E+07,1.18E+08,9.79E+02,9.67E+03,6.90E+01,1.31E+00,5.08E+01,,9.58E-02,,9.47E-03,,1.79E-02,,1.77E-03
816773140000,1.01E-01,9.88E+00,6.50E+08,2.40E+01,1.24E+09,2.50E+09,1.26E+09,9.46E+01,9.58E-02,9.46E-03,6.63E+01,6.72E-02,6.63E-03,6.92E+00,2.16E+00,7.94E+01,1.22E+04,1.14E+06,1.12E+07,9.04E+05,8.93E+06,1.01E+00,0.00E+00,2.55E-01,1.00E+02,1.07E+07,1.06E+08,1.00E+00,5.39E+00,0.00E+00,0.00E+00,6.06E+01,4.40E+01,0.00E+00,6.17E+01,4.81E+00,0.00E+00,1.07E+07,1.06E+08,1.15E+06,1.14E+07,6.65E+01,3.59E+00,6.10E+01,,9.58E-02,,9.46E-03,,6.72E-02,,6.63E-03
816773150000,1.01E-01,9.88E+00,6.50E+08,2.53E+01,1.49E+09,2.63E+09,1.14E+09,9.42E+01,9.54E-02,9.42E-03,1.00E+02,1.01E-01,1.00E-02,1.14E+01,2.10E+00,4.74E+01,3.43E+04,1.87E+06,1.85E+07,8.89E+05,8.78E+06,1.01E+00,0.00E+00,2.33E-01,1.00E+02,9.82E+06,9.70E+07,1.00E+00,4.99E+00,0.00E+00,0.00E+00,6.06E+01,4.40E+01,0.00E+00,5.65E+01,7.90E+00,0.00E+00,9.82E+06,9.70E+07,1.89E+06,1.87E+07,6.44E+01,4.99E+00,6.73E+01,,9.54E-02,,9.42E-03,,1.01E-01,,1.00E-02
816773160000,1.01E-01,9.88E+00,6.50E+08,2.52E+01,1.53E+09,2.62E+09,1.09E+09,9.53E+01,9.65E-02,9.53E-03,1.00E+02,1.01E-01,1.00E-02,1.09E+01,1.82E+00,5.25E+01,3.49E+04,1.79E+06,1.77E+07,9.40E+05,9.28E+06,1.01E+00,0.00E+00,2.23E-01,1.00E+02,9.38E+06,9.26E+07,1.00E+00,4.73E+00,0.00E+00,0.00E+00,6.06E+01,4.40E+01,0.00E+00,5.39E+01,7.54E+00,0.00E+00,9.38E+06,9.26E+07,1.81E+06,1.78E+07,6.15E+01,7.09E+00,6.90E+01,,9.65E-02,,9.53E-03,,1.01E-01,,1.00E-02
816773170000,1.01E-01,9.88E+00,6.50E+08,3.75E+01,2.58E+09,3.90E+09,1.33E+09,9.83E+01,9.95E-02,9.83E-03,6.96E+01,7.05E-02,6.96E-03,1.05E+01,2.19E+00,1.24E+01,3.48E+04,1.72E+06,1.70E+07,2.14E+05,2.12E+06,1.01E+00,1.31E+01,8.10E-01,1.00E+02,1.26E+07,1.25E+08,1.17E+00,1.37E+01,0.00E+00,0.00E+00,1.13E+01,4.40E+01,0.00E+00,1.59E+01,7.25E+00,0.00E+00,1.48E+07,1.46E+08,1.74E+06,1.71E+07,2.32E+01,7.53E-01,9.03E+01,,9.95E-02,,9.83E-03,,7.05E-02,,6.96E-03
816773180000,1.01E-01,9.88E+00,6.50E+08,3.63E+01,2.47E+09,3.78E+09,1.31E+09,9.69E+01,9.81E-02,9.69E-03,0.00E+00,0.00E+00,0.00E+00,1.19E+01,2.19E+00,1.75E+01,1.34E+04,1.96E+06,1.94E+07,3.44E+05,3.40E+06,1.01E+00,1.68E+01,7.87E-01,1.00E+02,1.18E+07,1.17E+08,1.17E+00,1.25E+01,0.00E+00,0.00E+00,9.00E+00,4.47E+01,0.00E+00,1.18E+01,8.41E+00,0.00E+00,1.38E+07,1.36E+08,1.98E+06,1.95E+07,2.02E+01,9.09E-03,8.38E+01,,9.81E-02,,9.69E-03,,0.00E+00,,0.00E+00
816773190000,1.01E-01,9.88E+00,6.50E+08,2.91E+01,1.84E+09,3.03E+09,1.19E+09,8.03E+01,8.13E-02,8.03E-03,1.61E+01,1.63E-02,1.61E-03,1.71E+01,2.01E+00,4.08E+01,5.67E+03,2.81E+06,2.78E+07,1.15E+06,1.13E+07,1.01E+00,2.37E+01,5.12E-01,1.00E+02,7.81E+06,7.71E+07,1.05E+00,5.65E+00,0.00E+00,0.00E+00,1.12E+01,4.63E+01,0.00E+00,8.77E+00,1.25E+01,0.00E+00,8.22E+06,8.12E+07,2.85E+06,2.82E+07,2.13E+01,4.37E-04,5.45E+01,,8.13E-02,,8.03E-03,,1.63E-02,,1.61E-03
816773200000,1.01E-01,9.88E+00,6.50E+08,2.91E+01,1.84E+09,3.03E+09,1.19E+09,0.00E+00,0.00E+00,0.00E+00,1.00E+02,1.01E-01,1.00E-02,1.71E+01,2.01E+00,4.08E+01,5.67E+03,2.81E+06,2.78E+07,1.15E+06,1.13E+07,1.01E+00,2.37E+01,5.12E-01,1.00E+02,7.81E+06,7.71E+07,1.05E+00,5.65E+00,0.00E+00,0.00E+00,1.12E+01,4.63E+01,0.00E+00,8.77E+00,1.25E+01,0.00E+00,8.22E+06,8.12E+07,2.85E+06,2.82E+07,2.13E+01,4.37E-04,5.45E+01,,0.00E+00,,0.00E+00,,1.01E-01,,1.00E-02
816773210000,1.01E-01,9.88E+00,6.50E+08,2.38E+01,1.38E+09,2.48E+09,1.10E+09,3.95E+01,4.00E-02,3.95E-03,7.66E+01,7.76E-02,7.66E-03,1.02E+01,2.01E+00,4.08E+01,3.44E+03,1.67E+06,1.65E+07,6.81E+05,6.73E+06,1.01E+00,0.00E+00,4.12E-01,1.00E+02,9.17E+06,9.06E+07,1.03E+00,5.64E+00,0.00E+00,0.00E+00,3.50E+01,4.63E+01,0.00E+00,3.13E+01,7.44E+00,0.00E+00,9.42E+06,9.30E+07,1.69E+06,1.67E+07,3.87E+01,1.36E+00,5.36E+01,,4.00E-02,,3.95E-03,,7.76E-02,,7.66E-03
816773220000,9.93E-02,1.01E+01,6.50E+08,1.51E+01,5.99E+08,1.57E+09,9.76E+08,9.44E+01,9.37E-02,9.44E-03,1.30E+01,1.29E-02,1.30E-03,1.29E-03,2.90E+02,1.00E+02,1.36E+00,2.09E+02,2.10E+03,2.09E+02,2.10E+03,2.00E+00,0.00E+00,2.75E-01,1.00E+02,1.14E+07,1.14E+08,1.00E+00,5.78E+00,0.00E+00,0.00E+00,6.06E+01,5.87E+01,0.00E+00,6.67E+01,2.37E-03,0.00E+00,1.14E+07,1.14E+08,4.17E+02,4.21E+03,6.67E+01,2.40E+00,5.19E+01,,9.37E-02,,9.44E-03,,1.29E-02,,1.30E-03
816773230000,9.32E-02,1.07E+01,6.50E+08,1.63E+01,6.41E+08,1.70E+09,1.06E+09,9.53E+01,8.88E-02,9.53E-03,2.57E+01,2.40E-02,2.57E-03,2.13E-01,8.97E+00,8.81E+01,6.60E+01,3.22E+04,3.46E+05,2.84E+04,3.05E+05,1.42E+00,0.00E+00,2.73E-01,1.00E+02,1.06E+07,1.14E+08,1.00E+00,5.77E+00,0.00E+00,0.00E+00,6.06E+01,3.29E+01,0.00E+00,6.62E+01,1.55E-01,0.00E+00,1.06E+07,1.14E+08,4.58E+04,4.91E+05,6.63E+01,2.69E+00,5.23E+01,,8.88E-02,,9.53E-03,,2.40E-02,,2.57E-03
816773240000,9.32E-02,1.07E+01,6.50E+08,2.06E+01,1.01E+09,2.14E+09,1.13E+09,9.38E+01,8.74E-02,9.38E-03,4.33E+01,4.03E-02,4.33E-03,3.68E+00,2.02E+00,7.82E+01,2.09E+03,5.57E+05,5.98E+06,4.35E+05,4.67E+06,1.05E+00,0.00E+00,2.38E-01,1.00E+02,1.18E+07,1.27E+08,1.00E+00,5.03E+00,0.00E+00,0.00E+00,4.82E+01,4.28E+01,0.00E+00,5.88E+01,2.57E+00,0.00E+00,1.18E+07,1.27E+08,5.82E+05,6.25E+06,6.13E+01,4.60E+00,5.95E+01,,8.74E-02,,9.38E-03,,4.03E-02,,4.33E-03
816773250000,9.32E-02,1.07E+01,6.50E+08,2.63E+01,1.48E+09,2.74E+09,1.26E+09,9.52E+01,8.87E-02,9.52E-03,1.00E+02,9.32E-02,1.00E-02,1.10E+01,2.29E+00,5.76E+01,3.74E+04,1.66E+06,1.79E+07,9.59E+05,1.03E+07,1.01E+00,0.00E+00,2.38E-01,1.00E+02,9.22E+06,9.90E+07,1.00E+00,5.11E+00,0.00E+00,0.00E+00,6.06E+01,4.40E+01,0.00E+00,5.77E+01,7.62E+00,0.00E+00,9.22E+06,9.90E+07,1.68E+06,1.80E+07,6.53E+01,4.61E+00,6.64E+01,,8.87E-02,,9.52E-03,,9.32E-02,,1.00E-02
816773260000,9.32E-02,1.07E+01,6.50E+08,2.65E+01,1.58E+09,2.75E+09,1.17E+09,9.51E+01,8.86E-02,9.51E-03,1.00E+02,9.32E-02,1.00E-02,1.19E+01,1.86E+00,4.95E+01,3.31E+04,1.80E+06,1.94E+07,8.92E+05,9.58E+06,1.01E+00,0.00E+00,2.43E-01,1.00E+02,9.41E+06,1.01E+08,1.00E+00,5.13E+00,0.00E+00,0.00E+00,6.06E+01,4.40E+01,0.00E+00,5.88E+01,8.26E+00,0.00E+00,9.41E+06,1.01E+08,1.82E+06,1.95E+07,6.71E+01,4.04E+00,6.68E+01,,8.86E-02,,9.51E-03,,9.32E-02,,1.00E-02
816773270000,9.32E-02,1.07E+01,6.50E+08,4.46E+01,3.00E+09,4.64E+09,1.64E+09,9.74E+01,9.07E-02,9.74E-03,9.21E+01,8.58E-02,9.21E-03,1.95E+01,1.97E+00,4.28E+01,3.11E+04,2.96E+06,3.17E+07,1.27E+06,1.36E+07,1.01E+00,3.36E+00,6.01E-01,1.00E+02,9.93E+06,1.07E+08,1.13E+00,1.46E+01,0.00E+00,0.00E+00,2.19E+01,4.45E+01,0.00E+00,2.54E+01,1.37E+01,0.00E+00,1.13E+07,1.21E+08,2.98E+06,3.20E+07,3.91E+01,1.85E+00,8.83E+01,,9.07E-02,,9.74E-03,,8.58E-02,,9.21E-03
816773280000,9.32E-02,1.07E+01,6.50E+08,5.16E+01,3.54E+09,5.36E+09,1.83E+09,1.00E+02,9.32E-02,1.00E-02,0.00E+00,0.00E+00,0.00E+00,2.31E+01,2.07E+00,3.74E+01,3.20E+04,3.50E+06,3.75E+07,1.31E+06,1.41E+07,1.01E+00,1.80E+01,7.72E-01,1.00E+02,1.03E+07,1.11E+08,1.19E+00,1.91E+01,0.00E+00,0.00E+00,8.56E+00,4.46E+01,0.00E+00,1.08E+01,1.62E+01,0.00E+00,1.23E+07,1.32E+08,3.52E+06,3.78E+07,2.71E+01,2.79E-02,9.77E+01,,9.32E-02,,1.00E-02,,0.00E+00,,0.00E+00
816773290000,9.32E-02,1.07E+01,6.50E+08,4.01E+01,2.55E+09,4.17E+09,1.62E+09,4.89E+01,4.55E-02,4.89E-03,0.00E+00,0.00E+00,0.00E+00,1.54E+01,1.90E+00,3.51E+01,3.37E+04,2.33E+06,2.50E+07,8.17E+05,8.77E+06,1.01E+00,1.39E+01,8.55E-01,1.00E+02,1.33E+07,1.43E+08,1.07E+00,1.45E+01,0.00E+00,0.00E+00,1.90E+01,4.48E+01,0.00E+00,2.80E+01,1.08E+01,0.00E+00,1.43E+07,1.53E+08,2.34E+06,2.52E+07,3.88E+01,1.42E+00,6.49E+01,,4.55E-02,,4.89E-03,,0.00E+00,,0.00E+00
816773300000,9.32E-02,1.07E+01,6.50E+08,3.42E+01,2.17E+09,3.55E+09,1.38E+09,2.68E+01,2.50E-02,2.68E-03,2.96E+01,2.75E-02,2.96E-03,1.15E+01,2.59E+00,7.79E+00,1.60E+03,1.74E+06,1.87E+07,1.35E+05,1.45E+06,1.03E+00,8.93E+00,1.12E+00,1.00E+02,1.45E+07,1.55E+08,1.37E+00,2.65E+01,0.00E+00,0.00E+00,1.65E+01,4.98E+01,0.00E+00,3.36E+01,9.21E+00,0.00E+00,1.98E+07,2.12E+08,1.79E+06,1.92E+07,4.28E+01,1.12E-03,5.16E+01,,2.50E-02,,2.68E-03,,2.75E-02,,2.96E-03
816773310000,9.32E-02,1.07E+01,6.50E+08,1.58E+01,6.70E+08,1.65E+09,9.78E+08,9.27E+01,8.63E-02,9.27E-03,2.48E+01,2.31E-02,2.48E-03,2.05E-01,6.96E+00,6.09E+00,9.84E+01,3.10E+04,3.33E+05,1.89E+03,2.03E+04,1.14E+00,0.00E+00,2.89E-01,1.00E+02,1.06E+07,1.13E+08,1.04E+00,6.96E+00,0.00E+00,0.00E+00,5.86E+01,6.77E+01,0.00E+00,6.65E+01,2.48E-01,0.00E+00,1.10E+07,1.18E+08,3.55E+04,3.81E+05,6.68E+01,2.35E+00,5.24E+01,,8.63E-02,,9.27E-03,,2.31E-02,,2.48E-03
816773320000,9.92E-02,1.01E+01,6.50E+08,1.70E+01,7.14E+08,1.77E+09,1.06E+09,9.53E+01,9.45E-02,9.53E-03,2.68E+01,2.66E-02,2.68E-03,6.53E-01,4.83E+00,6.70E+01,2.39E+02,1.05E+05,1.06E+06,7.05E+04,7.10E+05,1.03E+00,0.00E+00,2.67E-01,1.00E+02,1.10E+07,1.11E+08,1.00E+00,5.62E+00,0.00E+00,0.00E+00,6.06E+01,4.46E+01,0.00E+00,6.46E+01,4.66E-01,0.00E+00,1.10E+07,1.11E+08,1.08E+05,1.09E+06,6.51E+01,2.94E+00,5.31E+01,,9.45E-02,,9.53E-03,,2.66E-02,,2.68E-03
816773330000,9.98E-02,1.00E+01,6.50E+08,2.48E+01,1.33E+09,2.58E+09,1.25E+09,9.32E+01,9.29E-02,9.32E-03,9.72E+01,9.70E-02,9.72E-03,8.99E+00,2.21E+00,7.67E+01,2.36E+04,1.46E+06,1.46E+07,1.12E+06,1.12E+07,1.01E+00,0.00E+00,2.25E-01,1.00E+02,9.33E+06,9.35E+07,1.00E+00,4.85E+00,0.00E+00,0.00E+00,6.06E+01,4.40E+01,0.00E+00,5.45E+01,6.24E+00,0.00E+00,9.33E+06,9.35E+07,1.47E+06,1.48E+07,6.07E+01,6.83E+00,6.69E+01,,9.29E-02,,9.32E-03,,9.70E-02,,9.72E-03
816773340000,9.98E-02,1.00E+01,6.50E+08,2.39E+01,1.42E+09,2.49E+09,1.06E+09,9.50E+01,9.48E-02,9.50E-03,1.00E+02,9.98E-02,1.00E-02,1.08E+01,1.96E+00,4.75E+01,3.23E+04,1.76E+06,1.76E+07,8.35E+05,8.37E+06,1.01E+00,0.00E+00,2.21E-01,1.00E+02,9.16E+06,9.18E+07,1.00E+00,4.73E+00,0.00E+00,0.00E+00,6.06E+01,4.40E+01,0.00E+00,5.35E+01,7.51E+00,0.00E+00,9.16E+06,9.18E+07,1.77E+06,1.78E+07,6.10E+01,6.68E+00,6.90E+01,,9.48E-02,,9.50E-03,,9.98E-02,,1.00E-02
816773350000,9.98E-02,1.00E+01,6.50E+08,2.51E+01,1.55E+09,2.62E+09,1.07E+09,9.34E+01,9.32E-02,9.34E-03,1.00E+02,9.98E-02,1.00E-02,1.10E+01,1.88E+00,4.91E+01,3.24E+04,1.78E+06,1.78E+07,8.73E+05,8.75E+06,1.01E+00,0.00E+00,2.21E-01,1.00E+02,9.18E+06,9.20E+07,1.00E+00,4.74E+00,0.00E+00,0.00E+00,6.06E+01,4.40E+01,0.00E+00,5.36E+01,7.61E+00,0.00E+00,9.18E+06,9.20E+07,1.79E+06,1.80E+07,6.12E+01,7.07E+00,6.95E+01,,9.32E-02,,9.34E-03,,9.98E-02,,1.00E-02
816773360000,9.98E-02,1.00E+01,6.50E+08,2.43E+01,1.64E+09,2.53E+09,8.87E+08,7.84E+01,7.82E-02,7.84E-03,1.00E+02,9.98E-02,1.00E-02,1.02E+01,2.52E+00,6.09E+00,3.89E+04,1.65E+06,1.65E+07,1.01E+05,1.01E+06,1.01E+00,0.00E+00,3.43E-01,1.00E+02,9.93E+06,9.95E+07,1.04E+00,6.21E+00,0.00E+00,0.00E+00,4.72E+01,4.40E+01,0.00E+00,4.71E+01,7.05E+00,0.00E+00,1.03E+07,1.04E+08,1.66E+06,1.67E+07,5.41E+01,5.67E+00,7.23E+01,,7.82E-02,,7.84E-03,,9.98E-02,,1.00E-02
816773370000,9.98E-02,1.00E+01,6.50E+08,3.34E+01,2.17E+09,3.48E+09,1.31E+09,0.00E+00,0.00E+00,0.00E+00,1.09E+01,1.09E-02,1.09E-03,4.09E+00,4.47E+00,1.43E+00,3.73E+04,6.64E+05,6.65E+06,9.49E+03,9.51E+04,1.00E+00,1.93E+01,9.10E-01,1.00E+02,1.29E+07,1.29E+08,1.19E+00,1.32E+01,0.00E+00,0.00E+00,8.45E+00,4.40E+01,0.00E+00,1.24E+01,2.83E+00,0.00E+00,1.52E+07,1.53E+08,6.67E+05,6.68E+06,1.52E+01,8.77E-03,8.74E+01,,0.00E+00,,0.00E+00,,1.09E-02,,1.09E-03
816773380000,9.98E-02,1.00E+01,6.50E+08,3.12E+01,2.00E+09,3.25E+09,1.24E+09,4.90E+01,4.89E-02,4.90E-03,0.00E+00,0.00E+00,0.00E+00,1.04E+01,2.04E+00,3.28E+01,6.56E+03,1.69E+06,1.69E+07,5.53E+05,5.54E+06,1.01E+00,2.12E+01,7.17E-01,1.00E+02,1.03E+07,1.03E+08,1.14E+00,9.47E+00,0.00E+00,0.00E+00,9.37E+00,4.58E+01,0.00E+00,1.06E+01,7.54E+00,0.00E+00,1.17E+07,1.18E+08,1.71E+06,1.71E+07,1.81E+01,4.47E-03,7.12E+01,,4.89E-02,,4.90E-03,,0.00E+00,,0.00E+00
816773390000,9.98E-02,1.00E+01,6.50E+08,2.89E+01,1.83E+09,3.01E+09,1.18E+09,5.42E+01,5.41E-02,5.42E-03,4.23E+01,4.22E-02,4.23E-03,1.70E+01,2.02E+00,4.07E+01,5.43E+03,2.75E+06,2.76E+07,1.12E+06,1.12E+07,1.01E+00,2.49E+01,5.16E-01,1.00E+02,7.64E+06,7.66E+07,1.05E+00,5.55E+00,0.00E+00,0.00E+00,1.12E+01,4.63E+01,0.00E+00,8.68E+00,1.25E+01,0.00E+00,8.05E+06,8.07E+07,2.79E+06,2.80E+07,2.11E+01,0.00E+00,5.44E+01,,5.41E-02,,5.42E-03,,4.22E-02,,4.23E-03
816773400000,9.98E-02,1.00E+01,6.50E+08,2.89E+01,1.83E+09,3.01E+09,1.18E+09,0.00E+00,0.00E+00,0.00E+00,1.00E+02,9.98E-02,1.00E-02,1.70E+01,2.02E+00,4.07E+01,5.43E+03,2.75E+06,2.76E+07,1.12E+06,1.12E+07,1.01E+00,2.49E+01,5.16E-01,1.00E+02,7.64E+06,7.66E+07,1.05E+00,5.55E+00,0.00E+00,0.00E+00,1.12E+01,4.63E+01,0.00E+00,8.68E+00,1.25E+01,0.00E+00,8.05E+06,8.07E+07,2.79E+06,2.80E+07,2.11E+01,0.00E+00,5.44E+01,,0.00E+00,,0.00E+00,,9.98E-02,,1.00E-02
816773410000,9.98E-02,1.00E+01,6.50E+08,2.05E+01,1.08E+09,2.14E+09,1.05E+09,6.31E+01,6.29E-02,6.31E-03,5.42E+01,5.41E-02,5.42E-03,5.88E+00,2.02E+00,4.07E+01,2.35E+03,9.53E+05,9.55E+06,3.88E+05,3.88E+06,1.01E+00,0.00E+00,3.56E-01,1.00E+02,9.98E+06,1.00E+08,1.01E+00,5.66E+00,0.00E+00,0.00E+00,4.70E+01,4.63E+01,0.00E+00,4.58E+01,4.31E+00,0.00E+00,1.01E+07,1.01E+08,9.66E+05,9.69E+06,5.02E+01,1.68E+00,5.25E+01,,6.29E-02,,6.31E-03,,5.41E-02,,5.42E-03
816773420000,1.01E-01,9.95E+00,6.50E+08,1.64E+01,6.60E+08,1.70E+09,1.04E+09,9.43E+01,9.48E-02,9.43E-03,2.73E+01,2.74E-02,2.73E-03,6.29E-02,3.65E+01,6.71E+01,2.31E+01,1.03E+04,1.02E+05,6.89E+03,6.86E+04,1.10E+00,0.00E+00,2.69E-01,1.00E+02,1.13E+07,1.12E+08,1.00E+00,5.69E+00,0.00E+00,0.00E+00,6.06E+01,4.65E+01,0.00E+00,6.52E+01,5.03E-02,0.00E+00,1.13E+07,1.12E+08,1.13E+04,1.13E+05,6.52E+01,2.82E+00,5.20E+01,,9.48E-02,,9.43E-03,,2.74E-02,,2.73E-03
816773430000,1.01E-01,9.94E+00,6.50E+08,2.44E+01,1.29E+09,2.53E+09,1.25E+09,9.47E+01,9.52E-02,9.47E-03,1.32E+00,1.32E-03,1.32E-04,8.42E+00,2.17E+00,7.71E+01,1.91E+04,1.38E+06,1.37E+07,1.06E+06,1.05E+07,1.01E+00,0.00E+00,2.31E-01,1.00E+02,9.66E+06,9.61E+07,1.00E+00,4.96E+00,0.00E+00,0.00E+00,6.06E+01,4.40E+01,0.00E+00,5.59E+01,5.85E+00,0.00E+00,9.66E+06,9.61E+07,1.39E+06,1.38E+07,6.18E+01,6.01E+00,6.65E+01,,9.52E-02,,9.47E-03,,1.32E-03,,1.32E-04
816773440000,1.01E-01,9.94E+00,6.50E+08,2.45E+01,1.46E+09,2.54E+09,1.09E+09,9.33E+01,9.39E-02,9.33E-03,0.00E+00,0.00E+00,0.00E+00,1.12E+01,2.03E+00,4.60E+01,3.11E+04,1.82E+06,1.81E+07,8.39E+05,8.34E+06,1.01E+00,0.00E+00,2.25E-01,1.00E+02,9.43E+06,9.38E+07,1.00E+00,4.79E+00,0.00E+00,0.00E+00,6.06E+01,4.40E+01,0.00E+00,5.46E+01,7.74E+00,0.00E+00,9.43E+06,9.38E+07,1.84E+06,1.83E+07,6.24E+01,6.07E+00,6.84E+01,,9.39E-02,,9.33E-03,,0.00E+00,,0.00E+00
816773450000,1.01E-01,9.94E+00,6.50E+08,2.76E+01,1.69E+09,2.87E+09,1.19E+09,9.01E+01,9.06E-02,9.01E-03,0.00E+00,0.00E+00,0.00E+00,1.19E+01,1.82E+00,5.14E+01,3.84E+04,1.95E+06,1.94E+07,1.00E+06,9.98E+06,1.01E+00,0.00E+00,2.44E-01,1.00E+02,1.02E+07,1.01E+08,1.00E+00,5.16E+00,0.00E+00,0.00E+00,6.06E+01,4.40E+01,0.00E+00,5.91E+01,8.29E+00,0.00E+00,1.02E+07,1.01E+08,1.97E+06,1.96E+07,6.74E+01,4.02E+00,6.68E+01,,9.06E-02,,9.01E-03,,0.00E+00,,0.00E+00
816773460000,1.01E-01,9.94E+00,6.50E+08,2.43E+01,1.66E+09,2.52E+09,8.64E+08,7.57E+01,7.61E-02,7.57E-03,0.00E+00,0.00E+00,0.00E+00,1.22E+01,2.94E+00,5.70E+00,3.44E+04,1.99E+06,1.98E+07,1.13E+05,1.13E+06,1.01E+00,0.00E+00,2.44E-01,1.00E+02,1.02E+07,1.02E+08,1.00E+00,5.10E+00,0.00E+00,0.00E+00,6.06E+01,4.40E+01,0.00E+00,5.91E+01,8.42E+00,0.00E+00,1.02E+07,1.02E+08,2.00E+06,1.99E+07,6.76E+01,4.10E+00,6.66E+01,,7.61E-02,,7.57E-03,,0.00E+00,,0.00E+00
816773470000,1.01E-01,9.94E+00,6.50E+08,3.12E+01,1.95E+09,3.24E+09,1.29E+09,9.87E+01,9.93E-02,9.87E-03,0.00E+00,0.00E+00,0.00E+00,3.52E+00,4.49E+00,1.89E+00,3.05E+04,5.75E+05,5.71E+06,1.08E+04,1.08E+05,1.00E+00,1.06E+01,8.16E-01,1.00E+02,1.33E+07,1.32E+08,1.15E+00,1.23E+01,0.00E+00,0.00E+00,1.69E+01,4.40E+01,0.00E+00,2.46E+01,2.43E+00,0.00E+00,1.53E+07,1.52E+08,5.77E+05,5.73E+06,2.71E+01,9.21E-01,8.00E+01,,9.93E-02,,9.87E-03,,0.00E+00,,0.00E+00
816773480000,1.01E-01,9.94E+00,6.50E+08,3.27E+01,2.02E+09,3.40E+09,1.38E+09,9.68E+01,9.74E-02,9.68E-03,0.00E+00,0.00E+00,0.00E+00,4.40E+00,2.01E+00,3.57E+01,6.24E+03,7.19E+05,7.15E+06,2.57E+05,2.55E+06,1.01E+00,2.00E+01,8.92E-01,1.00E+02,1.28E+07,1.27E+08,1.17E+00,1.25E+01,0.00E+00,0.00E+00,8.79E+00,4.60E+01,0.00E+00,1.25E+01,3.20E+00,0.00E+00,1.49E+07,1.48E+08,7.28E+05,7.24E+06,1.57E+01,1.52E-04,7.78E+01,,9.74E-02,,9.68E-03,,0.00E+00,,0.00E+00
816773490000,1.01E-01,9.94E+00,6.50E+08,2.92E+01,1.85E+09,3.03E+09,1.18E+09,7.87E+01,7.92E-02,7.87E-03,1.81E+01,1.82E-02,1.81E-03,1.71E+01,2.02E+00,4.07E+01,5.43E+03,2.79E+06,2.78E+07,1.14E+06,1.13E+07,1.01E+00,2.49E+01,5.20E-01,1.00E+02,7.76E+06,7.71E+07,1.05E+00,5.61E+00,0.00E+00,0.00E+00,1.12E+01,4.63E+01,0.00E+00,8.74E+00,1.25E+01,0.00E+00,8.18E+06,8.13E+07,2.83E+06,2.82E+07,2.13E+01,5.46E-05,5.48E+01,,7.92E-02,,7.87E-03,,1.82E-02,,1.81E-03
816773500000,1.01E-01,9.94E+00,6.50E+08,2.92E+01,1.85E+09,3.03E+09,1.18E+09,0.00E+00,0.00E+00,0.00E+00,1.00E+02,1.01E-01,1.00E-02,1.71E+01,2.02E+00,4.07E+01,5.43E+03,2.79E+06,2.78E+07,1.14E+06,1.13E+07,1.01E+00,2.49E+01,5.20E-01,1.00E+02,7.76E+06,7.71E+07,1.05E+00,5.61E+00,0.00E+00,0.00E+00,1.12E+01,4.63E+01,0.00E+00,8.74E+00,1.25E+01,0.00E+00,8.18E+06,8.13E+07,2.83E+06,2.82E+07,2.13E+01,5.46E-05,5.48E+01,,0.00E+00,,0.00E+00,,1.01E-01,,1.00E-02
816773510000,1.01E-01,9.94E+00,6.50E+08,2.40E+01,1.39E+09,2.50E+09,1.11E+09,3.97E+01,3.99E-02,3.97E-03,7.51E+01,7.55E-02,7.51E-03,1.01E+01,2.02E+00,4.07E+01,3.32E+03,1.65E+06,1.64E+07,6.72E+05,6.68E+06,1.01E+00,0.00E+00,4.18E-01,1.00E+02,9.21E+06,9.16E+07,1.03E+00,5.65E+00,0.00E+00,0.00E+00,3.53E+01,4.63E+01,0.00E+00,3.19E+01,7.42E+00,0.00E+00,9.46E+06,9.40E+07,1.68E+06,1.67E+07,3.94E+01,1.09E+00,5.37E+01,,3.99E-02,,3.97E-03,,7.55E-02,,7.51E-03
816773520000,9.96E-02,1.00E+01,6.50E+08,1.69E+01,6.83E+08,1.75E+09,1.07E+09,9.41E+01,9.38E-02,9.41E-03,3.29E+01,3.28E-02,3.29E-03,7.34E-02,3.16E+01,6.95E+01,2.40E+01,1.19E+04,1.19E+05,8.26E+03,8.29E+04,1.08E+00,0.00E+00,2.70E-01,1.00E+02,1.12E+07,1.12E+08,1.00E+00,5.71E+00,0.00E+00,0.00E+00,6.06E+01,4.61E+01,0.00E+00,6.55E+01,5.72E-02,0.00E+00,1.12E+07,1.12E+08,1.28E+04,1.29E+05,6.55E+01,2.73E+00,5.21E+01,,9.38E-02,,9.41E-03,,3.28E-02,,3.29E-03
816773530000,9.95E-02,1.01E+01,6.50E+08,2.49E+01,1.33E+09,2.59E+09,1.26E+09,9.54E+01,9.49E-02,9.54E-03,0.00E+00,0.00E+00,0.00E+00,8.68E+00,2.15E+00,7.83E+01,2.52E+04,1.40E+06,1.41E+07,1.10E+06,1.11E+07,1.01E+00,0.00E+00,2.29E-01,1.00E+02,9.50E+06,9.55E+07,1.00E+00,4.92E+00,0.00E+00,0.00E+00,6.06E+01,4.40E+01,0.00E+00,5.56E+01,6.04E+00,0.00E+00,9.50E+06,9.55E+07,1.42E+06,1.43E+07,6.16E+01,6.41E+00,6.58E+01,,9.49E-02,,9.54E-03,,0.00E+00,,0.00E+00
816773540000,9.95E-02,1.01E+01,6.50E+08,2.62E+01,1.55E+09,2.72E+09,1.17E+09,9.47E+01,9.42E-02,9.47E-03,0.00E+00,0.00E+00,0.00E+00,1.17E+01,2.00E+00,4.79E+01,3.26E+04,1.89E+06,1.90E+07,9.08E+05,9.13E+06,1.01E+00,0.00E+00,2.42E-01,1.00E+02,1.00E+07,1.01E+08,1.00E+00,5.12E+00,0.00E+00,0.00E+00,6.06E+01,4.40E+01,0.00E+00,5.87E+01,8.13E+00,0.00E+00,1.00E+07,1.01E+08,1.91E+06,1.92E+07,6.68E+01,3.81E+00,6.64E+01,,9.42E-02,,9.47E-03,,0.00E+00,,0.00E+00
816773550000,9.95E-02,1.01E+01,6.50E+08,2.69E+01,1.66E+09,2.80E+09,1.13E+09,9.43E+01,9.38E-02,9.43E-03,0.00E+00,0.00E+00,0.00E+00,1.18E+01,1.89E+00,4.60E+01,3.32E+04,1.92E+06,1.93E+07,8.80E+05,8.85E+06,1.01E+00,0.00E+00,2.39E-01,1.00E+02,9.89E+06,9.94E+07,1.00E+00,5.05E+00,0.00E+00,0.00E+00,6.06E+01,4.40E+01,0.00E+00,5.79E+01,8.21E+00,0.00E+00,9.89E+06,9.94E+07,1.93E+06,1.94E+07,6.61E+01,4.50E+00,6.73E+01,,9.38E-02,,9.43E-03,,0.00E+00,,0.00E+00
816773560000,9.95E-02,1.01E+01,6.50E+08,2.37E+01,1.64E+09,2.47E+09,8.33E+08,9.50E+01,9.45E-02,9.50E-03,0.00E+00,0.00E+00,0.00E+00,1.19E+01,2.75E+00,5.11E+00,3.35E+04,1.92E+06,1.93E+07,9.82E+04,9.87E+05,1.01E+00,0.00E+00,2.37E-01,1.00E+02,9.80E+06,9.86E+07,1.00E+00,4.95E+00,0.00E+00,0.00E+00,6.06E+01,4.40E+01,0.00E+00,5.74E+01,8.23E+00,0.00E+00,9.80E+06,9.86E+07,1.93E+06,1.95E+07,6.56E+01,5.19E+00,6.76E+01,,9.45E-02,,9.50E-03,,0.00E+00,,0.00E+00
816773570000,9.95E-02,1.01E+01,6.50E+08,2.69E+01,1.64E+09,2.80E+09,1.16E+09,9.74E+01,9.69E-02,9.74E-03,0.00E+00,0.00E+00,0.00E+00,3.63E+00,3.31E+00,1.45E+00,6.44E+04,5.87E+05,5.90E+06,8.52E+03,8.56E+04,1.00E+00,0.00E+00,6.39E-01,1.00E+02,1.23E+07,1.24E+08,1.11E+00,1.01E+01,0.00E+00,0.00E+00,2.75E+01,4.40E+01,0.00E+00,3.63E+01,2.50E+00,0.00E+00,1.37E+07,1.37E+08,5.88E+05,5.91E+06,3.88E+01,2.42E+00,7.30E+01,,9.69E-02,,9.74E-03,,0.00E+00,,0.00E+00
816773580000,9.95E-02,1.01E+01,6.50E+08,3.34E+01,2.03E+09,3.48E+09,1.45E+09,9.67E+01,9.62E-02,9.67E-03,0.00E+00,0.00E+00,0.00E+00,1.14E-01,2.02E+00,4.07E+01,6.11E+03,1.84E+04,1.85E+05,7.50E+03,7.54E+04,1.01E+00,1.93E+01,1.02E+00,1.00E+02,1.43E+07,1.44E+08,1.19E+00,1.46E+01,0.00E+00,0.00E+00,8.46E+00,4.62E+01,0.00E+00,1.39E+01,8.34E-02,0.00E+00,1.70E+07,1.71E+08,1.87E+04,1.88E+05,1.40E+01,1.23E-04,8.27E+01,,9.62E-02,,9.67E-03,,0.00E+00,,0.00E+00
816773590000,9.95E-02,1.01E+01,6.50E+08,3.10E+01,1.96E+09,3.22E+09,1.26E+09,1.00E+02,9.95E-02,1.00E-02,0.00E+00,0.00E+00,0.00E+00,1.82E+01,2.02E+00,4.07E+01,6.11E+03,2.94E+06,2.96E+07,1.20E+06,1.20E+07,1.01E+00,2.49E+01,5.54E-01,1.00E+02,8.18E+06,8.22E+07,1.05E+00,5.98E+00,0.00E+00,0.00E+00,1.12E+01,4.62E+01,0.00E+00,9.32E+00,1.33E+01,0.00E+00,8.62E+06,8.67E+07,2.99E+06,3.00E+07,2.27E+01,9.61E-05,5.18E+01,,9.95E-02,,1.00E-02,,0.00E+00,,0.00E+00
816773600000,9.95E-02,1.01E+01,6.50E+08,3.10E+01,1.96E+09,3.22E+09,1.26E+09,8.37E-01,8.33E-04,8.37E-05,9.59E+01,9.54E-02,9.59E-03,1.82E+01,2.02E+00,4.07E+01,6.11E+03,2.94E+06,2.96E+07,1.20E+06,1.20E+07,1.01E+00,2.49E+01,5.54E-01,1.00E+02,8.18E+06,8.22E+07,1.05E+00,5.98E+00,0.00E+00,0.00E+00,1.12E+01,4.62E+01,0.00E+00,9.32E+00,1.33E+01,0.00E+00,8.62E+06,8.67E+07,2.99E+06,3.00E+07,2.27E+01,9.61E-05,5.18E+01,,8.33E-04,,8.37E-05,,9.54E-02,,9.59E-03
816773610000,9.95E-02,1.01E+01,6.50E+08,2.62E+01,1.53E+09,2.73E+09,1.20E+09,3.55E+01,3.53E-02,3.55E-03,7.78E+01,7.73E-02,7.78E-03,1.16E+01,2.03E+00,4.07E+01,3.68E+03,1.87E+06,1.88E+07,7.61E+05,7.65E+06,1.01E+00,0.00E+00,4.56E-01,1.00E+02,9.48E+06,9.53E+07,1.03E+00,5.98E+00,0.00E+00,0.00E+00,3.29E+01,4.62E+01,0.00E+00,3.10E+01,8.47E+00,0.00E+00,9.76E+06,9.81E+07,1.90E+06,1.91E+07,3.95E+01,4.64E-01,5.14E+01,,3.53E-02,,3.55E-03,,7.73E-02,,7.78E-03
816773620000,1.00E-01,9.98E+00,6.50E+08,2.16E+01,1.02E+09,2.25E+09,1.22E+09,9.48E+01,9.51E-02,9.48E-03,6.08E+01,6.10E-02,6.08E-03,3.55E+00,2.48E+00,8.11E+01,1.12E+03,5.78E+05,5.77E+06,4.69E+05,4.68E+06,1.01E+00,0.00E+00,2.61E-01,1.00E+02,1.09E+07,1.08E+08,1.00E+00,5.56E+00,0.00E+00,0.00E+00,6.06E+01,4.41E+01,0.00E+00,6.32E+01,2.48E+00,0.00E+00,1.09E+07,1.08E+08,5.86E+05,5.85E+06,6.56E+01,3.31E+00,5.71E+01,,9.51E-02,,9.48E-03,,6.10E-02,,6.08E-03
816773630000,1.00E-01,9.97E+00,6.50E+08,2.65E+01,1.49E+09,2.75E+09,1.26E+09,9.50E+01,9.52E-02,9.50E-03,1.00E+02,1.00E-01,1.00E-02,1.08E+01,2.26E+00,5.83E+01,3.22E+04,1.77E+06,1.76E+07,1.03E+06,1.03E+07,1.01E+00,0.00E+00,2.42E-01,1.00E+02,1.01E+07,1.01E+08,1.00E+00,5.14E+00,0.00E+00,0.00E+00,6.06E+01,4.40E+01,0.00E+00,5.86E+01,7.52E+00,0.00E+00,1.01E+07,1.01E+08,1.78E+06,1.78E+07,6.62E+01,4.17E+00,6.59E+01,,9.52E-02,,9.50E-03,,1.00E-01,,1.00E-02
816773640000,1.00E-01,9.97E+00,6.50E+08,2.45E+01,1.47E+09,2.55E+09,1.08E+09,9.28E+01,9.31E-02,9.28E-03,1.00E+02,1.00E-01,1.00E-02,1.10E+01,1.89E+00,5.18E+01,3.06E+04,1.80E+06,1.79E+07,9.31E+05,9.28E+06,1.01E+00,0.00E+00,2.19E-01,1.00E+02,9.14E+06,9.11E+07,1.00E+00,4.68E+00,0.00E+00,0.00E+00,6.06E+01,4.40E+01,0.00E+00,5.31E+01,7.64E+00,0.00E+00,9.14E+06,9.11E+07,1.81E+06,1.81E+07,6.07E+01,7.08E+00,6.95E+01,,9.31E-02,,9.28E-03,,1.00E-01,,1.00E-02
816773650000,1.00E-01,9.97E+00,6.50E+08,2.53E+01,1.63E+09,2.63E+09,9.99E+08,9.59E+01,9.62E-02,9.59E-03,1.00E+02,1.00E-01,1.00E-02,1.17E+01,1.89E+00,2.98E+01,3.40E+04,1.90E+06,1.90E+07,5.67E+05,5.65E+06,1.01E+00,0.00E+00,2.36E-01,1.00E+02,9.83E+06,9.80E+07,1.00E+00,4.97E+00,0.00E+00,0.00E+00,6.06E+01,4.40E+01,0.00E+00,5.71E+01,8.09E+00,0.00E+00,9.83E+06,9.80E+07,1.92E+06,1.91E+07,6.52E+01,5.27E+00,6.77E+01,,9.62E-02,,9.59E-03,,1.00E-01,,1.00E-02
816773660000,1.00E-01,9.97E+00,6.50E+08,2.31E+01,1.55E+09,2.41E+09,8.57E+08,9.49E+01,9.52E-02,9.49E-03,8.98E+01,9.00E-02,8.98E-03,1.06E+01,4.13E+00,1.70E+00,3.98E+04,1.73E+06,1.72E+07,2.94E+04,2.94E+05,1.01E+00,0.00E+00,2.49E-01,1.00E+02,1.04E+07,1.04E+08,1.00E+00,5.21E+00,0.00E+00,0.00E+00,6.06E+01,4.40E+01,0.00E+00,6.03E+01,7.34E+00,0.00E+00,1.04E+07,1.04E+08,1.74E+06,1.73E+07,6.76E+01,3.69E+00,6.48E+01,,9.52E-02,,9.49E-03,,9.00E-02,,8.98E-03
816773670000,1.00E-01,9.97E+00,6.50E+08,2.47E+01,1.35E+09,2.56E+09,1.22E+09,9.70E+01,9.73E-02,9.70E-03,0.00E+00,0.00E+00,0.00E+00,1.39E-01,1.55E+00,3.44E+00,,2.27E+04,2.26E+05,7.81E+02,7.79E+03,9.70E-01,0.00E+00,6.67E-01,1.00E+02,1.33E+07,1.33E+08,1.10E+00,1.05E+01,0.00E+00,0.00E+00,2.91E+01,4.34E+01,0.00E+00,4.10E+01,9.17E-02,0.00E+00,1.47E+07,1.47E+08,2.20E+04,2.20E+05,4.11E+01,4.67E-01,6.77E+01,,9.73E-02,,9.70E-03,,0.00E+00,,0.00E+00
816773680000,1.00E-01,9.97E+00,6.50E+08,3.33E+01,2.02E+09,3.46E+09,1.44E+09,9.57E+01,9.60E-02,9.57E-03,0.00E+00,0.00E+00,0.00E+00,1.86E-01,2.02E+00,4.07E+01,6.11E+03,3.03E+04,3.02E+05,1.23E+04,1.23E+05,1.01E+00,1.93E+01,1.01E+00,1.00E+02,1.44E+07,1.43E+08,1.18E+00,1.45E+01,0.00E+00,0.00E+00,8.47E+00,4.62E+01,0.00E+00,1.38E+01,1.36E-01,0.00E+00,1.70E+07,1.70E+08,3.07E+04,3.07E+05,1.39E+01,8.58E-05,8.28E+01,,9.60E-02,,9.57E-03,,0.00E+00,,0.00E+00
816773690000,1.00E-01,9.97E+00,6.50E+08,3.08E+01,1.95E+09,3.20E+09,1.25E+09,0.00E+00,0.00E+00,0.00E+00,0.00E+00,0.00E+00,0.00E+00,1.81E+01,2.02E+00,4.07E+01,6.11E+03,2.95E+06,2.94E+07,1.20E+06,1.20E+07,1.01E+00,2.49E+01,5.51E-01,1.00E+02,8.19E+06,8.16E+07,1.05E+00,5.95E+00,0.00E+00,0.00E+00,1.12E+01,4.62E+01,0.00E+00,9.25E+00,1.32E+01,0.00E+00,8.63E+06,8.61E+07,2.99E+06,2.98E+07,2.25E+01,8.68E-06,5.20E+01,,0.00E+00,,0.00E+00,,0.00E+00,,0.00E+00
816773700000,1.00E-01,9.97E+00,6.50E+08,3.08E+01,1.95E+09,3.20E+09,1.25E+09,0.00E+00,0.00E+00,0.00E+00,9.61E+01,9.64E-02,9.61E-03,1.81E+01,2.02E+00,4.07E+01,6.11E+03,2.95E+06,2.94E+07,1.20E+06,1.20E+07,1.01E+00,2.49E+01,5.51E-01,1.00E+02,8.19E+06,8.16E+07,1.05E+00,5.95E+00,0.00E+00,0.00E+00,1.12E+01,4.62E+01,0.00E+00,9.25E+00,1.32E+01,0.00E+00,8.63E+06,8.61E+07,2.99E+06,2.98E+07,2.25E+01,8.68E-06,5.20E+01,,0.00E+00,,0.00E+00,,9.64E-02,,9.61E-03
816773710000,1.00E-01,9.97E+00,6.50E+08,2.61E+01,1.53E+09,2.71E+09,1.18E+09,3.41E+01,3.42E-02,3.41E-03,7.81E+01,7.83E-02,7.81E-03,1.17E+01,2.02E+00,4.07E+01,3.81E+03,1.91E+06,1.91E+07,7.79E+05,7.77E+06,1.01E+00,0.00E+00,4.54E-01,1.00E+02,9.34E+06,9.31E+07,1.03E+00,5.90E+00,0.00E+00,0.00E+00,3.18E+01,4.62E+01,0.00E+00,2.94E+01,8.60E+00,0.00E+00,9.63E+06,9.60E+07,1.94E+06,1.94E+07,3.80E+01,6.29E-01,5.14E+01,,3.42E-02,,3.41E-03,,7.83E-02,,7.81E-03
816773720000,1.00E-01,9.97E+00,6.50E+08,1.71E+01,6.86E+08,1.77E+09,1.09E+09,9.46E+01,9.50E-02,9.46E-03,2.79E+01,2.79E-02,2.79E-03,4.10E-03,3.35E+02,1.00E+02,1.44E+00,6.68E+02,6.66E+03,6.68E+02,6.66E+03,2.00E+00,0.00E+00,2.82E-01,1.00E+02,1.18E+07,1.17E+08,1.00E+00,5.96E+00,0.00E+00,0.00E+00,6.06E+01,6.03E+01,0.00E+00,6.83E+01,7.72E-03,0.00E+00,1.18E+07,1.17E+08,1.34E+03,1.33E+04,6.83E+01,1.60E+00,5.10E+01,,9.50E-02,,9.46E-03,,2.79E-02,,2.79E-03
816773730000,1.00E-01,9.97E+00,6.50E+08,2.36E+01,1.20E+09,2.45E+09,1.25E+09,9.51E+01,9.54E-02,9.51E-03,2.04E+00,2.04E-03,2.04E-04,6.55E+00,2.18E+00,8.17E+01,1.17E+04,1.07E+06,1.06E+07,8.72E+05,8.69E+06,1.01E+00,0.00E+00,2.57E-01,1.00E+02,1.07E+07,1.07E+08,1.00E+00,5.44E+00,0.00E+00,0.00E+00,6.06E+01,4.40E+01,0.00E+00,6.22E+01,4.55E+00,0.00E+00,1.07E+07,1.07E+08,1.08E+06,1.08E+07,6.67E+01,3.50E+00,6.07E+01,,9.54E-02,,9.51E-03,,2.04E-03,,2.04E-04
816773740000,1.00E-01,9.97E+00,6.50E+08,2.51E+01,1.49E+09,2.61E+09,1.11E+09,9.51E+01,9.54E-02,9.51E-03,0.00E+00,0.00E+00,0.00E+00,1.13E+01,2.10E+00,4.46E+01,3.94E+04,1.84E+06,1.84E+07,8.23E+05,8.20E+06,1.01E+00,0.00E+00,2.31E-01,1.00E+02,9.63E+06,9.60E+07,1.00E+00,4.92E+00,0.00E+00,0.00E+00,6.06E+01,4.40E+01,0.00E+00,5.59E+01,7.83E+00,0.00E+00,9.63E+06,9.60E+07,1.86E+06,1.85E+07,6.37E+01,5.48E+00,6.81E+01,,9.54E-02,,9.51E-03,,0.00E+00,,0.00E+00
816773750000,1.00E-01,9.97E+00,6.50E+08,2.72E+01,1.64E+09,2.83E+09,1.19E+09,9.45E+01,9.49E-02,9.45E-03,0.00E+00,0.00E+00,0.00E+00,1.18E+01,1.84E+00,5.39E+01,3.30E+04,1.92E+06,1.92E+07,1.04E+06,1.03E+07,1.01E+00,0.00E+00,2.41E-01,1.00E+02,1.00E+07,1.00E+08,1.00E+00,5.09E+00,0.00E+00,0.00E+00,6.06E+01,4.40E+01,0.00E+00,5.83E+01,8.18E+00,0.00E+00,1.00E+07,1.00E+08,1.94E+06,1.93E+07,6.65E+01,4.35E+00,6.72E+01,,9.49E-02,,9.45E-03,,0.00E+00,,0.00E+00
816773760000,1.00E-01,9.97E+00,6.50E+08,2.47E+01,1.66E+09,2.57E+09,9.10E+08,9.50E+01,9.53E-02,9.50E-03,0.00E+00,0.00E+00,0.00E+00,1.20E+01,2.23E+00,1.44E+01,3.18E+04,1.96E+06,1.96E+07,2.82E+05,2.81E+06,1.01E+00,0.00E+00,2.40E-01,1.00E+02,1.00E+07,9.96E+07,1.00E+00,5.04E+00,0.00E+00,0.00E+00,6.06E+01,4.40E+01,0.00E+00,5.80E+01,8.35E+00,0.00E+00,1.00E+07,9.96E+07,1.98E+06,1.97E+07,6.64E+01,4.64E+00,6.71E+01,,9.53E-02,,9.50E-03,,0.00E+00,,0.00E+00
816773770000,1.00E-01,9.97E+00,6.50E+08,2.94E+01,1.89E+09,3.06E+09,1.17E+09,4.14E+01,4.16E-02,4.14E-03,0.00E+00,0.00E+00,0.00E+00,5.61E+00,4.76E+00,1.23E+00,3.99E+04,9.14E+05,9.11E+06,1.12E+04,1.12E+05,1.01E+00,1.08E+00,6.78E-01,1.00E+02,1.25E+07,1.24E+08,1.12E+00,1.05E+01,0.00E+00,0.00E+00,2.45E+01,4.40E+01,0.00E+00,3.29E+01,3.88E+00,0.00E+00,1.40E+07,1.40E+08,9.20E+05,9.17E+06,3.68E+01,2.35E+00,7.69E+01,,4.16E-02,,4.14E-03,,0.00E+00,,0.00E+00
816773780000,1.00E-01,9.97E+00,6.50E+08,3.41E+01,2.09E+09,3.55E+09,1.46E+09,6.74E+00,6.77E-03,6.74E-04,0.00E+00,0.00E+00,0.00E+00,1.75E+00,2.00E+00,2.94E+01,8.71E+03,2.86E+05,2.85E+06,8.39E+04,8.36E+05,1.00E+00,1.95E+01,9.96E-01,1.00E+02,1.42E+07,1.41E+08,1.18E+00,1.43E+01,0.00E+00,0.00E+00,8.55E+00,4.55E+01,0.00E+00,1.37E+01,1.25E+00,0.00E+00,1.67E+07,1.67E+08,2.87E+05,2.86E+06,1.50E+01,1.16E-04,8.18E+01,,6.77E-03,,6.74E-04,,0.00E+00,,0.00E+00
816773790000,1.00E-01,9.97E+00,6.50E+08,3.10E+01,1.96E+09,3.23E+09,1.26E+09,9.49E+01,9.53E-02,9.49E-03,1.83E+00,1.84E-03,1.83E-04,1.82E+01,2.02E+00,4.07E+01,6.11E+03,2.97E+06,2.96E+07,1.21E+06,1.21E+07,1.01E+00,2.49E+01,5.55E-01,1.00E+02,8.26E+06,8.23E+07,1.05E+00,6.11E+00,0.00E+00,0.00E+00,1.12E+01,4.62E+01,0.00E+00,9.33E+00,1.34E+01,0.00E+00,8.71E+06,8.68E+07,3.02E+06,3.01E+07,2.27E+01,2.92E-06,5.19E+01,,9.53E-02,,9.49E-03,,1.84E-03,,1.83E-04
816773800000,1.00E-01,9.97E+00,6.50E+08,3.10E+01,1.96E+09,3.23E+09,1.26E+09,0.00E+00,0.00E+00,0.00E+00,1.00E+02,1.00E-01,1.00E-02,1.82E+01,2.02E+00,4.07E+01,6.11E+03,2.97E+06,2.96E+07,1.21E+06,1.21E+07,1.01E+00,2.49E+01,5.55E-01,1.00E+02,8.26E+06,8.23E+07,1.05E+00,6.11E+00,0.00E+00,0.00E+00,1.12E+01,4.62E+01,0.00E+00,9.33E+00,1.34E+01,0.00E+00,8.71E+06,8.68E+07,3.02E+06,3.01E+07,2.27E+01,2.92E-06,5.19E+01,,0.00E+00,,0.00E+00,,1.00E-01,,1.00E-02
816773810000,1.00E-01,9.97E+00,6.50E+08,2.54E+01,1.46E+09,2.64E+09,1.18E+09,4.20E+01,4.21E-02,4.20E-03,7.61E+01,7.63E-02,7.61E-03,1.04E+01,2.02E+00,4.07E+01,3.38E+03,1.70E+06,1.69E+07,6.90E+05,6.88E+06,1.01E+00,0.00E+00,4.38E-01,1.00E+02,9.78E+06,9.75E+07,1.03E+00,6.05E+00,0.00E+00,0.00E+00,3.61E+01,4.62E+01,0.00E+00,3.48E+01,7.61E+00,0.00E+00,1.00E+07,1.00E+08,1.72E+06,1.71E+07,4.24E+01,5.41E-01,5.14E+01,,4.21E-02,,4.20E-03,,7.63E-02,,7.61E-03
816773820000,1.01E-01,9.92E+00,6.50E+08,1.70E+01,6.78E+08,1.77E+09,1.09E+09,9.48E+01,9.55E-02,9.48E-03,2.01E+01,2.02E-02,2.01E-03,3.48E-03,3.58E+02,1.00E+02,1.49E+00,5.69E+02,5.65E+03,5.69E+02,5.65E+03,2.00E+00,0.00E+00,2.89E-01,1.00E+02,1.21E+07,1.20E+08,1.00E+00,6.05E+00,0.00E+00,0.00E+00,6.06E+01,6.12E+01,0.00E+00,7.01E+01,6.65E-03,0.00E+00,1.21E+07,1.20E+08,1.14E+03,1.13E+04,7.01E+01,9.80E-01,5.07E+01,,9.55E-02,,9.48E-03,,2.02E-02,,2.01E-03
816773830000,1.01E-01,9.92E+00,6.50E+08,2.35E+01,1.17E+09,2.44E+09,1.27E+09,7.47E+01,7.54E-02,7.47E-03,3.80E+00,3.84E-03,3.80E-04,6.09E+00,2.23E+00,8.32E+01,7.35E+03,9.98E+05,9.90E+06,8.30E+05,8.23E+06,1.01E+00,0.00E+00,2.61E-01,1.00E+02,1.10E+07,1.09E+08,1.00E+00,5.54E+00,0.00E+00,0.00E+00,6.06E+01,4.41E+01,0.00E+00,6.33E+01,4.24E+00,0.00E+00,1.10E+07,1.09E+08,1.01E+06,1.00E+07,6.75E+01,3.06E+00,5.94E+01,,7.54E-02,,7.47E-03,,3.84E-03,,3.80E-04
816773840000,1.01E-01,9.92E+00,6.50E+08,2.65E+01,1.57E+09,2.76E+09,1.19E+09,9.47E+01,9.55E-02,9.47E-03,0.00E+00,0.00E+00,0.00E+00,1.18E+01,2.07E+00,4.73E+01,3.57E+04,1.94E+06,1.92E+07,9.18E+05,9.10E+06,1.01E+00,0.00E+00,2.43E-01,1.00E+02,1.02E+07,1.01E+08,1.00E+00,5.14E+00,0.00E+00,0.00E+00,6.06E+01,4.40E+01,0.00E+00,5.89E+01,8.20E+00,0.00E+00,1.02E+07,1.01E+08,1.95E+06,1.94E+07,6.71E+01,3.76E+00,6.67E+01,,9.55E-02,,9.47E-03,,0.00E+00,,0.00E+00
816773850000,1.01E-01,9.92E+00,6.50E+08,2.75E+01,1.68E+09,2.86E+09,1.18E+09,9.44E+01,9.52E-02,9.44E-03,0.00E+00,0.00E+00,0.00E+00,1.20E+01,1.83E+00,5.15E+01,3.46E+04,1.97E+06,1.96E+07,1.02E+06,1.01E+07,1.01E+00,0.00E+00,2.41E-01,1.00E+02,1.01E+07,1.00E+08,1.00E+00,5.11E+00,0.00E+00,0.00E+00,6.06E+01,4.40E+01,0.00E+00,5.84E+01,8.35E+00,0.00E+00,1.01E+07,1.00E+08,1.99E+06,1.97E+07,6.67E+01,4.20E+00,6.72E+01,,9.52E-02,,9.44E-03,,0.00E+00,,0.00E+00
816773860000,1.01E-01,9.92E+00,6.50E+08,2.45E+01,1.64E+09,2.55E+09,9.08E+08,9.51E+01,9.59E-02,9.51E-03,0.00E+00,0.00E+00,0.00E+00,1.19E+01,2.26E+00,1.35E+01,3.44E+04,1.96E+06,1.94E+07,2.65E+05,2.62E+06,1.01E+00,0.00E+00,2.41E-01,1.00E+02,1.01E+07,1.00E+08,1.00E+00,5.07E+00,0.00E+00,0.00E+00,6.06E+01,4.40E+01,0.00E+00,5.84E+01,8.28E+00,0.00E+00,1.01E+07,1.00E+08,1.97E+06,1.96E+07,6.67E+01,4.49E+00,6.70E+01,,9.59E-02,,9.51E-03,,0.00E+00,,0.00E+00
816773870000,1.01E-01,9.92E+00,6.50E+08,3.30E+01,2.12E+09,3.43E+09,1.32E+09,9.87E+01,9.96E-02,9.87E-03,0.00E+00,0.00E+00,0.00E+00,4.31E+00,4.76E+00,1.50E+00,3.22E+04,7.06E+05,7.00E+06,1.06E+04,1.05E+05,1.00E+00,1.19E+01,8.46E-01,1.00E+02,1.35E+07,1.34E+08,1.16E+00,1.25E+01,0.00E+00,0.00E+00,1.58E+01,4.40E+01,0.00E+00,2.35E+01,2.98E+00,0.00E+00,1.56E+07,1.55E+08,7.10E+05,7.04E+06,2.65E+01,1.13E+00,8.18E+01,,9.96E-02,,9.87E-03,,0.00E+00,,0.00E+00
816773880000,1.01E-01,9.92E+00,6.50E+08,3.36E+01,2.11E+09,3.49E+09,1.38E+09,9.68E+01,9.76E-02,9.68E-03,0.00E+00,0.00E+00,0.00E+00,6.21E+00,2.04E+00,3.05E+01,7.94E+03,1.02E+06,1.01E+07,3.10E+05,3.08E+06,1.01E+00,2.02E+01,8.79E-01,1.00E+02,1.26E+07,1.25E+08,1.16E+00,1.21E+01,0.00E+00,0.00E+00,8.86E+00,4.56E+01,0.00E+00,1.24E+01,4.47E+00,0.00E+00,1.47E+07,1.46E+08,1.03E+06,1.02E+07,1.69E+01,1.37E-04,7.73E+01,,9.76E-02,,9.68E-03,,0.00E+00,,0.00E+00
816773890000,1.01E-01,9.92E+00,6.50E+08,2.88E+01,1.82E+09,2.99E+09,1.17E+09,7.60E+01,7.66E-02,7.60E-03,2.05E+01,2.07E-02,2.05E-03,1.69E+01,2.02E+00,4.07E+01,6.11E+03,2.77E+06,2.75E+07,1.13E+06,1.12E+07,1.01E+00,2.49E+01,5.14E-01,1.00E+02,7.69E+06,7.62E+07,1.05E+00,5.56E+00,0.00E+00,0.00E+00,1.12E+01,4.62E+01,0.00E+00,8.64E+00,1.24E+01,0.00E+00,8.11E+06,8.04E+07,2.81E+06,2.78E+07,2.10E+01,5.40E-05,5.48E+01,,7.66E-02,,7.60E-03,,2.07E-02,,2.05E-03
816773900000,1.01E-01,9.92E+00,6.50E+08,2.88E+01,1.82E+09,2.99E+09,1.17E+09,0.00E+00,0.00E+00,0.00E+00,1.00E+02,1.01E-01,1.00E-02,1.69E+01,2.02E+00,4.07E+01,6.11E+03,2.77E+06,2.75E+07,1.13E+06,1.12E+07,1.01E+00,2.49E+01,5.14E-01,1.00E+02,7.69E+06,7.62E+07,1.05E+00,5.56E+00,0.00E+00,0.00E+00,1.12E+01,4.62E+01,0.00E+00,8.64E+00,1.24E+01,0.00E+00,8.11E+06,8.04E+07,2.81E+06,2.78E+07,2.10E+01,5.40E-05,5.48E+01,,0.00E+00,,0.00E+00,,1.01E-01,,1.00E-02
816773910000,1.01E-01,9.92E+00,6.50E+08,2.36E+01,1.35E+09,2.45E+09,1.10E+09,4.13E+01,4.17E-02,4.13E-03,7.55E+01,7.62E-02,7.55E-03,9.73E+00,2.02E+00,4.07E+01,3.44E+03,1.59E+06,1.58E+07,6.49E+05,6.43E+06,1.01E+00,0.00E+00,4.11E-01,1.00E+02,9.25E+06,9.18E+07,1.03E+00,5.64E+00,0.00E+00,0.00E+00,3.63E+01,4.62E+01,0.00E+00,3.29E+01,7.12E+00,0.00E+00,9.49E+06,9.41E+07,1.62E+06,1.60E+07,4.00E+01,1.24E+00,5.38E+01,,4.17E-02,,4.13E-03,,7.62E-02,,7.55E-03
816773920000,4.78E-01,2.09E+00,6.50E+08,1.59E+01,6.34E+08,1.65E+09,1.02E+09,7.24E+01,3.46E-01,7.24E-03,2.10E+01,1.01E-01,2.10E-03,2.55E-03,3.37E+02,1.00E+02,1.45E+00,1.98E+03,4.15E+03,1.98E+03,4.15E+03,2.00E+00,0.00E+00,2.74E-01,1.00E+02,5.44E+07,1.14E+08,1.00E+00,5.77E+00,0.00E+00,0.00E+00,6.06E+01,6.04E+01,0.00E+00,6.63E+01,4.82E-03,0.00E+00,5.44E+07,1.14E+08,3.96E+03,8.30E+03,6.63E+01,2.75E+00,5.25E+01,,3.46E-01,,7.24E-03,,1.01E-01,,2.10E-03
816773930000,,0.00E+00,6.50E+08,1.87E+01,8.83E+08,1.94E+09,1.06E+09,9.43E+01,,9.43E-03,1.12E+01,,1.12E-03,2.63E+00,2.22E+00,7.45E+01,1.87E+03,,4.27E+06,,3.18E+06,1.01E+00,0.00E+00,2.58E-01,1.00E+02,,1.07E+08,1.00E+00,5.45E+00,,0.00E+00,6.06E+01,4.40E+01,0.00E+00,6.25E+01,1.83E+00,0.00E+00,,1.07E+08,,4.33E+06,6.43E+01,4.15E+00,5.71E+01,,,,9.43E-03,,,,1.12E-03
816773940000,,0.00E+00,6.50E+08,2.54E+01,1.39E+09,2.64E+09,1.25E+09,9.51E+01,,9.51E-03,0.00E+00,,0.00E+00,1.01E+01,2.27E+00,6.73E+01,3.21E+04,,1.65E+07,,1.11E+07,1.01E+00,0.00E+00,2.25E-01,1.00E+02,,9.35E+07,1.00E+00,4.88E+00,,0.00E+00,6.06E+01,4.40E+01,0.00E+00,5.44E+01,7.04E+00,0.00E+00,,9.35E+07,,1.66E+07,6.15E+01,6.42E+00,6.75E+01,,,,9.51E-03,,,,0.00E+00
816773950000,,0.00E+00,6.50E+08,2.67E+01,1.60E+09,2.78E+09,1.18E+09,9.44E+01,,9.44E-03,0.00E+00,,0.00E+00,1.21E+01,1.85E+00,4.97E+01,3.45E+04,,1.97E+07,,9.77E+06,1.01E+00,0.00E+00,2.43E-01,1.00E+02,,1.01E+08,1.00E+00,5.12E+00,,0.00E+00,6.06E+01,4.40E+01,0.00E+00,5.88E+01,8.38E+00,0.00E+00,,1.01E+08,,1.98E+07,6.71E+01,3.86E+00,6.66E+01,,,,9.44E-03,,,,0.00E+00
816773960000,,0.00E+00,6.50E+08,2.60E+01,1.69E+09,2.71E+09,1.01E+09,9.46E+01,,9.46E-03,0.00E+00,,0.00E+00,1.18E+01,1.91E+00,3.05E+01,3.47E+04,,1.92E+07,,5.85E+06,1.01E+00,0.00E+00,2.37E-01,1.00E+02,,9.87E+07,1.00E+00,4.99E+00,,0.00E+00,6.06E+01,4.40E+01,0.00E+00,5.75E+01,8.18E+00,0.00E+00,,9.87E+07,,1.93E+07,6.56E+01,4.98E+00,6.74E+01,,,,9.46E-03,,,,0.00E+00
816773970000,,0.00E+00,6.50E+08,3.04E+01,2.01E+09,3.17E+09,1.16E+09,9.74E+01,,9.74E-03,0.00E+00,,0.00E+00,7.23E+00,5.41E+00,1.62E+00,3.64E+04,,1.17E+07,,1.91E+05,1.01E+00,1.79E+00,6.69E-01,1.00E+02,,1.22E+08,1.12E+00,1.04E+01,,0.00E+00,2.40E+01,4.40E+01,0.00E+00,3.16E+01,5.01E+00,0.00E+00,,1.37E+08,,1.18E+07,3.66E+01,1.99E+00,7.90E+01,,,,9.74E-03,,,,0.00E+00
816773980000,,0.00E+00,6.50E+08,3.50E+01,2.29E+09,3.68E+09,1.39E+09,9.68E+01,,9.68E-03,0.00E+00,,0.00E+00,3.94E+00,4.50E+00,1.51E+00,3.40E+04,,6.46E+06,,9.77E+04,1.00E+00,1.93E+01,9.62E-01,1.00E+02,,1.38E+08,1.19E+00,1.40E+01,,0.00E+00,8.45E+00,4.39E+01,0.00E+00,1.31E+01,2.72E+00,0.00E+00,,1.63E+08,,6.49E+06,1.58E+01,1.03E-02,8.72E+01,,,,9.68E-03,,,,0.00E+00
816773990000,,0.00E+00,6.50E+08,,,,,1.00E+02,,1.00E-02,0.00E+00,,0.00E+00,,,,,,,,,,,,,,,,,,,,,,,,,,,,,,,,,,,1.00E-02,,,,0.00E+00
816774000000,,0.00E+00,6.50E+08,,,,,2.21E+00,,2.21E-04,0.00E+00,,0.00E+00,,,,,,,,,,,,,,,,,,,,,,,,,,,,,,,,,,,2.21E-04,,,,0.00E+00
816774010000,,0.00E+00,6.50E+08,,,,,0.00E+00,,0.00E+00,0.00E+00,,0.00E+00,,,,,,,,,,,,,,,,,,,,,,,,,,,,,,,,,,,,,,,
Mean,1.17E-01,9.88E+00,6.50E+08,2.64E+01,1.57E+09,2.76E+09,1.19E+09,7.43E+01,8.28E-02,7.43E-03,4.19E+01,4.64E-02,4.19E-03,1.00E+01,3.49E+01,4.35E+01,1.62E+04,1.79E+06,1.64E+07,6.15E+05,5.80E+06,1.16E+00,7.00E+00,4.57E-01,1.00E+02,1.16E+07,1.06E+08,1.08E+00,8.73E+00,0.00E+00,0.00E+00,3.92E+01,4.57E+01,0.00E+00,4.14E+01,7.13E+00,0.00E+00,1.26E+07,1.14E+08,1.87E+06,1.70E+07,4.85E+01,2.02E+00,6.45E+01,2.89E-06,8.32E-02,7.55E-07,7.43E-03,3.47E-06,4.67E-02,5.82E-07,4.19E-03
Variance,3.24E-03,4.53E+01,2.75E+01,6.61E+01,4.37E+17,7.01E+17,4.56E+16,1.19E+03,2.81E-03,1.19E-05,1.70E+03,2.71E-03,1.70E-05,5.53E+01,9.83E+03,7.93E+02,2.41E+08,2.53E+12,1.46E+14,3.61E+11,2.49E+13,1.08E-01,9.51E+01,6.35E-02,0.00E+00,2.59E+13,4.14E+14,2.84E-02,4.82E+01,0.00E+00,0.00E+00,4.88E+02,4.97E+01,0.00E+00,5.27E+02,2.79E+01,0.00E+00,3.92E+13,8.26E+14,3.18E+12,1.61E+14,3.99E+02,4.41E+00,1.79E+02,4.59E-09,2.78E-03,1.65E-10,1.18E-05,3.46E-09,2.71E-03,8.23E-11,1.70E-05
Standard Deviation,5.70E-02,6.73E+00,5.24E+00,8.13E+00,6.61E+08,8.37E+08,2.14E+08,3.44E+01,5.30E-02,3.45E-03,4.12E+01,5.20E-02,4.12E-03,7.44E+00,9.91E+01,2.82E+01,1.55E+04,1.59E+06,1.21E+07,6.01E+05,4.99E+06,3.29E-01,9.75E+00,2.52E-01,0.00E+00,5.09E+06,2.03E+07,1.69E-01,6.94E+00,0.00E+00,0.00E+00,2.21E+01,7.05E+00,0.00E+00,2.30E+01,5.28E+00,0.00E+00,6.26E+06,2.87E+07,1.78E+06,1.27E+07,2.00E+01,2.10E+00,1.34E+01,6.78E-05,5.27E-02,1.28E-05,3.44E-03,5.88E-05,5.20E-02,9.07E-06,4.12E-03
