"host time (us)","GPU PowerVR Series8XEP, GE8320, Device 0/Frame time","GPU PowerVR Series8XEP, GE8320, Device 0/Frames per second (FPS)","GPU PowerVR Series8XEP, GE8320, Device 0/GPU clock speed","GPU PowerVR Series8XEP, GE8320, Device 0/GPU memory interface load (%)","GPU PowerVR Series8XEP, GE8320, Device 0/GPU memory read bytes per second","GPU PowerVR Series8XEP, GE8320, Device 0/GPU memory total bytes per second","GPU PowerVR Series8XEP, GE8320, Device 0/GPU memory write bytes per second","GPU PowerVR Series8XEP, GE8320, Device 0/Renderer active (%)","GPU PowerVR Series8XEP, GE8320, Device 0/Renderer time per frame","GPU PowerVR Series8XEP, GE8320, Device 0/Renderer time","GPU PowerVR Series8XEP, GE8320, Device 0/Tiler active (%)","GPU PowerVR Series8XEP, GE8320, Device 0/Tiler time per frame","GPU PowerVR Series8XEP, GE8320, Device 0/Tiler time","GPU PowerVR Series8XEP, GE8320, Device 0/Tiler/Tiler triangle load (%)","GPU PowerVR Series8XEP, GE8320, Device 0/Tiler/Tiles per triangle","GPU PowerVR Series8XEP, GE8320, Device 0/Tiler/Triangle ratio (%)","GPU PowerVR Series8XEP, GE8320, Device 0/Tiler/Triangles input per draw","GPU PowerVR Series8XEP, GE8320, Device 0/Tiler/Triangles input per frame","GPU PowerVR Series8XEP, GE8320, Device 0/Tiler/Triangles input per second","GPU PowerVR Series8XEP, GE8320, Device 0/Tiler/Triangles output per frame","GPU PowerVR Series8XEP, GE8320, Device 0/Tiler/Triangles output per second","GPU PowerVR Series8XEP, GE8320, Device 0/Tiler/Vertices per triangle","GPU PowerVR Series8XEP, GE8320, Device 0/Renderer/HSR efficiency (%)","GPU PowerVR Series8XEP, GE8320, Device 0/Renderer/ISP pixel load (%)","GPU PowerVR Series8XEP, GE8320, Device 0/Renderer/ISP tiles in flight (%)","GPU PowerVR Series8XEP, GE8320, Device 0/Renderer/Output pixels per frame","GPU PowerVR Series8XEP, GE8320, Device 0/Renderer/Output pixels per second","GPU PowerVR Series8XEP, GE8320, Device 0/Renderer/Overdraw","GPU PowerVR Series8XEP, GE8320, Device 0/Renderer/Z load/store (%)","GPU PowerVR Series8XEP, GE8320, Device 0/Shader/Compute kernels per frame","GPU PowerVR Series8XEP, GE8320, Device 0/Shader/Compute kernels per second","GPU PowerVR Series8XEP, GE8320, Device 0/Shader/Cycles per pixel","GPU PowerVR Series8XEP, GE8320, Device 0/Shader/Cycles per vertex","GPU PowerVR Series8XEP, GE8320, Device 0/Shader/Processing load: compute (%)","GPU PowerVR Series8XEP, GE8320, Device 0/Shader/Processing load: pixel (%)","GPU PowerVR Series8XEP, GE8320, Device 0/Shader/Processing load: vertex (%)","GPU PowerVR Series8XEP, GE8320, Device 0/Shader/Register overload (%)","GPU PowerVR Series8XEP, GE8320, Device 0/Shader/Shaded pixels per frame","GPU PowerVR Series8XEP, GE8320, Device 0/Shader/Shaded pixels per second","GPU PowerVR Series8XEP, GE8320, Device 0/Shader/Shaded vertices per frame","GPU PowerVR Series8XEP, GE8320, Device 0/Shader/Shaded vertices per second","GPU PowerVR Series8XEP, GE8320, Device 0/Shader/Shader processing load (%)","GPU PowerVR Series8XEP, GE8320, Device 0/Texturing/Texture overload (%)","GPU PowerVR Series8XEP, GE8320, Device 0/Texturing/Texturing active (%)","Processes/PID 1313 ()/GPU PowerVR Series8XEP, GE8320, Device 0/Renderer time per frame","Processes/PID 5142 ()/GPU PowerVR Series8XEP, GE8320, Device 0/Renderer time per frame","Processes/PID 1313 ()/GPU PowerVR Series8XEP, GE8320, Device 0/Renderer time","Processes/PID 5142 ()/GPU PowerVR Series8XEP, GE8320, Device 0/Renderer time","Processes/PID 1313 ()/GPU PowerVR Series8XEP, GE8320, Device 0/Tiler time per frame","Processes/PID 5142 ()/GPU PowerVR Series8XEP, GE8320, Device 0/Tiler time per frame","Processes/PID 1313 ()/GPU PowerVR Series8XEP, GE8320, Device 0/Tiler time","Processes/PID 5142 ()/GPU PowerVR Series8XEP, GE8320, Device 0/Tiler time"
3197850000,,,,,,,,,,,,,,,,,,,,,,,,,,,,,,,,,,,,,,,,,,,,,,,,,,,,
3197900000,,,,,,,,,,,,,,,,,,,,,,,,,,,,,,,,,,,,,,,,,,,,,,,,,,,,
3197950000,,,,,,,,,,,,,,,,,,,,,,,,,,,,,,,,,,,,,,,,,,,,,,,,,,,,
3198000000,,,,,,,,,,,,,,,,,,,,,,,,,,,,,,,,,,,,,,,,,,,,,,,,,,,,
3198050000,,,,,,,,,,,,,,,,,,,,,,,,,,,,,,,,,,,,,,,,,,,,,,,,,,,,
3198100000,,,,,,,,,,,,,,,,,,,,,,,,,,,,,,,,,,,,,,,,,,,,,,,,,,,,
3198150000,,,,,,,,,,,,,,,,,,,,,,,,,,,,,,,,,,,,,,,,,,,,,,,,,,,,
3198200000,,,,,,,,,,,,,,,,,,,,,,,,,,,,,,,,,,,,,,,,,,,,,,,,,,,,
3198250000,,,,,,,,,,,,,,,,,,,,,,,,,,,,,,,,,,,,,,,,,,,,,,,,,,,,
3198300000,,,,,,,,,,,,,,,,,,,,,,,,,,,,,,,,,,,,,,,,,,,,,,,,,,,,
3198350000,,,,,,,,,,,,,,,,,,,,,,,,,,,,,,,,,,,,,,,,,,,,,,,,,,,,
3198400000,,,,,,,,,,,,,,,,,,,,,,,,,,,,,,,,,,,,,,,,,,,,,,,,,,,,
3198450000,,,,,,,,,,,,,,,,,,,,,,,,,,,,,,,,,,,,,,,,,,,,,,,,,,,,
3198500000,,,,,,,,,,,,,,,,,,,,,,,,,,,,,,,,,,,,,,,,,,,,,,,,,,,,
3198550000,,,,,,,,,,,,,,,,,,,,,,,,,,,,,,,,,,,,,,,,,,,,,,,,,,,,
3198600000,,,,,,,,,,,,,,,,,,,,,,,,,,,,,,,,,,,,,,,,,,,,,,,,,,,,
3198650000,,,,,,,,,,,,,,,,,,,,,,,,,,,,,,,,,,,,,,,,,,,,,,,,,,,,
3198700000,,,,,,,,,,,,,,,,,,,,,,,,,,,,,,,,,,,,,,,,,,,,,,,,,,,,
3198750000,,,,,,,,,,,,,,,,,,,,,,,,,,,,,,,,,,,,,,,,,,,,,,,,,,,,
3198800000,,,,,,,,,,,,,,,,,,,,,,,,,,,,,,,,,,,,,,,,,,,,,,,,,,,,
3198850000,,,,,,,,,,,,,,,,,,,,,,,,,,,,,,,,,,,,,,,,,,,,,,,,,,,,
3198900000,,,,,,,,,,,,,,,,,,,,,,,,,,,,,,,,,,,,,,,,,,,,,,,,,,,,
3198950000,1.63E-01,6.12E+00,6.50E+08,2.42E+01,1.77E+09,2.53E+09,7.58E+08,0.00E+00,0.00E+00,0.00E+00,2.94E+01,4.81E-02,1.47E-02,2.37E+01,2.11E+00,4.27E+01,9.90E+03,2.25E+06,3.87E+07,9.63E+05,1.66E+07,1.01E+00,,0.00E+00,,0.00E+00,0.00E+00,,0.00E+00,0.00E+00,0.00E+00,,4.40E+01,0.00E+00,0.00E+00,1.64E+01,0.00E+00,0.00E+00,0.00E+00,2.27E+06,3.91E+07,1.64E+01,6.96E-04,6.29E+01,,0.00E+00,,0.00E+00,,4.81E-02,,1.47E-02
3199000000,6.48E-02,1.54E+01,6.50E+08,2.42E+01,1.41E+09,2.51E+09,1.11E+09,6.09E+01,3.94E-02,3.04E-02,5.06E+01,3.28E-02,2.53E-02,1.10E+01,2.10E+00,3.76E+01,4.39E+03,1.16E+06,1.79E+07,4.36E+05,6.74E+06,1.01E+00,0.00E+00,4.04E-01,1.00E+02,5.87E+06,9.06E+07,1.02E+00,5.66E+00,0.00E+00,0.00E+00,3.63E+01,4.59E+01,0.00E+00,3.24E+01,8.02E+00,0.00E+00,6.01E+06,9.27E+07,1.18E+06,1.82E+07,4.04E+01,1.21E+00,5.36E+01,,3.94E-02,,3.04E-02,,3.28E-02,,2.53E-02
3199050000,1.23E-01,8.11E+00,5.95E+08,2.56E+01,1.52E+09,2.44E+09,9.14E+08,9.46E+01,1.17E-01,4.73E-02,8.70E+01,1.07E-01,4.35E-02,1.01E+01,2.07E+00,3.84E+01,3.41E+04,1.85E+06,1.50E+07,7.11E+05,5.77E+06,1.01E+00,0.00E+00,2.78E-01,1.00E+02,1.03E+07,8.32E+07,1.02E+00,4.72E+00,0.00E+00,0.00E+00,5.68E+01,4.40E+01,0.00E+00,5.05E+01,6.99E+00,0.00E+00,1.05E+07,8.48E+07,1.86E+06,1.51E+07,5.75E+01,5.35E+00,6.83E+01,,1.17E-01,,4.73E-02,,1.07E-01,,4.35E-02
3199100000,1.23E-01,8.11E+00,5.90E+08,2.86E+01,1.49E+09,2.70E+09,1.21E+09,6.43E+01,7.93E-02,3.21E-02,3.83E+01,4.73E-02,1.92E-02,1.06E+01,2.02E+00,4.07E+01,5.14E+03,1.93E+06,1.56E+07,7.85E+05,6.37E+06,1.01E+00,8.53E+00,6.31E-01,1.00E+02,1.24E+07,1.00E+08,1.09E+00,8.93E+00,0.00E+00,0.00E+00,1.83E+01,4.62E+01,0.00E+00,2.11E+01,7.77E+00,0.00E+00,1.34E+07,1.09E+08,1.96E+06,1.59E+07,2.89E+01,4.62E-01,6.08E+01,,7.93E-02,,3.21E-02,,4.73E-02,,1.92E-02
3199150000,1.13E-01,8.86E+00,6.50E+08,1.80E+01,8.74E+08,1.87E+09,9.99E+08,9.54E+01,1.08E-01,4.77E-02,5.25E+01,5.93E-02,2.63E-02,6.53E+00,4.04E+00,5.34E+00,1.94E+03,1.20E+06,1.06E+07,6.39E+04,5.66E+05,1.41E+00,0.00E+00,3.00E-01,1.00E+02,1.25E+07,1.11E+08,1.01E+00,5.65E+00,0.00E+00,0.00E+00,5.88E+01,2.79E+01,0.00E+00,6.31E+01,4.00E+00,0.00E+00,1.26E+07,1.12E+08,1.68E+06,1.49E+07,6.71E+01,1.25E+00,5.21E+01,,1.08E-01,,4.77E-02,,5.93E-02,,2.63E-02
3199200000,1.09E-01,9.15E+00,6.50E+08,3.49E+01,2.07E+09,3.63E+09,1.55E+09,8.03E+01,8.78E-02,4.02E-02,8.33E+01,9.11E-02,4.17E-02,1.85E+01,2.09E+00,3.76E+01,8.24E+03,3.29E+06,3.01E+07,1.24E+06,1.13E+07,1.08E+00,2.45E-01,6.12E-01,1.00E+02,1.30E+07,1.19E+08,1.07E+00,9.92E+00,0.00E+00,0.00E+00,2.20E+01,4.04E+01,0.00E+00,2.69E+01,1.26E+01,0.00E+00,1.39E+07,1.27E+08,3.55E+06,3.25E+07,3.95E+01,1.61E+00,7.92E+01,,8.78E-02,,4.02E-02,,9.11E-02,,4.17E-02
3199250000,1.08E-01,9.26E+00,6.50E+08,2.07E+01,1.14E+09,2.16E+09,1.02E+09,9.48E+01,1.02E-01,4.74E-02,7.95E+01,8.59E-02,3.98E-02,8.04E+00,2.46E+00,1.18E+01,2.28E+03,1.41E+06,1.31E+07,1.67E+05,1.55E+06,1.18E+00,0.00E+00,6.42E-01,1.00E+02,1.11E+07,1.02E+08,1.51E+00,2.24E+01,0.00E+00,0.00E+00,4.32E+01,3.79E+01,0.00E+00,6.43E+01,5.62E+00,0.00E+00,1.67E+07,1.55E+08,1.66E+06,1.54E+07,7.00E+01,1.17E+00,6.10E+01,,1.02E-01,,4.74E-02,,8.59E-02,,3.98E-02
3199300000,1.07E-01,9.36E+00,6.50E+08,3.31E+01,1.98E+09,3.44E+09,1.45E+09,9.06E+01,9.68E-02,4.53E-02,9.63E+01,1.03E-01,4.82E-02,1.94E+01,2.11E+00,2.86E+01,5.64E+03,3.37E+06,3.16E+07,9.65E+05,9.03E+06,1.14E+00,0.00E+00,5.92E-01,1.00E+02,1.23E+07,1.15E+08,1.08E+00,1.38E+01,0.00E+00,0.00E+00,2.45E+01,3.76E+01,0.00E+00,2.92E+01,1.30E+01,0.00E+00,1.33E+07,1.24E+08,3.85E+06,3.60E+07,4.22E+01,1.59E+00,7.63E+01,,9.68E-02,,4.53E-02,,1.03E-01,,4.82E-02
3199350000,1.08E-01,9.27E+00,6.50E+08,2.13E+01,1.13E+09,2.21E+09,1.08E+09,9.51E+01,1.03E-01,4.75E-02,6.41E+01,6.92E-02,3.21E-02,8.14E+00,2.13E+00,2.95E+01,3.01E+03,1.43E+06,1.32E+07,4.21E+05,3.90E+06,1.10E+00,0.00E+00,5.19E-01,1.00E+02,1.05E+07,9.72E+07,1.35E+00,2.44E+01,0.00E+00,0.00E+00,4.63E+01,4.19E+01,0.00E+00,5.85E+01,5.83E+00,0.00E+00,1.42E+07,1.31E+08,1.56E+06,1.45E+07,6.43E+01,7.96E-01,5.98E+01,,1.03E-01,,4.75E-02,,6.92E-02,,3.21E-02
3199400000,1.09E-01,9.14E+00,6.50E+08,3.01E+01,1.76E+09,3.13E+09,1.38E+09,9.31E+01,1.02E-01,4.66E-02,9.46E+01,1.04E-01,4.73E-02,1.73E+01,2.12E+00,2.66E+01,5.30E+03,3.08E+06,2.81E+07,8.18E+05,7.47E+06,1.16E+00,0.00E+00,5.13E-01,1.00E+02,1.25E+07,1.14E+08,1.06E+00,1.38E+01,0.00E+00,0.00E+00,2.88E+01,3.66E+01,0.00E+00,3.34E+01,1.15E+01,0.00E+00,1.32E+07,1.21E+08,3.58E+06,3.27E+07,4.49E+01,1.63E+00,7.36E+01,,1.02E-01,,4.66E-02,,1.04E-01,,4.73E-02
3199450000,1.05E-01,9.52E+00,6.50E+08,2.28E+01,1.21E+09,2.37E+09,1.16E+09,9.55E+01,1.00E-01,4.78E-02,5.03E+01,5.28E-02,2.51E-02,7.55E+00,1.99E+00,4.61E+01,3.46E+03,1.29E+06,1.23E+07,5.95E+05,5.66E+06,1.02E+00,0.00E+00,6.80E-01,1.00E+02,1.05E+07,1.00E+08,1.46E+00,2.01E+01,0.00E+00,0.00E+00,3.86E+01,4.67E+01,0.00E+00,5.44E+01,5.60E+00,0.00E+00,1.54E+07,1.47E+08,1.31E+06,1.25E+07,6.00E+01,9.26E-01,6.29E+01,,1.00E-01,,4.78E-02,,5.28E-02,,2.51E-02
3199500000,9.14E-02,1.09E+01,6.50E+08,3.08E+01,1.75E+09,3.20E+09,1.46E+09,7.38E+01,6.75E-02,3.69E-02,8.29E+01,7.58E-02,4.15E-02,2.00E+01,2.10E+00,3.07E+01,4.84E+03,2.97E+06,3.25E+07,9.12E+05,9.97E+06,1.17E+00,1.60E+00,5.57E-01,1.00E+02,9.83E+06,1.07E+08,1.06E+00,1.12E+01,0.00E+00,0.00E+00,2.20E+01,3.61E+01,0.00E+00,2.41E+01,1.32E+01,0.00E+00,1.04E+07,1.14E+08,3.49E+06,3.81E+07,3.74E+01,3.21E-01,7.33E+01,,6.75E-02,,3.69E-02,,7.58E-02,,4.15E-02
3199550000,9.56E-02,1.05E+01,6.50E+08,2.21E+01,1.29E+09,2.30E+09,1.01E+09,9.50E+01,9.08E-02,4.75E-02,4.09E+01,3.91E-02,2.05E-02,6.35E+00,1.99E+00,3.36E+01,2.98E+03,9.87E+05,1.03E+07,3.32E+05,3.47E+06,1.02E+00,0.00E+00,5.88E-01,1.00E+02,9.24E+06,9.67E+07,1.35E+00,1.89E+01,0.00E+00,0.00E+00,4.16E+01,4.70E+01,0.00E+00,5.23E+01,4.75E+00,0.00E+00,1.25E+07,1.31E+08,1.00E+06,1.05E+07,5.70E+01,1.22E+00,6.24E+01,,9.08E-02,,4.75E-02,,3.91E-02,,2.05E-02
3199600000,1.03E-01,9.70E+00,6.50E+08,3.00E+01,1.64E+09,3.12E+09,1.49E+09,6.96E+01,7.18E-02,3.48E-02,8.15E+01,8.40E-02,4.07E-02,1.94E+01,2.11E+00,3.37E+01,5.56E+03,3.24E+06,3.14E+07,1.09E+06,1.06E+07,1.15E+00,0.00E+00,5.40E-01,1.00E+02,1.18E+07,1.15E+08,1.05E+00,1.07E+01,0.00E+00,0.00E+00,1.97E+01,3.73E+01,0.00E+00,2.29E+01,1.29E+01,0.00E+00,1.24E+07,1.21E+08,3.71E+06,3.60E+07,3.58E+01,5.90E-01,7.20E+01,,7.18E-02,,3.48E-02,,8.40E-02,,4.07E-02
3199650000,1.11E-01,9.00E+00,6.50E+08,2.13E+01,1.28E+09,2.21E+09,9.38E+08,9.22E+01,1.03E-01,4.61E-02,3.35E+01,3.72E-02,1.67E-02,5.20E+00,1.80E+00,3.14E+01,3.04E+03,9.40E+05,8.45E+06,2.95E+05,2.65E+06,1.02E+00,0.00E+00,5.94E-01,1.00E+02,1.09E+07,9.77E+07,1.33E+00,1.79E+01,0.00E+00,0.00E+00,4.10E+01,4.74E+01,0.00E+00,5.14E+01,3.93E+00,0.00E+00,1.45E+07,1.30E+08,9.58E+05,8.62E+06,5.53E+01,7.36E-01,6.14E+01,,1.03E-01,,4.61E-02,,3.72E-02,,1.67E-02
3199700000,1.33E-01,7.51E+00,6.50E+08,2.10E+01,1.22E+09,2.38E+09,1.16E+09,3.30E+01,4.39E-02,1.65E-02,4.12E+01,5.48E-02,2.06E-02,1.47E+01,2.14E+00,3.33E+01,5.63E+03,2.72E+06,2.61E+07,9.03E+05,8.67E+06,1.11E+00,0.00E+00,3.16E-01,1.00E+02,8.78E+06,8.43E+07,1.06E+00,7.25E+00,0.00E+00,0.00E+00,1.96E+01,3.86E+01,0.00E+00,1.55E+01,9.88E+00,0.00E+00,9.35E+06,8.97E+07,3.02E+06,2.90E+07,2.54E+01,2.13E-01,7.01E+01,,4.39E-02,,1.65E-02,,5.48E-02,,2.06E-02
3199750000,1.33E-01,7.51E+00,6.50E+08,2.39E+01,1.26E+09,2.49E+09,1.23E+09,9.47E+01,1.26E-01,4.74E-02,4.26E+01,5.67E-02,2.13E-02,8.46E+00,1.97E+00,4.47E+01,4.44E+03,1.83E+06,1.38E+07,8.19E+05,6.15E+06,1.02E+00,0.00E+00,5.54E-01,1.00E+02,1.49E+07,1.12E+08,1.13E+00,1.36E+01,0.00E+00,0.00E+00,4.19E+01,4.66E+01,0.00E+00,5.10E+01,6.26E+00,0.00E+00,1.68E+07,1.27E+08,1.86E+06,1.40E+07,5.72E+01,1.37E+00,6.39E+01,,1.26E-01,,4.74E-02,,5.67E-02,,2.13E-02
3199800000,1.06E-01,9.42E+00,6.50E+08,2.01E+01,1.39E+09,2.31E+09,9.19E+08,3.89E+01,4.13E-02,1.94E-02,3.08E+01,3.28E-02,1.54E-02,1.13E+01,2.16E+00,3.01E+01,4.26E+03,1.70E+06,2.03E+07,5.10E+05,6.09E+06,1.20E+00,1.52E+01,3.65E-01,1.00E+02,5.27E+06,6.29E+07,1.13E+00,5.37E+00,0.00E+00,0.00E+00,1.35E+01,3.47E+01,0.00E+00,8.38E+00,7.39E+00,0.00E+00,5.93E+06,7.09E+07,2.04E+06,2.44E+07,1.58E+01,1.03E-01,7.05E+01,,4.13E-02,,1.94E-02,,3.28E-02,,1.54E-02
3199850000,9.61E-02,1.04E+01,6.50E+08,2.43E+01,1.23E+09,2.53E+09,1.30E+09,8.79E+01,8.45E-02,4.39E-02,5.52E+01,5.30E-02,2.76E-02,1.20E+01,2.04E+00,3.75E+01,7.02E+03,1.87E+06,1.95E+07,7.02E+05,7.31E+06,1.01E+00,0.00E+00,5.46E-01,1.00E+02,1.07E+07,1.11E+08,1.13E+00,1.80E+01,0.00E+00,0.00E+00,3.86E+01,4.56E+01,0.00E+00,4.67E+01,8.64E+00,0.00E+00,1.21E+07,1.26E+08,1.89E+06,1.97E+07,5.53E+01,8.50E-01,6.37E+01,,8.45E-02,,4.39E-02,,5.30E-02,,2.76E-02
3199900000,7.97E-02,1.26E+01,6.50E+08,2.52E+01,1.39E+09,2.64E+09,1.25E+09,5.68E+01,4.52E-02,2.84E-02,4.56E+01,3.64E-02,2.28E-02,1.44E+01,2.04E+00,3.48E+01,4.49E+03,1.80E+06,2.36E+07,6.29E+05,8.23E+06,1.16E+00,6.32E-01,4.84E-01,1.00E+02,7.09E+06,9.29E+07,1.08E+00,9.88E+00,0.00E+00,0.00E+00,2.02E+01,3.68E+01,0.00E+00,1.94E+01,9.63E+00,0.00E+00,7.69E+06,1.01E+08,2.09E+06,2.74E+07,2.91E+01,5.49E-01,6.56E+01,,4.52E-02,,2.84E-02,,3.64E-02,,2.28E-02
3199950000,8.86E-02,1.13E+01,6.50E+08,2.38E+01,1.38E+09,2.48E+09,1.10E+09,9.61E+01,8.51E-02,4.80E-02,3.75E+01,3.32E-02,1.87E-02,6.61E+00,2.01E+00,4.49E+01,3.26E+03,9.51E+05,1.07E+07,4.27E+05,4.82E+06,1.02E+00,0.00E+00,5.53E-01,1.00E+02,8.74E+06,9.86E+07,1.19E+00,1.34E+01,0.00E+00,0.00E+00,4.07E+01,4.67E+01,0.00E+00,4.60E+01,4.90E+00,0.00E+00,1.04E+07,1.18E+08,9.68E+05,1.09E+07,5.09E+01,7.34E-01,6.16E+01,,8.51E-02,,4.80E-02,,3.32E-02,,1.87E-02
3200000000,2.13E-01,4.70E+00,6.50E+08,2.71E+01,1.36E+09,2.82E+09,1.46E+09,6.85E+01,1.46E-01,3.42E-02,5.42E+01,1.15E-01,2.71E-02,1.33E+01,2.03E+00,4.81E+01,7.07E+03,4.58E+06,2.15E+07,2.20E+06,1.04E+07,1.01E+00,0.00E+00,5.36E-01,1.00E+02,2.41E+07,1.13E+08,1.04E+00,1.18E+01,0.00E+00,0.00E+00,2.57E+01,4.54E+01,0.00E+00,2.92E+01,9.53E+00,0.00E+00,2.51E+07,1.18E+08,4.64E+06,2.18E+07,3.87E+01,4.57E-01,5.86E+01,,1.46E-01,,3.42E-02,,1.15E-01,,2.71E-02
3200050000,2.13E-01,4.70E+00,6.50E+08,2.24E+01,1.31E+09,2.53E+09,1.22E+09,4.54E+01,9.65E-02,2.27E-02,0.00E+00,0.00E+00,0.00E+00,0.00E+00,,,,0.00E+00,0.00E+00,0.00E+00,0.00E+00,,5.45E-01,6.30E-01,1.00E+02,1.34E+07,1.29E+08,1.09E+00,1.00E+01,0.00E+00,0.00E+00,2.29E+01,,0.00E+00,2.86E+01,0.00E+00,0.00E+00,1.47E+07,1.41E+08,0.00E+00,0.00E+00,2.86E+01,4.60E-01,7.62E+01,,9.65E-02,,2.27E-02,,0.00E+00,,0.00E+00
3200100000,2.13E-01,4.70E+00,,,,,,0.00E+00,0.00E+00,0.00E+00,0.00E+00,0.00E+00,0.00E+00,,,,,,,,,,,,,,,,,,,,,,,,,,,,,,,,,0.00E+00,,0.00E+00,,0.00E+00,,0.00E+00
3200150000,2.13E-01,4.70E+00,,,,,,0.00E+00,0.00E+00,0.00E+00,0.00E+00,0.00E+00,0.00E+00,,,,,,,,,,,,,,,,,,,,,,,,,,,,,,,,,0.00E+00,,0.00E+00,,0.00E+00,,0.00E+00
3200200000,6.12E-02,1.63E+01,6.50E+08,2.39E+01,1.50E+09,2.82E+09,1.32E+09,4.61E+01,2.82E-02,2.30E-02,6.50E+01,3.98E-02,3.25E-02,1.72E+01,2.06E+00,4.33E+01,5.44E+03,1.59E+06,3.17E+07,6.89E+05,1.37E+07,1.05E+00,8.64E+00,4.21E-01,1.00E+02,3.94E+06,7.84E+07,1.16E+00,8.97E+00,0.00E+00,0.00E+00,2.49E+01,4.28E+01,0.00E+00,1.92E+01,1.21E+01,0.00E+00,4.56E+06,9.08E+07,1.68E+06,3.34E+07,3.13E+01,3.53E-01,6.70E+01,,2.82E-02,,2.30E-02,,3.98E-02,,3.25E-02
3200250000,6.48E-02,1.54E+01,6.11E+08,2.92E+01,1.48E+09,2.86E+09,1.38E+09,9.31E+01,6.04E-02,4.65E-02,3.27E+01,2.12E-02,1.63E-02,7.60E+00,2.19E+00,4.58E+01,1.47E+04,7.53E+05,1.16E+07,3.45E+05,5.32E+06,1.01E+00,6.83E-01,6.99E-01,1.00E+02,8.35E+06,1.29E+08,1.05E+00,1.10E+01,0.00E+00,0.00E+00,2.50E+01,4.41E+01,0.00E+00,3.47E+01,5.29E+00,0.00E+00,8.80E+06,1.36E+08,7.60E+05,1.17E+07,4.00E+01,5.79E-01,6.06E+01,,6.04E-02,,4.65E-02,,2.12E-02,,1.63E-02
3200300000,6.82E-02,1.47E+01,5.00E+08,2.56E+01,1.15E+09,2.05E+09,8.98E+08,7.57E+01,5.16E-02,3.78E-02,4.81E+01,3.28E-02,2.40E-02,1.28E+01,2.22E+00,3.89E+01,4.06E+03,1.09E+06,1.60E+07,4.25E+05,6.23E+06,1.08E+00,0.00E+00,3.22E-01,1.00E+02,4.53E+06,6.65E+07,1.03E+00,5.72E+00,0.00E+00,0.00E+00,4.83E+01,4.22E+01,0.00E+00,4.13E+01,9.07E+00,0.00E+00,4.67E+06,6.85E+07,1.17E+06,1.72E+07,5.04E+01,4.76E-01,6.64E+01,,5.16E-02,,3.78E-02,,3.28E-02,,2.40E-02
3200350000,7.05E-02,1.42E+01,5.00E+08,3.06E+01,1.10E+09,2.45E+09,1.35E+09,9.40E+01,6.62E-02,4.70E-02,5.90E+01,4.16E-02,2.95E-02,1.27E+01,2.25E+00,3.51E+01,5.43E+03,1.12E+06,1.58E+07,3.92E+05,5.56E+06,1.01E+00,0.00E+00,7.30E-01,1.00E+02,8.60E+06,1.22E+08,1.05E+00,1.78E+01,0.00E+00,0.00E+00,2.90E+01,4.57E+01,0.00E+00,4.62E+01,9.17E+00,0.00E+00,9.00E+06,1.28E+08,1.13E+06,1.60E+07,5.54E+01,5.16E-01,6.69E+01,,6.62E-02,,4.70E-02,,4.16E-02,,2.95E-02
3200400000,6.16E-02,1.62E+01,5.00E+08,3.72E+01,1.51E+09,2.97E+09,1.46E+09,8.61E+01,5.30E-02,4.30E-02,7.16E+01,4.41E-02,3.58E-02,1.75E+01,2.18E+00,3.62E+01,5.22E+03,1.35E+06,2.19E+07,4.88E+05,7.93E+06,1.06E+00,5.70E+00,8.19E-01,1.00E+02,7.13E+06,1.16E+08,1.07E+00,1.66E+01,0.00E+00,0.00E+00,2.09E+01,4.23E+01,0.00E+00,3.23E+01,1.23E+01,0.00E+00,7.61E+06,1.24E+08,1.44E+06,2.33E+07,4.47E+01,1.93E-01,7.47E+01,,5.30E-02,,4.30E-02,,4.41E-02,,3.58E-02
3200450000,6.50E-02,1.54E+01,4.61E+08,2.77E+01,9.65E+08,2.05E+09,1.08E+09,7.69E+01,5.00E-02,3.84E-02,3.39E+01,2.20E-02,1.69E-02,7.28E+00,2.00E+00,4.47E+01,4.10E+03,5.45E+05,8.39E+06,2.44E+05,3.75E+06,1.15E+00,0.00E+00,5.17E-01,1.00E+02,7.38E+06,1.14E+08,1.02E+00,9.15E+00,0.00E+00,0.00E+00,2.54E+01,3.74E+01,0.00E+00,3.97E+01,4.87E+00,0.00E+00,7.49E+06,1.15E+08,6.24E+05,9.61E+06,4.45E+01,4.08E-01,6.35E+01,,5.00E-02,,3.84E-02,,2.20E-02,,1.69E-02
3200500000,6.79E-02,1.47E+01,4.00E+08,3.44E+01,1.15E+09,2.20E+09,1.05E+09,8.53E+01,5.80E-02,4.27E-02,9.04E+01,6.14E-02,4.52E-02,1.71E+01,2.36E+00,3.72E+01,6.13E+03,1.16E+06,1.71E+07,4.33E+05,6.37E+06,1.01E+00,0.00E+00,6.14E-01,1.00E+02,5.82E+06,8.57E+07,1.06E+00,1.10E+01,0.00E+00,0.00E+00,3.41E+01,4.53E+01,0.00E+00,4.85E+01,1.23E+01,0.00E+00,6.19E+06,9.12E+07,1.18E+06,1.73E+07,6.08E+01,8.17E-01,6.82E+01,,5.80E-02,,4.27E-02,,6.14E-02,,4.52E-02
3200550000,7.31E-02,1.37E+01,4.00E+08,3.45E+01,1.06E+09,2.21E+09,1.15E+09,7.04E+01,5.14E-02,3.52E-02,4.62E+01,3.37E-02,2.31E-02,1.28E+01,2.31E+00,3.45E+01,4.83E+03,9.32E+05,1.28E+07,3.21E+05,4.40E+06,1.01E+00,7.48E+00,8.72E-01,1.00E+02,7.39E+06,1.01E+08,1.02E+00,1.39E+01,0.00E+00,0.00E+00,1.53E+01,4.58E+01,0.00E+00,2.46E+01,9.24E+00,0.00E+00,7.55E+06,1.03E+08,9.45E+05,1.29E+07,3.39E+01,1.48E-01,5.96E+01,,5.14E-02,,3.52E-02,,3.37E-02,,2.31E-02
3200600000,1.38E-01,7.26E+00,4.00E+08,3.58E+01,1.09E+09,2.29E+09,1.20E+09,9.68E+01,1.33E-01,4.84E-02,5.78E+01,7.96E-02,2.89E-02,8.73E+00,2.28E+00,3.87E+01,3.64E+04,1.20E+06,8.73E+06,4.66E+05,3.38E+06,1.01E+00,0.00E+00,9.43E-01,1.00E+02,1.64E+07,1.19E+08,1.02E+00,1.50E+01,0.00E+00,0.00E+00,2.20E+01,4.40E+01,0.00E+00,4.17E+01,6.05E+00,0.00E+00,1.67E+07,1.21E+08,1.21E+06,8.79E+06,4.77E+01,7.94E-01,5.88E+01,,1.33E-01,,4.84E-02,,7.96E-02,,2.89E-02
3200650000,1.38E-01,7.26E+00,4.00E+08,2.20E+01,7.07E+08,1.41E+09,6.98E+08,6.98E+01,9.61E-02,3.49E-02,2.91E+01,4.00E-02,1.45E-02,8.86E+00,2.29E+00,3.84E+01,4.10E+03,1.22E+06,8.86E+06,4.68E+05,3.40E+06,1.02E+00,0.00E+00,3.16E-01,1.00E+02,8.18E+06,5.94E+07,1.02E+00,5.83E+00,0.00E+00,0.00E+00,4.88E+01,4.65E+01,0.00E+00,4.63E+01,6.54E+00,0.00E+00,8.35E+06,6.06E+07,1.24E+06,8.99E+06,5.28E+01,8.11E-02,6.25E+01,,9.61E-02,,3.49E-02,,4.00E-02,,1.45E-02
3200700000,1.32E-01,7.56E+00,4.00E+08,2.52E+01,8.40E+08,2.04E+09,1.20E+09,2.07E+01,2.74E-02,1.04E-02,1.78E+00,2.35E-03,8.88E-04,1.06E-03,3.63E+02,1.00E+02,1.50E+00,6.35E+01,1.35E+03,6.35E+01,1.35E+03,2.00E+00,0.00E+00,6.18E-01,,7.81E+06,1.65E+08,1.01E+00,1.17E+01,0.00E+00,0.00E+00,4.36E+00,6.13E+01,0.00E+00,9.00E+00,2.04E-03,0.00E+00,7.89E+06,1.67E+08,1.27E+02,2.69E+03,9.00E+00,2.06E-03,9.03E+01,,2.74E-02,,1.04E-02,,2.35E-03,,8.88E-04
3200750000,1.22E-01,8.17E+00,4.00E+08,1.16E+01,4.63E+08,7.81E+08,3.17E+08,2.17E+01,2.66E-02,1.09E-02,4.70E+01,5.75E-02,2.35E-02,2.23E+01,4.57E+00,1.91E+00,3.13E+03,2.34E+06,2.34E+07,4.48E+04,4.47E+05,1.38E+00,0.00E+00,7.05E-02,1.00E+02,3.93E+06,3.92E+07,1.00E+00,1.46E+00,0.00E+00,0.00E+00,3.11E+01,2.84E+01,0.00E+00,1.82E+01,1.37E+01,0.00E+00,3.94E+06,3.93E+07,3.24E+06,3.23E+07,3.19E+01,4.94E-02,3.57E+01,,2.66E-02,,1.09E-02,,5.75E-02,,2.35E-02
3200800000,1.22E-01,8.17E+00,4.00E+08,3.50E+01,1.14E+09,2.24E+09,1.10E+09,6.55E+01,8.01E-02,3.27E-02,9.29E+01,1.14E-01,4.64E-02,2.56E+01,1.98E+00,4.44E+01,2.37E+04,3.13E+06,2.56E+07,1.39E+06,1.14E+07,1.01E+00,0.00E+00,6.91E-01,1.00E+02,8.52E+06,6.97E+07,1.31E+00,3.28E+01,0.00E+00,0.00E+00,2.28E+01,4.45E+01,0.00E+00,3.24E+01,1.79E+01,0.00E+00,1.11E+07,9.10E+07,3.16E+06,2.58E+07,5.03E+01,1.67E-04,7.29E+01,,8.01E-02,,3.27E-02,,1.14E-01,,4.64E-02
3200850000,1.39E-01,7.22E+00,4.00E+08,2.73E+01,9.83E+08,1.75E+09,7.64E+08,9.62E+01,1.33E-01,4.81E-02,8.17E+01,1.13E-01,4.08E-02,1.11E+01,2.35E+00,3.24E+01,2.80E+03,1.54E+06,1.11E+07,4.98E+05,3.59E+06,1.12E+00,0.00E+00,5.62E-01,1.00E+02,8.95E+06,6.46E+07,1.34E+00,2.32E+01,0.00E+00,0.00E+00,4.47E+01,4.00E+01,0.00E+00,6.06E+01,7.73E+00,0.00E+00,1.20E+07,8.68E+07,1.72E+06,1.24E+07,6.83E+01,5.12E-01,6.11E+01,,1.33E-01,,4.81E-02,,1.13E-01,,4.08E-02
3200900000,1.41E-01,7.08E+00,6.04E+08,2.96E+01,1.41E+09,2.86E+09,1.46E+09,8.79E+01,1.24E-01,4.40E-02,6.07E+01,8.56E-02,3.03E-02,1.17E+01,1.90E+00,4.62E+01,8.84E+03,2.50E+06,1.77E+07,1.16E+06,8.19E+06,1.01E+00,3.95E+00,7.07E-01,1.00E+02,1.73E+07,1.23E+08,1.07E+00,1.66E+01,0.00E+00,0.00E+00,2.53E+01,4.53E+01,0.00E+00,3.44E+01,8.39E+00,0.00E+00,1.85E+07,1.31E+08,2.53E+06,1.79E+07,4.28E+01,1.04E+00,6.00E+01,,1.24E-01,,4.40E-02,,8.56E-02,,3.03E-02
3200950000,1.43E-01,7.01E+00,6.18E+08,1.87E+01,1.18E+09,2.23E+09,1.05E+09,5.09E+01,7.26E-02,2.55E-02,8.06E-01,1.15E-03,4.03E-04,2.22E-04,3.63E+02,1.00E+02,1.50E+00,3.42E+01,4.14E+02,3.42E+01,4.14E+02,2.00E+00,2.83E+00,5.01E-01,1.00E+02,9.18E+06,1.11E+08,1.04E+00,9.06E+00,0.00E+00,0.00E+00,2.29E+01,6.13E+01,0.00E+00,2.23E+01,4.26E-04,0.00E+00,9.58E+06,1.16E+08,6.84E+01,8.27E+02,2.23E+01,7.41E-01,7.87E+01,,7.26E-02,,2.55E-02,,1.15E-03,,4.03E-04
3201000000,1.73E-01,5.79E+00,5.00E+08,1.17E+01,5.29E+08,1.00E+09,4.75E+08,2.16E+01,3.73E-02,1.08E-02,2.00E+01,3.45E-02,9.98E-03,9.58E+00,3.84E+00,2.45E+00,2.66E+03,1.47E+06,1.28E+07,3.59E+04,3.14E+05,1.38E+00,0.00E+00,6.94E-02,1.00E+02,9.46E+06,8.27E+07,1.00E+00,1.44E+00,0.00E+00,0.00E+00,2.03E+01,2.85E+01,0.00E+00,1.96E+01,5.89E+00,0.00E+00,9.46E+06,8.27E+07,2.02E+06,1.77E+07,2.55E+01,2.33E-01,6.18E+01,,3.73E-02,,1.08E-02,,3.45E-02,,9.98E-03
3201050000,1.73E-01,5.79E+00,5.00E+08,2.97E+01,1.19E+09,2.37E+09,1.18E+09,6.69E+01,1.16E-01,3.35E-02,7.42E+01,1.28E-01,3.71E-02,1.96E+01,2.04E+00,4.34E+01,5.97E+03,4.23E+06,2.45E+07,1.83E+06,1.06E+07,1.05E+00,2.50E+00,6.20E-01,1.00E+02,1.34E+07,7.75E+07,1.25E+00,2.37E+01,0.00E+00,0.00E+00,2.99E+01,4.27E+01,0.00E+00,3.62E+01,1.37E+01,0.00E+00,1.67E+07,9.67E+07,4.45E+06,2.58E+07,4.99E+01,7.52E-02,6.27E+01,,1.16E-01,,3.35E-02,,1.28E-01,,3.71E-02
3201100000,1.73E-01,5.79E+00,5.00E+08,2.23E+01,9.20E+08,1.86E+09,9.37E+08,6.97E+01,1.20E-01,3.48E-02,0.00E+00,0.00E+00,0.00E+00,0.00E+00,,,,0.00E+00,0.00E+00,0.00E+00,0.00E+00,,0.00E+00,5.93E-01,1.00E+02,1.34E+07,1.02E+08,1.03E+00,1.07E+01,0.00E+00,0.00E+00,2.93E+01,,0.00E+00,3.71E+01,0.00E+00,0.00E+00,1.38E+07,1.06E+08,0.00E+00,0.00E+00,3.71E+01,2.97E-01,7.21E+01,,1.20E-01,,3.48E-02,,0.00E+00,,0.00E+00
3201150000,1.20E-01,8.35E+00,5.00E+08,1.40E+01,6.27E+08,1.27E+09,6.42E+08,1.10E+01,1.32E-02,5.51E-03,2.17E+00,2.60E-03,1.09E-03,1.21E-03,3.63E+02,1.00E+02,1.50E+00,7.19E+01,1.72E+03,7.19E+01,1.72E+03,2.00E+00,0.00E+00,4.14E-02,1.00E+02,5.97E+06,1.43E+08,1.00E+00,8.66E-01,0.00E+00,0.00E+00,1.00E+01,6.13E+01,0.00E+00,1.57E+01,2.32E-03,0.00E+00,5.97E+06,1.43E+08,1.44E+02,3.44E+03,1.57E+01,1.49E-01,8.67E+01,,1.32E-02,,5.51E-03,,2.60E-03,,1.09E-03
3201200000,9.92E-02,1.01E+01,5.00E+08,2.50E+01,1.04E+09,2.08E+09,1.04E+09,3.88E+01,3.85E-02,1.94E-02,7.44E+01,7.38E-02,3.72E-02,2.45E+01,2.07E+00,3.32E+01,6.13E+03,2.88E+06,3.20E+07,9.57E+05,1.06E+07,1.16E+00,7.22E+00,3.85E-01,1.00E+02,5.35E+06,5.93E+07,1.00E+00,6.12E+00,0.00E+00,0.00E+00,2.06E+01,3.70E+01,0.00E+00,1.47E+01,1.64E+01,0.00E+00,5.37E+06,5.95E+07,3.34E+06,3.70E+07,3.11E+01,2.63E-01,5.87E+01,,3.85E-02,,1.94E-02,,7.38E-02,,3.72E-02
3201250000,1.16E-01,8.65E+00,5.00E+08,2.14E+01,8.34E+08,1.71E+09,8.75E+08,9.62E+01,1.11E-01,4.81E-02,1.43E+01,1.66E-02,7.17E-03,9.38E-01,4.15E+00,1.54E+00,5.75E+02,1.35E+05,1.17E+06,2.09E+03,1.81E+04,1.06E+00,0.00E+00,5.96E-01,1.00E+02,1.15E+07,9.94E+07,1.19E+00,2.16E+01,0.00E+00,0.00E+00,3.74E+01,5.66E+01,0.00E+00,5.53E+01,8.82E-01,0.00E+00,1.37E+07,1.18E+08,1.44E+05,1.25E+06,5.62E+01,3.43E-01,6.04E+01,,1.11E-01,,4.81E-02,,1.66E-02,,7.17E-03
3201300000,1.29E-01,7.75E+00,5.00E+08,1.72E+01,7.65E+08,1.49E+09,7.22E+08,2.86E+01,3.68E-02,1.43E-02,5.46E+01,7.04E-02,2.73E-02,2.00E+01,2.30E+00,2.03E+01,3.92E+03,2.88E+06,2.71E+07,5.84E+05,5.49E+06,1.25E+00,0.00E+00,1.63E-01,1.00E+02,5.72E+06,5.38E+07,1.00E+00,3.97E+00,0.00E+00,0.00E+00,3.08E+01,3.31E+01,0.00E+00,1.92E+01,1.29E+01,0.00E+00,5.74E+06,5.39E+07,3.59E+06,3.38E+07,3.21E+01,1.20E-01,5.20E+01,,3.68E-02,,1.43E-02,,7.04E-02,,2.73E-02
3201350000,1.26E-01,7.91E+00,5.00E+08,2.79E+01,1.04E+09,2.23E+09,1.19E+09,9.26E+01,1.17E-01,4.63E-02,4.62E+01,5.85E-02,2.31E-02,9.60E+00,2.07E+00,4.43E+01,5.21E+03,1.52E+06,1.20E+07,6.72E+05,5.32E+06,1.01E+00,2.70E+00,8.57E-01,1.00E+02,1.34E+07,1.06E+08,1.26E+00,3.04E+01,0.00E+00,0.00E+00,3.33E+01,4.58E+01,0.00E+00,5.55E+01,6.96E+00,0.00E+00,1.69E+07,1.33E+08,1.54E+06,1.22E+07,6.24E+01,2.38E-01,6.16E+01,,1.17E-01,,4.63E-02,,5.85E-02,,2.31E-02
3201400000,8.14E-02,1.23E+01,5.29E+08,3.27E+01,1.44E+09,2.77E+09,1.32E+09,6.24E+01,5.08E-02,3.12E-02,6.09E+01,4.96E-02,3.04E-02,1.74E+01,2.08E+00,4.10E+01,1.19E+04,1.88E+06,2.31E+07,7.70E+05,9.47E+06,1.06E+00,9.77E+00,7.00E-01,1.00E+02,8.00E+06,9.83E+07,1.09E+00,1.57E+01,0.00E+00,0.00E+00,1.40E+01,4.19E+01,0.00E+00,1.76E+01,1.21E+01,0.00E+00,8.70E+06,1.07E+08,1.98E+06,2.44E+07,2.97E+01,1.93E-02,7.06E+01,,5.08E-02,,3.12E-02,,4.96E-02,,3.04E-02
3201450000,8.46E-02,1.18E+01,5.00E+08,2.37E+01,9.06E+08,1.93E+09,1.02E+09,8.77E+01,7.42E-02,4.38E-02,6.84E+00,5.79E-03,3.42E-03,8.81E-02,9.87E+00,5.63E+01,4.98E+01,8.97E+03,1.12E+05,5.05E+03,6.30E+04,1.54E+00,0.00E+00,5.38E-01,1.00E+02,1.00E+07,1.25E+08,1.02E+00,9.71E+00,0.00E+00,0.00E+00,2.94E+01,1.19E+02,0.00E+00,4.61E+01,2.51E-01,0.00E+00,1.02E+07,1.28E+08,1.38E+04,1.72E+05,4.64E+01,3.67E-01,6.60E+01,,7.42E-02,,4.38E-02,,5.79E-03,,3.42E-03
3201500000,8.98E-02,1.11E+01,5.00E+08,2.98E+01,1.39E+09,2.56E+09,1.18E+09,4.75E+01,4.27E-02,2.38E-02,8.11E+01,7.28E-02,4.06E-02,2.43E+01,2.11E+00,3.44E+01,4.85E+03,2.61E+06,3.27E+07,8.99E+05,1.12E+07,1.13E+00,7.58E+00,5.54E-01,1.00E+02,5.87E+06,7.34E+07,1.20E+00,1.37E+01,0.00E+00,0.00E+00,2.16E+01,3.88E+01,0.00E+00,2.21E+01,1.66E+01,0.00E+00,7.06E+06,8.82E+07,2.95E+06,3.69E+07,3.87E+01,2.38E-02,6.25E+01,,4.27E-02,,2.38E-02,,7.28E-02,,4.06E-02
3201550000,8.31E-02,1.20E+01,5.05E+08,2.30E+01,8.68E+08,1.86E+09,9.93E+08,9.29E+01,7.72E-02,4.65E-02,5.08E+00,4.22E-03,2.54E-03,6.07E-04,3.44E+02,1.00E+02,1.46E+00,6.31E+01,7.67E+02,6.31E+01,7.67E+02,2.00E+00,0.00E+00,5.88E-01,1.00E+02,9.73E+06,1.18E+08,1.06E+00,1.30E+01,0.00E+00,0.00E+00,3.13E+01,6.06E+01,0.00E+00,4.87E+01,1.15E-03,0.00E+00,1.04E+07,1.26E+08,1.26E+02,1.53E+03,4.87E+01,4.36E-01,6.63E+01,,1.09E-01,,4.65E-02,,5.97E-03,,2.54E-03
3201600000,7.89E-02,1.27E+01,5.00E+08,2.82E+01,1.21E+09,2.26E+09,1.05E+09,4.71E+01,3.72E-02,2.35E-02,7.33E+01,5.78E-02,3.66E-02,2.14E+01,2.08E+00,3.77E+01,5.39E+03,2.07E+06,2.68E+07,7.81E+05,1.01E+07,1.10E+00,8.11E+00,5.09E-01,1.00E+02,4.93E+06,6.38E+07,1.18E+00,1.44E+01,0.00E+00,0.00E+00,2.47E+01,4.03E+01,0.00E+00,2.31E+01,1.48E+01,0.00E+00,5.79E+06,7.50E+07,2.27E+06,2.94E+07,3.79E+01,1.08E-01,5.38E+01,0.00E+00,6.90E-02,0.00E+00,2.35E-02,5.40E-02,1.07E-01,9.93E-05,3.65E-02
3201650000,6.73E-02,1.49E+01,5.00E+08,2.07E+01,8.32E+08,1.78E+09,9.46E+08,5.00E+01,3.37E-02,2.50E-02,1.41E+00,9.48E-04,7.04E-04,8.39E-05,1.00E+00,1.00E+02,1.00E+00,6.73E+00,1.13E+02,6.73E+00,1.13E+02,2.00E+00,0.00E+00,5.41E-01,1.00E+02,6.31E+06,1.06E+08,1.04E+00,9.39E+00,0.00E+00,0.00E+00,3.40E+01,4.80E+01,0.00E+00,4.35E+01,1.26E-04,0.00E+00,6.57E+06,1.10E+08,1.35E+01,2.25E+02,4.35E+01,3.08E-01,6.93E+01,1.46E-03,7.30E-02,1.11E-04,2.49E-02,0.00E+00,2.06E-03,0.00E+00,7.04E-04
3201700000,1.06E-01,9.43E+00,5.00E+08,9.20E+00,3.97E+08,8.14E+08,4.17E+08,1.01E+01,1.07E-02,5.05E-03,3.48E+00,3.69E-03,1.74E-03,1.36E-03,3.63E+02,1.00E+02,1.50E+00,8.91E+01,1.89E+03,8.91E+01,1.89E+03,2.00E+00,0.00E+00,3.33E-02,1.00E+02,4.11E+06,8.69E+07,1.00E+00,7.01E-01,0.00E+00,0.00E+00,1.17E+01,6.13E+01,0.00E+00,1.15E+01,2.62E-03,0.00E+00,4.11E+06,8.69E+07,1.78E+02,3.77E+03,1.15E+01,1.61E-01,8.67E+01,0.00E+00,1.48E-02,0.00E+00,5.05E-03,0.00E+00,5.08E-03,0.00E+00,1.74E-03
3201750000,1.46E-01,6.84E+00,5.00E+08,9.21E+00,4.83E+08,8.73E+08,3.90E+08,1.81E+01,2.64E-02,9.04E-03,2.90E+01,4.24E-02,1.45E-02,1.43E+01,3.43E+00,3.09E+00,2.61E+03,2.04E+06,2.12E+07,6.30E+04,6.57E+05,1.38E+00,0.00E+00,6.32E-02,1.00E+02,4.74E+06,4.94E+07,1.00E+00,1.31E+00,0.00E+00,0.00E+00,3.14E+01,2.84E+01,0.00E+00,1.64E+01,8.80E+00,0.00E+00,4.74E+06,4.94E+07,2.82E+06,2.94E+07,2.52E+01,1.21E-01,5.31E+01,0.00E+00,2.64E-02,0.00E+00,9.04E-03,0.00E+00,4.24E-02,0.00E+00,1.45E-02
3201800000,1.46E-01,6.84E+00,5.00E+08,3.34E+01,1.48E+09,2.70E+09,1.23E+09,5.92E+01,8.65E-02,2.96E-02,8.35E+01,1.22E-01,4.18E-02,2.08E+01,1.99E+00,4.41E+01,9.90E+03,3.76E+06,2.63E+07,1.66E+06,1.16E+07,1.01E+00,7.43E+00,7.21E-01,1.00E+02,1.16E+07,8.09E+07,1.34E+00,2.91E+01,0.00E+00,0.00E+00,2.61E+01,4.49E+01,0.00E+00,3.49E+01,1.48E+01,0.00E+00,1.54E+07,1.08E+08,3.80E+06,2.66E+07,4.96E+01,3.11E-02,7.61E+01,0.00E+00,8.65E-02,0.00E+00,2.96E-02,0.00E+00,1.22E-01,0.00E+00,4.18E-02
3201850000,1.19E-01,8.38E+00,5.18E+08,2.85E+01,1.27E+09,2.36E+09,1.09E+09,5.49E+01,6.55E-02,2.74E-02,5.82E+01,6.94E-02,2.91E-02,1.20E+01,2.15E+00,2.81E+01,3.74E+03,1.85E+06,1.55E+07,5.19E+05,4.35E+06,1.24E+00,0.00E+00,5.04E-01,1.00E+02,1.13E+07,9.46E+07,1.04E+00,1.28E+01,0.00E+00,0.00E+00,3.64E+01,3.36E+01,0.00E+00,4.34E+01,7.78E+00,0.00E+00,1.18E+07,9.87E+07,2.29E+06,1.92E+07,5.11E+01,3.11E-01,6.94E+01,0.00E+00,6.55E-02,0.00E+00,2.74E-02,0.00E+00,6.94E-02,0.00E+00,2.91E-02
3201900000,1.13E-01,8.88E+00,6.50E+08,2.48E+01,1.25E+09,2.58E+09,1.33E+09,9.36E+01,1.05E-01,4.68E-02,3.91E+01,4.41E-02,1.96E-02,6.00E+00,2.18E+00,4.39E+01,4.92E+03,1.10E+06,9.74E+06,4.82E+05,4.28E+06,1.01E+00,0.00E+00,6.45E-01,1.00E+02,1.44E+07,1.28E+08,1.15E+00,1.74E+01,0.00E+00,0.00E+00,3.41E+01,4.60E+01,0.00E+00,4.84E+01,4.37E+00,0.00E+00,1.66E+07,1.47E+08,1.11E+06,9.87E+06,5.27E+01,1.56E+00,6.03E+01,0.00E+00,1.05E-01,0.00E+00,4.68E-02,0.00E+00,4.41E-02,0.00E+00,1.96E-02
3201950000,1.04E-01,9.62E+00,5.39E+08,1.50E+01,6.76E+08,1.62E+09,9.45E+08,2.34E+01,2.43E-02,1.17E-02,3.31E+00,3.44E-03,1.65E-03,6.19E-01,5.42E+01,9.90E-01,8.35E+02,5.25E+04,1.04E+06,5.19E+02,1.03E+04,1.35E+00,0.00E+00,3.19E-01,1.00E+02,6.50E+06,1.29E+08,1.03E+00,7.10E+00,0.00E+00,0.00E+00,9.77E+00,2.95E+01,0.00E+00,1.21E+01,3.84E-01,0.00E+00,6.71E+06,1.33E+08,7.06E+04,1.40E+06,1.25E+01,7.33E-02,8.88E+01,0.00E+00,2.43E-02,0.00E+00,1.17E-02,0.00E+00,3.44E-03,0.00E+00,1.65E-03
3202000000,9.66E-02,1.03E+01,5.00E+08,2.64E+01,1.19E+09,2.16E+09,9.73E+08,3.62E+01,3.50E-02,1.81E-02,8.16E+01,7.88E-02,4.08E-02,2.80E+01,2.04E+00,2.90E+01,5.58E+03,3.28E+06,3.57E+07,9.49E+05,1.03E+07,1.19E+00,0.00E+00,3.27E-01,1.00E+02,5.74E+06,6.26E+07,1.01E+00,5.94E+00,0.00E+00,0.00E+00,1.82E+01,3.53E+01,0.00E+00,1.40E+01,1.84E+01,0.00E+00,5.78E+06,6.30E+07,3.91E+06,4.26E+07,3.24E+01,8.20E-02,5.25E+01,0.00E+00,3.50E-02,0.00E+00,1.81E-02,0.00E+00,7.88E-02,0.00E+00,4.08E-02
3202050000,8.85E-02,1.13E+01,5.00E+08,2.47E+01,9.75E+08,1.98E+09,1.00E+09,9.34E+01,8.27E-02,4.67E-02,6.49E+01,5.74E-02,3.25E-02,7.96E+00,1.89E+00,6.15E+01,3.88E+03,8.81E+05,9.95E+06,5.42E+05,6.12E+06,1.01E+00,0.00E+00,5.87E-01,1.00E+02,7.08E+06,8.00E+07,1.39E+00,2.99E+01,0.00E+00,0.00E+00,4.52E+01,4.55E+01,0.00E+00,6.30E+01,5.75E+00,0.00E+00,9.86E+06,1.11E+08,8.93E+05,1.01E+07,6.87E+01,1.25E+00,5.54E+01,0.00E+00,8.27E-02,0.00E+00,4.67E-02,0.00E+00,5.74E-02,0.00E+00,3.25E-02
3202100000,8.32E-02,1.20E+01,5.00E+08,3.51E+01,1.52E+09,2.81E+09,1.29E+09,3.41E+01,2.84E-02,1.71E-02,4.23E+01,3.52E-02,2.12E-02,1.27E+01,1.77E+00,6.14E+01,7.57E+03,1.32E+06,1.58E+07,8.09E+05,9.72E+06,1.01E+00,1.30E+01,7.29E-01,1.00E+02,7.92E+06,9.53E+07,1.07E+00,1.18E+01,0.00E+00,0.00E+00,1.42E+01,4.54E+01,0.00E+00,1.80E+01,9.09E+00,0.00E+00,8.44E+06,1.01E+08,1.33E+06,1.60E+07,2.71E+01,4.41E-02,6.19E+01,0.00E+00,2.84E-02,0.00E+00,1.71E-02,0.00E+00,3.52E-02,0.00E+00,2.12E-02
3202150000,7.93E-02,1.26E+01,5.00E+08,3.17E+01,1.43E+09,2.54E+09,1.11E+09,9.21E+01,7.30E-02,4.61E-02,6.91E+01,5.48E-02,3.46E-02,1.36E+01,1.94E+00,3.85E+01,4.86E+03,1.35E+06,1.70E+07,5.19E+05,6.55E+06,1.14E+00,0.00E+00,5.01E-01,1.00E+02,7.10E+06,8.95E+07,1.05E+00,1.23E+01,0.00E+00,0.00E+00,3.49E+01,3.76E+01,0.00E+00,4.10E+01,9.09E+00,0.00E+00,7.46E+06,9.41E+07,1.54E+06,1.94E+07,5.01E+01,2.66E-01,7.23E+01,0.00E+00,7.30E-02,0.00E+00,4.61E-02,0.00E+00,5.48E-02,0.00E+00,3.46E-02
3202200000,7.64E-02,1.31E+01,5.00E+08,2.93E+01,1.12E+09,2.34E+09,1.22E+09,9.18E+01,7.01E-02,4.59E-02,2.57E+01,1.96E-02,1.28E-02,9.99E+00,1.99E+00,5.89E+01,4.31E+03,9.54E+05,1.25E+07,5.62E+05,7.36E+06,1.01E+00,0.00E+00,6.49E-01,1.00E+02,7.69E+06,1.01E+08,1.11E+00,1.88E+01,0.00E+00,0.00E+00,3.59E+01,4.61E+01,0.00E+00,5.02E+01,7.29E+00,0.00E+00,8.53E+06,1.12E+08,9.68E+05,1.27E+07,5.75E+01,1.01E+00,5.74E+01,0.00E+00,7.93E-02,0.00E+00,4.59E-02,0.00E+00,2.22E-02,0.00E+00,1.28E-02
3202250000,7.17E-02,1.39E+01,5.00E+08,3.63E+01,1.66E+09,2.91E+09,1.25E+09,7.97E+01,5.71E-02,3.98E-02,1.79E+01,1.29E-02,8.97E-03,1.27E+01,1.90E+00,5.21E+01,3.28E+04,1.14E+06,1.59E+07,5.92E+05,8.26E+06,1.01E+00,1.06E+01,7.48E-01,1.00E+02,7.17E+06,1.00E+08,1.07E+00,1.24E+01,0.00E+00,0.00E+00,1.62E+01,4.45E+01,0.00E+00,2.16E+01,8.88E+00,0.00E+00,7.68E+06,1.07E+08,1.15E+06,1.60E+07,3.05E+01,2.37E-01,6.33E+01,0.00E+00,8.52E-02,0.00E+00,3.98E-02,0.00E+00,1.92E-02,0.00E+00,8.97E-03
3202300000,2.31E-02,4.32E+01,5.00E+08,2.24E+01,9.43E+08,1.79E+09,8.46E+08,5.33E+01,1.23E-02,2.66E-02,1.51E+01,3.49E-03,7.54E-03,3.01E+00,1.65E+00,8.45E+01,1.34E+03,8.70E+04,3.76E+06,7.36E+04,3.18E+06,1.03E+00,0.00E+00,4.13E-01,1.00E+02,1.86E+06,8.06E+07,1.05E+00,6.87E+00,0.00E+00,0.00E+00,4.43E+01,4.90E+01,0.00E+00,4.70E+01,2.37E+00,0.00E+00,1.97E+06,8.50E+07,8.94E+04,3.87E+06,4.94E+01,3.43E-01,6.37E+01,1.57E-04,5.67E-02,1.59E-04,2.65E-02,1.96E-04,1.57E-02,1.97E-04,7.35E-03
3202350000,1.07E-01,9.30E+00,5.00E+08,2.67E+01,1.08E+09,2.21E+09,1.13E+09,2.21E+01,2.38E-02,1.11E-02,5.29E+01,5.68E-02,2.64E-02,1.84E+01,1.98E+00,3.47E+01,4.52E+03,2.22E+06,2.38E+07,7.72E+05,8.27E+06,1.17E+00,0.00E+00,3.02E-01,1.00E+02,1.01E+07,1.08E+08,1.02E+00,8.03E+00,0.00E+00,0.00E+00,1.48E+01,3.61E+01,0.00E+00,1.98E+01,1.22E+01,0.00E+00,1.03E+07,1.10E+08,2.60E+06,2.79E+07,3.20E+01,2.74E-01,6.30E+01,,2.35E-02,1.04E-04,1.09E-02,,5.68E-02,0.00E+00,2.64E-02
3202400000,1.07E-01,9.32E+00,5.00E+08,2.67E+01,1.06E+09,2.13E+09,1.07E+09,6.62E+01,7.10E-02,3.31E-02,2.08E+01,2.23E-02,1.04E-02,7.80E+00,1.85E+00,6.09E+01,4.33E+03,1.05E+06,9.75E+06,6.37E+05,5.94E+06,1.02E+00,0.00E+00,6.60E-01,1.00E+02,9.92E+06,9.25E+07,1.20E+00,1.81E+01,0.00E+00,0.00E+00,4.15E+01,4.67E+01,0.00E+00,5.74E+01,5.78E+00,0.00E+00,1.19E+07,1.11E+08,1.06E+06,9.91E+06,6.32E+01,2.98E-01,5.91E+01,,7.10E-02,,3.31E-02,,2.23E-02,,1.04E-02
3202450000,1.01E-01,9.85E+00,5.42E+08,3.37E+01,1.68E+09,2.93E+09,1.25E+09,4.42E+01,4.48E-02,2.21E-02,5.02E+01,5.10E-02,2.51E-02,1.23E+01,1.94E+00,4.71E+01,6.16E+03,1.69E+06,1.66E+07,7.94E+05,7.83E+06,1.08E+00,3.27E+00,6.76E-01,1.00E+02,1.06E+07,1.05E+08,1.08E+00,1.24E+01,0.00E+00,0.00E+00,1.32E+01,4.04E+01,0.00E+00,1.73E+01,8.37E+00,0.00E+00,1.15E+07,1.14E+08,1.82E+06,1.80E+07,2.56E+01,2.53E-01,6.95E+01,,4.48E-02,,2.21E-02,,5.10E-02,,2.51E-02
3202500000,1.02E-01,9.81E+00,5.00E+08,2.07E+01,8.11E+08,1.65E+09,8.43E+08,7.06E+01,7.20E-02,3.53E-02,2.81E+01,2.86E-02,1.40E-02,6.59E+00,1.78E+00,6.38E+01,3.43E+03,8.40E+05,8.24E+06,5.35E+05,5.26E+06,1.02E+00,0.00E+00,2.70E-01,1.00E+02,7.25E+06,7.11E+07,1.08E+00,8.96E+00,0.00E+00,0.00E+00,5.64E+01,4.80E+01,0.00E+00,5.44E+01,5.06E+00,0.00E+00,7.86E+06,7.71E+07,8.60E+05,8.44E+06,5.94E+01,4.73E-01,5.88E+01,,7.20E-02,,3.53E-02,,2.86E-02,,1.40E-02
3202550000,1.92E-01,5.22E+00,5.91E+08,1.94E+01,1.08E+09,1.97E+09,8.95E+08,5.03E+01,9.63E-02,2.51E-02,2.08E+01,3.98E-02,1.04E-02,6.18E+00,3.70E+00,5.30E+00,1.92E+03,1.56E+06,9.82E+06,8.27E+04,5.20E+05,1.40E+00,0.00E+00,3.77E-01,1.00E+02,1.73E+07,1.09E+08,1.07E+00,6.31E+00,0.00E+00,0.00E+00,1.54E+01,2.79E+01,0.00E+00,1.76E+01,3.78E+00,0.00E+00,1.85E+07,1.16E+08,2.19E+06,1.38E+07,2.13E+01,1.92E-01,7.24E+01,,9.63E-02,,2.51E-02,,3.98E-02,,1.04E-02
3202600000,1.92E-01,5.22E+00,6.50E+08,2.93E+01,1.65E+09,3.05E+09,1.39E+09,7.36E+01,1.41E-01,3.68E-02,5.72E+01,1.10E-01,2.86E-02,1.45E+01,1.89E+00,5.51E+01,6.69E+03,4.52E+06,2.36E+07,2.49E+06,1.30E+07,1.02E+00,0.00E+00,5.50E-01,1.00E+02,1.89E+07,9.87E+07,1.21E+00,1.50E+01,0.00E+00,0.00E+00,3.20E+01,4.54E+01,0.00E+00,3.67E+01,1.05E+01,0.00E+00,2.29E+07,1.19E+08,4.59E+06,2.40E+07,4.72E+01,5.46E-01,6.93E+01,,1.41E-01,,3.68E-02,,1.10E-01,,2.86E-02
3202650000,1.92E-01,5.22E+00,6.36E+08,2.01E+01,1.21E+09,2.24E+09,1.03E+09,2.84E+01,5.45E-02,1.42E-02,0.00E+00,0.00E+00,0.00E+00,0.00E+00,,,,0.00E+00,0.00E+00,0.00E+00,0.00E+00,,0.00E+00,4.92E-01,1.00E+02,1.49E+07,1.13E+08,1.10E+00,8.94E+00,0.00E+00,0.00E+00,3.01E+01,,0.00E+00,3.36E+01,0.00E+00,0.00E+00,1.64E+07,1.24E+08,0.00E+00,0.00E+00,3.36E+01,1.02E+00,7.39E+01,,5.45E-02,,1.42E-02,,0.00E+00,,0.00E+00
3202700000,1.91E-01,5.24E+00,5.00E+08,8.73E+00,3.86E+08,9.79E+08,5.93E+08,5.28E+00,1.01E-02,2.64E-03,2.87E+00,5.48E-03,1.44E-03,4.93E-03,3.63E+02,1.00E+02,1.50E+00,1.60E+02,8.64E+03,1.60E+02,8.64E+03,2.00E+00,0.00E+00,1.20E-01,1.00E+02,1.00E+06,5.40E+07,1.00E+00,2.52E+00,0.00E+00,0.00E+00,6.06E+01,6.13E+01,0.00E+00,2.91E+01,9.45E-03,0.00E+00,1.00E+06,5.40E+07,3.20E+02,1.73E+04,2.91E+01,1.77E-01,6.23E+01,,1.01E-02,,2.64E-03,,5.48E-03,,1.44E-03
3202750000,1.87E-01,5.35E+00,5.00E+08,8.05E+00,3.99E+08,9.76E+08,5.77E+08,1.85E+01,3.45E-02,9.24E-03,6.90E+00,1.29E-02,3.45E-03,7.37E-01,2.21E+00,8.98E+01,1.53E+02,1.27E+05,1.40E+06,1.14E+05,1.25E+06,1.70E+00,0.00E+00,6.65E-02,1.00E+02,7.11E+06,7.80E+07,1.00E+00,1.37E+00,0.00E+00,0.00E+00,2.74E+01,2.70E+01,0.00E+00,1.76E+01,5.30E-01,0.00E+00,7.11E+06,7.80E+07,2.17E+05,2.38E+06,1.82E+01,1.11E-01,7.82E+01,,3.45E-02,,9.24E-03,,1.29E-02,,3.45E-03
3202800000,1.87E-01,5.35E+00,5.00E+08,3.31E+01,1.70E+09,2.92E+09,1.22E+09,3.94E+01,7.37E-02,1.97E-02,6.34E+01,1.18E-01,3.17E-02,2.19E+01,1.91E+00,4.89E+01,1.27E+04,4.63E+06,3.01E+07,2.26E+06,1.47E+07,1.01E+00,0.00E+00,4.10E-01,1.00E+02,1.28E+07,8.36E+07,1.02E+00,5.47E+00,0.00E+00,0.00E+00,1.27E+01,4.42E+01,0.00E+00,1.22E+01,1.53E+01,0.00E+00,1.31E+07,8.50E+07,4.69E+06,3.06E+07,2.75E+01,7.62E-02,8.42E+01,,7.37E-02,,1.97E-02,,1.18E-01,,3.17E-02
3202850000,1.87E-01,5.35E+00,5.00E+08,2.05E+01,7.89E+08,1.64E+09,8.51E+08,9.57E+01,1.79E-01,4.78E-02,4.09E+01,7.65E-02,2.05E-02,4.28E+00,2.00E+00,3.36E+01,1.74E+03,1.00E+06,5.35E+06,3.36E+05,1.80E+06,1.04E+00,0.00E+00,4.67E-01,1.00E+02,1.59E+07,8.52E+07,1.38E+00,2.92E+01,0.00E+00,0.00E+00,4.77E+01,5.11E+01,0.00E+00,6.99E+01,3.56E+00,0.00E+00,2.19E+07,1.17E+08,1.04E+06,5.56E+06,7.35E+01,2.52E-01,6.00E+01,,1.79E-01,,4.78E-02,,7.65E-02,,2.05E-02
3202900000,1.54E-01,6.48E+00,5.00E+08,2.52E+01,1.17E+09,2.15E+09,9.84E+08,7.75E+01,1.20E-01,3.87E-02,5.54E+00,8.55E-03,2.77E-03,1.05E-03,3.63E+02,1.00E+02,1.50E+00,1.85E+02,1.39E+03,1.85E+02,1.39E+03,2.00E+00,0.00E+00,5.58E-01,1.00E+02,1.59E+07,1.20E+08,1.06E+00,9.04E+00,0.00E+00,0.00E+00,2.54E+01,6.13E+01,0.00E+00,3.77E+01,2.00E-03,0.00E+00,1.68E+07,1.26E+08,3.70E+02,2.78E+03,3.77E+01,1.45E-01,7.30E+01,,1.20E-01,,3.87E-02,,8.55E-03,,2.77E-03
3202950000,1.26E-01,7.92E+00,5.00E+08,1.59E+01,8.18E+08,1.40E+09,5.77E+08,1.39E+01,1.75E-02,6.94E-03,4.27E+01,5.40E-02,2.14E-02,1.88E+01,2.05E+00,2.09E+01,3.17E+03,2.51E+06,2.58E+07,5.25E+05,5.40E+06,1.27E+00,0.00E+00,5.83E-02,1.00E+02,5.51E+06,5.66E+07,1.00E+00,1.21E+00,0.00E+00,0.00E+00,2.44E+01,3.21E+01,0.00E+00,1.58E+01,1.20E+01,0.00E+00,5.51E+06,5.66E+07,3.19E+06,3.28E+07,2.78E+01,1.08E-01,5.36E+01,,1.75E-02,,6.94E-03,,5.40E-02,,2.14E-02
3203000000,1.26E-01,7.92E+00,5.41E+08,3.33E+01,1.69E+09,2.88E+09,1.19E+09,7.26E+01,9.18E-02,3.63E-02,8.46E+01,1.07E-01,4.23E-02,1.98E+01,1.95E+00,3.68E+01,6.86E+03,3.37E+06,2.67E+07,1.24E+06,9.82E+06,1.01E+00,7.96E+00,7.05E-01,1.00E+02,1.04E+07,8.26E+07,1.36E+00,2.69E+01,0.00E+00,0.00E+00,2.95E+01,4.59E+01,0.00E+00,3.83E+01,1.44E+01,0.00E+00,1.42E+07,1.12E+08,3.42E+06,2.71E+07,5.27E+01,1.26E-01,7.59E+01,,9.18E-02,,3.63E-02,,1.07E-01,,4.23E-02
3203050000,9.43E-02,1.06E+01,6.50E+08,2.68E+01,1.63E+09,2.79E+09,1.16E+09,9.67E+01,9.12E-02,4.84E-02,7.76E+01,7.32E-02,3.88E-02,1.19E+01,2.08E+00,2.54E+01,3.14E+03,1.83E+06,1.94E+07,4.65E+05,4.93E+06,1.23E+00,0.00E+00,3.90E-01,1.00E+02,9.88E+06,1.05E+08,1.04E+00,7.53E+00,0.00E+00,0.00E+00,4.77E+01,3.38E+01,0.00E+00,5.00E+01,7.74E+00,0.00E+00,1.03E+07,1.09E+08,2.25E+06,2.38E+07,5.78E+01,4.02E-01,6.39E+01,,9.12E-02,,4.84E-02,,7.32E-02,,3.88E-02
3203100000,9.26E-02,1.08E+01,6.50E+08,3.26E+01,1.86E+09,3.39E+09,1.53E+09,9.03E+01,8.36E-02,4.51E-02,9.01E+01,8.34E-02,4.50E-02,1.51E+01,2.01E+00,3.69E+01,5.52E+03,2.26E+06,2.45E+07,8.36E+05,9.03E+06,1.01E+00,2.24E+00,7.33E-01,1.00E+02,1.13E+07,1.22E+08,1.22E+00,2.49E+01,0.00E+00,0.00E+00,3.02E+01,4.61E+01,0.00E+00,4.32E+01,1.10E+01,0.00E+00,1.38E+07,1.49E+08,2.30E+06,2.48E+07,5.42E+01,9.01E-01,7.43E+01,,8.36E-02,,4.51E-02,,8.34E-02,,4.50E-02
3203150000,9.93E-02,1.01E+01,6.50E+08,2.98E+01,1.93E+09,3.10E+09,1.17E+09,9.62E+01,9.55E-02,4.81E-02,1.85E+01,1.84E-02,9.24E-03,1.29E+01,2.00E+00,3.91E+01,8.73E+03,2.08E+06,2.10E+07,8.15E+05,8.21E+06,1.06E+00,0.00E+00,3.46E-01,1.00E+02,9.46E+06,9.52E+07,1.04E+00,6.49E+00,0.00E+00,0.00E+00,4.99E+01,4.12E+01,0.00E+00,4.77E+01,8.83E+00,0.00E+00,9.88E+06,9.95E+07,2.21E+06,2.23E+07,5.66E+01,2.07E+00,7.02E+01,,9.55E-02,,4.81E-02,,1.84E-02,,9.24E-03
3203200000,9.90E-02,1.01E+01,6.50E+08,2.75E+01,1.49E+09,2.86E+09,1.37E+09,8.79E+01,8.70E-02,4.39E-02,1.95E+01,1.93E-02,9.77E-03,8.97E+00,1.90E+00,3.79E+01,3.92E+03,1.44E+06,1.46E+07,5.47E+05,5.53E+06,1.02E+00,0.00E+00,5.97E-01,1.00E+02,1.26E+07,1.27E+08,1.06E+00,1.51E+01,0.00E+00,0.00E+00,3.13E+01,4.73E+01,0.00E+00,4.04E+01,6.76E+00,0.00E+00,1.33E+07,1.34E+08,1.47E+06,1.49E+07,4.72E+01,1.05E+00,5.91E+01,,8.70E-02,,4.39E-02,,1.93E-02,,9.77E-03
3203250000,9.56E-02,1.05E+01,6.50E+08,3.09E+01,1.90E+09,3.21E+09,1.31E+09,9.49E+01,9.07E-02,4.75E-02,6.40E+01,6.11E-02,3.20E-02,9.98E+00,1.99E+00,4.07E+01,1.53E+04,1.55E+06,1.62E+07,6.30E+05,6.60E+06,1.01E+00,0.00E+00,4.67E-01,1.00E+02,1.12E+07,1.17E+08,1.04E+00,9.02E+00,0.00E+00,0.00E+00,3.74E+01,4.40E+01,0.00E+00,4.39E+01,6.92E+00,0.00E+00,1.17E+07,1.22E+08,1.56E+06,1.63E+07,5.08E+01,1.91E+00,7.24E+01,,9.07E-02,,4.75E-02,,6.11E-02,,3.20E-02
3203300000,9.53E-02,1.05E+01,6.50E+08,2.33E+01,1.31E+09,2.42E+09,1.11E+09,4.25E+01,4.05E-02,2.13E-02,4.17E+01,3.97E-02,2.08E-02,1.01E+01,1.97E+00,4.23E+01,3.92E+03,1.56E+06,1.64E+07,6.61E+05,6.93E+06,1.02E+00,0.00E+00,3.93E-01,1.00E+02,8.69E+06,9.12E+07,1.01E+00,5.08E+00,0.00E+00,0.00E+00,4.00E+01,4.71E+01,0.00E+00,3.56E+01,7.56E+00,0.00E+00,8.82E+06,9.26E+07,1.59E+06,1.67E+07,4.31E+01,4.88E-01,5.20E+01,,4.05E-02,,2.13E-02,,3.97E-02,,2.08E-02
3203350000,9.39E-02,1.06E+01,6.50E+08,3.41E+01,2.14E+09,3.55E+09,1.41E+09,5.21E+01,4.89E-02,2.60E-02,2.60E+01,2.44E-02,1.30E-02,1.34E+01,2.01E+00,3.86E+01,1.02E+04,2.05E+06,2.18E+07,7.92E+05,8.43E+06,1.06E+00,0.00E+00,4.27E-01,1.00E+02,1.27E+07,1.35E+08,1.03E+00,1.05E+01,0.00E+00,0.00E+00,2.87E+01,4.16E+01,0.00E+00,3.85E+01,9.21E+00,0.00E+00,1.31E+07,1.39E+08,2.16E+06,2.30E+07,4.77E+01,1.03E+00,7.53E+01,,4.89E-02,,2.60E-02,,2.44E-02,,1.30E-02
3203400000,9.96E-02,1.00E+01,6.50E+08,2.73E+01,1.51E+09,2.84E+09,1.34E+09,9.44E+01,9.40E-02,4.72E-02,5.94E+01,5.92E-02,2.97E-02,9.29E+00,1.99E+00,4.19E+01,3.91E+03,1.50E+06,1.51E+07,6.30E+05,6.33E+06,1.02E+00,0.00E+00,5.20E-01,1.00E+02,1.22E+07,1.23E+08,1.05E+00,1.14E+01,0.00E+00,0.00E+00,4.19E+01,4.66E+01,0.00E+00,5.21E+01,6.87E+00,0.00E+00,1.29E+07,1.29E+08,1.53E+06,1.53E+07,5.89E+01,1.62E+00,6.36E+01,,9.40E-02,,4.72E-02,,5.92E-02,,2.97E-02
3203450000,1.17E-01,8.58E+00,6.50E+08,3.25E+01,2.03E+09,3.38E+09,1.36E+09,6.43E+01,7.50E-02,3.22E-02,5.62E+01,6.56E-02,2.81E-02,8.57E+00,1.89E+00,3.86E+01,3.48E+04,1.62E+06,1.39E+07,6.27E+05,5.38E+06,1.01E+00,2.37E+00,6.78E-01,1.00E+02,1.54E+07,1.32E+08,1.04E+00,9.96E+00,0.00E+00,0.00E+00,2.63E+01,4.40E+01,0.00E+00,3.48E+01,5.94E+00,0.00E+00,1.61E+07,1.38E+08,1.64E+06,1.40E+07,4.08E+01,1.95E+00,6.12E+01,,7.50E-02,,3.22E-02,,6.56E-02,,2.81E-02
3203500000,1.17E-01,8.58E+00,6.50E+08,1.96E+01,1.05E+09,2.04E+09,9.87E+08,6.28E+01,7.33E-02,3.14E-02,3.81E+01,4.45E-02,1.91E-02,9.65E+00,1.91E+00,4.46E+01,5.06E+03,1.83E+06,1.57E+07,8.15E+05,6.99E+06,1.02E+00,0.00E+00,1.89E-01,1.00E+02,9.17E+06,7.86E+07,1.00E+00,3.94E+00,0.00E+00,0.00E+00,6.06E+01,4.67E+01,0.00E+00,4.58E+01,7.17E+00,0.00E+00,9.17E+06,7.86E+07,1.86E+06,1.59E+07,5.30E+01,8.42E-01,6.20E+01,,7.33E-02,,3.14E-02,,4.45E-02,,1.91E-02
3203550000,1.18E-01,8.46E+00,6.50E+08,2.42E+01,1.29E+09,2.54E+09,1.24E+09,4.89E+01,5.77E-02,2.44E-02,1.13E+01,1.33E-02,5.63E-03,6.10E-01,2.79E+00,8.94E+01,2.41E+02,1.12E+05,9.98E+05,9.99E+04,8.93E+05,1.61E+00,0.00E+00,4.36E-01,1.00E+02,1.79E+07,1.60E+08,1.03E+00,7.99E+00,0.00E+00,0.00E+00,2.41E+01,2.71E+01,0.00E+00,3.79E+01,4.17E-01,0.00E+00,1.84E+07,1.65E+08,1.80E+05,1.61E+06,3.84E+01,7.46E-01,6.82E+01,,5.77E-02,,2.44E-02,,1.33E-02,,5.63E-03
3203600000,1.18E-01,8.46E+00,6.50E+08,3.26E+01,2.09E+09,3.39E+09,1.30E+09,6.54E+01,7.73E-02,3.27E-02,5.56E+01,6.57E-02,2.78E-02,1.91E+01,1.88E+00,4.45E+01,7.76E+03,3.67E+06,3.11E+07,1.64E+06,1.38E+07,1.01E+00,0.00E+00,4.49E-01,1.00E+02,9.48E+06,8.02E+07,1.21E+00,1.55E+01,0.00E+00,0.00E+00,3.12E+01,4.57E+01,0.00E+00,2.90E+01,1.38E+01,0.00E+00,1.14E+07,9.67E+07,3.72E+06,3.15E+07,4.28E+01,2.72E-01,7.80E+01,,7.73E-02,,3.27E-02,,6.57E-02,,2.78E-02
3203650000,9.75E-02,1.03E+01,6.50E+08,2.28E+01,1.37E+09,2.37E+09,1.00E+09,6.70E+01,6.53E-02,3.35E-02,4.63E+01,4.51E-02,2.31E-02,9.81E+00,3.02E+00,7.08E+00,2.57E+03,1.55E+06,1.59E+07,1.10E+05,1.13E+06,1.33E+00,0.00E+00,3.82E-01,1.00E+02,1.02E+07,1.05E+08,1.05E+00,7.10E+00,0.00E+00,0.00E+00,4.89E+01,3.00E+01,0.00E+00,5.16E+01,6.12E+00,0.00E+00,1.07E+07,1.10E+08,2.07E+06,2.12E+07,5.77E+01,7.44E-01,6.17E+01,,6.53E-02,,3.35E-02,,4.51E-02,,2.31E-02
3203700000,8.72E-02,1.15E+01,6.50E+08,3.38E+01,1.95E+09,3.52E+09,1.57E+09,7.14E+01,6.23E-02,3.57E-02,9.17E+01,7.99E-02,4.58E-02,1.87E+01,1.83E+00,4.52E+01,7.90E+03,2.66E+06,3.04E+07,1.20E+06,1.37E+07,1.01E+00,3.37E+00,6.27E-01,1.00E+02,9.34E+06,1.07E+08,1.18E+00,2.66E+01,0.00E+00,0.00E+00,2.77E+01,4.57E+01,0.00E+00,3.36E+01,1.36E+01,0.00E+00,1.10E+07,1.26E+08,2.69E+06,3.09E+07,4.72E+01,7.16E-01,7.81E+01,,6.23E-02,,3.57E-02,,7.99E-02,,4.58E-02
3203750000,9.70E-02,1.03E+01,6.50E+08,2.21E+01,1.23E+09,2.30E+09,1.07E+09,9.49E+01,9.20E-02,4.75E-02,5.16E+01,5.01E-02,2.58E-02,6.35E+00,2.32E+00,2.95E+01,2.63E+03,1.00E+06,1.03E+07,2.95E+05,3.05E+06,1.24E+00,0.00E+00,2.69E-01,1.00E+02,1.18E+07,1.22E+08,1.05E+00,5.53E+00,0.00E+00,0.00E+00,4.58E+01,3.35E+01,0.00E+00,5.63E+01,4.13E+00,0.00E+00,1.24E+07,1.28E+08,1.24E+06,1.28E+07,6.04E+01,7.71E-01,5.87E+01,,9.20E-02,,4.75E-02,,5.01E-02,,2.58E-02
3203800000,9.88E-02,1.01E+01,6.50E+08,3.64E+01,2.24E+09,3.79E+09,1.55E+09,9.32E+01,9.22E-02,4.66E-02,4.56E+01,4.51E-02,2.28E-02,1.65E+01,1.78E+00,4.41E+01,7.29E+03,2.66E+06,2.69E+07,1.17E+06,1.18E+07,1.01E+00,1.03E+01,6.99E-01,1.00E+02,1.13E+07,1.15E+08,1.14E+00,1.75E+01,0.00E+00,0.00E+00,2.30E+01,4.59E+01,0.00E+00,2.89E+01,1.20E+01,0.00E+00,1.29E+07,1.30E+08,2.69E+06,2.73E+07,4.09E+01,1.05E+00,7.73E+01,,9.22E-02,,4.66E-02,,4.51E-02,,2.28E-02
3203850000,9.40E-02,1.06E+01,6.50E+08,2.58E+01,1.65E+09,2.68E+09,1.04E+09,7.05E+01,6.62E-02,3.52E-02,5.19E+01,4.87E-02,2.59E-02,9.78E+00,1.92E+00,4.28E+01,7.21E+03,1.49E+06,1.59E+07,6.39E+05,6.80E+06,1.07E+00,0.00E+00,2.87E-01,1.00E+02,8.50E+06,9.05E+07,1.09E+00,5.79E+00,0.00E+00,0.00E+00,5.53E+01,4.06E+01,0.00E+00,5.22E+01,6.65E+00,0.00E+00,9.23E+06,9.82E+07,1.60E+06,1.70E+07,5.89E+01,1.71E+00,6.58E+01,,6.62E-02,,3.52E-02,,4.87E-02,,2.59E-02
3203900000,9.33E-02,1.07E+01,6.50E+08,3.04E+01,1.67E+09,3.17E+09,1.50E+09,6.90E+01,6.44E-02,3.45E-02,6.07E+01,5.67E-02,3.04E-02,1.20E+01,1.84E+00,3.93E+01,5.42E+03,1.81E+06,1.94E+07,7.13E+05,7.64E+06,1.02E+00,0.00E+00,6.18E-01,1.00E+02,1.20E+07,1.28E+08,1.06E+00,1.68E+01,0.00E+00,0.00E+00,2.81E+01,4.67E+01,0.00E+00,3.69E+01,8.87E+00,0.00E+00,1.27E+07,1.36E+08,1.84E+06,1.98E+07,4.58E+01,8.54E-01,6.74E+01,,6.44E-02,,3.45E-02,,5.67E-02,,3.04E-02
3203950000,9.34E-02,1.07E+01,6.50E+08,2.98E+01,1.88E+09,3.10E+09,1.23E+09,9.60E+01,8.97E-02,4.80E-02,6.00E+01,5.60E-02,3.00E-02,9.98E+00,1.91E+00,4.29E+01,1.29E+04,1.52E+06,1.62E+07,6.50E+05,6.96E+06,1.01E+00,0.00E+00,4.44E-01,1.00E+02,9.82E+06,1.05E+08,1.11E+00,8.38E+00,0.00E+00,0.00E+00,3.80E+01,4.40E+01,0.00E+00,4.25E+01,6.92E+00,0.00E+00,1.09E+07,1.16E+08,1.53E+06,1.63E+07,4.94E+01,2.17E+00,7.46E+01,,8.97E-02,,4.80E-02,,5.60E-02,,3.00E-02
3204000000,9.72E-02,1.03E+01,6.50E+08,2.33E+01,1.28E+09,2.43E+09,1.15E+09,6.36E+01,6.18E-02,3.18E-02,3.94E+01,3.83E-02,1.97E-02,1.01E+01,1.86E+00,4.54E+01,4.21E+03,1.59E+06,1.64E+07,7.24E+05,7.45E+06,1.02E+00,0.00E+00,3.94E-01,1.00E+02,9.26E+06,9.53E+07,1.00E+00,5.94E+00,0.00E+00,0.00E+00,3.84E+01,4.72E+01,0.00E+00,3.52E+01,7.58E+00,0.00E+00,9.28E+06,9.55E+07,1.62E+06,1.67E+07,4.28E+01,6.63E-01,5.10E+01,,6.18E-02,,3.18E-02,,3.83E-02,,1.97E-02
3204050000,1.28E-01,7.82E+00,6.50E+08,3.04E+01,1.93E+09,3.16E+09,1.23E+09,9.72E+01,1.24E-01,4.86E-02,6.55E+01,8.38E-02,3.28E-02,1.23E+01,1.90E+00,3.67E+01,1.03E+04,2.55E+06,1.99E+07,9.34E+05,7.31E+06,1.06E+00,0.00E+00,4.20E-01,1.00E+02,1.44E+07,1.12E+08,1.10E+00,9.54E+00,0.00E+00,0.00E+00,3.18E+01,4.13E+01,0.00E+00,3.77E+01,8.37E+00,0.00E+00,1.58E+07,1.23E+08,2.70E+06,2.11E+07,4.61E+01,8.85E-01,7.53E+01,,1.24E-01,,4.86E-02,,8.38E-02,,3.28E-02
3204100000,1.28E-01,7.82E+00,6.50E+08,2.53E+01,1.36E+09,2.63E+09,1.26E+09,8.58E+01,1.10E-01,4.29E-02,5.24E+01,6.70E-02,2.62E-02,9.48E+00,1.81E+00,4.61E+01,4.53E+03,1.97E+06,1.54E+07,9.09E+05,7.11E+06,1.02E+00,0.00E+00,4.54E-01,1.00E+02,1.43E+07,1.12E+08,1.03E+00,1.13E+01,0.00E+00,0.00E+00,4.10E+01,4.73E+01,0.00E+00,4.54E+01,7.14E+00,0.00E+00,1.47E+07,1.15E+08,2.01E+06,1.57E+07,5.25E+01,1.97E+00,6.38E+01,,1.10E-01,,4.29E-02,,6.70E-02,,2.62E-02
3204150000,1.06E-01,9.46E+00,6.50E+08,2.56E+01,1.51E+09,2.66E+09,1.15E+09,8.97E+01,9.48E-02,4.48E-02,1.66E+01,1.76E-02,8.31E-03,7.66E+00,2.02E+00,4.02E+01,3.56E+03,1.32E+06,1.24E+07,5.28E+05,5.00E+06,1.17E+00,0.00E+00,4.34E-01,1.00E+02,1.07E+07,1.01E+08,1.11E+00,9.52E+00,0.00E+00,0.00E+00,3.72E+01,3.59E+01,0.00E+00,4.02E+01,5.03E+00,0.00E+00,1.19E+07,1.12E+08,1.54E+06,1.46E+07,4.52E+01,1.22E+00,7.14E+01,,9.48E-02,,4.48E-02,,1.76E-02,,8.31E-03
3204200000,9.42E-02,1.06E+01,6.50E+08,2.72E+01,1.58E+09,2.83E+09,1.25E+09,7.91E+01,7.45E-02,3.95E-02,5.14E+01,4.84E-02,2.57E-02,1.50E+01,1.77E+00,4.14E+01,7.15E+03,2.30E+06,2.44E+07,9.51E+05,1.01E+07,1.01E+00,0.00E+00,4.56E-01,1.00E+02,8.91E+06,9.46E+07,1.10E+00,1.29E+01,0.00E+00,0.00E+00,3.65E+01,4.61E+01,0.00E+00,3.66E+01,1.10E+01,0.00E+00,9.82E+06,1.04E+08,2.33E+06,2.47E+07,4.76E+01,8.35E-01,7.06E+01,,7.45E-02,,3.95E-02,,4.84E-02,,2.57E-02
3204250000,1.01E-01,9.95E+00,6.50E+08,2.70E+01,1.64E+09,2.81E+09,1.17E+09,4.47E+01,4.50E-02,2.24E-02,4.77E+01,4.80E-02,2.39E-02,1.05E+01,1.96E+00,3.81E+01,5.16E+03,1.71E+06,1.71E+07,6.53E+05,6.50E+06,1.14E+00,0.00E+00,4.21E-01,1.00E+02,9.76E+06,9.71E+07,1.12E+00,1.04E+01,0.00E+00,0.00E+00,3.64E+01,3.76E+01,0.00E+00,3.80E+01,7.01E+00,0.00E+00,1.09E+07,1.09E+08,1.95E+06,1.94E+07,4.50E+01,1.14E+00,7.30E+01,,4.50E-02,,2.24E-02,,4.80E-02,,2.39E-02
3204300000,1.03E-01,9.66E+00,6.50E+08,2.46E+01,1.28E+09,2.55E+09,1.28E+09,8.62E+01,8.92E-02,4.31E-02,5.25E+01,5.43E-02,2.62E-02,1.06E+01,1.83E+00,4.42E+01,5.20E+03,1.78E+06,1.72E+07,7.88E+05,7.62E+06,1.02E+00,0.00E+00,5.09E-01,1.00E+02,1.13E+07,1.09E+08,1.08E+00,1.27E+01,0.00E+00,0.00E+00,3.95E+01,4.70E+01,0.00E+00,4.47E+01,7.93E+00,0.00E+00,1.22E+07,1.18E+08,1.82E+06,1.76E+07,5.27E+01,1.27E+00,6.41E+01,,8.92E-02,,4.31E-02,,5.43E-02,,2.62E-02
3204350000,1.23E-01,8.16E+00,6.50E+08,2.32E+01,1.45E+09,2.42E+09,9.72E+08,6.45E+01,7.90E-02,3.22E-02,3.18E+01,3.89E-02,1.59E-02,8.87E+00,1.94E+00,4.25E+01,6.12E+03,1.70E+06,1.44E+07,7.21E+05,6.14E+06,1.09E+00,0.00E+00,3.92E-01,1.00E+02,8.85E+06,7.54E+07,1.15E+00,6.74E+00,0.00E+00,0.00E+00,2.92E+01,3.98E+01,0.00E+00,2.42E+01,6.01E+00,0.00E+00,1.01E+07,8.64E+07,1.85E+06,1.57E+07,3.02E+01,4.87E-01,7.43E+01,,7.90E-02,,3.22E-02,,3.89E-02,,1.59E-02
3204400000,1.37E-01,7.28E+00,6.50E+08,2.34E+01,1.18E+09,2.43E+09,1.25E+09,8.35E+01,1.15E-01,4.18E-02,4.31E+01,5.91E-02,2.15E-02,8.41E+00,1.85E+00,5.24E+01,4.14E+03,1.88E+06,1.37E+07,9.82E+05,7.15E+06,1.02E+00,0.00E+00,4.36E-01,1.00E+02,1.51E+07,1.10E+08,1.02E+00,1.13E+01,0.00E+00,0.00E+00,4.11E+01,4.79E+01,0.00E+00,4.44E+01,6.45E+00,0.00E+00,1.54E+07,1.12E+08,1.92E+06,1.40E+07,5.09E+01,9.60E-01,5.91E+01,,1.15E-01,,4.18E-02,,5.91E-02,,2.15E-02
3204450000,1.37E-01,7.28E+00,6.50E+08,2.31E+01,1.57E+09,2.65E+09,1.08E+09,4.67E+01,6.41E-02,2.33E-02,0.00E+00,0.00E+00,0.00E+00,0.00E+00,,,,0.00E+00,0.00E+00,0.00E+00,0.00E+00,,0.00E+00,5.73E-01,1.00E+02,7.64E+06,1.13E+08,1.20E+00,1.05E+01,0.00E+00,0.00E+00,2.17E+01,,0.00E+00,2.57E+01,0.00E+00,0.00E+00,9.21E+06,1.36E+08,0.00E+00,0.00E+00,2.57E+01,1.59E-01,8.30E+01,,6.41E-02,,2.33E-02,,0.00E+00,,0.00E+00
3204500000,1.49E-01,6.73E+00,6.50E+08,1.09E+01,6.38E+08,1.27E+09,6.30E+08,1.75E+01,2.59E-02,8.73E-03,1.75E+01,2.60E-02,8.76E-03,8.70E+00,3.11E+00,6.55E+00,2.02E+03,1.33E+06,1.58E+07,8.72E+04,1.04E+06,1.39E+00,0.00E+00,5.97E-02,1.00E+02,8.14E+06,9.69E+07,1.00E+00,1.24E+00,0.00E+00,0.00E+00,2.03E+01,2.83E+01,0.00E+00,1.69E+01,5.36E+00,0.00E+00,8.14E+06,9.69E+07,1.86E+06,2.21E+07,2.22E+01,3.16E-01,6.34E+01,,2.59E-02,,8.73E-03,,2.60E-02,,8.76E-03
3204550000,1.50E-01,6.65E+00,6.50E+08,2.74E+01,1.64E+09,2.90E+09,1.25E+09,4.94E+01,7.42E-02,2.47E-02,6.82E+01,1.02E-01,3.41E-02,2.05E+01,1.88E+00,4.26E+01,8.27E+03,4.77E+06,3.38E+07,2.03E+06,1.44E+07,1.10E+00,0.00E+00,4.19E-01,1.00E+02,1.10E+07,7.77E+07,1.16E+00,1.19E+01,0.00E+00,0.00E+00,2.27E+01,3.94E+01,0.00E+00,1.93E+01,1.39E+01,0.00E+00,1.27E+07,8.99E+07,5.26E+06,3.72E+07,3.32E+01,1.25E-01,6.59E+01,,7.42E-02,,2.47E-02,,1.02E-01,,3.41E-02
3204600000,1.50E-01,6.65E+00,6.50E+08,1.84E+01,1.05E+09,1.91E+09,8.60E+08,9.40E+01,1.41E-01,4.70E-02,3.33E+00,5.01E-03,1.67E-03,5.64E-01,2.30E+00,2.93E+01,3.14E+02,1.38E+05,9.17E+05,4.03E+04,2.68E+05,1.27E+00,0.00E+00,4.62E-01,1.00E+02,1.42E+07,9.45E+07,1.27E+00,1.45E+01,0.00E+00,0.00E+00,4.59E+01,8.44E+01,0.00E+00,5.29E+01,9.44E-01,0.00E+00,1.80E+07,1.20E+08,1.75E+05,1.16E+06,5.38E+01,1.28E+00,6.24E+01,,1.41E-01,,4.70E-02,,5.01E-03,,1.67E-03
3204650000,7.34E-02,1.36E+01,6.50E+08,2.69E+01,1.58E+09,2.95E+09,1.37E+09,3.69E+01,2.71E-02,1.84E-02,4.67E+01,3.43E-02,2.34E-02,1.48E+01,1.90E+00,5.47E+01,1.71E+04,1.65E+06,2.55E+07,9.05E+05,1.39E+07,1.01E+00,2.55E+00,4.21E-01,1.00E+02,5.80E+06,8.93E+07,1.01E+00,7.29E+00,0.00E+00,0.00E+00,1.26E+01,4.45E+01,0.00E+00,1.03E+01,1.04E+01,0.00E+00,5.86E+06,9.02E+07,1.67E+06,2.57E+07,2.07E+01,8.84E-02,6.31E+01,,2.71E-02,,1.84E-02,,3.43E-02,,2.34E-02
3204700000,7.57E-02,1.32E+01,6.50E+08,2.02E+01,1.17E+09,2.10E+09,9.27E+08,5.50E+01,4.16E-02,2.75E-02,1.52E+01,1.15E-02,7.59E-03,2.41E+00,2.16E+00,2.72E+01,9.32E+02,2.97E+05,3.92E+06,8.09E+04,1.07E+06,1.27E+00,0.00E+00,3.84E-01,1.00E+02,7.46E+06,9.86E+07,1.13E+00,7.16E+00,0.00E+00,0.00E+00,4.61E+01,4.40E+01,0.00E+00,4.94E+01,2.11E+00,0.00E+00,8.42E+06,1.11E+08,3.77E+05,4.98E+06,5.15E+01,1.03E+00,6.46E+01,,4.16E-02,,2.75E-02,,1.15E-02,,7.59E-03
3204750000,8.39E-02,1.19E+01,6.50E+08,3.17E+01,1.76E+09,3.30E+09,1.54E+09,6.78E+01,5.69E-02,3.39E-02,7.31E+01,6.13E-02,3.65E-02,1.56E+01,1.87E+00,5.28E+01,7.14E+03,2.13E+06,2.54E+07,1.12E+06,1.34E+07,1.03E+00,0.00E+00,4.58E-01,1.00E+02,1.03E+07,1.22E+08,1.02E+00,1.17E+01,0.00E+00,0.00E+00,2.48E+01,4.58E+01,0.00E+00,2.99E+01,1.15E+01,0.00E+00,1.05E+07,1.25E+08,2.18E+06,2.60E+07,4.13E+01,1.75E+00,7.26E+01,,5.69E-02,,3.39E-02,,6.13E-02,,3.65E-02
3204800000,9.13E-02,1.10E+01,6.50E+08,2.87E+01,1.66E+09,2.99E+09,1.32E+09,4.82E+01,4.40E-02,2.41E-02,3.78E+01,3.45E-02,1.89E-02,7.49E+00,1.91E+00,5.41E+01,1.19E+04,1.11E+06,1.22E+07,6.01E+05,6.58E+06,1.01E+00,0.00E+00,5.38E-01,1.00E+02,1.09E+07,1.19E+08,1.11E+00,1.17E+01,0.00E+00,0.00E+00,3.09E+01,4.40E+01,0.00E+00,3.92E+01,5.19E+00,0.00E+00,1.21E+07,1.32E+08,1.12E+06,1.23E+07,4.44E+01,1.02E+00,6.98E+01,,4.40E-02,,2.41E-02,,3.45E-02,,1.89E-02
3204850000,9.30E-02,1.08E+01,6.50E+08,1.98E+01,1.07E+09,2.05E+09,9.84E+08,6.35E+01,5.91E-02,3.18E-02,3.22E+01,2.99E-02,1.61E-02,7.63E+00,1.88E+00,5.49E+01,4.36E+03,1.15E+06,1.24E+07,6.32E+05,6.80E+06,1.03E+00,0.00E+00,2.87E-01,1.00E+02,7.42E+06,7.98E+07,1.01E+00,5.01E+00,0.00E+00,0.00E+00,5.02E+01,4.84E+01,0.00E+00,3.88E+01,5.92E+00,0.00E+00,7.46E+06,8.03E+07,1.18E+06,1.27E+07,4.47E+01,1.43E+00,5.17E+01,,5.91E-02,,3.18E-02,,2.99E-02,,1.61E-02
3204900000,1.41E-01,7.10E+00,6.50E+08,2.61E+01,1.60E+09,2.72E+09,1.12E+09,3.14E+01,4.43E-02,1.57E-02,4.63E+01,6.52E-02,2.32E-02,1.14E+01,1.94E+00,3.75E+01,5.29E+03,2.61E+06,1.85E+07,9.76E+05,6.93E+06,1.13E+00,0.00E+00,3.94E-01,1.00E+02,1.33E+07,9.45E+07,1.13E+00,9.28E+00,0.00E+00,0.00E+00,2.66E+01,3.79E+01,0.00E+00,2.74E+01,7.63E+00,0.00E+00,1.51E+07,1.07E+08,2.95E+06,2.09E+07,3.50E+01,9.97E-01,7.57E+01,,4.43E-02,,1.57E-02,,6.52E-02,,2.32E-02
3204950000,1.43E-01,6.99E+00,6.50E+08,2.40E+01,1.25E+09,2.49E+09,1.24E+09,8.94E+01,1.28E-01,4.47E-02,4.49E+01,6.42E-02,2.24E-02,7.35E+00,1.88E+00,5.53E+01,4.03E+03,1.71E+06,1.19E+07,9.45E+05,6.60E+06,1.03E+00,0.00E+00,4.98E-01,1.00E+02,1.58E+07,1.10E+08,1.09E+00,1.32E+01,0.00E+00,0.00E+00,4.27E+01,4.88E+01,0.00E+00,4.93E+01,5.75E+00,0.00E+00,1.72E+07,1.20E+08,1.76E+06,1.23E+07,5.50E+01,1.21E+00,6.22E+01,,1.28E-01,,4.47E-02,,6.42E-02,,2.24E-02
3205000000,1.44E-01,6.96E+00,6.50E+08,1.89E+01,1.41E+09,2.32E+09,9.18E+08,4.99E+01,7.16E-02,2.49E-02,1.41E+00,2.03E-03,7.05E-04,4.38E-04,3.63E+02,1.00E+02,1.50E+00,6.90E+01,8.43E+02,6.90E+01,8.43E+02,2.00E+00,0.00E+00,4.72E-01,1.00E+02,7.65E+06,9.35E+07,1.25E+00,9.14E+00,0.00E+00,0.00E+00,2.08E+01,6.13E+01,0.00E+00,1.97E+01,8.39E-04,0.00E+00,9.59E+06,1.17E+08,1.38E+02,1.69E+03,1.97E+01,4.16E-01,8.46E+01,,7.16E-02,,2.49E-02,,2.03E-03,,7.05E-04
3205050000,1.48E-01,6.74E+00,6.50E+08,8.00E+00,5.48E+08,1.00E+09,4.52E+08,1.34E+01,1.99E-02,6.69E-03,1.71E+01,2.54E-02,8.55E-03,8.02E+00,3.61E+00,2.82E+00,2.64E+03,1.42E+06,1.57E+07,4.01E+04,4.43E+05,1.39E+00,0.00E+00,3.43E-02,1.00E+02,7.35E+06,8.10E+07,1.00E+00,7.12E-01,0.00E+00,0.00E+00,1.60E+01,2.82E+01,0.00E+00,1.04E+01,4.92E+00,0.00E+00,7.35E+06,8.10E+07,1.98E+06,2.18E+07,1.53E+01,2.37E-01,7.12E+01,,1.99E-02,,6.69E-03,,2.54E-02,,8.55E-03
3205100000,1.48E-01,6.74E+00,6.50E+08,2.85E+01,1.71E+09,3.00E+09,1.29E+09,5.26E+01,7.81E-02,2.63E-02,7.51E+01,1.12E-01,3.76E-02,1.96E+01,1.88E+00,4.38E+01,8.18E+03,4.46E+06,3.23E+07,1.95E+06,1.41E+07,1.06E+00,0.00E+00,3.98E-01,1.00E+02,1.21E+07,8.72E+07,1.09E+00,1.42E+01,0.00E+00,0.00E+00,2.36E+01,4.28E+01,0.00E+00,2.13E+01,1.39E+01,0.00E+00,1.31E+07,9.50E+07,4.74E+06,3.43E+07,3.52E+01,1.20E-01,7.34E+01,,7.81E-02,,2.63E-02,,1.12E-01,,3.76E-02
3205150000,1.44E-01,6.95E+00,6.50E+08,1.88E+01,1.05E+09,1.95E+09,9.06E+08,5.92E+01,8.52E-02,2.96E-02,8.79E+00,1.27E-02,4.40E-03,3.93E-02,1.11E+01,3.48E+01,4.42E+01,9.19E+03,6.38E+04,3.19E+03,2.22E+04,1.95E+00,0.00E+00,4.17E-01,1.00E+02,1.47E+07,1.02E+08,1.18E+00,1.22E+01,0.00E+00,0.00E+00,4.61E+01,1.42E+02,0.00E+00,5.33E+01,1.70E-01,0.00E+00,1.73E+07,1.20E+08,1.79E+04,1.24E+05,5.35E+01,8.09E-01,6.37E+01,,8.52E-02,,2.96E-02,,1.27E-02,,4.40E-03
3205200000,1.21E-01,8.25E+00,6.50E+08,2.78E+01,1.56E+09,2.98E+09,1.42E+09,1.71E+01,2.07E-02,8.56E-03,4.66E+01,5.65E-02,2.33E-02,1.71E+01,1.94E+00,4.42E+01,1.01E+04,3.09E+06,2.86E+07,1.36E+06,1.26E+07,1.09E+00,0.00E+00,3.90E-01,1.00E+02,1.25E+07,1.16E+08,1.00E+00,9.39E+00,0.00E+00,0.00E+00,1.58E+01,4.02E+01,0.00E+00,1.71E+01,1.16E+01,0.00E+00,1.26E+07,1.16E+08,3.35E+06,3.10E+07,2.88E+01,4.58E-01,7.34E+01,,2.07E-02,,8.56E-03,,5.65E-02,,2.33E-02
3205250000,1.21E-01,8.25E+00,6.50E+08,1.99E+01,1.09E+09,2.07E+09,9.75E+08,8.92E+01,1.08E-01,4.46E-02,1.47E+01,1.78E-02,7.34E-03,1.09E+00,2.07E+00,3.76E+01,7.89E+02,2.14E+05,1.77E+06,8.05E+04,6.64E+05,1.11E+00,0.00E+00,4.54E-01,1.00E+02,1.28E+07,1.05E+08,1.16E+00,1.49E+01,0.00E+00,0.00E+00,4.12E+01,6.37E+01,0.00E+00,4.83E+01,1.21E+00,0.00E+00,1.48E+07,1.22E+08,2.39E+05,1.97E+06,4.95E+01,9.25E-01,6.48E+01,,1.08E-01,,4.46E-02,,1.78E-02,,7.34E-03
3205300000,9.81E-02,1.02E+01,6.50E+08,2.10E+01,1.24E+09,2.46E+09,1.22E+09,2.64E+01,2.59E-02,1.32E-02,4.45E+01,4.36E-02,2.22E-02,1.62E+01,2.09E+00,3.84E+01,5.03E+03,1.92E+06,2.97E+07,7.36E+05,1.14E+07,1.12E+00,0.00E+00,2.77E-01,1.00E+02,5.09E+06,7.89E+07,1.00E+00,7.03E+00,0.00E+00,0.00E+00,2.42E+01,3.84E+01,0.00E+00,1.64E+01,1.09E+01,0.00E+00,5.12E+06,7.93E+07,2.15E+06,3.32E+07,2.72E+01,4.96E-01,6.78E+01,,2.59E-02,,1.32E-02,,4.36E-02,,2.22E-02
3205350000,9.11E-02,1.10E+01,6.50E+08,2.24E+01,1.29E+09,2.33E+09,1.04E+09,9.34E+01,8.51E-02,4.67E-02,3.08E+01,2.81E-02,1.54E-02,5.03E+00,1.78E+00,5.89E+01,2.86E+03,7.44E+05,8.17E+06,4.38E+05,4.81E+06,1.04E+00,0.00E+00,4.37E-01,1.00E+02,8.69E+06,9.53E+07,1.14E+00,1.36E+01,0.00E+00,0.00E+00,4.51E+01,5.03E+01,0.00E+00,4.69E+01,4.09E+00,0.00E+00,9.87E+06,1.08E+08,7.71E+05,8.46E+06,5.10E+01,1.17E+00,6.38E+01,,8.51E-02,,4.67E-02,,2.81E-02,,1.54E-02
3205400000,1.22E-01,8.20E+00,6.50E+08,2.67E+01,1.54E+09,2.84E+09,1.30E+09,4.17E+01,5.09E-02,2.09E-02,5.76E+01,7.02E-02,2.88E-02,1.92E+01,1.96E+00,3.56E+01,6.94E+03,3.60E+06,3.20E+07,1.28E+06,1.14E+07,1.14E+00,0.00E+00,4.51E-01,1.00E+02,1.03E+07,9.14E+07,1.12E+00,8.29E+00,0.00E+00,0.00E+00,1.70E+01,3.73E+01,0.00E+00,1.63E+01,1.28E+01,0.00E+00,1.15E+07,1.02E+08,4.12E+06,3.66E+07,2.91E+01,9.31E-02,6.92E+01,,5.09E-02,,2.09E-02,,7.02E-02,,2.88E-02
3205450000,1.27E-01,7.86E+00,6.50E+08,2.07E+01,1.11E+09,2.16E+09,1.04E+09,8.41E+01,1.07E-01,4.21E-02,2.87E+01,3.64E-02,1.43E-02,4.40E+00,1.63E+00,6.34E+01,2.86E+03,9.10E+05,7.15E+06,5.77E+05,4.54E+06,1.04E+00,0.00E+00,3.75E-01,1.00E+02,1.24E+07,9.71E+07,1.11E+00,1.52E+01,0.00E+00,0.00E+00,5.20E+01,5.04E+01,0.00E+00,5.39E+01,3.60E+00,0.00E+00,1.37E+07,1.08E+08,9.43E+05,7.41E+06,5.75E+01,9.24E-01,5.91E+01,,1.07E-01,,4.21E-02,,3.64E-02,,1.43E-02
3205500000,1.44E-01,6.94E+00,6.50E+08,1.68E+01,1.11E+09,1.99E+09,8.76E+08,6.67E+00,9.62E-03,3.34E-03,2.50E+00,3.61E-03,1.25E-03,7.16E-04,3.63E+02,1.00E+02,1.50E+00,1.12E+02,1.32E+03,1.12E+02,1.32E+03,2.00E+00,0.00E+00,4.12E-01,1.00E+02,8.97E+06,1.05E+08,1.23E+00,7.79E+00,0.00E+00,0.00E+00,1.53E+01,6.13E+01,0.00E+00,1.68E+01,1.37E-03,0.00E+00,1.10E+07,1.29E+08,2.25E+02,2.65E+03,1.68E+01,1.51E-01,8.78E+01,,9.62E-03,,3.34E-03,,3.61E-03,,1.25E-03
3205550000,1.93E-01,5.19E+00,6.50E+08,2.14E+01,1.25E+09,2.30E+09,1.05E+09,2.92E+01,5.62E-02,1.46E-02,5.26E+01,1.01E-01,2.63E-02,1.96E+01,1.94E+00,3.38E+01,4.32E+03,5.22E+06,3.29E+07,1.76E+06,1.11E+07,1.17E+00,0.00E+00,1.81E-01,1.00E+02,1.35E+07,8.48E+07,1.00E+00,4.66E+00,0.00E+00,0.00E+00,2.29E+01,3.62E+01,0.00E+00,1.80E+01,1.29E+01,0.00E+00,1.35E+07,8.48E+07,6.09E+06,3.84E+07,3.09E+01,4.46E-01,6.03E+01,,5.62E-02,,1.46E-02,,1.01E-01,,2.63E-02
3205600000,1.93E-01,5.19E+00,6.50E+08,2.39E+01,1.31E+09,2.49E+09,1.18E+09,9.30E+01,1.79E-01,4.65E-02,3.38E+01,6.51E-02,1.69E-02,6.48E+00,1.74E+00,6.37E+01,3.24E+03,2.03E+06,1.05E+07,1.29E+06,6.71E+06,1.04E+00,0.00E+00,5.02E-01,1.00E+02,1.94E+07,1.01E+08,1.14E+00,1.70E+01,0.00E+00,0.00E+00,4.78E+01,5.04E+01,0.00E+00,5.28E+01,5.29E+00,0.00E+00,2.21E+07,1.15E+08,2.10E+06,1.09E+07,5.80E+01,8.06E-01,6.16E+01,,1.79E-01,,4.65E-02,,6.51E-02,,1.69E-02
3205650000,1.93E-01,5.19E+00,6.29E+08,2.33E+01,1.71E+09,2.61E+09,8.99E+08,4.40E+01,8.49E-02,2.20E-02,0.00E+00,0.00E+00,0.00E+00,0.00E+00,,,,0.00E+00,0.00E+00,0.00E+00,0.00E+00,,3.45E-01,5.99E-01,,8.19E+06,8.96E+07,1.49E+00,1.14E+01,0.00E+00,0.00E+00,1.71E+01,,0.00E+00,2.05E+01,0.00E+00,0.00E+00,1.22E+07,1.33E+08,0.00E+00,0.00E+00,2.05E+01,4.64E-04,8.93E+01,,8.49E-02,,2.20E-02,,0.00E+00,,0.00E+00
3205700000,1.87E-01,5.36E+00,5.00E+08,1.12E+01,4.96E+08,1.04E+09,5.40E+08,1.66E+01,3.10E-02,8.31E-03,1.71E+01,3.19E-02,8.55E-03,1.02E+01,5.56E+00,3.83E+00,1.54E+03,1.05E+06,1.47E+07,4.02E+04,5.63E+05,1.38E+00,0.00E+00,1.11E-01,1.00E+02,3.98E+06,5.57E+07,1.00E+00,2.30E+00,0.00E+00,0.00E+00,4.58E+01,2.85E+01,0.00E+00,2.75E+01,6.25E+00,0.00E+00,3.98E+06,5.57E+07,1.45E+06,2.03E+07,3.38E+01,8.23E-02,4.35E+01,,3.10E-02,,8.31E-03,,3.19E-02,,8.55E-03
3205750000,1.81E-01,5.53E+00,5.80E+08,2.04E+01,1.19E+09,1.96E+09,7.67E+08,2.30E+01,4.16E-02,1.15E-02,5.68E+01,1.03E-01,2.84E-02,2.18E+01,1.90E+00,2.84E+01,4.20E+03,5.24E+06,3.29E+07,1.49E+06,9.35E+06,1.20E+00,0.00E+00,6.18E-02,1.00E+02,9.85E+06,6.17E+07,1.00E+00,1.27E+00,0.00E+00,0.00E+00,2.58E+01,3.49E+01,0.00E+00,1.66E+01,1.43E+01,0.00E+00,9.85E+06,6.17E+07,6.29E+06,3.94E+07,3.09E+01,1.30E-01,5.76E+01,,4.16E-02,,1.15E-02,,1.03E-01,,2.84E-02
3205800000,1.81E-01,5.53E+00,6.50E+08,2.91E+01,1.65E+09,3.03E+09,1.38E+09,9.48E+01,1.72E-01,4.74E-02,6.52E+01,1.18E-01,3.26E-02,9.54E+00,1.82E+00,5.10E+01,4.01E+03,2.81E+06,1.55E+07,1.43E+06,7.90E+06,1.03E+00,5.12E+00,7.55E-01,1.00E+02,2.04E+07,1.13E+08,1.32E+00,2.70E+01,0.00E+00,0.00E+00,3.61E+01,4.88E+01,0.00E+00,5.17E+01,7.48E+00,0.00E+00,2.70E+07,1.49E+08,2.88E+06,1.59E+07,5.92E+01,4.98E-01,6.84E+01,,1.72E-01,,4.74E-02,,1.18E-01,,3.26E-02
3205850000,1.81E-01,5.53E+00,6.50E+08,2.10E+01,1.32E+09,2.28E+09,9.67E+08,7.77E+01,1.41E-01,3.89E-02,0.00E+00,0.00E+00,0.00E+00,0.00E+00,,,,0.00E+00,0.00E+00,0.00E+00,0.00E+00,,0.00E+00,4.86E-01,1.00E+02,1.61E+07,1.07E+08,1.19E+00,9.23E+00,0.00E+00,0.00E+00,3.51E+01,,0.00E+00,4.13E+01,0.00E+00,0.00E+00,1.92E+07,1.28E+08,0.00E+00,0.00E+00,4.13E+01,5.39E-01,7.25E+01,,1.41E-01,,3.89E-02,,0.00E+00,,0.00E+00
3205900000,1.65E-01,6.07E+00,6.50E+08,7.38E+00,5.07E+08,1.00E+09,4.97E+08,1.20E+01,1.97E-02,6.00E-03,1.17E+01,1.92E-02,5.84E-03,4.50E+00,5.86E+00,3.86E+00,1.38E+03,7.56E+05,9.57E+06,2.92E+04,3.69E+05,1.40E+00,0.00E+00,4.02E-02,1.00E+02,6.32E+06,8.00E+07,1.00E+00,8.39E-01,0.00E+00,0.00E+00,1.95E+01,2.80E+01,0.00E+00,1.15E+01,2.75E+00,0.00E+00,6.32E+06,8.00E+07,1.06E+06,1.34E+07,1.42E+01,2.24E-01,7.43E+01,,1.97E-02,,6.00E-03,,1.92E-02,,5.84E-03
3205950000,1.62E-01,6.15E+00,6.50E+08,2.47E+01,1.68E+09,2.87E+09,1.19E+09,2.76E+01,4.49E-02,1.38E-02,5.79E+01,9.41E-02,2.89E-02,2.00E+01,1.81E+00,4.13E+01,7.26E+03,4.69E+06,3.63E+07,1.94E+06,1.50E+07,1.09E+00,0.00E+00,2.42E-01,1.00E+02,1.01E+07,7.79E+07,1.00E+00,4.53E+00,0.00E+00,0.00E+00,1.73E+01,3.97E+01,0.00E+00,1.17E+01,1.36E+01,0.00E+00,1.01E+07,7.81E+07,5.12E+06,3.97E+07,2.52E+01,1.53E-01,7.61E+01,,4.49E-02,,1.38E-02,,9.41E-02,,2.89E-02
3206000000,1.62E-01,6.15E+00,6.50E+08,2.17E+01,1.24E+09,2.26E+09,1.02E+09,8.68E+01,1.41E-01,4.34E-02,4.42E+01,7.19E-02,2.21E-02,6.60E+00,1.87E+00,3.46E+01,2.62E+03,1.74E+06,1.07E+07,6.03E+05,3.71E+06,1.04E+00,0.00E+00,4.41E-01,1.00E+02,1.58E+07,9.69E+07,1.18E+00,1.89E+01,0.00E+00,0.00E+00,5.09E+01,5.15E+01,0.00E+00,5.61E+01,5.53E+00,0.00E+00,1.86E+07,1.15E+08,1.82E+06,1.12E+07,6.17E+01,4.93E-01,6.19E+01,,1.41E-01,,4.34E-02,,7.19E-02,,2.21E-02
3206050000,1.08E-01,9.25E+00,6.02E+08,2.35E+01,1.31E+09,2.27E+09,9.62E+08,7.97E+01,8.61E-02,3.98E-02,2.22E+01,2.40E-02,1.11E-02,5.87E+00,3.71E+00,5.80E+00,1.44E+03,9.42E+05,8.85E+06,5.46E+04,5.13E+05,1.39E+00,0.00E+00,4.49E-01,1.00E+02,1.14E+07,1.07E+08,1.15E+00,8.62E+00,0.00E+00,0.00E+00,3.04E+01,2.82E+01,0.00E+00,3.86E+01,3.59E+00,0.00E+00,1.30E+07,1.22E+08,1.31E+06,1.23E+07,4.22E+01,2.66E-01,6.10E+01,,8.61E-02,,3.98E-02,,2.40E-02,,1.11E-02
3206100000,9.00E-02,1.11E+01,5.00E+08,4.21E+01,2.09E+09,3.36E+09,1.27E+09,6.19E+01,5.57E-02,3.10E-02,9.65E+01,8.68E-02,4.83E-02,2.65E+01,1.79E+00,4.60E+01,1.66E+04,2.98E+06,3.31E+07,1.37E+06,1.52E+07,1.04E+00,8.80E+00,6.11E-01,1.00E+02,6.70E+06,7.45E+07,1.20E+00,2.09E+01,0.00E+00,0.00E+00,2.67E+01,4.28E+01,0.00E+00,2.98E+01,1.84E+01,0.00E+00,8.03E+06,8.92E+07,3.09E+06,3.43E+07,4.81E+01,9.08E-02,7.93E+01,,5.57E-02,,3.10E-02,,8.68E-02,,4.83E-02
3206150000,1.06E-01,9.39E+00,5.48E+08,1.84E+01,7.14E+08,1.61E+09,8.96E+08,9.13E+01,9.72E-02,4.56E-02,8.82E+01,9.39E-02,4.41E-02,8.13E+00,4.02E+00,5.25E+00,1.21E+03,1.19E+06,1.11E+07,6.23E+04,5.85E+05,1.39E+00,0.00E+00,3.16E-01,1.00E+02,1.03E+07,9.68E+07,1.04E+00,8.59E+00,0.00E+00,0.00E+00,5.91E+01,3.44E+01,0.00E+00,6.76E+01,6.08E+00,0.00E+00,1.07E+07,1.00E+08,1.65E+06,1.55E+07,7.37E+01,2.67E-01,5.13E+01,,9.72E-02,,4.56E-02,,9.39E-02,,4.41E-02
3206200000,1.11E-01,9.02E+00,6.50E+08,4.40E+01,2.93E+09,4.57E+09,1.65E+09,2.51E+01,2.78E-02,1.25E-02,9.69E+01,1.07E-01,4.85E-02,1.96E+01,1.80E+00,4.83E+01,1.61E+04,3.53E+06,3.18E+07,1.70E+06,1.54E+07,1.02E+00,0.00E+00,6.01E-01,1.00E+02,1.22E+07,1.10E+08,1.14E+00,1.40E+01,0.00E+00,0.00E+00,2.39E+01,4.37E+01,0.00E+00,2.90E+01,1.37E+01,0.00E+00,1.40E+07,1.26E+08,3.60E+06,3.25E+07,4.26E+01,8.84E-01,8.44E+01,,2.78E-02,,1.25E-02,,1.07E-01,,4.85E-02
3206250000,1.23E-01,8.14E+00,6.50E+08,2.38E+01,1.35E+09,2.47E+09,1.12E+09,8.91E+01,1.09E-01,4.46E-02,7.07E+01,8.68E-02,3.53E-02,5.89E+00,1.84E+00,5.57E+01,1.96E+03,1.18E+06,9.57E+06,6.55E+05,5.33E+06,1.05E+00,0.00E+00,4.38E-01,1.00E+02,1.28E+07,1.04E+08,1.18E+00,1.69E+01,0.00E+00,0.00E+00,5.27E+01,5.13E+01,0.00E+00,6.25E+01,4.95E+00,0.00E+00,1.51E+07,1.23E+08,1.23E+06,1.00E+07,6.75E+01,2.10E+00,5.86E+01,,1.09E-01,,4.46E-02,,8.68E-02,,3.53E-02
3206300000,1.32E-01,7.58E+00,6.50E+08,3.30E+01,2.15E+09,3.43E+09,1.28E+09,8.02E+01,1.06E-01,4.01E-02,4.48E+01,5.92E-02,2.24E-02,9.26E+00,1.79E+00,5.00E+01,3.26E+04,1.99E+06,1.50E+07,9.93E+05,7.52E+06,1.01E+00,4.26E+00,6.18E-01,1.00E+02,1.42E+07,1.07E+08,1.15E+00,9.62E+00,0.00E+00,0.00E+00,2.17E+01,4.45E+01,0.00E+00,2.57E+01,6.50E+00,0.00E+00,1.62E+07,1.23E+08,2.00E+06,1.52E+07,3.22E+01,8.20E-01,6.47E+01,,1.06E-01,,4.01E-02,,5.92E-02,,2.24E-02
3206350000,1.32E-01,7.58E+00,6.50E+08,1.73E+01,8.54E+08,1.80E+09,9.42E+08,7.87E+01,1.04E-01,3.93E-02,2.11E+01,2.79E-02,1.06E-02,4.87E+00,2.06E+00,3.32E+01,1.95E+03,1.05E+06,7.92E+06,3.47E+05,2.63E+06,1.06E+00,0.00E+00,2.36E-01,1.00E+02,1.30E+07,9.82E+07,1.00E+00,4.93E+00,0.00E+00,0.00E+00,6.05E+01,5.40E+01,0.00E+00,5.72E+01,4.34E+00,0.00E+00,1.30E+07,9.82E+07,1.10E+06,8.37E+06,6.15E+01,1.09E+00,5.69E+01,,1.04E-01,,3.93E-02,,2.79E-02,,1.06E-02
3206400000,1.33E-01,7.54E+00,6.50E+08,2.72E+01,1.65E+09,2.83E+09,1.17E+09,4.24E+01,5.62E-02,2.12E-02,5.09E+01,6.74E-02,2.54E-02,1.29E+01,1.93E+00,2.01E+01,2.49E+03,2.79E+06,2.10E+07,5.61E+05,4.23E+06,1.31E+00,0.00E+00,4.19E-01,1.00E+02,1.52E+07,1.14E+08,1.13E+00,8.86E+00,0.00E+00,0.00E+00,3.02E+01,3.08E+01,0.00E+00,3.77E+01,8.15E+00,0.00E+00,1.72E+07,1.30E+08,3.65E+06,2.75E+07,4.58E+01,4.98E-01,6.81E+01,,5.62E-02,,2.12E-02,,6.74E-02,,2.54E-02
3206450000,1.33E-01,7.54E+00,6.50E+08,3.15E+01,1.95E+09,3.28E+09,1.33E+09,7.59E+01,1.01E-01,3.79E-02,5.20E+01,6.90E-02,2.60E-02,1.68E+01,1.86E+00,4.31E+01,5.25E+03,3.61E+06,2.72E+07,1.56E+06,1.17E+07,1.02E+00,8.56E+00,6.55E-01,1.00E+02,1.17E+07,8.86E+07,1.41E+00,2.56E+01,0.00E+00,0.00E+00,3.06E+01,4.74E+01,0.00E+00,3.67E+01,1.27E+01,0.00E+00,1.65E+07,1.25E+08,3.69E+06,2.78E+07,4.93E+01,1.47E-01,7.59E+01,,1.01E-01,,3.79E-02,,6.90E-02,,2.60E-02
3206500000,1.28E-01,7.80E+00,6.50E+08,2.04E+01,1.19E+09,2.12E+09,9.32E+08,9.25E+01,1.19E-01,4.62E-02,8.18E+00,1.05E-02,4.09E-03,1.02E+00,1.55E+01,2.54E+00,1.03E+03,2.13E+05,1.66E+06,5.42E+03,4.22E+04,1.42E+00,0.00E+00,4.11E-01,1.00E+02,1.35E+07,1.05E+08,1.12E+00,7.63E+00,0.00E+00,0.00E+00,4.71E+01,2.62E+01,0.00E+00,5.36E+01,5.96E-01,0.00E+00,1.52E+07,1.18E+08,3.04E+05,2.37E+06,5.42E+01,7.17E-01,6.28E+01,,1.19E-01,,4.62E-02,,1.05E-02,,4.09E-03
3206550000,1.19E-01,8.37E+00,6.50E+08,3.09E+01,1.85E+09,3.21E+09,1.36E+09,5.78E+01,6.91E-02,2.89E-02,5.37E+01,6.42E-02,2.69E-02,2.18E+01,1.82E+00,3.49E+01,6.08E+03,4.23E+06,3.54E+07,1.47E+06,1.23E+07,1.11E+00,0.00E+00,3.95E-01,1.00E+02,1.29E+07,1.08E+08,1.01E+00,8.19E+00,0.00E+00,0.00E+00,2.05E+01,3.91E+01,0.00E+00,2.15E+01,1.48E+01,0.00E+00,1.30E+07,1.09E+08,4.68E+06,3.92E+07,3.62E+01,1.80E-01,6.98E+01,,6.91E-02,,2.89E-02,,6.42E-02,,2.69E-02
3206600000,1.19E-01,8.37E+00,6.50E+08,1.94E+01,1.01E+09,2.01E+09,1.01E+09,8.49E+01,1.01E-01,4.24E-02,3.71E+01,4.43E-02,1.85E-02,4.39E+00,2.09E+00,3.86E+01,1.53E+03,8.52E+05,7.13E+06,3.29E+05,2.75E+06,1.06E+00,0.00E+00,4.49E-01,1.00E+02,1.20E+07,1.00E+08,1.20E+00,1.73E+01,0.00E+00,0.00E+00,5.22E+01,5.54E+01,0.00E+00,6.07E+01,4.05E+00,0.00E+00,1.44E+07,1.21E+08,9.07E+05,7.59E+06,6.48E+01,9.74E-01,6.05E+01,,1.01E-01,,4.24E-02,,4.43E-02,,1.85E-02
3206650000,9.23E-02,1.08E+01,6.50E+08,2.59E+01,1.65E+09,2.70E+09,1.05E+09,7.31E+01,6.75E-02,3.66E-02,5.54E+01,5.11E-02,2.77E-02,1.39E+01,1.88E+00,2.72E+01,3.37E+03,2.09E+06,2.27E+07,5.68E+05,6.16E+06,1.20E+00,0.00E+00,3.88E-01,1.00E+02,7.59E+06,8.22E+07,1.15E+00,8.17E+00,0.00E+00,0.00E+00,3.24E+01,3.50E+01,0.00E+00,2.95E+01,9.11E+00,0.00E+00,8.73E+06,9.47E+07,2.50E+06,2.71E+07,3.86E+01,6.07E-01,6.99E+01,,6.75E-02,,3.66E-02,,5.11E-02,,2.77E-02
3206700000,9.28E-02,1.08E+01,6.50E+08,2.92E+01,1.70E+09,3.03E+09,1.33E+09,8.18E+01,7.59E-02,4.09E-02,7.33E+01,6.80E-02,3.66E-02,1.32E+01,1.96E+00,4.17E+01,3.77E+03,2.00E+06,2.15E+07,8.31E+05,8.96E+06,1.03E+00,0.00E+00,5.62E-01,1.00E+02,9.46E+06,1.02E+08,1.18E+00,2.12E+01,0.00E+00,0.00E+00,3.66E+01,4.82E+01,0.00E+00,4.22E+01,1.02E+01,0.00E+00,1.11E+07,1.20E+08,2.05E+06,2.20E+07,5.24E+01,5.43E-01,7.01E+01,,7.59E-02,,4.09E-02,,6.80E-02,,3.66E-02
3206750000,1.15E-01,8.70E+00,6.50E+08,3.25E+01,2.16E+09,3.38E+09,1.21E+09,9.70E+01,1.11E-01,4.85E-02,9.13E+01,1.05E-01,4.57E-02,1.55E+01,1.83E+00,3.69E+01,6.68E+03,2.90E+06,2.53E+07,1.07E+06,9.33E+06,1.10E+00,0.00E+00,3.97E-01,1.00E+02,1.06E+07,9.25E+07,1.12E+00,9.49E+00,0.00E+00,0.00E+00,4.22E+01,3.96E+01,0.00E+00,4.22E+01,1.05E+01,0.00E+00,1.19E+07,1.04E+08,3.18E+06,2.77E+07,5.27E+01,7.45E-01,7.38E+01,,1.11E-01,,4.85E-02,,1.05E-01,,4.57E-02
3206800000,1.15E-01,8.70E+00,6.50E+08,2.57E+01,1.40E+09,2.68E+09,1.28E+09,7.93E+01,9.11E-02,3.96E-02,4.54E+01,5.22E-02,2.27E-02,8.22E+00,1.91E+00,4.23E+01,2.89E+03,1.53E+06,1.34E+07,6.49E+05,5.65E+06,1.04E+00,0.00E+00,5.59E-01,1.00E+02,1.35E+07,1.17E+08,1.11E+00,1.51E+01,0.00E+00,0.00E+00,3.45E+01,5.04E+01,0.00E+00,4.30E+01,6.70E+00,0.00E+00,1.49E+07,1.30E+08,1.59E+06,1.38E+07,4.98E+01,7.93E-01,5.31E+01,,9.11E-02,,3.96E-02,,5.22E-02,,2.27E-02
3206850000,9.37E-02,1.07E+01,6.50E+08,2.32E+01,1.29E+09,2.42E+09,1.12E+09,5.94E+01,5.56E-02,2.97E-02,1.36E+01,1.28E-02,6.82E-03,1.66E+00,5.69E+01,4.09E-01,1.35E+03,2.53E+05,2.70E+06,1.04E+03,1.11E+04,1.38E+00,0.00E+00,4.63E-01,1.00E+02,1.28E+07,1.36E+08,1.09E+00,8.91E+00,0.00E+00,0.00E+00,3.41E+01,2.85E+01,0.00E+00,4.87E+01,1.02E+00,0.00E+00,1.39E+07,1.48E+08,3.49E+05,3.73E+06,4.97E+01,8.20E-01,6.54E+01,,5.56E-02,,2.97E-02,,1.28E-02,,6.82E-03
3206900000,9.05E-02,1.10E+01,6.50E+08,3.27E+01,2.09E+09,3.40E+09,1.31E+09,6.49E+01,5.88E-02,3.25E-02,7.79E+01,7.05E-02,3.89E-02,2.02E+01,1.84E+00,4.45E+01,6.06E+03,2.97E+06,3.28E+07,1.32E+06,1.46E+07,1.02E+00,0.00E+00,3.74E-01,1.00E+02,7.22E+06,7.97E+07,1.05E+00,1.00E+01,0.00E+00,0.00E+00,3.36E+01,4.67E+01,0.00E+00,2.70E+01,1.50E+01,0.00E+00,7.57E+06,8.36E+07,3.03E+06,3.35E+07,4.20E+01,7.58E-01,7.86E+01,,5.88E-02,,3.25E-02,,7.05E-02,,3.89E-02
3206950000,1.52E-01,6.58E+00,6.50E+08,2.51E+01,1.52E+09,2.61E+09,1.08E+09,9.48E+01,1.44E-01,4.74E-02,2.11E+01,3.20E-02,1.05E-02,1.05E+01,1.92E+00,4.06E+01,5.90E+03,2.59E+06,1.70E+07,1.05E+06,6.93E+06,1.07E+00,0.00E+00,2.49E-01,1.00E+02,1.47E+07,9.66E+07,1.04E+00,5.56E+00,0.00E+00,0.00E+00,5.90E+01,4.08E+01,0.00E+00,5.69E+01,7.14E+00,0.00E+00,1.52E+07,1.00E+08,2.77E+06,1.82E+07,6.40E+01,3.45E+00,6.48E+01,,1.44E-01,,4.74E-02,,3.20E-02,,1.05E-02
3207000000,1.52E-01,6.58E+00,6.50E+08,3.51E+01,2.18E+09,3.65E+09,1.47E+09,6.89E+01,1.05E-01,3.45E-02,6.58E+01,1.00E-01,3.29E-02,1.14E+01,1.83E+00,4.22E+01,4.71E+03,2.81E+06,1.85E+07,1.19E+06,7.81E+06,1.02E+00,2.88E+00,6.70E-01,1.00E+02,1.86E+07,1.22E+08,1.11E+00,1.68E+01,0.00E+00,0.00E+00,2.51E+01,4.77E+01,0.00E+00,3.27E+01,8.68E+00,0.00E+00,2.06E+07,1.35E+08,2.88E+06,1.89E+07,4.13E+01,6.00E-01,6.77E+01,,1.05E-01,,3.45E-02,,1.00E-01,,3.29E-02
3207050000,1.52E-01,6.58E+00,6.50E+08,1.84E+01,1.04E+09,1.91E+09,8.74E+08,9.63E+01,1.46E-01,4.82E-02,0.00E+00,0.00E+00,0.00E+00,0.00E+00,,,,0.00E+00,0.00E+00,0.00E+00,0.00E+00,,0.00E+00,3.58E-01,1.00E+02,1.61E+07,1.06E+08,1.10E+00,6.41E+00,0.00E+00,0.00E+00,5.32E+01,,0.00E+00,5.95E+01,0.00E+00,0.00E+00,1.77E+07,1.16E+08,0.00E+00,0.00E+00,5.95E+01,7.41E-01,5.89E+01,,1.46E-01,,4.82E-02,,0.00E+00,,0.00E+00
3207100000,1.55E-01,6.47E+00,6.50E+08,1.42E+01,7.31E+08,1.58E+09,8.51E+08,3.43E+01,5.30E-02,1.71E-02,3.08E+01,4.75E-02,1.54E-02,8.09E+00,4.47E+00,4.11E+00,1.87E+03,1.74E+06,1.41E+07,7.16E+04,5.79E+05,1.38E+00,0.00E+00,2.46E-01,1.00E+02,1.23E+07,9.97E+07,1.02E+00,5.68E+00,0.00E+00,0.00E+00,1.90E+01,2.85E+01,0.00E+00,1.74E+01,4.98E+00,0.00E+00,1.26E+07,1.02E+08,2.41E+06,1.95E+07,2.23E+01,2.45E-01,6.54E+01,,5.30E-02,,1.71E-02,,4.75E-02,,1.54E-02
3207150000,1.55E-01,6.47E+00,6.50E+08,3.26E+01,2.14E+09,3.46E+09,1.31E+09,5.21E+01,8.05E-02,2.60E-02,4.93E+01,7.63E-02,2.47E-02,2.17E+01,1.85E+00,4.17E+01,9.57E+03,5.27E+06,3.60E+07,2.20E+06,1.50E+07,1.07E+00,0.00E+00,3.90E-01,1.00E+02,1.37E+07,9.33E+07,1.08E+00,8.50E+00,0.00E+00,0.00E+00,1.88E+01,4.09E+01,0.00E+00,1.78E+01,1.49E+01,0.00E+00,1.48E+07,1.01E+08,5.65E+06,3.86E+07,3.27E+01,1.06E-01,7.46E+01,,8.05E-02,,2.60E-02,,7.63E-02,,2.47E-02
3207200000,1.55E-01,6.47E+00,6.50E+08,1.71E+01,8.03E+08,1.78E+09,9.74E+08,9.34E+01,1.45E-01,4.67E-02,2.85E+01,4.41E-02,1.43E-02,1.84E+00,2.96E+00,1.40E+01,7.93E+02,4.61E+05,2.98E+06,6.46E+04,4.17E+05,1.10E+00,0.00E+00,5.38E-01,1.00E+02,1.69E+07,1.10E+08,1.34E+00,2.03E+01,0.00E+00,0.00E+00,4.81E+01,6.16E+01,0.00E+00,6.81E+01,1.95E+00,0.00E+00,2.28E+07,1.47E+08,5.08E+05,3.29E+06,7.00E+01,1.50E+00,5.73E+01,,1.45E-01,,4.67E-02,,4.41E-02,,1.43E-02
3207250000,1.06E-01,9.47E+00,6.50E+08,2.54E+01,1.68E+09,2.68E+09,9.97E+08,1.75E+01,1.84E-02,8.73E-03,5.49E+01,5.79E-02,2.74E-02,1.60E+01,2.02E+00,2.60E+01,3.64E+03,2.72E+06,2.64E+07,7.05E+05,6.86E+06,1.21E+00,0.00E+00,3.54E-01,1.00E+02,7.36E+06,7.16E+07,1.13E+00,6.83E+00,0.00E+00,0.00E+00,2.33E+01,3.43E+01,0.00E+00,1.78E+01,1.04E+01,0.00E+00,8.28E+06,8.06E+07,3.29E+06,3.20E+07,2.82E+01,2.06E-01,6.71E+01,,1.84E-02,,8.73E-03,,5.79E-02,,2.74E-02
3207300000,1.01E-01,9.86E+00,6.50E+08,2.77E+01,1.58E+09,2.88E+09,1.30E+09,5.59E+01,5.67E-02,2.79E-02,4.24E+01,4.30E-02,2.12E-02,1.21E+01,1.94E+00,3.94E+01,4.24E+03,2.00E+06,1.97E+07,7.87E+05,7.76E+06,1.02E+00,0.00E+00,6.71E-01,1.00E+02,1.07E+07,1.06E+08,1.36E+00,2.21E+01,0.00E+00,0.00E+00,3.32E+01,4.77E+01,0.00E+00,4.59E+01,9.24E+00,0.00E+00,1.46E+07,1.44E+08,2.04E+06,2.01E+07,5.52E+01,7.05E-01,6.86E+01,,5.67E-02,,2.79E-02,,4.30E-02,,2.12E-02
3207350000,9.26E-02,1.08E+01,6.50E+08,2.48E+01,1.43E+09,2.58E+09,1.15E+09,9.12E+01,8.44E-02,4.56E-02,5.29E+01,4.90E-02,2.64E-02,8.50E+00,3.14E+00,6.71E+00,2.24E+03,1.28E+06,1.38E+07,8.58E+04,9.27E+05,1.32E+00,0.00E+00,4.52E-01,1.00E+02,1.11E+07,1.20E+08,1.05E+00,9.04E+00,0.00E+00,0.00E+00,3.75E+01,3.04E+01,0.00E+00,4.54E+01,5.34E+00,0.00E+00,1.16E+07,1.26E+08,1.69E+06,1.83E+07,5.07E+01,1.39E+00,6.60E+01,,8.44E-02,,4.56E-02,,4.90E-02,,2.64E-02
3207400000,9.14E-02,1.09E+01,6.50E+08,3.25E+01,2.01E+09,3.38E+09,1.37E+09,7.39E+01,6.75E-02,3.69E-02,9.24E+01,8.44E-02,4.62E-02,1.78E+01,1.92E+00,4.54E+01,5.53E+03,2.65E+06,2.90E+07,1.20E+06,1.31E+07,1.02E+00,7.88E+00,6.36E-01,1.00E+02,8.15E+06,8.92E+07,1.37E+00,1.87E+01,0.00E+00,0.00E+00,3.02E+01,4.65E+01,0.00E+00,3.54E+01,1.32E+01,0.00E+00,1.11E+07,1.22E+08,2.69E+06,2.95E+07,4.86E+01,1.01E+00,7.65E+01,,6.75E-02,,3.69E-02,,8.44E-02,,4.62E-02
3207450000,9.62E-02,1.04E+01,6.50E+08,2.85E+01,1.88E+09,2.96E+09,1.08E+09,6.53E+01,6.28E-02,3.27E-02,7.70E+01,7.41E-02,3.85E-02,9.57E+00,1.97E+00,4.22E+01,1.55E+04,1.50E+06,1.55E+07,6.31E+05,6.56E+06,1.01E+00,0.00E+00,3.58E-01,1.00E+02,9.09E+06,9.44E+07,1.05E+00,6.22E+00,0.00E+00,0.00E+00,4.68E+01,4.40E+01,0.00E+00,4.48E+01,6.63E+00,0.00E+00,9.58E+06,9.95E+07,1.51E+06,1.57E+07,5.14E+01,3.91E+00,7.40E+01,,6.28E-02,,3.27E-02,,7.41E-02,,3.85E-02
3207500000,9.85E-02,1.01E+01,6.50E+08,2.52E+01,1.35E+09,2.62E+09,1.27E+09,5.19E+01,5.11E-02,2.59E-02,3.88E+01,3.82E-02,1.94E-02,9.75E+00,1.91E+00,4.40E+01,3.34E+03,1.56E+06,1.58E+07,6.87E+05,6.97E+06,1.03E+00,0.00E+00,4.96E-01,1.00E+02,1.06E+07,1.08E+08,1.02E+00,7.40E+00,0.00E+00,0.00E+00,2.95E+01,4.86E+01,0.00E+00,3.12E+01,7.60E+00,0.00E+00,1.08E+07,1.10E+08,1.60E+06,1.63E+07,3.88E+01,6.88E-01,5.45E+01,,5.11E-02,,2.59E-02,,3.82E-02,,1.94E-02
3207550000,1.23E-01,8.13E+00,6.50E+08,2.86E+01,1.87E+09,2.98E+09,1.11E+09,9.64E+01,1.18E-01,4.82E-02,3.17E+00,3.90E-03,1.59E-03,9.57E+00,1.97E+00,4.22E+01,1.49E+04,1.91E+06,1.55E+07,8.07E+05,6.56E+06,1.01E+00,0.00E+00,3.87E-01,1.00E+02,1.18E+07,9.57E+07,1.05E+00,7.30E+00,0.00E+00,0.00E+00,4.32E+01,4.40E+01,0.00E+00,4.20E+01,6.63E+00,0.00E+00,1.24E+07,1.01E+08,1.93E+06,1.57E+07,4.86E+01,2.79E+00,7.43E+01,,1.18E-01,,4.82E-02,,3.90E-03,,1.59E-03
3207600000,1.23E-01,8.13E+00,6.50E+08,2.40E+01,1.31E+09,2.49E+09,1.18E+09,6.25E+01,7.68E-02,3.12E-02,3.81E+01,4.68E-02,1.90E-02,9.75E+00,1.89E+00,4.40E+01,3.54E+03,1.95E+06,1.58E+07,8.57E+05,6.97E+06,1.03E+00,0.00E+00,4.51E-01,1.00E+02,1.23E+07,9.99E+07,1.02E+00,6.87E+00,0.00E+00,0.00E+00,3.08E+01,4.86E+01,0.00E+00,3.01E+01,7.60E+00,0.00E+00,1.25E+07,1.02E+08,2.00E+06,1.63E+07,3.77E+01,8.16E-01,5.34E+01,,7.68E-02,,3.12E-02,,4.68E-02,,1.90E-02
3207650000,8.33E-02,1.20E+01,6.50E+08,2.76E+01,1.75E+09,2.87E+09,1.11E+09,9.65E+01,8.04E-02,4.83E-02,4.31E+01,3.59E-02,2.15E-02,8.73E+00,2.00E+00,4.48E+01,1.18E+04,1.18E+06,1.42E+07,5.30E+05,6.36E+06,1.01E+00,0.00E+00,3.88E-01,1.00E+02,8.03E+06,9.64E+07,1.05E+00,8.40E+00,0.00E+00,0.00E+00,4.37E+01,4.40E+01,0.00E+00,4.27E+01,6.05E+00,0.00E+00,8.47E+06,1.02E+08,1.19E+06,1.43E+07,4.87E+01,1.45E+00,7.06E+01,,8.04E-02,,4.83E-02,,3.59E-02,,2.15E-02
3207700000,8.38E-02,1.19E+01,6.50E+08,2.33E+01,1.24E+09,2.42E+09,1.18E+09,6.36E+01,5.33E-02,3.18E-02,3.86E+00,3.23E-03,1.93E-03,8.92E+00,1.90E+00,4.64E+01,3.29E+03,1.21E+06,1.45E+07,5.63E+05,6.72E+06,1.03E+00,0.00E+00,4.56E-01,1.00E+02,8.86E+06,1.06E+08,1.02E+00,6.80E+00,0.00E+00,0.00E+00,2.93E+01,4.89E+01,0.00E+00,3.03E+01,7.01E+00,0.00E+00,9.02E+06,1.08E+08,1.25E+06,1.49E+07,3.73E+01,6.43E-01,5.20E+01,,5.33E-02,,3.18E-02,,3.23E-03,,1.93E-03
3207750000,2.13E-01,4.69E+00,6.50E+08,1.92E+01,1.10E+09,2.13E+09,1.03E+09,8.00E+01,1.70E-01,4.00E-02,1.20E+00,2.56E-03,6.01E-04,2.75E-04,3.63E+02,1.00E+02,1.50E+00,8.95E+01,4.76E+02,8.95E+01,4.76E+02,2.00E+00,0.00E+00,4.61E-01,1.00E+02,2.15E+07,1.15E+08,1.05E+00,7.97E+00,0.00E+00,0.00E+00,3.63E+01,6.13E+01,0.00E+00,3.94E+01,5.28E-04,0.00E+00,2.26E+07,1.20E+08,1.79E+02,9.53E+02,3.94E+01,9.13E-01,6.83E+01,,1.70E-01,,4.00E-02,,2.56E-03,,6.01E-04
3207800000,2.13E-01,4.69E+00,6.50E+08,9.47E+00,6.06E+08,1.12E+09,5.15E+08,1.61E+01,3.43E-02,8.06E-03,2.92E+01,6.23E-02,1.46E-02,1.27E+01,4.07E+00,3.11E+00,2.42E+03,3.56E+06,2.35E+07,1.11E+05,7.29E+05,1.38E+00,0.00E+00,6.22E-02,1.00E+02,1.04E+07,6.86E+07,1.00E+00,1.29E+00,0.00E+00,0.00E+00,2.83E+01,2.85E+01,0.00E+00,1.64E+01,7.80E+00,0.00E+00,1.04E+07,6.86E+07,4.92E+06,3.24E+07,2.42E+01,3.30E-01,5.30E+01,,3.43E-02,,8.06E-03,,6.23E-02,,1.46E-02
3207850000,2.13E-01,4.69E+00,6.50E+08,2.87E+01,1.68E+09,2.98E+09,1.30E+09,3.76E+01,8.02E-02,1.88E-02,6.15E+01,1.31E-01,3.08E-02,1.84E+01,1.98E+00,4.08E+01,7.39E+03,6.36E+06,2.98E+07,2.60E+06,1.22E+07,1.01E+00,5.16E+00,6.57E-01,1.00E+02,1.79E+07,8.38E+07,1.55E+00,2.74E+01,0.00E+00,0.00E+00,2.70E+01,4.56E+01,0.00E+00,3.37E+01,1.33E+01,0.00E+00,2.76E+07,1.30E+08,6.44E+06,3.02E+07,4.69E+01,1.30E-01,7.26E+01,,8.02E-02,,1.88E-02,,1.31E-01,,3.08E-02
3207900000,2.13E-01,4.69E+00,6.50E+08,1.86E+01,1.01E+09,2.03E+09,1.02E+09,8.75E+01,1.86E-01,4.38E-02,0.00E+00,0.00E+00,0.00E+00,0.00E+00,,,,0.00E+00,0.00E+00,0.00E+00,0.00E+00,,0.00E+00,4.42E-01,1.00E+02,2.30E+07,1.15E+08,1.03E+00,8.00E+00,0.00E+00,0.00E+00,3.77E+01,,0.00E+00,4.11E+01,0.00E+00,0.00E+00,2.37E+07,1.19E+08,0.00E+00,0.00E+00,4.11E+01,1.28E+00,6.85E+01,,1.86E-01,,4.38E-02,,0.00E+00,,0.00E+00
3207950000,1.23E-01,8.12E+00,6.50E+08,2.29E+01,1.58E+09,2.70E+09,1.12E+09,1.02E+01,1.25E-02,5.08E-03,6.15E+01,7.58E-02,3.08E-02,1.82E+01,1.92E+00,3.88E+01,7.06E+03,3.05E+06,3.35E+07,1.18E+06,1.30E+07,1.06E+00,4.64E+00,2.87E-01,1.00E+02,5.78E+06,6.36E+07,1.02E+00,5.38E+00,0.00E+00,0.00E+00,2.16E+01,4.16E+01,0.00E+00,1.18E+01,1.25E+01,0.00E+00,5.88E+06,6.46E+07,3.23E+06,3.55E+07,2.44E+01,8.16E-01,7.69E+01,,1.25E-02,,5.08E-03,,7.58E-02,,3.08E-02
3208000000,1.22E-01,8.22E+00,6.50E+08,1.86E+01,9.87E+08,1.94E+09,9.49E+08,7.73E+01,9.40E-02,3.86E-02,2.33E+01,2.83E-02,1.16E-02,4.36E+00,2.23E+00,4.03E+01,2.02E+03,8.63E+05,7.09E+06,3.47E+05,2.85E+06,1.04E+00,0.00E+00,3.36E-01,1.00E+02,1.16E+07,9.51E+07,1.09E+00,8.25E+00,0.00E+00,0.00E+00,5.26E+01,5.04E+01,0.00E+00,5.24E+01,3.56E+00,0.00E+00,1.26E+07,1.04E+08,8.93E+05,7.34E+06,5.59E+01,1.05E+00,5.43E+01,,9.40E-02,,3.86E-02,,2.83E-02,,1.16E-02
3208050000,1.36E-01,7.33E+00,6.50E+08,1.85E+01,1.19E+09,2.26E+09,1.07E+09,2.97E+01,4.04E-02,1.48E-02,3.23E+00,4.40E-03,1.61E-03,1.11E-03,3.63E+02,1.00E+02,1.50E+00,1.64E+02,2.12E+03,1.64E+02,2.12E+03,2.00E+00,0.00E+00,3.68E-01,,1.22E+07,1.58E+08,1.03E+00,6.37E+00,0.00E+00,0.00E+00,4.83E+00,6.13E+01,0.00E+00,6.43E+00,2.13E-03,0.00E+00,1.26E+07,1.63E+08,3.27E+02,4.24E+03,6.43E+00,3.57E-02,8.76E+01,,4.04E-02,,1.48E-02,,4.40E-03,,1.61E-03
3208100000,1.52E-01,6.57E+00,6.50E+08,2.49E+01,1.50E+09,2.63E+09,1.13E+09,4.73E+01,7.20E-02,2.37E-02,4.01E+01,6.09E-02,2.00E-02,2.02E+01,1.96E+00,2.74E+01,4.77E+03,4.75E+06,3.33E+07,1.30E+06,9.13E+06,1.15E+00,0.00E+00,3.19E-01,1.00E+02,1.31E+07,9.16E+07,1.06E+00,8.66E+00,0.00E+00,0.00E+00,3.00E+01,3.71E+01,0.00E+00,2.75E+01,1.35E+01,0.00E+00,1.38E+07,9.69E+07,5.47E+06,3.84E+07,4.10E+01,3.93E-01,5.97E+01,,7.20E-02,,2.37E-02,,6.09E-02,,2.00E-02
3208150000,1.52E-01,6.57E+00,6.50E+08,2.10E+01,1.10E+09,2.18E+09,1.09E+09,9.42E+01,1.43E-01,4.71E-02,3.80E+01,5.79E-02,1.90E-02,5.59E+00,2.06E+00,5.00E+01,2.73E+03,1.38E+06,9.08E+06,6.91E+05,4.54E+06,1.03E+00,0.00E+00,4.77E-01,1.00E+02,1.53E+07,1.01E+08,1.25E+00,1.35E+01,0.00E+00,0.00E+00,4.70E+01,4.87E+01,0.00E+00,5.70E+01,4.37E+00,0.00E+00,1.92E+07,1.26E+08,1.42E+06,9.32E+06,6.14E+01,1.33E+00,5.95E+01,,1.43E-01,,4.71E-02,,5.79E-02,,1.90E-02
3208200000,1.46E-01,6.83E+00,5.62E+08,1.89E+01,1.12E+09,1.89E+09,7.72E+08,4.15E+01,6.08E-02,2.08E-02,3.04E+01,4.45E-02,1.52E-02,1.14E+01,3.50E+00,3.34E+00,2.25E+03,2.04E+06,1.78E+07,6.81E+04,5.96E+05,1.39E+00,7.14E+00,4.17E-01,1.00E+02,8.00E+06,7.00E+07,1.11E+00,6.91E+00,0.00E+00,0.00E+00,1.77E+01,2.84E+01,0.00E+00,1.37E+01,7.00E+00,0.00E+00,8.86E+06,7.75E+07,2.82E+06,2.47E+07,2.07E+01,8.40E-02,6.00E+01,,6.08E-02,,2.08E-02,,4.45E-02,,1.52E-02
3208250000,1.41E-01,7.10E+00,5.00E+08,3.49E+01,1.65E+09,2.79E+09,1.14E+09,6.02E+01,8.48E-02,3.01E-02,8.73E+01,1.23E-01,4.37E-02,2.51E+01,1.98E+00,3.80E+01,1.25E+04,4.42E+06,3.14E+07,1.68E+06,1.19E+07,1.04E+00,0.00E+00,5.22E-01,1.00E+02,1.11E+07,7.90E+07,1.15E+00,1.52E+01,0.00E+00,0.00E+00,2.07E+01,4.24E+01,0.00E+00,2.36E+01,1.74E+01,0.00E+00,1.29E+07,9.12E+07,4.62E+06,3.28E+07,4.10E+01,3.16E-02,7.19E+01,,8.48E-02,,3.01E-02,,1.23E-01,,4.37E-02
3208300000,1.41E-01,7.10E+00,5.94E+08,1.76E+01,7.23E+08,1.68E+09,9.54E+08,9.43E+01,1.33E-01,4.71E-02,1.31E+01,1.84E-02,6.54E-03,1.95E+00,1.59E+00,6.50E+01,8.82E+02,4.07E+05,2.89E+06,2.65E+05,1.88E+06,1.07E+00,0.00E+00,4.23E-01,1.00E+02,1.43E+07,1.01E+08,1.19E+00,2.03E+01,0.00E+00,0.00E+00,5.36E+01,5.68E+01,0.00E+00,6.80E+01,1.85E+00,0.00E+00,1.70E+07,1.21E+08,4.37E+05,3.10E+06,6.98E+01,1.03E+00,5.58E+01,,1.33E-01,,4.71E-02,,1.84E-02,,6.54E-03
3208350000,1.19E-01,8.38E+00,6.50E+08,1.74E+01,1.19E+09,2.00E+09,8.13E+08,3.78E+01,4.51E-02,1.89E-02,1.69E+01,2.02E-02,8.45E-03,7.29E+00,6.41E+00,1.82E+00,2.59E+03,1.16E+06,1.31E+07,2.11E+04,2.38E+05,1.39E+00,0.00E+00,3.83E-01,1.00E+02,8.36E+06,9.43E+07,1.07E+00,6.06E+00,0.00E+00,0.00E+00,9.77E+00,2.82E+01,0.00E+00,8.58E+00,4.46E+00,0.00E+00,8.94E+06,1.01E+08,1.61E+06,1.81E+07,1.30E+01,8.92E-02,7.30E+01,,4.51E-02,,1.89E-02,,2.02E-02,,8.45E-03
3208400000,1.11E-01,8.99E+00,6.50E+08,2.65E+01,1.48E+09,2.76E+09,1.27E+09,6.76E+01,7.52E-02,3.38E-02,8.06E+01,8.96E-02,4.03E-02,1.83E+01,1.95E+00,3.92E+01,6.67E+03,3.30E+06,2.97E+07,1.29E+06,1.16E+07,1.02E+00,0.00E+00,5.07E-01,1.00E+02,9.53E+06,8.57E+07,1.34E+00,1.97E+01,0.00E+00,0.00E+00,2.96E+01,4.51E+01,0.00E+00,3.26E+01,1.32E+01,0.00E+00,1.28E+07,1.15E+08,3.38E+06,3.04E+07,4.58E+01,4.57E-01,6.77E+01,,7.52E-02,,3.38E-02,,8.96E-02,,4.03E-02
3208450000,1.25E-01,8.00E+00,6.28E+08,2.01E+01,1.00E+09,2.02E+09,1.02E+09,9.13E+01,1.14E-01,4.57E-02,9.56E+00,1.20E-02,4.78E-03,1.72E+00,6.87E+01,2.19E-01,1.90E+03,3.38E+05,2.70E+06,7.40E+02,5.92E+03,1.38E+00,0.00E+00,4.74E-01,1.00E+02,1.45E+07,1.16E+08,1.04E+00,1.03E+01,0.00E+00,0.00E+00,3.63E+01,2.84E+01,0.00E+00,4.36E+01,1.06E+00,0.00E+00,1.51E+07,1.21E+08,4.66E+05,3.72E+06,4.47E+01,1.13E+00,6.17E+01,,1.14E-01,,4.57E-02,,1.20E-02,,4.78E-03
3208500000,1.47E-01,6.79E+00,5.00E+08,3.02E+01,1.38E+09,2.42E+09,1.04E+09,5.12E+01,7.54E-02,2.56E-02,6.76E+01,9.95E-02,3.38E-02,2.58E+01,1.99E+00,3.20E+01,1.04E+04,4.74E+06,3.24E+07,1.52E+06,1.03E+07,1.08E+00,3.28E+00,5.24E-01,1.00E+02,9.80E+06,6.69E+07,1.22E+00,1.60E+01,0.00E+00,0.00E+00,2.14E+01,4.07E+01,0.00E+00,2.18E+01,1.77E+01,0.00E+00,1.19E+07,8.14E+07,5.10E+06,3.48E+07,3.95E+01,1.01E-01,6.85E+01,,7.54E-02,,2.56E-02,,9.95E-02,,3.38E-02
3208550000,1.47E-01,6.79E+00,5.22E+08,2.21E+01,8.90E+08,1.84E+09,9.53E+08,8.95E+01,1.32E-01,4.48E-02,9.93E+00,1.46E-02,4.97E-03,5.14E-01,4.22E+00,8.65E+00,2.70E+02,9.88E+04,6.71E+05,8.54E+03,5.80E+04,1.18E+00,0.00E+00,5.83E-01,1.00E+02,1.55E+07,1.05E+08,1.09E+00,1.58E+01,0.00E+00,0.00E+00,3.57E+01,7.60E+01,0.00E+00,4.90E+01,7.21E-01,0.00E+00,1.69E+07,1.15E+08,1.17E+05,7.92E+05,4.98E+01,4.71E-01,6.41E+01,,1.32E-01,,4.48E-02,,1.46E-02,,4.97E-03
3208600000,1.61E-01,6.23E+00,5.02E+08,1.27E+01,6.53E+08,1.33E+09,6.76E+08,1.08E+01,1.74E-02,5.42E-03,3.22E+00,5.18E-03,1.61E-03,1.62E-03,3.63E+02,1.00E+02,1.50E+00,1.45E+02,2.64E+03,1.45E+02,2.64E+03,2.00E+00,0.00E+00,3.69E-02,1.00E+02,8.01E+06,1.46E+08,1.00E+00,7.72E-01,0.00E+00,0.00E+00,1.00E+01,6.13E+01,0.00E+00,1.40E+01,3.11E-03,0.00E+00,8.01E+06,1.46E+08,2.89E+02,5.28E+03,1.40E+01,1.23E-01,8.77E+01,,1.74E-02,,5.42E-03,,5.18E-03,,1.61E-03
3208650000,1.76E-01,5.68E+00,5.00E+08,1.93E+01,1.00E+09,1.66E+09,6.60E+08,3.14E+01,5.53E-02,1.57E-02,6.63E+01,1.17E-01,3.32E-02,2.05E+01,2.14E+00,2.12E+01,5.50E+03,4.18E+06,2.76E+07,8.88E+05,5.87E+06,1.18E+00,0.00E+00,8.84E-02,1.00E+02,9.52E+06,6.29E+07,1.00E+00,1.83E+00,0.00E+00,0.00E+00,3.14E+01,3.56E+01,0.00E+00,2.29E+01,1.35E+01,0.00E+00,9.52E+06,6.29E+07,4.93E+06,3.26E+07,3.64E+01,2.35E-01,6.15E+01,,5.53E-02,,1.57E-02,,1.17E-01,,3.32E-02
3208700000,1.76E-01,5.68E+00,6.47E+08,2.45E+01,1.25E+09,2.54E+09,1.29E+09,5.92E+01,1.04E-01,2.96E-02,4.53E+01,7.98E-02,2.27E-02,8.40E+00,1.96E+00,3.99E+01,4.21E+03,2.28E+06,1.36E+07,9.10E+05,5.44E+06,1.02E+00,0.00E+00,6.10E-01,1.00E+02,1.99E+07,1.19E+08,1.27E+00,2.15E+01,0.00E+00,0.00E+00,3.53E+01,4.69E+01,0.00E+00,5.12E+01,6.25E+00,0.00E+00,2.52E+07,1.51E+08,2.32E+06,1.39E+07,5.75E+01,8.08E-01,6.48E+01,,1.04E-01,,2.96E-02,,7.98E-02,,2.27E-02
3208750000,1.76E-01,5.68E+00,6.29E+08,2.18E+01,1.26E+09,2.46E+09,1.20E+09,4.55E+01,8.02E-02,2.28E-02,0.00E+00,0.00E+00,0.00E+00,0.00E+00,,,,0.00E+00,0.00E+00,0.00E+00,0.00E+00,,2.25E-01,6.01E-01,1.00E+02,1.10E+07,1.28E+08,1.06E+00,1.65E+01,0.00E+00,0.00E+00,2.18E+01,,0.00E+00,2.61E+01,0.00E+00,0.00E+00,1.17E+07,1.35E+08,0.00E+00,0.00E+00,2.61E+01,4.65E-01,7.69E+01,,8.02E-02,,2.28E-02,,0.00E+00,,0.00E+00
3208800000,1.72E-01,5.80E+00,5.00E+08,1.13E+01,5.41E+08,9.80E+08,4.39E+08,2.44E+01,4.21E-02,1.22E-02,3.62E+01,6.24E-02,1.81E-02,1.50E+01,1.62E+01,4.84E-01,2.80E+03,2.79E+06,2.02E+07,1.35E+04,9.76E+04,1.38E+00,0.00E+00,9.44E-02,1.00E+02,8.23E+06,5.94E+07,9.99E-01,1.96E+00,0.00E+00,0.00E+00,3.51E+01,2.84E+01,0.00E+00,2.41E+01,9.15E+00,0.00E+00,8.22E+06,5.94E+07,3.85E+06,2.78E+07,3.33E+01,2.39E-01,4.22E+01,,4.21E-02,,1.22E-02,,6.24E-02,,1.81E-02
3208850000,1.72E-01,5.80E+00,5.78E+08,3.39E+01,1.81E+09,3.14E+09,1.33E+09,6.26E+01,1.08E-01,3.13E-02,8.55E+01,1.47E-01,4.27E-02,1.99E+01,1.95E+00,4.67E+01,7.92E+03,4.91E+06,2.87E+07,2.29E+06,1.34E+07,1.01E+00,0.00E+00,6.00E-01,1.00E+02,1.62E+07,9.48E+07,1.50E+00,2.83E+01,0.00E+00,0.00E+00,1.95E+01,4.54E+01,0.00E+00,3.00E+01,1.42E+01,0.00E+00,2.44E+07,1.43E+08,4.97E+06,2.91E+07,4.43E+01,2.87E-02,7.83E+01,,1.08E-01,,3.13E-02,,1.47E-01,,4.27E-02
3208900000,1.72E-01,5.80E+00,6.50E+08,2.05E+01,1.06E+09,2.13E+09,1.07E+09,9.06E+01,1.56E-01,4.53E-02,1.33E+00,2.30E-03,6.67E-04,3.69E-05,1.00E+00,1.00E+02,1.00E+00,1.03E+01,6.00E+01,1.03E+01,6.00E+01,2.00E+00,0.00E+00,5.03E-01,1.00E+02,2.08E+07,1.21E+08,1.09E+00,1.19E+01,0.00E+00,0.00E+00,3.85E+01,4.80E+01,0.00E+00,4.85E+01,5.54E-05,0.00E+00,2.26E+07,1.31E+08,2.07E+01,1.20E+02,4.85E+01,1.15E+00,6.46E+01,,1.56E-01,,4.53E-02,,2.30E-03,,6.67E-04
3208950000,1.66E-01,6.01E+00,6.50E+08,8.78E+00,5.65E+08,1.13E+09,5.65E+08,8.60E+00,1.43E-02,4.30E-03,5.92E+00,9.86E-03,2.96E-03,2.84E+00,4.62E+00,7.10E+00,1.69E+03,3.38E+05,5.70E+06,2.40E+04,4.04E+05,1.40E+00,0.00E+00,2.86E-02,1.00E+02,6.44E+06,1.09E+08,1.00E+00,6.06E-01,0.00E+00,0.00E+00,1.17E+01,2.80E+01,0.00E+00,9.90E+00,1.74E+00,0.00E+00,6.44E+06,1.09E+08,4.73E+05,7.99E+06,1.16E+01,2.20E-01,8.38E+01,,1.43E-02,,4.30E-03,,9.86E-03,,2.96E-03
3209000000,1.62E-01,6.18E+00,6.50E+08,1.43E+01,1.03E+09,1.60E+09,5.72E+08,6.48E+00,1.05E-02,3.24E-03,3.04E+01,4.91E-02,1.52E-02,2.67E+01,2.06E+00,1.93E+01,5.85E+03,5.78E+06,4.68E+07,1.12E+06,9.04E+06,1.21E+00,0.00E+00,6.30E-02,1.00E+02,2.42E+06,1.95E+07,9.97E-01,1.71E+00,0.00E+00,0.00E+00,2.71E+01,3.43E+01,0.00E+00,4.72E+00,1.73E+01,0.00E+00,2.41E+06,1.95E+07,6.99E+06,5.66E+07,2.21E+01,7.87E-02,5.56E+01,,1.05E-02,,3.24E-03,,4.91E-02,,1.52E-02
3209050000,1.62E-01,6.18E+00,6.50E+08,2.30E+01,1.12E+09,2.39E+09,1.28E+09,9.12E+01,1.47E-01,4.56E-02,5.84E+01,9.44E-02,2.92E-02,9.24E+00,1.92E+00,4.65E+01,5.35E+03,2.43E+06,1.50E+07,1.13E+06,6.98E+06,1.01E+00,0.00E+00,6.49E-01,1.00E+02,1.69E+07,1.04E+08,1.50E+00,3.44E+01,0.00E+00,0.00E+00,3.44E+01,4.62E+01,0.00E+00,5.17E+01,6.76E+00,0.00E+00,2.53E+07,1.56E+08,2.46E+06,1.52E+07,5.85E+01,5.37E-01,5.76E+01,,1.47E-01,,4.56E-02,,9.44E-02,,2.92E-02
3209100000,1.21E-01,8.24E+00,6.50E+08,1.91E+01,1.10E+09,2.04E+09,9.34E+08,7.60E+01,9.23E-02,3.80E-02,9.04E+00,1.10E-02,4.52E-03,2.49E+00,2.71E+01,4.60E-01,2.28E+03,4.63E+05,4.14E+06,2.13E+03,1.91E+04,1.42E+00,0.00E+00,4.48E-01,1.00E+02,1.13E+07,1.01E+08,1.04E+00,8.21E+00,0.00E+00,0.00E+00,3.37E+01,2.74E+01,0.00E+00,3.35E+01,1.52E+00,0.00E+00,1.18E+07,1.06E+08,6.58E+05,5.89E+06,3.50E+01,9.51E-01,6.60E+01,,9.23E-02,,3.80E-02,,1.10E-02,,4.52E-03
3209150000,7.76E-02,1.29E+01,6.50E+08,2.92E+01,1.70E+09,3.04E+09,1.34E+09,6.39E+01,4.96E-02,3.19E-02,9.44E+01,7.33E-02,4.72E-02,2.27E+01,1.94E+00,3.71E+01,7.60E+03,2.86E+06,3.69E+07,1.06E+06,1.37E+07,1.08E+00,0.00E+00,4.96E-01,1.00E+02,6.92E+06,8.91E+07,1.28E+00,1.88E+01,0.00E+00,0.00E+00,2.61E+01,4.11E+01,0.00E+00,2.85E+01,1.57E+01,0.00E+00,8.84E+06,1.14E+08,3.08E+06,3.97E+07,4.42E+01,2.98E-01,6.49E+01,,4.96E-02,,3.19E-02,,7.33E-02,,4.72E-02
3209200000,1.03E-01,9.73E+00,6.22E+08,2.13E+01,1.12E+09,2.15E+09,1.03E+09,8.28E+01,8.51E-02,4.14E-02,8.05E+00,8.28E-03,4.03E-03,2.52E-02,9.36E+01,9.27E+00,3.10E+01,3.93E+03,3.96E+04,3.65E+02,3.67E+03,1.91E+00,0.00E+00,4.62E-01,1.00E+02,1.23E+07,1.24E+08,1.04E+00,1.07E+01,0.00E+00,0.00E+00,3.20E+01,1.40E+02,0.00E+00,4.09E+01,1.05E-01,0.00E+00,1.28E+07,1.29E+08,7.52E+03,7.56E+04,4.11E+01,6.72E-01,6.76E+01,,8.51E-02,,4.14E-02,,8.28E-03,,4.03E-03
3209250000,1.15E-01,8.70E+00,5.00E+08,3.07E+01,1.39E+09,2.46E+09,1.07E+09,4.69E+01,5.40E-02,2.35E-02,8.45E+01,9.72E-02,4.23E-02,2.75E+01,1.93E+00,3.37E+01,6.58E+03,3.88E+06,3.44E+07,1.31E+06,1.16E+07,1.14E+00,0.00E+00,3.81E-01,1.00E+02,7.64E+06,6.79E+07,1.01E+00,6.42E+00,0.00E+00,0.00E+00,2.60E+01,3.77E+01,0.00E+00,2.23E+01,1.84E+01,0.00E+00,7.74E+06,6.87E+07,4.41E+06,3.92E+07,4.07E+01,1.85E-01,5.73E+01,,5.40E-02,,2.35E-02,,9.72E-02,,4.23E-02
3209300000,1.06E-01,9.45E+00,5.29E+08,2.48E+01,1.18E+09,2.10E+09,9.23E+08,7.90E+01,8.36E-02,3.95E-02,7.14E+01,7.55E-02,3.57E-02,1.16E+01,2.29E+00,2.14E+01,2.59E+03,1.62E+06,1.53E+07,3.48E+05,3.28E+06,1.22E+00,0.00E+00,6.23E-01,1.00E+02,8.48E+06,8.01E+07,1.45E+00,2.06E+01,0.00E+00,0.00E+00,4.28E+01,3.55E+01,0.00E+00,5.88E+01,7.83E+00,0.00E+00,1.23E+07,1.16E+08,1.98E+06,1.87E+07,6.66E+01,2.06E-01,6.35E+01,,8.36E-02,,3.95E-02,,7.55E-02,,3.57E-02
3209350000,9.66E-02,1.04E+01,6.50E+08,3.72E+01,2.18E+09,3.87E+09,1.69E+09,5.83E+01,5.63E-02,2.92E-02,9.64E+01,9.31E-02,4.82E-02,2.02E+01,1.92E+00,4.20E+01,1.09E+04,3.17E+06,3.28E+07,1.33E+06,1.38E+07,1.05E+00,1.08E+01,7.50E-01,1.00E+02,1.14E+07,1.18E+08,1.18E+00,2.36E+01,0.00E+00,0.00E+00,2.19E+01,4.24E+01,0.00E+00,2.93E+01,1.40E+01,0.00E+00,1.34E+07,1.39E+08,3.32E+06,3.43E+07,4.33E+01,1.24E-01,8.16E+01,,5.63E-02,,2.92E-02,,9.31E-02,,4.82E-02
3209400000,9.17E-02,1.09E+01,6.50E+08,2.31E+01,1.27E+09,2.40E+09,1.14E+09,8.98E+01,8.23E-02,4.49E-02,1.40E+01,1.29E-02,7.01E-03,4.61E-01,1.60E+01,3.75E+00,2.78E+02,6.87E+04,7.49E+05,2.58E+03,2.81E+04,1.11E+00,0.00E+00,5.33E-01,1.00E+02,1.25E+07,1.36E+08,1.10E+00,1.22E+01,0.00E+00,0.00E+00,3.20E+01,6.30E+01,0.00E+00,4.62E+01,5.01E-01,0.00E+00,1.37E+07,1.50E+08,7.59E+04,8.28E+05,4.67E+01,8.00E-01,6.75E+01,,8.23E-02,,4.49E-02,,1.29E-02,,7.01E-03
3209450000,8.77E-02,1.14E+01,6.50E+08,2.91E+01,1.74E+09,3.03E+09,1.29E+09,5.99E+01,5.25E-02,2.99E-02,7.40E+01,6.49E-02,3.70E-02,2.04E+01,1.93E+00,4.19E+01,7.42E+03,2.86E+06,3.32E+07,1.20E+06,1.39E+07,1.04E+00,0.00E+00,4.30E-01,1.00E+02,7.12E+06,8.25E+07,1.14E+00,9.74E+00,0.00E+00,0.00E+00,2.82E+01,4.31E+01,0.00E+00,2.54E+01,1.43E+01,0.00E+00,8.11E+06,9.39E+07,2.99E+06,3.46E+07,3.97E+01,3.72E-01,7.06E+01,,5.25E-02,,2.99E-02,,6.49E-02,,3.70E-02
3209500000,5.29E-02,1.89E+01,6.50E+08,2.95E+01,1.69E+09,3.06E+09,1.38E+09,5.24E+01,2.77E-02,2.62E-02,4.51E+01,2.39E-02,2.25E-02,9.15E+00,1.99E+00,4.44E+01,1.35E+04,7.87E+05,1.49E+07,3.50E+05,6.61E+06,1.01E+00,0.00E+00,5.21E-01,1.00E+02,6.61E+06,1.25E+08,1.01E+00,1.43E+01,0.00E+00,0.00E+00,3.12E+01,4.40E+01,0.00E+00,3.79E+01,6.34E+00,0.00E+00,6.69E+06,1.26E+08,7.93E+05,1.50E+07,4.43E+01,7.91E-01,6.80E+01,,2.77E-02,,2.62E-02,,2.39E-02,,2.25E-02
3209550000,8.65E-02,1.16E+01,6.50E+08,2.54E+01,1.57E+09,2.64E+09,1.08E+09,6.68E+01,5.78E-02,3.34E-02,3.60E+01,3.11E-02,1.80E-02,1.33E+01,1.87E+00,4.71E+01,7.18E+03,1.87E+06,2.16E+07,8.79E+05,1.02E+07,1.01E+00,0.00E+00,3.03E-01,1.00E+02,6.78E+06,7.84E+07,1.04E+00,3.80E+00,0.00E+00,0.00E+00,4.43E+01,4.52E+01,0.00E+00,3.47E+01,9.48E+00,0.00E+00,7.05E+06,8.16E+07,1.89E+06,2.18E+07,4.42E+01,1.87E+00,5.71E+01,,5.78E-02,,3.34E-02,,3.11E-02,,1.80E-02
3209600000,1.05E-01,9.51E+00,6.50E+08,3.17E+01,1.88E+09,3.30E+09,1.42E+09,7.45E+01,7.84E-02,3.73E-02,2.30E+01,2.42E-02,1.15E-02,1.29E+01,1.96E+00,4.48E+01,3.27E+04,2.20E+06,2.09E+07,9.86E+05,9.37E+06,1.01E+00,9.40E+00,6.15E-01,1.00E+02,1.17E+07,1.11E+08,1.04E+00,9.89E+00,0.00E+00,0.00E+00,1.97E+01,4.46E+01,0.00E+00,2.19E+01,9.04E+00,0.00E+00,1.22E+07,1.16E+08,2.22E+06,2.11E+07,3.10E+01,2.23E-01,6.33E+01,,7.84E-02,,3.73E-02,,2.42E-02,,1.15E-02
3209650000,9.97E-02,1.00E+01,6.50E+08,2.06E+01,1.22E+09,2.15E+09,9.29E+08,8.99E+01,8.96E-02,4.49E-02,4.53E+01,4.52E-02,2.26E-02,7.81E+00,2.64E+00,1.10E+01,2.02E+03,1.27E+06,1.27E+07,1.39E+05,1.39E+06,1.33E+00,0.00E+00,3.14E-01,1.00E+02,9.90E+06,9.93E+07,1.04E+00,5.59E+00,0.00E+00,0.00E+00,5.07E+01,3.09E+01,0.00E+00,5.02E+01,5.02E+00,0.00E+00,1.03E+07,1.03E+08,1.69E+06,1.69E+07,5.52E+01,1.18E+00,6.01E+01,,8.96E-02,,4.49E-02,,4.52E-02,,2.26E-02
3209700000,9.77E-02,1.02E+01,6.50E+08,3.41E+01,1.90E+09,3.55E+09,1.64E+09,8.63E+01,8.43E-02,4.31E-02,5.27E+01,5.15E-02,2.63E-02,1.87E+01,1.92E+00,4.46E+01,9.46E+03,2.97E+06,3.04E+07,1.32E+06,1.36E+07,1.01E+00,0.00E+00,6.57E-01,1.00E+02,1.12E+07,1.14E+08,1.19E+00,2.67E+01,0.00E+00,0.00E+00,2.41E+01,4.48E+01,0.00E+00,3.17E+01,1.32E+01,0.00E+00,1.34E+07,1.37E+08,3.01E+06,3.08E+07,4.49E+01,1.51E-01,7.63E+01,,8.43E-02,,4.31E-02,,5.15E-02,,2.63E-02
3209750000,8.97E-02,1.12E+01,6.50E+08,2.46E+01,1.50E+09,2.56E+09,1.06E+09,9.28E+01,8.32E-02,4.64E-02,2.24E+01,2.01E-02,1.12E-02,8.43E+00,2.02E+00,1.60E+01,2.96E+03,1.23E+06,1.37E+07,1.97E+05,2.20E+06,1.23E+00,0.00E+00,4.34E-01,1.00E+02,9.59E+06,1.07E+08,1.03E+00,9.63E+00,0.00E+00,0.00E+00,4.19E+01,3.35E+01,0.00E+00,4.45E+01,5.44E+00,0.00E+00,9.91E+06,1.11E+08,1.51E+06,1.69E+07,5.00E+01,8.02E-01,6.78E+01,,8.32E-02,,4.64E-02,,2.01E-02,,1.12E-02
3209800000,8.78E-02,1.14E+01,6.50E+08,2.90E+01,1.53E+09,3.02E+09,1.48E+09,8.57E+01,7.53E-02,4.29E-02,5.15E+01,4.52E-02,2.58E-02,1.58E+01,1.97E+00,4.48E+01,8.95E+03,2.26E+06,2.57E+07,1.01E+06,1.15E+07,1.01E+00,0.00E+00,5.69E-01,1.00E+02,9.58E+06,1.09E+08,1.24E+00,2.15E+01,0.00E+00,0.00E+00,3.19E+01,4.51E+01,0.00E+00,4.15E+01,1.13E+01,0.00E+00,1.19E+07,1.36E+08,2.28E+06,2.60E+07,5.28E+01,5.47E-01,7.06E+01,,7.53E-02,,4.29E-02,,4.52E-02,,2.58E-02
3209850000,1.17E-01,8.53E+00,6.50E+08,2.87E+01,1.69E+09,2.98E+09,1.30E+09,9.62E+01,1.13E-01,4.81E-02,3.99E+01,4.68E-02,2.00E-02,1.40E+01,2.02E+00,2.76E+01,3.68E+03,2.67E+06,2.28E+07,7.37E+05,6.28E+06,1.20E+00,0.00E+00,4.46E-01,1.00E+02,1.30E+07,1.10E+08,1.04E+00,1.22E+01,0.00E+00,0.00E+00,3.78E+01,3.50E+01,0.00E+00,4.16E+01,9.18E+00,0.00E+00,1.34E+07,1.15E+08,3.20E+06,2.73E+07,5.08E+01,6.03E-01,7.03E+01,,1.13E-01,,4.81E-02,,4.68E-02,,2.00E-02
3209900000,1.17E-01,8.53E+00,6.50E+08,2.80E+01,1.56E+09,2.91E+09,1.35E+09,9.37E+01,1.10E-01,4.69E-02,5.04E+01,5.91E-02,2.52E-02,1.22E+01,1.97E+00,3.99E+01,7.69E+03,2.32E+06,1.98E+07,9.25E+05,7.89E+06,1.01E+00,0.00E+00,7.02E-01,1.00E+02,1.33E+07,1.14E+08,1.31E+00,1.94E+01,0.00E+00,0.00E+00,3.49E+01,4.54E+01,0.00E+00,5.01E+01,8.74E+00,0.00E+00,1.75E+07,1.49E+08,2.35E+06,2.00E+07,5.88E+01,8.10E-01,6.79E+01,,1.10E-01,,4.69E-02,,5.91E-02,,2.52E-02
3209950000,3.57E-01,2.80E+00,6.50E+08,2.08E+01,1.31E+09,2.25E+09,9.40E+08,6.19E+01,2.21E-01,3.09E-02,3.39E+01,1.21E-01,1.69E-02,9.73E+00,2.08E+00,1.29E+01,2.93E+03,5.46E+06,1.65E+07,7.03E+05,2.12E+06,1.18E+00,0.00E+00,3.85E-01,1.00E+02,2.86E+07,8.63E+07,1.05E+00,7.54E+00,0.00E+00,0.00E+00,2.96E+01,3.93E+01,0.00E+00,2.48E+01,7.05E+00,0.00E+00,3.00E+07,9.07E+07,6.45E+06,1.95E+07,3.18E+01,3.53E-01,6.07E+01,,2.21E-01,,3.09E-02,,1.21E-01,,1.69E-02
3210000000,,0.00E+00,6.50E+08,3.76E+01,2.22E+09,3.91E+09,1.68E+09,5.84E+01,,1.93E-02,6.63E+01,,2.19E-02,2.68E+01,1.91E+00,4.56E+01,2.84E+04,,4.35E+07,,1.98E+07,1.01E+00,0.00E+00,6.82E-01,1.00E+02,,1.25E+08,1.26E+00,1.71E+01,,0.00E+00,1.53E+01,4.45E+01,0.00E+00,2.32E+01,1.88E+01,0.00E+00,,1.58E+08,,4.39E+07,4.20E+01,3.00E-03,7.82E+01,,,,1.93E-02,,,,2.19E-02
Mean,1.24E-01,8.92E+00,6.03E+08,2.48E+01,1.34E+09,2.44E+09,1.10E+09,6.38E+01,7.60E-02,3.19E-02,4.28E+01,4.99E-02,2.13E-02,1.08E+01,2.43E+01,3.99E+01,5.84E+03,1.82E+06,1.65E+07,6.59E+05,6.00E+06,1.18E+00,1.08E+00,4.55E-01,1.00E+02,1.08E+07,9.82E+07,1.11E+00,1.16E+01,0.00E+00,0.00E+00,3.18E+01,4.44E+01,0.00E+00,3.52E+01,7.55E+00,0.00E+00,1.21E+07,1.09E+08,2.01E+06,1.82E+07,4.27E+01,6.78E-01,6.67E+01,1.08E-04,7.69E-02,2.34E-05,3.19E-02,3.62E-03,5.02E-02,1.85E-05,2.13E-02
Variance,1.62E-03,1.26E+01,5.31E+15,4.42E+01,1.80E+17,4.20E+17,6.66E+16,7.41E+02,1.53E-03,1.86E-04,7.34E+02,1.16E-03,1.83E-04,5.26E+01,6.93E+03,5.27E+02,4.01E+07,1.88E+12,1.19E+14,3.21E+11,2.17E+13,7.13E-02,7.53E+00,3.34E-02,0.00E+00,1.68E+13,4.97E+14,1.44E-02,4.90E+01,0.00E+00,0.00E+00,1.47E+02,2.01E+02,0.00E+00,2.29E+02,2.44E+01,0.00E+00,2.47E+13,6.72E+14,2.30E+12,1.45E+14,2.00E+02,4.49E-01,8.13E+01,1.32E-07,1.50E-03,2.48E-09,1.86E-04,1.82E-04,1.16E-03,2.70E-09,1.83E-04
Standard Deviation,4.03E-02,3.55E+00,7.29E+07,6.65E+00,4.24E+08,6.48E+08,2.58E+08,2.72E+01,3.91E-02,1.36E-02,2.71E+01,3.40E-02,1.35E-02,7.25E+00,8.33E+01,2.30E+01,6.33E+03,1.37E+06,1.09E+07,5.67E+05,4.66E+06,2.67E-01,2.74E+00,1.83E-01,0.00E+00,4.10E+06,2.23E+07,1.20E-01,7.00E+00,0.00E+00,0.00E+00,1.21E+01,1.42E+01,0.00E+00,1.51E+01,4.94E+00,0.00E+00,4.97E+06,2.59E+07,1.52E+06,1.20E+07,1.42E+01,6.70E-01,9.02E+00,3.63E-04,3.87E-02,4.98E-05,1.36E-02,1.35E-02,3.41E-02,5.20E-05,1.35E-02
