"host time (us)","GPU PowerVR Series8XEP, GE8320, Device 0/Frame time","GPU PowerVR Series8XEP, GE8320, Device 0/Frames per second (FPS)","GPU PowerVR Series8XEP, GE8320, Device 0/GPU clock speed","GPU PowerVR Series8XEP, GE8320, Device 0/GPU memory interface load (%)","GPU PowerVR Series8XEP, GE8320, Device 0/GPU memory read bytes per second","GPU PowerVR Series8XEP, GE8320, Device 0/GPU memory total bytes per second","GPU PowerVR Series8XEP, GE8320, Device 0/GPU memory write bytes per second","GPU PowerVR Series8XEP, GE8320, Device 0/Renderer active (%)","GPU PowerVR Series8XEP, GE8320, Device 0/Renderer time per frame","GPU PowerVR Series8XEP, GE8320, Device 0/Renderer time","GPU PowerVR Series8XEP, GE8320, Device 0/Tiler active (%)","GPU PowerVR Series8XEP, GE8320, Device 0/Tiler time per frame","GPU PowerVR Series8XEP, GE8320, Device 0/Tiler time","GPU PowerVR Series8XEP, GE8320, Device 0/Tiler/Tiler triangle load (%)","GPU PowerVR Series8XEP, GE8320, Device 0/Tiler/Tiles per triangle","GPU PowerVR Series8XEP, GE8320, Device 0/Tiler/Triangle ratio (%)","GPU PowerVR Series8XEP, GE8320, Device 0/Tiler/Triangles input per draw","GPU PowerVR Series8XEP, GE8320, Device 0/Tiler/Triangles input per frame","GPU PowerVR Series8XEP, GE8320, Device 0/Tiler/Triangles input per second","GPU PowerVR Series8XEP, GE8320, Device 0/Tiler/Triangles output per frame","GPU PowerVR Series8XEP, GE8320, Device 0/Tiler/Triangles output per second","GPU PowerVR Series8XEP, GE8320, Device 0/Tiler/Vertices per triangle","GPU PowerVR Series8XEP, GE8320, Device 0/Renderer/HSR efficiency (%)","GPU PowerVR Series8XEP, GE8320, Device 0/Renderer/ISP pixel load (%)","GPU PowerVR Series8XEP, GE8320, Device 0/Renderer/ISP tiles in flight (%)","GPU PowerVR Series8XEP, GE8320, Device 0/Renderer/Output pixels per frame","GPU PowerVR Series8XEP, GE8320, Device 0/Renderer/Output pixels per second","GPU PowerVR Series8XEP, GE8320, Device 0/Renderer/Overdraw","GPU PowerVR Series8XEP, GE8320, Device 0/Renderer/Z load/store (%)","GPU PowerVR Series8XEP, GE8320, Device 0/Shader/Compute kernels per frame","GPU PowerVR Series8XEP, GE8320, Device 0/Shader/Compute kernels per second","GPU PowerVR Series8XEP, GE8320, Device 0/Shader/Cycles per pixel","GPU PowerVR Series8XEP, GE8320, Device 0/Shader/Cycles per vertex","GPU PowerVR Series8XEP, GE8320, Device 0/Shader/Processing load: compute (%)","GPU PowerVR Series8XEP, GE8320, Device 0/Shader/Processing load: pixel (%)","GPU PowerVR Series8XEP, GE8320, Device 0/Shader/Processing load: vertex (%)","GPU PowerVR Series8XEP, GE8320, Device 0/Shader/Register overload (%)","GPU PowerVR Series8XEP, GE8320, Device 0/Shader/Shaded pixels per frame","GPU PowerVR Series8XEP, GE8320, Device 0/Shader/Shaded pixels per second","GPU PowerVR Series8XEP, GE8320, Device 0/Shader/Shaded vertices per frame","GPU PowerVR Series8XEP, GE8320, Device 0/Shader/Shaded vertices per second","GPU PowerVR Series8XEP, GE8320, Device 0/Shader/Shader processing load (%)","GPU PowerVR Series8XEP, GE8320, Device 0/Texturing/Texture overload (%)","GPU PowerVR Series8XEP, GE8320, Device 0/Texturing/Texturing active (%)","Processes/PID 1290 ()/GPU PowerVR Series8XEP, GE8320, Device 0/Renderer time per frame","Processes/PID 15964 ()/GPU PowerVR Series8XEP, GE8320, Device 0/Renderer time per frame","Processes/PID 1290 ()/GPU PowerVR Series8XEP, GE8320, Device 0/Renderer time","Processes/PID 15964 ()/GPU PowerVR Series8XEP, GE8320, Device 0/Renderer time","Processes/PID 1290 ()/GPU PowerVR Series8XEP, GE8320, Device 0/Tiler time per frame","Processes/PID 15964 ()/GPU PowerVR Series8XEP, GE8320, Device 0/Tiler time per frame","Processes/PID 1290 ()/GPU PowerVR Series8XEP, GE8320, Device 0/Tiler time","Processes/PID 15964 ()/GPU PowerVR Series8XEP, GE8320, Device 0/Tiler time"
816290550000,,,,,,,,,,,,,,,,,,,,,,,,,,,,,,,,,,,,,,,,,,,,,,,,,,,,
816290600000,,,,,,,,,,,,,,,,,,,,,,,,,,,,,,,,,,,,,,,,,,,,,,,,,,,,
816290650000,,,,,,,,,,,,,,,,,,,,,,,,,,,,,,,,,,,,,,,,,,,,,,,,,,,,
816290700000,,,,,,,,,,,,,,,,,,,,,,,,,,,,,,,,,,,,,,,,,,,,,,,,,,,,
816290750000,,,,,,,,,,,,,,,,,,,,,,,,,,,,,,,,,,,,,,,,,,,,,,,,,,,,
816290800000,,,,,,,,,,,,,,,,,,,,,,,,,,,,,,,,,,,,,,,,,,,,,,,,,,,,
816290850000,,,,,,,,,,,,,,,,,,,,,,,,,,,,,,,,,,,,,,,,,,,,,,,,,,,,
816290900000,,,,,,,,,,,,,,,,,,,,,,,,,,,,,,,,,,,,,,,,,,,,,,,,,,,,
816290950000,,,,,,,,,,,,,,,,,,,,,,,,,,,,,,,,,,,,,,,,,,,,,,,,,,,,
816291000000,,,,,,,,,,,,,,,,,,,,,,,,,,,,,,,,,,,,,,,,,,,,,,,,,,,,
816291050000,,,,,,,,,,,,,,,,,,,,,,,,,,,,,,,,,,,,,,,,,,,,,,,,,,,,
816291100000,,,,,,,,,,,,,,,,,,,,,,,,,,,,,,,,,,,,,,,,,,,,,,,,,,,,
816291150000,,,,,,,,,,,,,,,,,,,,,,,,,,,,,,,,,,,,,,,,,,,,,,,,,,,,
816291200000,,,,,,,,,,,,,,,,,,,,,,,,,,,,,,,,,,,,,,,,,,,,,,,,,,,,
816291250000,,,,,,,,,,,,,,,,,,,,,,,,,,,,,,,,,,,,,,,,,,,,,,,,,,,,
816291300000,,,,,,,,,,,,,,,,,,,,,,,,,,,,,,,,,,,,,,,,,,,,,,,,,,,,
816291350000,,,,,,,,,,,,,,,,,,,,,,,,,,,,,,,,,,,,,,,,,,,,,,,,,,,,
816291400000,,,,,,,,,,,,,,,,,,,,,,,,,,,,,,,,,,,,,,,,,,,,,,,,,,,,
816291450000,,,,,,,,,,,,,,,,,,,,,,,,,,,,,,,,,,,,,,,,,,,,,,,,,,,,
816291500000,,,,,,,,,,,,,,,,,,,,,,,,,,,,,,,,,,,,,,,,,,,,,,,,,,,,
816291550000,,,,,,,,,,,,,,,,,,,,,,,,,,,,,,,,,,,,,,,,,,,,,,,,,,,,
816291600000,,,,,,,,,,,,,,,,,,,,,,,,,,,,,,,,,,,,,,,,,,,,,,,,,,,,
816291650000,,,,,,,,,,,,,,,,,,,,,,,,,,,,,,,,,,,,,,,,,,,,,,,,,,,,
816291700000,,,,,,,,,,,,,,,,,,,,,,,,,,,,,,,,,,,,,,,,,,,,,,,,,,,,
816291750000,,,,,,,,,,,,,,,,,,,,,,,,,,,,,,,,,,,,,,,,,,,,,,,,,,,,
816291800000,,,,,,,,,,,,,,,,,,,,,,,,,,,,,,,,,,,,,,,,,,,,,,,,,,,,
816291850000,,,,,,,,,,,,,,,,,,,,,,,,,,,,,,,,,,,,,,,,,,,,,,,,,,,,
816291900000,,,,,,,,,,,,,,,,,,,,,,,,,,,,,,,,,,,,,,,,,,,,,,,,,,,,
816291950000,,,,,,,,,,,,,,,,,,,,,,,,,,,,,,,,,,,,,,,,,,,,,,,,,,,,
816292000000,,,,,,,,,,,,,,,,,,,,,,,,,,,,,,,,,,,,,,,,,,,,,,,,,,,,
816292050000,,,,,,,,,,,,,,,,,,,,,,,,,,,,,,,,,,,,,,,,,,,,,,,,,,,,
816292100000,1.62E-01,6.17E+00,4.10E+08,1.10E+00,6.96E+07,1.30E+08,6.06E+07,1.71E-01,2.77E-04,8.55E-05,1.35E-01,2.18E-04,6.74E-05,6.31E-03,9.10E+00,1.00E+02,3.62E+00,9.40E+01,1.17E+04,9.40E+01,1.17E+04,1.76E+00,0.00E+00,2.61E-02,1.00E+02,1.03E+05,1.28E+07,1.14E+00,0.00E+00,0.00E+00,0.00E+00,3.73E+00,3.64E+01,0.00E+00,4.58E-01,6.31E-03,0.00E+00,1.17E+05,1.46E+07,1.65E+02,2.06E+04,4.64E-01,1.09E-04,9.43E+01,2.77E-04,,8.55E-05,,2.18E-04,,6.74E-05,
816292150000,6.99E-02,1.43E+01,4.10E+08,9.92E-01,6.80E+07,1.28E+08,6.02E+07,2.42E-01,1.69E-04,1.21E-04,1.79E-01,1.25E-04,8.93E-05,5.76E-03,9.10E+00,1.00E+02,3.62E+00,4.06E+01,1.16E+04,4.06E+01,1.16E+04,1.76E+00,0.00E+00,2.38E-02,1.00E+02,4.44E+04,1.27E+07,1.14E+00,0.00E+00,0.00E+00,0.00E+00,3.73E+00,3.64E+01,0.00E+00,4.18E-01,5.76E-03,0.00E+00,5.05E+04,1.45E+07,7.13E+01,2.05E+04,4.24E-01,7.70E-03,9.34E+01,1.74E-04,,1.21E-04,,1.28E-04,,8.93E-05,
816292200000,1.37E+00,7.32E-01,,,,,,0.00E+00,0.00E+00,0.00E+00,0.00E+00,0.00E+00,0.00E+00,,,,,,,,,,,,,,,,,,,,,,,,,,,,,,,,0.00E+00,,0.00E+00,,0.00E+00,,0.00E+00,
816292250000,1.37E+00,7.32E-01,,,,,,0.00E+00,0.00E+00,0.00E+00,0.00E+00,0.00E+00,0.00E+00,,,,,,,,,,,,,,,,,,,,,,,,,,,,,,,,0.00E+00,,0.00E+00,,0.00E+00,,0.00E+00,
816292300000,1.37E+00,7.32E-01,,,,,,0.00E+00,0.00E+00,0.00E+00,0.00E+00,0.00E+00,0.00E+00,,,,,,,,,,,,,,,,,,,,,,,,,,,,,,,,0.00E+00,,0.00E+00,,0.00E+00,,0.00E+00,
816292350000,1.37E+00,7.32E-01,,,,,,0.00E+00,0.00E+00,0.00E+00,0.00E+00,0.00E+00,0.00E+00,,,,,,,,,,,,,,,,,,,,,,,,,,,,,,,,0.00E+00,,0.00E+00,,0.00E+00,,0.00E+00,
816292400000,1.37E+00,7.32E-01,,,,,,0.00E+00,0.00E+00,0.00E+00,0.00E+00,0.00E+00,0.00E+00,,,,,,,,,,,,,,,,,,,,,,,,,,,,,,,,0.00E+00,,0.00E+00,,0.00E+00,,0.00E+00,
816292450000,1.37E+00,7.32E-01,,,,,,0.00E+00,0.00E+00,0.00E+00,0.00E+00,0.00E+00,0.00E+00,,,,,,,,,,,,,,,,,,,,,,,,,,,,,,,,0.00E+00,,0.00E+00,,0.00E+00,,0.00E+00,
816292500000,1.37E+00,7.32E-01,,,,,,0.00E+00,0.00E+00,0.00E+00,0.00E+00,0.00E+00,0.00E+00,,,,,,,,,,,,,,,,,,,,,,,,,,,,,,,,0.00E+00,,0.00E+00,,0.00E+00,,0.00E+00,
816292550000,1.37E+00,7.32E-01,,,,,,0.00E+00,0.00E+00,0.00E+00,0.00E+00,0.00E+00,0.00E+00,,,,,,,,,,,,,,,,,,,,,,,,,,,,,,,,0.00E+00,,0.00E+00,,0.00E+00,,0.00E+00,
816292600000,1.37E+00,7.32E-01,,,,,,0.00E+00,0.00E+00,0.00E+00,0.00E+00,0.00E+00,0.00E+00,,,,,,,,,,,,,,,,,,,,,,,,,,,,,,,,0.00E+00,,0.00E+00,,0.00E+00,,0.00E+00,
816292650000,1.37E+00,7.32E-01,,,,,,0.00E+00,0.00E+00,0.00E+00,0.00E+00,0.00E+00,0.00E+00,,,,,,,,,,,,,,,,,,,,,,,,,,,,,,,,0.00E+00,,0.00E+00,,0.00E+00,,0.00E+00,
816292700000,1.37E+00,7.32E-01,,,,,,0.00E+00,0.00E+00,0.00E+00,0.00E+00,0.00E+00,0.00E+00,,,,,,,,,,,,,,,,,,,,,,,,,,,,,,,,0.00E+00,,0.00E+00,,0.00E+00,,0.00E+00,
816292750000,1.37E+00,7.32E-01,,,,,,0.00E+00,0.00E+00,0.00E+00,0.00E+00,0.00E+00,0.00E+00,,,,,,,,,,,,,,,,,,,,,,,,,,,,,,,,0.00E+00,,0.00E+00,,0.00E+00,,0.00E+00,
816292800000,1.37E+00,7.32E-01,,,,,,0.00E+00,0.00E+00,0.00E+00,0.00E+00,0.00E+00,0.00E+00,,,,,,,,,,,,,,,,,,,,,,,,,,,,,,,,0.00E+00,,0.00E+00,,0.00E+00,,0.00E+00,
816292850000,1.37E+00,7.32E-01,,,,,,0.00E+00,0.00E+00,0.00E+00,0.00E+00,0.00E+00,0.00E+00,,,,,,,,,,,,,,,,,,,,,,,,,,,,,,,,0.00E+00,,0.00E+00,,0.00E+00,,0.00E+00,
816292900000,1.37E+00,7.32E-01,,,,,,0.00E+00,0.00E+00,0.00E+00,0.00E+00,0.00E+00,0.00E+00,,,,,,,,,,,,,,,,,,,,,,,,,,,,,,,,0.00E+00,,0.00E+00,,0.00E+00,,0.00E+00,
816292950000,1.37E+00,7.32E-01,,,,,,0.00E+00,0.00E+00,0.00E+00,0.00E+00,0.00E+00,0.00E+00,,,,,,,,,,,,,,,,,,,,,,,,,,,,,,,,0.00E+00,,0.00E+00,,0.00E+00,,0.00E+00,
816293000000,1.37E+00,7.32E-01,,,,,,0.00E+00,0.00E+00,0.00E+00,0.00E+00,0.00E+00,0.00E+00,,,,,,,,,,,,,,,,,,,,,,,,,,,,,,,,0.00E+00,,0.00E+00,,0.00E+00,,0.00E+00,
816293050000,1.37E+00,7.32E-01,,,,,,0.00E+00,0.00E+00,0.00E+00,0.00E+00,0.00E+00,0.00E+00,,,,,,,,,,,,,,,,,,,,,,,,,,,,,,,,0.00E+00,,0.00E+00,,0.00E+00,,0.00E+00,
816293100000,1.37E+00,7.32E-01,,,,,,0.00E+00,0.00E+00,0.00E+00,0.00E+00,0.00E+00,0.00E+00,,,,,,,,,,,,,,,,,,,,,,,,,,,,,,,,0.00E+00,,0.00E+00,,0.00E+00,,0.00E+00,
816293150000,1.37E+00,7.32E-01,,,,,,0.00E+00,0.00E+00,0.00E+00,0.00E+00,0.00E+00,0.00E+00,,,,,,,,,,,,,,,,,,,,,,,,,,,,,,,,0.00E+00,,0.00E+00,,0.00E+00,,0.00E+00,
816293200000,1.37E+00,7.32E-01,,,,,,0.00E+00,0.00E+00,0.00E+00,0.00E+00,0.00E+00,0.00E+00,,,,,,,,,,,,,,,,,,,,,,,,,,,,,,,,0.00E+00,,0.00E+00,,0.00E+00,,0.00E+00,
816293250000,1.37E+00,7.32E-01,,,,,,0.00E+00,0.00E+00,0.00E+00,0.00E+00,0.00E+00,0.00E+00,,,,,,,,,,,,,,,,,,,,,,,,,,,,,,,,0.00E+00,,0.00E+00,,0.00E+00,,0.00E+00,
816293300000,1.37E+00,7.32E-01,,,,,,0.00E+00,0.00E+00,0.00E+00,0.00E+00,0.00E+00,0.00E+00,,,,,,,,,,,,,,,,,,,,,,,,,,,,,,,,0.00E+00,,0.00E+00,,0.00E+00,,0.00E+00,
816293350000,1.37E+00,7.32E-01,,,,,,0.00E+00,0.00E+00,0.00E+00,0.00E+00,0.00E+00,0.00E+00,,,,,,,,,,,,,,,,,,,,,,,,,,,,,,,,0.00E+00,,0.00E+00,,0.00E+00,,0.00E+00,
816293400000,1.37E+00,7.32E-01,,,,,,0.00E+00,0.00E+00,0.00E+00,0.00E+00,0.00E+00,0.00E+00,,,,,,,,,,,,,,,,,,,,,,,,,,,,,,,,0.00E+00,,0.00E+00,,0.00E+00,,0.00E+00,
816293450000,1.37E+00,7.32E-01,,,,,,0.00E+00,0.00E+00,0.00E+00,0.00E+00,0.00E+00,0.00E+00,,,,,,,,,,,,,,,,,,,,,,,,,,,,,,,,0.00E+00,,0.00E+00,,0.00E+00,,0.00E+00,
816293500000,1.32E-01,7.55E+00,4.10E+08,2.50E+01,4.30E+08,1.81E+09,1.38E+09,7.88E+00,1.04E-02,3.94E-03,1.10E+01,1.46E-02,5.51E-03,3.19E+00,6.23E+00,5.24E+01,7.58E+02,1.34E+05,3.61E+06,7.05E+04,1.89E+06,1.03E+00,2.64E+01,1.25E+00,1.00E+02,4.99E+06,1.34E+08,9.99E-01,1.01E+01,0.00E+00,0.00E+00,8.45E+00,4.42E+01,0.00E+00,1.56E+01,2.27E+00,0.00E+00,4.99E+06,1.34E+08,1.39E+05,3.73E+06,1.79E+01,2.59E-04,3.05E+01,0.00E+00,1.12E-02,0.00E+00,3.94E-03,0.00E+00,1.56E-02,0.00E+00,5.51E-03
816293550000,5.67E-02,1.77E+01,4.10E+08,1.96E+01,5.11E+08,1.30E+09,7.89E+08,8.65E+01,4.90E-02,4.33E-02,2.84E+01,1.61E-02,1.42E-02,2.13E+00,5.69E+00,5.12E+01,4.63E+02,1.23E+05,2.20E+06,6.28E+04,1.13E+06,1.09E+00,0.00E+00,3.59E-01,1.00E+02,4.25E+06,7.64E+07,9.96E-01,6.01E+00,0.00E+00,0.00E+00,5.68E+01,5.61E+01,0.00E+00,6.53E+01,2.04E+00,0.00E+00,4.24E+06,7.62E+07,1.34E+05,2.41E+06,6.74E+01,2.26E-01,5.11E+01,0.00E+00,4.90E-02,0.00E+00,4.33E-02,0.00E+00,1.61E-02,0.00E+00,1.42E-02
816293600000,8.04E-02,1.24E+01,6.02E+08,2.40E+01,8.32E+08,2.31E+09,1.48E+09,9.04E+01,7.26E-02,4.52E-02,9.59E+00,7.71E-03,4.79E-03,7.64E-01,5.19E+00,5.02E+01,3.44E+02,9.24E+04,1.15E+06,4.64E+04,5.77E+05,1.15E+00,0.00E+00,8.73E-01,1.00E+02,1.31E+07,1.63E+08,1.04E+00,1.36E+01,0.00E+00,0.00E+00,3.17E+01,6.56E+01,0.00E+00,5.61E+01,8.97E-01,0.00E+00,1.37E+07,1.70E+08,1.06E+05,1.32E+06,5.70E+01,6.68E-01,5.41E+01,0.00E+00,7.26E-02,0.00E+00,4.52E-02,0.00E+00,7.71E-03,0.00E+00,4.79E-03
816293650000,7.55E-02,1.33E+01,6.66E+08,2.36E+01,9.03E+08,2.52E+09,1.61E+09,9.14E+01,6.89E-02,4.57E-02,1.47E+01,1.11E-02,7.33E-03,1.11E+00,5.67E+00,5.59E+01,6.54E+02,1.39E+05,1.84E+06,7.78E+04,1.03E+06,1.07E+00,0.00E+00,8.09E-01,1.00E+02,1.30E+07,1.72E+08,1.04E+00,1.35E+01,0.00E+00,0.00E+00,3.31E+01,5.10E+01,0.00E+00,5.57E+01,9.41E-01,0.00E+00,1.35E+07,1.79E+08,1.48E+05,1.97E+06,5.67E+01,1.09E+00,5.52E+01,0.00E+00,6.89E-02,0.00E+00,4.57E-02,0.00E+00,1.11E-02,0.00E+00,7.33E-03
816293700000,8.75E-02,1.14E+01,6.66E+08,1.86E+01,7.92E+08,1.98E+09,1.19E+09,9.43E+01,8.26E-02,4.72E-02,9.97E+00,8.73E-03,4.98E-03,8.29E-02,1.26E+01,4.46E+01,5.52E+01,1.21E+04,1.38E+05,5.39E+03,6.16E+04,1.53E+00,0.00E+00,4.79E-01,1.00E+02,1.18E+07,1.35E+08,1.04E+00,9.51E+00,0.00E+00,0.00E+00,4.73E+01,1.14E+02,0.00E+00,6.25E+01,2.25E-01,0.00E+00,1.23E+07,1.41E+08,1.85E+04,2.11E+05,6.28E+01,1.36E+00,5.59E+01,0.00E+00,8.26E-02,0.00E+00,4.72E-02,0.00E+00,8.73E-03,0.00E+00,4.98E-03
816293750000,1.58E-01,6.33E+00,6.66E+08,1.24E+01,5.53E+08,1.41E+09,8.57E+08,3.78E+01,5.97E-02,1.89E-02,2.29E+01,3.62E-02,1.15E-02,7.29E+00,2.38E+00,2.03E+01,8.34E+02,1.58E+06,1.30E+07,3.22E+05,2.64E+06,1.38E+00,0.00E+00,2.18E-01,1.00E+02,8.66E+06,7.10E+07,1.05E+00,5.41E+00,0.00E+00,0.00E+00,4.64E+01,3.17E+01,0.00E+00,3.02E+01,4.99E+00,0.00E+00,9.07E+06,7.43E+07,2.19E+06,1.79E+07,3.52E+01,8.46E-01,5.59E+01,0.00E+00,5.97E-02,0.00E+00,1.89E-02,0.00E+00,3.62E-02,0.00E+00,1.15E-02
816293800000,1.58E-01,6.33E+00,6.66E+08,1.81E+01,9.35E+08,2.26E+09,1.32E+09,4.80E+01,7.58E-02,2.40E-02,2.35E+01,3.72E-02,1.18E-02,4.17E+00,4.77E+00,2.49E+01,8.47E+02,9.10E+05,8.11E+06,2.27E+05,2.02E+06,1.29E+00,1.98E+01,8.52E-01,1.00E+02,1.36E+07,1.21E+08,1.40E+00,2.09E+01,0.00E+00,0.00E+00,3.06E+01,3.61E+01,0.00E+00,4.17E+01,3.03E+00,0.00E+00,1.91E+07,1.70E+08,1.17E+06,1.04E+07,4.48E+01,1.13E-01,5.75E+01,0.00E+00,7.58E-02,0.00E+00,2.40E-02,0.00E+00,3.72E-02,0.00E+00,1.18E-02
816293850000,1.43E-01,7.01E+00,6.66E+08,1.86E+01,8.53E+08,2.09E+09,1.24E+09,8.03E+01,1.15E-01,4.01E-02,1.10E+01,1.57E-02,5.51E-03,6.83E-02,1.98E+01,2.64E+01,5.01E+01,1.57E+04,1.20E+05,4.14E+03,3.17E+04,1.97E+00,0.00E+00,6.96E-01,1.00E+02,1.73E+07,1.33E+08,1.27E+00,2.17E+01,0.00E+00,0.00E+00,3.64E+01,1.40E+02,0.00E+00,5.43E+01,2.94E-01,0.00E+00,2.19E+07,1.68E+08,3.08E+04,2.36E+05,5.46E+01,7.51E-01,5.89E+01,0.00E+00,1.15E-01,0.00E+00,4.01E-02,0.00E+00,1.57E-02,0.00E+00,5.51E-03
816293900000,8.72E-02,1.15E+01,6.66E+08,1.72E+01,6.37E+08,1.86E+09,1.23E+09,6.60E+01,5.75E-02,3.30E-02,3.00E+01,2.61E-02,1.50E-02,4.47E+00,5.22E+00,1.86E+01,8.12E+02,6.09E+05,7.55E+06,1.13E+05,1.40E+06,1.31E+00,0.00E+00,6.21E-01,1.00E+02,9.84E+06,1.22E+08,1.19E+00,2.08E+01,0.00E+00,0.00E+00,3.63E+01,3.77E+01,0.00E+00,4.91E+01,3.44E+00,0.00E+00,1.18E+07,1.46E+08,7.95E+05,9.86E+06,5.25E+01,9.30E-01,5.25E+01,0.00E+00,5.75E-02,0.00E+00,3.30E-02,0.00E+00,2.61E-02,0.00E+00,1.50E-02
816293950000,9.30E-02,1.08E+01,6.66E+08,1.76E+01,7.85E+08,1.97E+09,1.18E+09,7.36E+01,6.85E-02,3.68E-02,5.98E+00,5.56E-03,2.99E-03,8.37E-04,3.63E+02,1.00E+02,1.50E+00,1.17E+02,1.46E+03,1.17E+02,1.46E+03,2.00E+00,0.00E+00,5.26E-01,1.00E+02,1.08E+07,1.35E+08,1.09E+00,1.26E+01,0.00E+00,0.00E+00,3.65E+01,6.13E+01,0.00E+00,4.77E+01,1.60E-03,0.00E+00,1.17E+07,1.47E+08,2.34E+02,2.93E+03,4.78E+01,9.99E-01,6.53E+01,0.00E+00,6.85E-02,0.00E+00,3.68E-02,0.00E+00,5.56E-03,0.00E+00,2.99E-03
816294000000,1.04E-01,9.62E+00,6.66E+08,1.89E+01,7.46E+08,2.14E+09,1.40E+09,6.92E+01,7.20E-02,3.46E-02,2.81E+01,2.92E-02,1.40E-02,3.46E+00,4.28E+00,3.40E+01,5.19E+02,5.64E+05,6.12E+06,1.92E+05,2.08E+06,1.38E+00,0.00E+00,6.81E-01,1.00E+02,1.23E+07,1.34E+08,1.22E+00,2.16E+01,0.00E+00,0.00E+00,3.69E+01,3.92E+01,0.00E+00,5.33E+01,2.91E+00,0.00E+00,1.51E+07,1.64E+08,7.76E+05,8.42E+06,5.62E+01,5.49E-01,5.33E+01,0.00E+00,7.20E-02,0.00E+00,3.46E-02,0.00E+00,2.92E-02,0.00E+00,1.40E-02
816294050000,1.12E-01,8.95E+00,6.66E+08,1.82E+01,8.04E+08,2.03E+09,1.23E+09,7.22E+01,8.06E-02,3.61E-02,2.78E+00,3.11E-03,1.39E-03,6.48E-04,3.63E+02,1.00E+02,1.50E+00,1.07E+02,1.13E+03,1.07E+02,1.13E+03,2.00E+00,0.00E+00,5.52E-01,1.00E+02,1.32E+07,1.40E+08,1.10E+00,1.10E+01,0.00E+00,0.00E+00,3.79E+01,6.13E+01,0.00E+00,5.24E+01,1.24E-03,0.00E+00,1.46E+07,1.54E+08,2.14E+02,2.26E+03,5.24E+01,6.70E-01,6.29E+01,0.00E+00,8.06E-02,0.00E+00,3.61E-02,0.00E+00,3.11E-03,0.00E+00,1.39E-03
816294100000,1.34E-01,7.46E+00,6.66E+08,1.83E+01,7.25E+08,2.04E+09,1.32E+09,4.32E+01,5.78E-02,2.16E-02,2.00E+01,2.68E-02,9.99E-03,3.74E+00,4.32E+00,3.46E+01,7.20E+02,6.81E+05,6.52E+06,2.35E+05,2.25E+06,1.36E+00,0.00E+00,6.59E-01,1.00E+02,1.50E+07,1.43E+08,1.20E+00,2.02E+01,0.00E+00,0.00E+00,2.37E+01,3.32E+01,0.00E+00,3.66E+01,2.64E+00,0.00E+00,1.80E+07,1.72E+08,9.27E+05,8.87E+06,3.92E+01,1.19E-01,6.17E+01,0.00E+00,5.78E-02,0.00E+00,2.16E-02,0.00E+00,2.68E-02,0.00E+00,9.99E-03
816294150000,1.34E-01,7.46E+00,6.66E+08,1.35E+01,6.37E+08,1.62E+09,9.84E+08,7.53E+01,1.01E-01,3.77E-02,5.93E+00,7.94E-03,2.96E-03,1.56E-01,4.22E+00,3.06E+01,7.60E+01,3.30E+04,2.91E+05,1.01E+04,8.92E+04,1.82E+00,0.00E+00,3.08E-01,1.00E+02,1.32E+07,1.17E+08,1.04E+00,7.20E+00,0.00E+00,0.00E+00,5.57E+01,1.32E+02,0.00E+00,5.64E+01,5.82E-01,0.00E+00,1.37E+07,1.21E+08,6.00E+04,5.30E+05,5.70E+01,1.09E+00,5.90E+01,0.00E+00,1.01E-01,0.00E+00,3.77E-02,0.00E+00,7.94E-03,0.00E+00,2.96E-03
816294200000,1.14E-01,8.76E+00,6.66E+08,1.61E+01,8.68E+08,2.08E+09,1.21E+09,3.54E+01,4.04E-02,1.77E-02,9.46E+00,1.08E-02,4.73E-03,1.56E+00,3.58E+00,4.00E+01,4.27E+02,2.02E+05,3.14E+06,8.09E+04,1.26E+06,1.51E+00,3.21E+00,5.88E-01,1.00E+02,7.00E+06,1.09E+08,1.35E+00,1.45E+01,0.00E+00,0.00E+00,2.62E+01,2.96E+01,0.00E+00,2.98E+01,1.09E+00,0.00E+00,9.45E+06,1.47E+08,3.06E+05,4.75E+06,3.09E+01,2.72E-01,7.17E+01,0.00E+00,4.04E-02,0.00E+00,1.77E-02,0.00E+00,1.08E-02,0.00E+00,4.73E-03
816294250000,1.05E-01,9.53E+00,6.66E+08,1.80E+01,6.77E+08,2.03E+09,1.36E+09,6.23E+01,6.53E-02,3.11E-02,1.44E+01,1.51E-02,7.20E-03,1.47E+00,5.43E+00,4.79E+01,4.65E+02,2.08E+05,2.61E+06,9.97E+04,1.25E+06,1.14E+00,0.00E+00,5.88E-01,1.00E+02,1.18E+07,1.47E+08,1.02E+00,8.63E+00,0.00E+00,0.00E+00,4.00E+01,6.38E+01,0.00E+00,5.31E+01,1.67E+00,0.00E+00,1.20E+07,1.50E+08,2.37E+05,2.96E+06,5.48E+01,1.19E+00,5.21E+01,0.00E+00,6.53E-02,0.00E+00,3.11E-02,0.00E+00,1.51E-02,0.00E+00,7.20E-03
816294300000,1.01E-01,9.89E+00,6.66E+08,1.67E+01,7.63E+08,2.06E+09,1.30E+09,4.56E+01,4.61E-02,2.28E-02,9.03E+00,9.13E-03,4.51E-03,7.39E-01,6.45E+00,4.87E+01,7.81E+02,1.03E+05,1.42E+06,5.00E+04,6.93E+05,1.03E+00,5.29E+00,6.47E-01,1.00E+02,9.55E+06,1.32E+08,1.14E+00,1.24E+01,0.00E+00,0.00E+00,2.35E+01,4.42E+01,0.00E+00,2.87E+01,5.27E-01,0.00E+00,1.09E+07,1.51E+08,1.06E+05,1.47E+06,2.93E+01,4.87E-01,7.17E+01,0.00E+00,4.61E-02,0.00E+00,2.28E-02,0.00E+00,9.13E-03,0.00E+00,4.51E-03
816294350000,9.80E-02,1.02E+01,6.66E+08,1.52E+01,6.06E+08,1.67E+09,1.07E+09,7.51E+01,7.36E-02,3.75E-02,1.13E+01,1.11E-02,5.66E-03,7.95E-01,5.31E+00,4.67E+01,3.19E+02,1.21E+05,1.37E+06,5.64E+04,6.39E+05,1.20E+00,0.00E+00,3.85E-01,1.00E+02,1.07E+07,1.22E+08,9.97E-01,5.91E+00,0.00E+00,0.00E+00,5.11E+01,7.35E+01,0.00E+00,5.62E+01,1.10E+00,0.00E+00,1.07E+07,1.21E+08,1.45E+05,1.65E+06,5.73E+01,1.55E+00,5.35E+01,0.00E+00,7.36E-02,0.00E+00,3.75E-02,0.00E+00,1.11E-02,0.00E+00,5.66E-03
816294400000,1.00E-01,1.00E+01,6.66E+08,1.49E+01,7.31E+08,1.70E+09,9.71E+08,4.05E+01,4.05E-02,2.02E-02,4.07E+00,4.07E-03,2.04E-03,9.80E-04,3.63E+02,1.00E+02,1.50E+00,1.32E+02,1.75E+03,1.32E+02,1.75E+03,2.00E+00,0.00E+00,4.62E-01,1.00E+02,9.21E+06,1.22E+08,1.14E+00,1.03E+01,0.00E+00,0.00E+00,1.92E+01,6.13E+01,0.00E+00,2.35E+01,1.88E-03,0.00E+00,1.05E+07,1.40E+08,2.64E+02,3.49E+03,2.35E+01,5.96E-01,7.82E+01,0.00E+00,4.05E-02,0.00E+00,2.02E-02,0.00E+00,4.07E-03,0.00E+00,2.04E-03
816294450000,1.01E-01,9.85E+00,6.66E+08,1.88E+01,7.49E+08,2.09E+09,1.34E+09,6.33E+01,6.42E-02,3.16E-02,1.97E+01,2.00E-02,9.83E-03,2.77E+00,4.78E+00,3.48E+01,5.04E+02,4.25E+05,4.82E+06,1.48E+05,1.68E+06,1.33E+00,0.00E+00,6.39E-01,1.00E+02,1.25E+07,1.42E+08,1.14E+00,1.50E+01,0.00E+00,0.00E+00,3.45E+01,4.33E+01,0.00E+00,4.99E+01,2.49E+00,0.00E+00,1.42E+07,1.61E+08,5.66E+05,6.43E+06,5.24E+01,8.12E-01,5.13E+01,0.00E+00,6.42E-02,0.00E+00,3.16E-02,0.00E+00,2.00E-02,0.00E+00,9.83E-03
816294500000,6.18E-02,1.62E+01,6.66E+08,2.14E+01,8.57E+08,2.43E+09,1.57E+09,7.36E+01,4.55E-02,3.68E-02,1.09E+01,6.76E-03,5.47E-03,6.59E-01,6.49E+00,4.87E+01,7.58E+02,6.27E+04,1.16E+06,3.05E+04,5.67E+05,1.03E+00,3.57E-01,8.25E-01,1.00E+02,9.21E+06,1.71E+08,1.09E+00,1.31E+01,0.00E+00,0.00E+00,2.95E+01,4.42E+01,0.00E+00,4.85E+01,4.70E-01,0.00E+00,1.00E+07,1.86E+08,6.47E+04,1.20E+06,4.90E+01,7.63E-01,6.04E+01,0.00E+00,4.55E-02,0.00E+00,3.68E-02,0.00E+00,6.76E-03,0.00E+00,5.47E-03
816294550000,6.49E-02,1.54E+01,6.66E+08,1.51E+01,6.34E+08,1.61E+09,9.80E+08,8.53E+01,5.54E-02,4.27E-02,1.23E+01,7.98E-03,6.14E-03,7.51E-01,5.64E+00,4.66E+01,2.85E+02,8.01E+04,1.26E+06,3.73E+04,5.86E+05,1.20E+00,0.00E+00,2.55E-01,1.00E+02,7.31E+06,1.15E+08,1.00E+00,5.33E+00,0.00E+00,0.00E+00,5.77E+01,7.36E+01,0.00E+00,6.19E+01,1.04E+00,0.00E+00,7.31E+06,1.15E+08,9.64E+04,1.51E+06,6.29E+01,1.23E+00,5.02E+01,0.00E+00,5.54E-02,0.00E+00,4.27E-02,0.00E+00,7.98E-03,0.00E+00,6.14E-03
816294600000,8.69E-02,1.15E+01,6.66E+08,2.18E+01,8.50E+08,2.33E+09,1.48E+09,7.61E+01,6.62E-02,3.81E-02,1.93E+01,1.67E-02,9.63E-03,1.35E+00,5.68E+00,4.81E+01,4.90E+02,1.92E+05,2.26E+06,9.23E+04,1.09E+06,1.11E+00,0.00E+00,7.78E-01,1.00E+02,1.30E+07,1.53E+08,1.09E+00,1.24E+01,0.00E+00,0.00E+00,2.94E+01,5.89E+01,0.00E+00,4.58E+01,1.38E+00,0.00E+00,1.41E+07,1.67E+08,2.13E+05,2.51E+06,4.72E+01,7.42E-01,5.44E+01,0.00E+00,6.62E-02,0.00E+00,3.81E-02,0.00E+00,1.67E-02,0.00E+00,9.63E-03
816294650000,6.02E-02,1.66E+01,6.66E+08,2.40E+01,9.32E+08,2.56E+09,1.63E+09,8.99E+01,5.41E-02,4.49E-02,2.21E+01,1.33E-02,1.10E-02,1.32E+00,5.86E+00,4.81E+01,4.54E+02,1.33E+05,2.21E+06,6.40E+04,1.06E+06,1.11E+00,0.00E+00,8.10E-01,1.00E+02,1.03E+07,1.71E+08,1.07E+00,1.28E+01,0.00E+00,0.00E+00,3.31E+01,5.89E+01,0.00E+00,5.66E+01,1.35E+00,0.00E+00,1.10E+07,1.82E+08,1.48E+05,2.45E+06,5.80E+01,1.05E+00,5.48E+01,0.00E+00,5.41E-02,0.00E+00,4.49E-02,0.00E+00,1.33E-02,0.00E+00,1.10E-02
816294700000,6.17E-02,1.62E+01,6.66E+08,2.35E+01,8.91E+08,2.51E+09,1.62E+09,9.60E+01,5.92E-02,4.80E-02,1.19E+01,7.34E-03,5.95E-03,6.09E-01,6.49E+00,4.87E+01,7.58E+02,6.27E+04,1.02E+06,3.05E+04,4.94E+05,1.03E+00,0.00E+00,8.31E-01,1.00E+02,1.11E+07,1.80E+08,1.06E+00,1.31E+01,0.00E+00,0.00E+00,3.44E+01,4.42E+01,0.00E+00,6.17E+01,4.35E-01,0.00E+00,1.18E+07,1.91E+08,6.47E+04,1.05E+06,6.22E+01,9.65E-01,5.42E+01,0.00E+00,5.92E-02,0.00E+00,4.80E-02,0.00E+00,7.34E-03,0.00E+00,5.95E-03
816294750000,6.73E-02,1.49E+01,6.66E+08,1.63E+01,6.84E+08,1.74E+09,1.06E+09,8.89E+01,5.98E-02,4.44E-02,2.26E+01,1.52E-02,1.13E-02,1.32E+00,5.86E+00,4.81E+01,4.54E+02,1.49E+05,2.21E+06,7.15E+04,1.06E+06,1.11E+00,0.00E+00,2.58E-01,1.00E+02,7.41E+06,1.10E+08,1.00E+00,5.43E+00,0.00E+00,0.00E+00,6.06E+01,5.89E+01,0.00E+00,6.25E+01,1.35E+00,0.00E+00,7.41E+06,1.10E+08,1.65E+05,2.45E+06,6.39E+01,2.23E+00,5.31E+01,0.00E+00,5.98E-02,0.00E+00,4.44E-02,0.00E+00,1.52E-02,0.00E+00,1.13E-02
816294800000,7.27E-02,1.38E+01,6.66E+08,2.21E+01,8.43E+08,2.36E+09,1.52E+09,8.97E+01,6.51E-02,4.48E-02,9.58E+00,6.96E-03,4.79E-03,7.16E-01,5.31E+00,4.77E+01,3.39E+02,8.66E+04,1.19E+06,4.13E+04,5.68E+05,1.18E+00,0.00E+00,8.03E-01,1.00E+02,1.22E+07,1.68E+08,1.07E+00,1.30E+01,0.00E+00,0.00E+00,3.27E+01,6.98E+01,0.00E+00,5.50E+01,9.18E-01,0.00E+00,1.30E+07,1.79E+08,1.02E+05,1.40E+06,5.59E+01,1.61E+00,5.50E+01,0.00E+00,6.51E-02,0.00E+00,4.48E-02,0.00E+00,6.96E-03,0.00E+00,4.79E-03
816294850000,7.01E-02,1.43E+01,6.66E+08,2.32E+01,9.12E+08,2.49E+09,1.58E+09,8.46E+01,5.93E-02,4.23E-02,2.41E+01,1.69E-02,1.20E-02,1.36E+00,5.86E+00,4.81E+01,4.54E+02,1.55E+05,2.27E+06,7.44E+04,1.09E+06,1.11E+00,0.00E+00,8.02E-01,1.00E+02,1.11E+07,1.63E+08,1.07E+00,1.39E+01,0.00E+00,0.00E+00,3.12E+01,5.89E+01,0.00E+00,5.10E+01,1.39E+00,0.00E+00,1.19E+07,1.75E+08,1.72E+05,2.53E+06,5.24E+01,1.42E+00,5.81E+01,0.00E+00,5.93E-02,0.00E+00,4.23E-02,0.00E+00,1.69E-02,0.00E+00,1.20E-02
816294900000,6.36E-02,1.57E+01,6.66E+08,2.31E+01,8.86E+08,2.46E+09,1.58E+09,9.36E+01,5.95E-02,4.68E-02,1.61E+01,1.02E-02,8.06E-03,9.85E-01,5.94E+00,4.83E+01,1.00E+03,1.04E+05,1.64E+06,5.04E+04,7.93E+05,1.04E+00,0.00E+00,8.09E-01,1.00E+02,1.08E+07,1.70E+08,1.07E+00,1.43E+01,0.00E+00,0.00E+00,3.31E+01,4.46E+01,0.00E+00,5.63E+01,7.11E-01,0.00E+00,1.16E+07,1.82E+08,1.08E+05,1.70E+06,5.70E+01,1.56E+00,5.63E+01,0.00E+00,5.95E-02,0.00E+00,4.68E-02,0.00E+00,1.02E-02,0.00E+00,8.06E-03
816294950000,5.98E-02,1.67E+01,6.66E+08,1.63E+01,6.76E+08,1.74E+09,1.06E+09,9.18E+01,5.49E-02,4.59E-02,1.99E+01,1.19E-02,9.93E-03,9.30E-01,6.24E+00,4.82E+01,3.52E+02,9.27E+04,1.55E+06,4.46E+04,7.46E+05,1.12E+00,0.00E+00,2.70E-01,1.00E+02,6.90E+06,1.15E+08,1.00E+00,5.68E+00,0.00E+00,0.00E+00,6.06E+01,6.11E+01,0.00E+00,6.55E+01,9.95E-01,0.00E+00,6.90E+06,1.15E+08,1.04E+05,1.74E+06,6.65E+01,1.56E+00,5.18E+01,0.00E+00,5.49E-02,0.00E+00,4.59E-02,0.00E+00,1.19E-02,0.00E+00,9.93E-03
816295000000,5.97E-02,1.67E+01,6.66E+08,2.30E+01,8.79E+08,2.45E+09,1.57E+09,8.99E+01,5.37E-02,4.50E-02,1.41E+01,8.45E-03,7.07E-03,6.97E-01,6.17E+00,4.75E+01,2.77E+02,6.94E+04,1.16E+06,3.30E+04,5.52E+05,1.15E+00,0.00E+00,8.06E-01,1.00E+02,1.03E+07,1.72E+08,1.05E+00,1.33E+01,0.00E+00,0.00E+00,3.32E+01,6.66E+01,0.00E+00,5.63E+01,8.38E-01,0.00E+00,1.08E+07,1.81E+08,8.01E+04,1.34E+06,5.71E+01,7.96E-01,5.40E+01,0.00E+00,5.37E-02,0.00E+00,4.50E-02,0.00E+00,8.45E-03,0.00E+00,7.07E-03
816295050000,5.97E-02,1.67E+01,6.66E+08,2.36E+01,9.08E+08,2.52E+09,1.61E+09,9.01E+01,5.38E-02,4.51E-02,1.75E+01,1.04E-02,8.73E-03,1.31E+00,5.50E+00,4.80E+01,5.52E+02,1.30E+05,2.17E+06,6.23E+04,1.04E+06,1.10E+00,0.00E+00,8.05E-01,1.00E+02,1.02E+07,1.71E+08,1.05E+00,1.33E+01,0.00E+00,0.00E+00,3.31E+01,5.68E+01,0.00E+00,5.60E+01,1.27E+00,0.00E+00,1.08E+07,1.80E+08,1.42E+05,2.39E+06,5.73E+01,9.32E-01,5.49E+01,0.00E+00,5.38E-02,0.00E+00,4.51E-02,0.00E+00,1.04E-02,0.00E+00,8.73E-03
816295100000,6.84E-02,1.46E+01,6.66E+08,2.40E+01,9.27E+08,2.55E+09,1.63E+09,9.00E+01,6.16E-02,4.50E-02,2.18E+01,1.49E-02,1.09E-02,1.31E+00,5.85E+00,4.80E+01,4.71E+02,1.49E+05,2.18E+06,7.15E+04,1.05E+06,1.10E+00,0.00E+00,8.04E-01,1.00E+02,1.17E+07,1.71E+08,1.05E+00,1.31E+01,0.00E+00,0.00E+00,3.31E+01,5.68E+01,0.00E+00,5.59E+01,1.27E+00,0.00E+00,1.23E+07,1.80E+08,1.63E+05,2.39E+06,5.71E+01,1.03E+00,5.46E+01,0.00E+00,6.16E-02,0.00E+00,4.50E-02,0.00E+00,1.49E-02,0.00E+00,1.09E-02
816295150000,4.97E-02,2.01E+01,6.66E+08,2.36E+01,8.94E+08,2.52E+09,1.62E+09,9.46E+01,4.71E-02,4.73E-02,1.24E+01,6.16E-03,6.19E-03,7.66E-01,6.28E+00,4.76E+01,8.60E+02,6.35E+04,1.28E+06,3.03E+04,6.08E+05,1.04E+00,0.00E+00,8.22E-01,1.00E+02,8.89E+06,1.79E+08,1.05E+00,1.32E+01,0.00E+00,0.00E+00,3.42E+01,4.44E+01,0.00E+00,6.02E+01,5.52E-01,0.00E+00,9.32E+06,1.87E+08,6.59E+04,1.32E+06,6.07E+01,9.25E-01,5.43E+01,0.00E+00,4.71E-02,0.00E+00,4.73E-02,0.00E+00,6.16E-03,0.00E+00,6.19E-03
816295200000,8.42E-02,1.19E+01,6.66E+08,1.68E+01,6.89E+08,1.79E+09,1.11E+09,9.05E+01,7.62E-02,4.53E-02,2.24E+01,1.88E-02,1.12E-02,1.67E+00,3.01E+00,4.78E+01,4.35E+02,2.35E+05,2.79E+06,1.12E+05,1.33E+06,1.30E+00,0.00E+00,2.88E-01,1.00E+02,1.03E+07,1.23E+08,9.99E-01,5.82E+00,0.00E+00,0.00E+00,5.73E+01,4.52E+01,0.00E+00,6.58E+01,1.54E+00,0.00E+00,1.03E+07,1.22E+08,3.06E+05,3.63E+06,6.73E+01,8.13E-01,5.10E+01,0.00E+00,7.62E-02,0.00E+00,4.53E-02,0.00E+00,1.88E-02,0.00E+00,1.12E-02
816295250000,1.15E-01,8.70E+00,6.66E+08,2.72E+01,1.20E+09,2.90E+09,1.70E+09,9.20E+01,1.06E-01,4.60E-02,5.22E+01,5.99E-02,2.61E-02,5.34E+00,4.12E+00,2.23E+01,7.08E+02,1.02E+06,8.90E+06,2.28E+05,1.99E+06,1.33E+00,9.17E+00,1.07E+00,1.00E+02,1.86E+07,1.62E+08,1.28E+00,2.80E+01,0.00E+00,0.00E+00,2.96E+01,3.67E+01,0.00E+00,5.74E+01,4.08E+00,0.00E+00,2.37E+07,2.06E+08,1.36E+06,1.18E+07,6.15E+01,4.96E-01,5.61E+01,0.00E+00,1.06E-01,0.00E+00,4.60E-02,0.00E+00,5.99E-02,0.00E+00,2.61E-02
816295300000,1.03E-01,9.68E+00,6.66E+08,1.88E+01,8.09E+08,2.12E+09,1.31E+09,7.22E+01,7.46E-02,3.61E-02,1.59E+01,1.64E-02,7.96E-03,2.98E+00,2.03E+00,2.95E+01,7.12E+02,4.76E+05,5.25E+06,1.40E+05,1.55E+06,1.37E+00,0.00E+00,5.18E-01,1.00E+02,1.20E+07,1.32E+08,1.09E+00,1.13E+01,0.00E+00,0.00E+00,3.90E+01,3.28E+01,0.00E+00,5.00E+01,2.09E+00,0.00E+00,1.31E+07,1.45E+08,6.51E+05,7.19E+06,5.21E+01,5.33E-01,5.60E+01,0.00E+00,7.46E-02,0.00E+00,3.61E-02,0.00E+00,1.64E-02,0.00E+00,7.96E-03
816295350000,9.31E-02,1.07E+01,6.66E+08,2.22E+01,9.65E+08,2.37E+09,1.41E+09,8.36E+01,7.79E-02,4.18E-02,4.42E+01,4.11E-02,2.21E-02,5.31E+00,4.37E+00,2.12E+01,7.55E+02,8.06E+05,8.87E+06,1.71E+05,1.88E+06,1.33E+00,2.48E+00,8.68E-01,1.00E+02,1.21E+07,1.34E+08,1.35E+00,2.80E+01,0.00E+00,0.00E+00,3.65E+01,3.64E+01,0.00E+00,6.18E+01,4.02E+00,0.00E+00,1.64E+07,1.81E+08,1.07E+06,1.18E+07,6.58E+01,4.84E-01,4.90E+01,0.00E+00,7.79E-02,0.00E+00,4.18E-02,0.00E+00,4.11E-02,0.00E+00,2.21E-02
816295400000,1.02E-01,9.84E+00,6.66E+08,1.94E+01,8.48E+08,2.09E+09,1.24E+09,7.99E+01,8.12E-02,3.99E-02,2.04E+01,2.08E-02,1.02E-02,3.08E+00,3.60E+00,1.19E+01,8.04E+02,5.05E+05,5.16E+06,6.00E+04,6.13E+05,1.40E+00,0.00E+00,5.84E-01,1.00E+02,1.27E+07,1.29E+08,1.15E+00,1.38E+01,0.00E+00,0.00E+00,3.90E+01,3.03E+01,0.00E+00,5.41E+01,2.04E+00,0.00E+00,1.46E+07,1.49E+08,7.07E+05,7.22E+06,5.61E+01,5.78E-01,5.56E+01,0.00E+00,8.12E-02,0.00E+00,3.99E-02,0.00E+00,2.08E-02,0.00E+00,1.02E-02
816295450000,1.08E-01,9.29E+00,6.66E+08,2.01E+01,7.65E+08,2.14E+09,1.38E+09,8.96E+01,9.65E-02,4.48E-02,2.50E+01,2.69E-02,1.25E-02,2.22E+00,4.89E+00,3.63E+01,6.31E+02,3.94E+05,3.70E+06,1.43E+05,1.35E+06,1.22E+00,0.00E+00,6.91E-01,1.00E+02,1.54E+07,1.45E+08,1.15E+00,1.80E+01,0.00E+00,0.00E+00,4.11E+01,4.64E+01,0.00E+00,6.41E+01,1.96E+00,0.00E+00,1.77E+07,1.67E+08,4.81E+05,4.52E+06,6.61E+01,1.14E+00,5.16E+01,0.00E+00,9.65E-02,0.00E+00,4.48E-02,0.00E+00,2.69E-02,0.00E+00,1.25E-02
816295500000,1.02E-01,9.81E+00,6.66E+08,1.77E+01,8.45E+08,2.06E+09,1.22E+09,5.19E+01,5.29E-02,2.59E-02,6.24E+00,6.36E-03,3.12E-03,7.63E-01,8.16E+00,1.08E+01,3.47E+02,9.61E+04,1.39E+06,1.04E+04,1.50E+05,1.60E+00,0.00E+00,5.80E-01,1.00E+02,8.89E+06,1.29E+08,1.14E+00,1.18E+01,0.00E+00,0.00E+00,3.27E+01,2.65E+01,0.00E+00,4.10E+01,5.06E-01,0.00E+00,1.01E+07,1.46E+08,1.54E+05,2.23E+06,4.15E+01,6.65E-01,6.81E+01,0.00E+00,5.29E-02,0.00E+00,2.59E-02,0.00E+00,6.36E-03,0.00E+00,3.12E-03
816295550000,9.61E-02,1.04E+01,6.66E+08,1.80E+01,6.52E+08,1.94E+09,1.28E+09,7.61E+01,7.31E-02,3.80E-02,1.78E+01,1.72E-02,8.92E-03,2.17E+00,5.30E+00,3.34E+01,6.62E+02,3.32E+05,3.65E+06,1.11E+05,1.22E+06,1.21E+00,0.00E+00,6.10E-01,1.00E+02,1.23E+07,1.35E+08,1.12E+00,1.70E+01,0.00E+00,0.00E+00,3.99E+01,4.74E+01,0.00E+00,5.64E+01,1.95E+00,0.00E+00,1.38E+07,1.52E+08,4.02E+05,4.42E+06,5.84E+01,9.74E-01,5.33E+01,0.00E+00,7.31E-02,0.00E+00,3.80E-02,0.00E+00,1.72E-02,0.00E+00,8.92E-03
816295600000,1.21E-01,8.23E+00,6.66E+08,1.65E+01,8.58E+08,2.09E+09,1.23E+09,4.48E+01,5.44E-02,2.24E-02,7.97E+00,9.68E-03,3.99E-03,6.38E-01,2.36E+00,9.22E+01,3.16E+02,9.83E+04,1.26E+06,9.06E+04,1.16E+06,1.63E+00,0.00E+00,5.43E-01,1.00E+02,9.72E+06,1.25E+08,1.16E+00,1.11E+01,0.00E+00,0.00E+00,2.74E+01,2.71E+01,0.00E+00,3.14E+01,4.40E-01,0.00E+00,1.13E+07,1.45E+08,1.60E+05,2.05E+06,3.18E+01,5.35E-01,7.24E+01,0.00E+00,5.44E-02,0.00E+00,2.24E-02,0.00E+00,9.68E-03,0.00E+00,3.99E-03
816295650000,1.56E-01,6.42E+00,6.66E+08,1.95E+01,8.00E+08,2.10E+09,1.30E+09,6.88E+01,1.07E-01,3.44E-02,2.94E+01,4.58E-02,1.47E-02,4.54E+00,4.75E+00,2.17E+01,9.27E+02,1.10E+06,7.64E+06,2.38E+05,1.66E+06,1.35E+00,0.00E+00,7.80E-01,1.00E+02,1.84E+07,1.28E+08,1.42E+00,2.99E+01,0.00E+00,0.00E+00,3.13E+01,3.23E+01,0.00E+00,5.29E+01,3.09E+00,0.00E+00,2.62E+07,1.82E+08,1.48E+06,1.03E+07,5.60E+01,4.18E-01,5.10E+01,0.00E+00,1.07E-01,0.00E+00,3.44E-02,0.00E+00,4.58E-02,0.00E+00,1.47E-02
816295700000,1.56E-01,6.42E+00,6.66E+08,1.83E+01,8.41E+08,2.06E+09,1.22E+09,7.56E+01,1.18E-01,3.78E-02,5.00E+00,7.79E-03,2.50E-03,1.60E-01,3.58E+00,3.90E+01,7.27E+01,3.74E+04,2.79E+05,1.46E+04,1.09E+05,1.81E+00,0.00E+00,5.81E-01,1.00E+02,1.80E+07,1.35E+08,1.13E+00,1.33E+01,0.00E+00,0.00E+00,3.87E+01,1.29E+02,0.00E+00,5.28E+01,5.85E-01,0.00E+00,2.04E+07,1.53E+08,6.78E+04,5.07E+05,5.34E+01,8.87E-01,6.43E+01,0.00E+00,1.18E-01,0.00E+00,3.78E-02,0.00E+00,7.79E-03,0.00E+00,2.50E-03
816295750000,1.79E-01,5.59E+00,6.66E+08,6.67E+00,4.52E+08,9.63E+08,5.11E+08,6.72E+00,1.20E-02,3.36E-03,2.91E+00,5.21E-03,1.46E-03,1.77E-03,3.63E+02,1.00E+02,1.50E+00,1.72E+02,4.00E+03,1.72E+02,4.00E+03,2.00E+00,0.00E+00,3.78E-02,1.00E+02,3.93E+06,9.14E+07,1.00E+00,7.87E-01,0.00E+00,0.00E+00,1.75E+01,6.13E+01,0.00E+00,1.11E+01,3.39E-03,0.00E+00,3.93E+06,9.14E+07,3.43E+02,7.99E+03,1.11E+01,3.92E-01,8.44E+01,0.00E+00,1.20E-02,0.00E+00,3.36E-03,0.00E+00,5.21E-03,0.00E+00,1.46E-03
816295800000,2.22E-01,4.50E+00,6.66E+08,9.70E+00,5.41E+08,1.19E+09,6.46E+08,2.48E+01,5.50E-02,1.24E-02,8.90E+00,1.98E-02,4.45E-03,2.89E+00,2.10E+00,2.77E+01,8.30E+02,7.97E+05,5.53E+06,2.21E+05,1.53E+06,1.46E+00,0.00E+00,1.76E-01,1.00E+02,1.20E+07,8.34E+07,1.08E+00,3.09E+00,0.00E+00,0.00E+00,3.08E+01,2.95E+01,0.00E+00,2.27E+01,1.95E+00,0.00E+00,1.30E+07,9.03E+07,1.17E+06,8.08E+06,2.46E+01,2.45E-01,7.35E+01,0.00E+00,5.50E-02,0.00E+00,1.24E-02,0.00E+00,1.98E-02,0.00E+00,4.45E-03
816295850000,2.22E-01,4.50E+00,6.66E+08,1.97E+01,8.47E+08,2.17E+09,1.32E+09,6.05E+01,1.35E-01,3.02E-02,2.65E+01,5.90E-02,1.33E-02,6.90E+00,4.35E+00,1.66E+01,1.07E+03,2.41E+06,1.19E+07,3.99E+05,1.97E+06,1.40E+00,1.26E+01,8.76E-01,1.00E+02,2.61E+07,1.29E+08,1.31E+00,2.16E+01,0.00E+00,0.00E+00,3.15E+01,3.10E+01,0.00E+00,4.81E+01,4.67E+00,0.00E+00,3.42E+07,1.69E+08,3.36E+06,1.66E+07,5.28E+01,2.33E-01,4.87E+01,0.00E+00,1.35E-01,0.00E+00,3.02E-02,0.00E+00,5.90E-02,0.00E+00,1.33E-02
816295900000,2.22E-01,4.50E+00,6.66E+08,1.69E+01,8.40E+08,2.08E+09,1.24E+09,6.51E+01,1.45E-01,3.26E-02,6.02E+00,1.34E-02,3.01E-03,1.90E-01,3.76E+00,4.46E+01,7.94E+01,6.04E+04,3.66E+05,2.69E+04,1.63E+05,1.84E+00,0.00E+00,5.35E-01,1.00E+02,2.25E+07,1.36E+08,1.16E+00,1.25E+01,0.00E+00,0.00E+00,3.65E+01,1.31E+02,0.00E+00,4.66E+01,7.12E-01,0.00E+00,2.60E+07,1.58E+08,1.11E+05,6.72E+05,4.73E+01,8.99E-01,6.79E+01,0.00E+00,1.45E-01,0.00E+00,3.26E-02,0.00E+00,1.34E-02,0.00E+00,3.01E-03
816295950000,2.22E-01,4.50E+00,,,,,,0.00E+00,0.00E+00,0.00E+00,0.00E+00,0.00E+00,0.00E+00,,,,,,,,,,,,,,,,,,,,,,,,,,,,,,,,0.00E+00,0.00E+00,0.00E+00,0.00E+00,0.00E+00,0.00E+00,0.00E+00,0.00E+00
816296000000,2.11E-01,4.73E+00,6.66E+08,9.68E+00,5.47E+08,1.18E+09,6.33E+08,1.17E+01,2.47E-02,5.83E-03,6.32E+00,1.34E-02,3.16E-03,7.94E-01,2.15E+00,9.11E+01,3.52E+02,1.80E+05,1.51E+06,1.64E+05,1.38E+06,1.71E+00,0.00E+00,1.91E-02,1.00E+02,1.41E+07,1.18E+08,1.00E+00,3.96E-01,0.00E+00,0.00E+00,8.51E+00,2.58E+01,0.00E+00,8.25E+00,5.45E-01,0.00E+00,1.41E+07,1.18E+08,3.07E+05,2.58E+06,8.79E+00,1.13E-01,8.61E+01,0.00E+00,2.47E-02,0.00E+00,5.83E-03,0.00E+00,1.34E-02,0.00E+00,3.16E-03
816296050000,2.11E-01,4.73E+00,6.66E+08,1.49E+01,7.20E+08,1.70E+09,9.76E+08,5.15E+01,1.09E-01,2.58E-02,3.24E+01,6.86E-02,1.62E-02,7.90E+00,1.98E+00,2.66E+01,8.44E+02,2.48E+06,1.40E+07,6.61E+05,3.74E+06,1.44E+00,0.00E+00,3.92E-01,1.00E+02,1.33E+07,7.52E+07,1.27E+00,9.14E+00,0.00E+00,0.00E+00,5.11E+01,3.04E+01,0.00E+00,4.30E+01,5.39E+00,0.00E+00,1.69E+07,9.57E+07,3.56E+06,2.01E+07,4.84E+01,4.31E-01,4.79E+01,0.00E+00,1.09E-01,0.00E+00,2.58E-02,0.00E+00,6.86E-02,0.00E+00,1.62E-02
816296100000,2.11E-01,4.73E+00,6.66E+08,2.23E+01,9.97E+08,2.41E+09,1.42E+09,7.74E+01,1.64E-01,3.87E-02,4.09E+01,8.64E-02,2.05E-02,6.99E+00,4.35E+00,1.57E+01,9.87E+02,2.45E+06,1.18E+07,3.84E+05,1.86E+06,1.39E+00,2.29E+00,9.22E-01,1.00E+02,2.96E+07,1.43E+08,1.36E+00,2.55E+01,0.00E+00,0.00E+00,3.19E+01,3.13E+01,0.00E+00,5.75E+01,4.74E+00,0.00E+00,4.04E+07,1.95E+08,3.39E+06,1.64E+07,6.22E+01,2.62E-01,4.47E+01,0.00E+00,1.64E-01,0.00E+00,3.87E-02,0.00E+00,8.64E-02,0.00E+00,2.05E-02
816296150000,2.11E-01,4.73E+00,6.66E+08,2.19E+01,1.16E+09,2.51E+09,1.35E+09,5.46E+01,1.15E-01,2.73E-02,4.27E+00,9.03E-03,2.14E-03,2.60E-01,3.97E+00,4.94E+01,8.55E+01,6.14E+04,4.66E+05,3.04E+04,2.31E+05,1.85E+00,0.00E+00,8.89E-01,1.00E+02,1.77E+07,1.35E+08,1.58E+00,3.49E+01,0.00E+00,0.00E+00,2.86E+01,1.31E+02,0.00E+00,5.32E+01,9.85E-01,0.00E+00,2.81E+07,2.13E+08,1.13E+05,8.61E+05,5.41E+01,3.76E-01,6.60E+01,0.00E+00,1.15E-01,0.00E+00,2.73E-02,0.00E+00,9.03E-03,0.00E+00,2.14E-03
816296200000,1.01E-01,9.90E+00,6.66E+08,1.79E+01,7.06E+08,2.11E+09,1.40E+09,3.42E+01,3.45E-02,1.71E-02,2.11E+01,2.13E-02,1.06E-02,3.19E+00,5.09E+00,3.60E+01,5.33E+02,3.40E+05,5.88E+06,1.23E+05,2.12E+06,1.28E+00,6.57E+00,6.28E-01,1.00E+02,7.68E+06,1.33E+08,1.04E+00,9.96E+00,0.00E+00,0.00E+00,3.05E+01,4.64E+01,0.00E+00,3.58E+01,2.97E+00,0.00E+00,8.01E+06,1.38E+08,4.37E+05,7.55E+06,3.88E+01,5.07E-01,5.64E+01,0.00E+00,3.45E-02,0.00E+00,1.71E-02,0.00E+00,2.13E-02,0.00E+00,1.06E-02
816296250000,8.56E-02,1.17E+01,6.66E+08,1.83E+01,8.03E+08,2.05E+09,1.24E+09,7.46E+01,6.38E-02,3.73E-02,4.23E-01,3.61E-04,2.11E-04,8.41E-05,3.63E+02,1.00E+02,1.50E+00,1.03E+01,1.47E+02,1.03E+01,1.47E+02,2.00E+00,0.00E+00,5.67E-01,1.00E+02,9.89E+06,1.42E+08,1.13E+00,1.26E+01,0.00E+00,0.00E+00,3.91E+01,6.13E+01,0.00E+00,5.58E+01,1.61E-04,0.00E+00,1.11E+07,1.60E+08,2.05E+01,2.94E+02,5.58E+01,8.85E-01,6.34E+01,0.00E+00,6.38E-02,0.00E+00,3.73E-02,0.00E+00,3.61E-04,0.00E+00,2.11E-04
816296300000,6.19E-02,1.62E+01,6.66E+08,1.83E+01,7.99E+08,2.17E+09,1.37E+09,4.07E+01,2.52E-02,2.04E-02,2.23E+01,1.38E-02,1.12E-02,2.70E+00,5.07E+00,3.60E+01,5.28E+02,2.08E+05,5.02E+06,7.51E+04,1.81E+06,1.28E+00,0.00E+00,5.44E-01,1.00E+02,6.35E+06,1.53E+08,1.03E+00,8.69E+00,0.00E+00,0.00E+00,2.62E+01,4.64E+01,0.00E+00,3.47E+01,2.51E+00,0.00E+00,6.55E+06,1.58E+08,2.68E+05,6.44E+06,3.72E+01,7.66E-01,5.81E+01,0.00E+00,2.52E-02,0.00E+00,2.04E-02,0.00E+00,1.38E-02,0.00E+00,1.12E-02
816296350000,1.32E-01,7.55E+00,6.66E+08,1.89E+01,8.20E+08,2.09E+09,1.27E+09,7.45E+01,9.86E-02,3.72E-02,0.00E+00,0.00E+00,0.00E+00,0.00E+00,,,,0.00E+00,0.00E+00,0.00E+00,0.00E+00,,0.00E+00,5.83E-01,1.00E+02,1.61E+07,1.51E+08,1.12E+00,1.26E+01,0.00E+00,0.00E+00,3.79E+01,,0.00E+00,5.80E+01,0.00E+00,0.00E+00,1.81E+07,1.69E+08,0.00E+00,0.00E+00,5.80E+01,6.82E-01,6.25E+01,0.00E+00,9.86E-02,0.00E+00,3.72E-02,0.00E+00,0.00E+00,0.00E+00,0.00E+00
816296400000,1.90E-01,5.25E+00,6.66E+08,9.53E+00,6.54E+08,1.35E+09,6.91E+08,1.63E+01,3.11E-02,8.16E-03,1.17E+01,2.23E-02,5.87E-03,3.89E+00,5.23E+00,6.69E+00,8.58E+02,8.75E+05,8.57E+06,5.86E+04,5.73E+05,1.48E+00,0.00E+00,4.50E-02,1.00E+02,1.21E+07,1.19E+08,1.00E+00,9.36E-01,0.00E+00,0.00E+00,1.61E+01,2.86E+01,0.00E+00,1.35E+01,2.57E+00,0.00E+00,1.21E+07,1.19E+08,1.29E+06,1.27E+07,1.61E+01,1.90E-01,7.45E+01,0.00E+00,3.11E-02,0.00E+00,8.16E-03,0.00E+00,2.23E-02,0.00E+00,5.87E-03
816296450000,1.90E-01,5.25E+00,6.66E+08,1.97E+01,8.60E+08,2.24E+09,1.38E+09,5.92E+01,1.13E-01,2.96E-02,2.41E+01,4.58E-02,1.20E-02,5.55E+00,4.85E+00,1.72E+01,1.07E+03,1.60E+06,9.86E+06,2.76E+05,1.70E+06,1.38E+00,9.82E+00,9.07E-01,1.00E+02,2.39E+07,1.47E+08,1.27E+00,2.53E+01,0.00E+00,0.00E+00,2.93E+01,3.16E+01,0.00E+00,4.79E+01,3.77E+00,0.00E+00,3.03E+07,1.86E+08,2.21E+06,1.36E+07,5.17E+01,2.30E-01,5.48E+01,0.00E+00,1.13E-01,0.00E+00,2.96E-02,0.00E+00,4.58E-02,0.00E+00,1.20E-02
816296500000,1.90E-01,5.25E+00,6.66E+08,1.90E+01,8.87E+08,2.14E+09,1.25E+09,7.19E+01,1.37E-01,3.60E-02,5.35E+00,1.02E-02,2.67E-03,2.18E-01,3.93E+00,3.80E+01,9.37E+01,5.85E+04,3.84E+05,2.23E+04,1.46E+05,1.71E+00,0.00E+00,5.67E-01,1.00E+02,2.12E+07,1.39E+08,1.13E+00,1.20E+01,0.00E+00,0.00E+00,3.84E+01,1.24E+02,0.00E+00,5.37E+01,7.23E-01,0.00E+00,2.40E+07,1.58E+08,1.00E+05,6.56E+05,5.44E+01,6.46E-01,6.33E+01,0.00E+00,1.37E-01,0.00E+00,3.60E-02,0.00E+00,1.02E-02,0.00E+00,2.67E-03
816296550000,8.22E-02,1.22E+01,6.66E+08,1.88E+01,8.06E+08,2.15E+09,1.34E+09,5.47E+01,4.50E-02,2.74E-02,3.35E+01,2.75E-02,1.67E-02,5.11E+00,4.39E+00,2.48E+01,6.38E+02,6.14E+05,9.12E+06,1.52E+05,2.26E+06,1.34E+00,6.84E+00,6.97E-01,1.00E+02,8.24E+06,1.23E+08,1.21E+00,1.76E+01,0.00E+00,0.00E+00,3.44E+01,3.81E+01,0.00E+00,4.47E+01,4.08E+00,0.00E+00,9.99E+06,1.48E+08,8.22E+05,1.22E+07,4.88E+01,4.61E-01,5.06E+01,0.00E+00,4.50E-02,0.00E+00,2.74E-02,0.00E+00,2.75E-02,0.00E+00,1.67E-02
816296600000,7.36E-02,1.36E+01,6.66E+08,2.15E+01,8.59E+08,2.37E+09,1.51E+09,7.78E+01,5.73E-02,3.89E-02,8.57E+00,6.31E-03,4.29E-03,5.71E-01,6.49E+00,5.12E+01,7.56E+02,6.80E+04,9.85E+05,3.48E+04,5.05E+05,1.03E+00,0.00E+00,7.92E-01,1.00E+02,1.15E+07,1.66E+08,1.10E+00,1.25E+01,0.00E+00,0.00E+00,3.09E+01,4.42E+01,0.00E+00,5.11E+01,4.07E-01,0.00E+00,1.26E+07,1.82E+08,7.02E+04,1.02E+06,5.15E+01,5.04E-01,5.64E+01,0.00E+00,5.73E-02,0.00E+00,3.89E-02,0.00E+00,6.31E-03,0.00E+00,4.29E-03
816296650000,6.21E-02,1.61E+01,6.66E+08,1.51E+01,6.58E+08,1.70E+09,1.04E+09,7.99E+01,4.96E-02,3.99E-02,1.23E+01,7.64E-03,6.15E-03,7.33E-01,5.69E+00,5.08E+01,2.40E+02,7.19E+04,1.29E+06,3.65E+04,6.53E+05,1.23E+00,0.00E+00,2.57E-01,1.00E+02,6.44E+06,1.15E+08,1.00E+00,5.36E+00,0.00E+00,0.00E+00,6.05E+01,7.72E+01,0.00E+00,6.22E+01,1.09E+00,0.00E+00,6.45E+06,1.15E+08,8.84E+04,1.58E+06,6.33E+01,7.91E-01,5.36E+01,0.00E+00,4.96E-02,0.00E+00,3.99E-02,0.00E+00,7.64E-03,0.00E+00,6.15E-03
816296700000,5.60E-02,1.78E+01,6.66E+08,2.35E+01,9.84E+08,2.63E+09,1.65E+09,7.63E+01,4.27E-02,3.81E-02,2.01E+01,1.13E-02,1.01E-02,1.36E+00,5.46E+00,5.11E+01,4.05E+02,1.17E+05,2.38E+06,6.00E+04,1.22E+06,1.15E+00,0.00E+00,8.19E-01,1.00E+02,8.46E+06,1.71E+08,1.10E+00,1.42E+01,0.00E+00,0.00E+00,3.01E+01,6.51E+01,0.00E+00,5.07E+01,1.59E+00,0.00E+00,9.31E+06,1.89E+08,1.35E+05,2.73E+06,5.23E+01,4.96E-01,5.93E+01,0.00E+00,4.27E-02,0.00E+00,3.81E-02,0.00E+00,1.13E-02,0.00E+00,1.01E-02
816296750000,5.29E-02,1.89E+01,6.66E+08,2.41E+01,9.57E+08,2.57E+09,1.61E+09,8.97E+01,4.74E-02,4.49E-02,2.05E+01,1.09E-02,1.03E-02,1.26E+00,5.74E+00,5.11E+01,3.65E+02,1.11E+05,2.10E+06,5.67E+04,1.07E+06,1.15E+00,0.00E+00,8.04E-01,1.00E+02,8.92E+06,1.69E+08,1.10E+00,1.29E+01,0.00E+00,0.00E+00,3.31E+01,6.51E+01,0.00E+00,5.76E+01,1.47E+00,0.00E+00,9.82E+06,1.86E+08,1.27E+05,2.41E+06,5.91E+01,8.86E-01,5.52E+01,0.00E+00,4.74E-02,0.00E+00,4.49E-02,0.00E+00,1.09E-02,0.00E+00,1.03E-02
816296800000,6.07E-02,1.65E+01,6.66E+08,2.41E+01,9.59E+08,2.57E+09,1.61E+09,8.94E+01,5.42E-02,4.47E-02,2.05E+01,1.24E-02,1.02E-02,1.26E+00,5.74E+00,5.09E+01,3.65E+02,1.27E+05,2.10E+06,6.47E+04,1.07E+06,1.15E+00,0.00E+00,8.03E-01,1.00E+02,1.02E+07,1.69E+08,1.10E+00,1.28E+01,0.00E+00,0.00E+00,3.31E+01,6.51E+01,0.00E+00,5.76E+01,1.47E+00,0.00E+00,1.13E+07,1.86E+08,1.46E+05,2.41E+06,5.91E+01,8.51E-01,5.45E+01,0.00E+00,5.42E-02,0.00E+00,4.47E-02,0.00E+00,1.24E-02,0.00E+00,1.02E-02
816296850000,6.30E-02,1.59E+01,6.66E+08,2.39E+01,9.35E+08,2.55E+09,1.61E+09,9.36E+01,5.90E-02,4.68E-02,1.33E+01,8.37E-03,6.64E-03,9.25E-01,5.98E+00,5.09E+01,9.79E+02,9.71E+04,1.54E+06,4.95E+04,7.85E+05,1.03E+00,0.00E+00,8.16E-01,1.00E+02,1.10E+07,1.75E+08,1.10E+00,1.31E+01,0.00E+00,0.00E+00,3.39E+01,4.46E+01,0.00E+00,6.10E+01,6.66E-01,0.00E+00,1.21E+07,1.92E+08,1.00E+05,1.59E+06,6.17E+01,8.58E-01,5.46E+01,0.00E+00,5.90E-02,0.00E+00,4.68E-02,0.00E+00,8.37E-03,0.00E+00,6.64E-03
816296900000,6.43E-02,1.55E+01,6.66E+08,1.87E+01,8.09E+08,2.00E+09,1.19E+09,9.20E+01,5.91E-02,4.60E-02,1.70E+01,1.09E-02,8.49E-03,8.60E-01,5.94E+00,5.02E+01,2.69E+02,9.21E+04,1.43E+06,4.62E+04,7.19E+05,1.20E+00,0.00E+00,4.11E-01,1.00E+02,8.15E+06,1.27E+08,1.08E+00,8.54E+00,0.00E+00,0.00E+00,4.99E+01,7.31E+01,0.00E+00,6.43E+01,1.18E+00,0.00E+00,8.84E+06,1.37E+08,1.11E+05,1.72E+06,6.55E+01,1.04E+00,5.53E+01,0.00E+00,5.91E-02,0.00E+00,4.60E-02,0.00E+00,1.09E-02,0.00E+00,8.49E-03
816296950000,6.86E-02,1.46E+01,6.66E+08,2.05E+01,7.61E+08,2.19E+09,1.43E+09,8.92E+01,6.12E-02,4.46E-02,1.34E+01,9.19E-03,6.69E-03,6.77E-01,5.79E+00,5.05E+01,2.19E+02,7.75E+04,1.13E+06,3.91E+04,5.70E+05,1.25E+00,0.00E+00,6.62E-01,1.00E+02,1.09E+07,1.59E+08,1.04E+00,1.03E+01,0.00E+00,0.00E+00,3.86E+01,7.99E+01,0.00E+00,5.97E+01,1.06E+00,0.00E+00,1.13E+07,1.65E+08,9.67E+04,1.41E+06,6.08E+01,1.16E+00,5.13E+01,0.00E+00,6.12E-02,0.00E+00,4.46E-02,0.00E+00,9.19E-03,0.00E+00,6.69E-03
816297000000,1.19E-01,8.42E+00,6.66E+08,2.09E+01,9.92E+08,2.25E+09,1.26E+09,7.30E+01,8.66E-02,3.65E-02,3.50E+01,4.15E-02,1.75E-02,7.60E+00,2.47E+00,1.60E+01,8.82E+02,1.44E+06,1.28E+07,2.30E+05,2.06E+06,1.41E+00,0.00E+00,7.22E-01,1.00E+02,1.27E+07,1.13E+08,1.41E+00,2.00E+01,0.00E+00,0.00E+00,3.33E+01,3.04E+01,0.00E+00,4.91E+01,5.09E+00,0.00E+00,1.78E+07,1.60E+08,2.02E+06,1.81E+07,5.42E+01,8.02E-01,5.19E+01,0.00E+00,8.66E-02,0.00E+00,3.65E-02,0.00E+00,4.15E-02,0.00E+00,1.75E-02
816297050000,1.19E-01,8.42E+00,6.66E+08,2.40E+01,9.49E+08,2.56E+09,1.61E+09,9.42E+01,1.12E-01,4.71E-02,2.14E+01,2.54E-02,1.07E-02,1.18E+00,5.57E+00,4.56E+01,4.19E+02,2.34E+05,1.97E+06,1.07E+05,8.98E+05,1.13E+00,0.00E+00,9.48E-01,1.00E+02,1.99E+07,1.68E+08,1.22E+00,2.73E+01,0.00E+00,0.00E+00,3.17E+01,6.23E+01,0.00E+00,6.10E+01,1.30E+00,0.00E+00,2.44E+07,2.05E+08,2.64E+05,2.23E+06,6.23E+01,9.08E-01,5.84E+01,0.00E+00,1.12E-01,0.00E+00,4.71E-02,0.00E+00,2.54E-02,0.00E+00,1.07E-02
816297100000,8.96E-02,1.12E+01,6.66E+08,1.88E+01,8.07E+08,2.23E+09,1.43E+09,3.79E+01,3.40E-02,1.90E-02,2.12E+01,1.90E-02,1.06E-02,4.45E+00,5.47E+00,2.08E+01,1.06E+03,4.85E+05,8.26E+06,1.01E+05,1.72E+06,1.28E+00,0.00E+00,6.19E-01,1.00E+02,9.50E+06,1.62E+08,1.12E+00,1.43E+01,0.00E+00,0.00E+00,2.23E+01,3.40E+01,0.00E+00,3.40E+01,3.03E+00,0.00E+00,1.06E+07,1.81E+08,6.20E+05,1.06E+07,3.70E+01,1.83E-01,5.64E+01,0.00E+00,3.40E-02,0.00E+00,1.90E-02,0.00E+00,1.90E-02,0.00E+00,1.06E-02
816297150000,8.18E-02,1.22E+01,6.66E+08,1.87E+01,7.76E+08,2.00E+09,1.22E+09,8.63E+01,7.05E-02,4.31E-02,8.42E+00,6.89E-03,4.21E-03,1.53E-01,5.43E+00,3.80E+01,6.40E+01,2.02E+04,2.55E+05,7.67E+03,9.69E+04,1.82E+00,0.00E+00,5.55E-01,1.00E+02,1.08E+07,1.36E+08,1.14E+00,1.46E+01,0.00E+00,0.00E+00,4.04E+01,1.32E+02,0.00E+00,5.84E+01,5.74E-01,0.00E+00,1.22E+07,1.55E+08,3.67E+04,4.64E+05,5.89E+01,9.42E-01,6.00E+01,0.00E+00,7.05E-02,0.00E+00,4.31E-02,0.00E+00,6.89E-03,0.00E+00,4.21E-03
816297200000,7.52E-02,1.33E+01,6.66E+08,1.63E+01,6.28E+08,1.89E+09,1.26E+09,6.03E+01,4.54E-02,3.02E-02,1.64E+01,1.24E-02,8.21E-03,1.37E+00,6.11E+00,4.36E+01,3.99E+02,1.54E+05,2.48E+06,6.71E+04,1.08E+06,1.13E+00,0.00E+00,4.95E-01,1.00E+02,8.38E+06,1.35E+08,9.97E-01,6.48E+00,0.00E+00,0.00E+00,4.03E+01,6.18E+01,0.00E+00,4.70E+01,1.49E+00,0.00E+00,8.35E+06,1.35E+08,1.73E+05,2.80E+06,4.85E+01,1.13E+00,5.53E+01,0.00E+00,4.54E-02,0.00E+00,3.02E-02,0.00E+00,1.24E-02,0.00E+00,8.21E-03
816297250000,8.10E-02,1.24E+01,6.66E+08,1.98E+01,8.04E+08,2.37E+09,1.57E+09,5.45E+01,4.41E-02,2.72E-02,8.29E+00,6.71E-03,4.14E-03,6.37E-01,6.99E+00,4.56E+01,7.56E+02,7.10E+04,1.20E+06,3.24E+04,5.46E+05,1.03E+00,7.09E+00,8.28E-01,1.00E+02,1.00E+07,1.69E+08,1.10E+00,1.46E+01,0.00E+00,0.00E+00,2.36E+01,4.42E+01,0.00E+00,3.63E+01,4.54E-01,0.00E+00,1.10E+07,1.85E+08,7.33E+04,1.24E+06,3.67E+01,5.84E-01,6.57E+01,0.00E+00,4.41E-02,0.00E+00,2.72E-02,0.00E+00,6.71E-03,0.00E+00,4.14E-03
816297300000,8.56E-02,1.17E+01,6.66E+08,1.55E+01,6.20E+08,1.66E+09,1.04E+09,8.31E+01,7.11E-02,4.16E-02,9.43E+00,8.07E-03,4.71E-03,6.88E-01,5.59E+00,4.46E+01,2.64E+02,9.21E+04,1.15E+06,4.11E+04,5.14E+05,1.21E+00,0.00E+00,3.05E-01,1.00E+02,9.33E+06,1.17E+08,9.99E-01,7.65E+00,0.00E+00,0.00E+00,5.58E+01,7.52E+01,0.00E+00,6.07E+01,9.80E-01,0.00E+00,9.32E+06,1.17E+08,1.12E+05,1.40E+06,6.17E+01,1.87E+00,5.41E+01,0.00E+00,7.11E-02,0.00E+00,4.16E-02,0.00E+00,8.07E-03,0.00E+00,4.71E-03
816297350000,8.77E-02,1.14E+01,6.66E+08,2.17E+01,9.88E+08,2.57E+09,1.58E+09,5.02E+01,4.40E-02,2.51E-02,2.51E+01,2.20E-02,1.26E-02,3.11E+00,5.73E+00,2.41E+01,6.36E+02,3.86E+05,5.76E+06,9.30E+04,1.39E+06,1.28E+00,0.00E+00,8.17E-01,1.00E+02,1.17E+07,1.74E+08,1.19E+00,1.87E+01,0.00E+00,0.00E+00,1.83E+01,4.22E+01,0.00E+00,3.19E+01,2.62E+00,0.00E+00,1.39E+07,2.06E+08,4.94E+05,7.36E+06,3.45E+01,5.76E-01,6.68E+01,0.00E+00,4.40E-02,0.00E+00,2.51E-02,0.00E+00,2.20E-02,0.00E+00,1.26E-02
816297400000,8.33E-02,1.20E+01,6.66E+08,1.78E+01,7.37E+08,1.92E+09,1.18E+09,8.37E+01,6.97E-02,4.18E-02,6.11E+00,5.09E-03,3.06E-03,1.66E-02,1.48E+02,1.07E+01,2.51E+01,2.21E+03,2.79E+04,2.38E+02,2.99E+03,1.15E+00,0.00E+00,5.19E-01,1.00E+02,1.05E+07,1.32E+08,1.07E+00,1.20E+01,0.00E+00,0.00E+00,4.07E+01,4.54E+01,0.00E+00,5.34E+01,1.35E-02,0.00E+00,1.12E+07,1.42E+08,2.54E+03,3.20E+04,5.34E+01,1.89E+00,5.62E+01,0.00E+00,6.97E-02,0.00E+00,4.18E-02,0.00E+00,5.09E-03,0.00E+00,3.06E-03
816297450000,5.89E-02,1.70E+01,6.66E+08,1.74E+01,6.46E+08,1.93E+09,1.29E+09,7.56E+01,4.46E-02,3.78E-02,1.28E+01,7.54E-03,6.40E-03,1.20E+00,5.79E+00,4.50E+01,4.59E+02,1.13E+05,2.09E+06,5.09E+04,9.39E+05,1.13E+00,0.00E+00,5.15E-01,1.00E+02,7.77E+06,1.43E+08,9.98E-01,7.07E+00,0.00E+00,0.00E+00,4.35E+01,6.20E+01,0.00E+00,5.61E+01,1.32E+00,0.00E+00,7.75E+06,1.43E+08,1.27E+05,2.35E+06,5.74E+01,1.03E+00,5.20E+01,0.00E+00,4.46E-02,0.00E+00,3.78E-02,0.00E+00,7.54E-03,0.00E+00,6.40E-03
816297500000,1.01E-01,9.89E+00,6.66E+08,2.15E+01,9.99E+08,2.37E+09,1.37E+09,6.70E+01,6.77E-02,3.35E-02,3.29E+01,3.32E-02,1.64E-02,6.38E+00,3.07E+00,1.41E+01,9.32E+02,9.70E+05,1.10E+07,1.37E+05,1.55E+06,1.42E+00,0.00E+00,6.28E-01,1.00E+02,1.26E+07,1.42E+08,1.20E+00,1.68E+01,0.00E+00,0.00E+00,2.91E+01,2.96E+01,0.00E+00,4.53E+01,4.20E+00,0.00E+00,1.51E+07,1.71E+08,1.38E+06,1.56E+07,4.95E+01,7.98E-01,5.46E+01,0.00E+00,6.77E-02,0.00E+00,3.35E-02,0.00E+00,3.32E-02,0.00E+00,1.64E-02
816297550000,1.06E-01,9.42E+00,6.66E+08,2.17E+01,8.96E+08,2.31E+09,1.42E+09,9.04E+01,9.60E-02,4.52E-02,3.47E+01,3.69E-02,1.74E-02,2.58E+00,4.67E+00,3.05E+01,6.19E+02,4.57E+05,4.31E+06,1.40E+05,1.31E+06,1.28E+00,0.00E+00,8.38E-01,1.00E+02,1.61E+07,1.52E+08,1.26E+00,2.53E+01,0.00E+00,0.00E+00,3.63E+01,4.35E+01,0.00E+00,6.53E+01,2.25E+00,0.00E+00,2.04E+07,1.92E+08,5.85E+05,5.50E+06,6.76E+01,5.76E-01,5.27E+01,0.00E+00,9.60E-02,0.00E+00,4.52E-02,0.00E+00,3.69E-02,0.00E+00,1.74E-02
816297600000,6.06E-02,1.65E+01,6.66E+08,2.18E+01,8.56E+08,2.44E+09,1.58E+09,6.61E+01,4.00E-02,3.30E-02,1.53E+01,9.28E-03,7.66E-03,1.26E+00,6.19E+00,4.57E+01,3.86E+02,1.18E+05,2.20E+06,5.38E+04,1.00E+06,1.13E+00,1.01E+00,7.85E-01,1.00E+02,8.78E+06,1.64E+08,1.06E+00,1.24E+01,0.00E+00,0.00E+00,2.85E+01,6.19E+01,0.00E+00,4.43E+01,1.37E+00,0.00E+00,9.33E+06,1.74E+08,1.33E+05,2.48E+06,4.56E+01,4.63E-01,5.51E+01,0.00E+00,4.00E-02,0.00E+00,3.30E-02,0.00E+00,9.28E-03,0.00E+00,7.66E-03
816297650000,5.73E-02,1.75E+01,6.66E+08,2.24E+01,9.02E+08,2.51E+09,1.60E+09,7.41E+01,4.25E-02,3.71E-02,2.09E+01,1.20E-02,1.04E-02,1.40E+00,5.13E+00,5.21E+01,3.69E+02,1.30E+05,2.45E+06,6.77E+04,1.28E+06,1.16E+00,0.00E+00,7.90E-01,1.00E+02,8.64E+06,1.63E+08,1.09E+00,1.57E+01,0.00E+00,0.00E+00,2.95E+01,5.64E+01,0.00E+00,4.70E+01,1.44E+00,0.00E+00,9.43E+06,1.78E+08,1.51E+05,2.85E+06,4.84E+01,4.58E-01,6.16E+01,0.00E+00,4.25E-02,0.00E+00,3.71E-02,0.00E+00,1.20E-02,0.00E+00,1.04E-02
816297700000,5.42E-02,1.84E+01,6.66E+08,2.35E+01,8.86E+08,2.51E+09,1.62E+09,9.02E+01,4.89E-02,4.51E-02,1.64E+01,8.92E-03,8.22E-03,1.16E+00,6.19E+00,4.60E+01,4.24E+02,1.05E+05,1.93E+06,4.83E+04,8.90E+05,1.12E+00,0.00E+00,7.96E-01,1.00E+02,9.38E+06,1.73E+08,1.06E+00,1.33E+01,0.00E+00,0.00E+00,3.35E+01,6.10E+01,0.00E+00,5.73E+01,1.24E+00,0.00E+00,9.90E+06,1.83E+08,1.18E+05,2.17E+06,5.85E+01,9.08E-01,5.49E+01,0.00E+00,4.89E-02,0.00E+00,4.51E-02,0.00E+00,8.92E-03,0.00E+00,8.22E-03
816297750000,5.12E-02,1.95E+01,6.66E+08,2.17E+01,8.61E+08,2.32E+09,1.46E+09,9.58E+01,4.91E-02,4.79E-02,1.34E+01,6.86E-03,6.69E-03,5.26E-01,6.89E+00,4.69E+01,5.93E+02,4.49E+04,8.77E+05,2.11E+04,4.12E+05,1.03E+00,0.00E+00,6.67E-01,1.00E+02,8.18E+06,1.60E+08,1.06E+00,1.23E+01,0.00E+00,0.00E+00,3.91E+01,4.42E+01,0.00E+00,6.21E+01,3.76E-01,0.00E+00,8.67E+06,1.69E+08,4.64E+04,9.06E+05,6.24E+01,1.28E+00,5.66E+01,0.00E+00,4.91E-02,0.00E+00,4.79E-02,0.00E+00,6.86E-03,0.00E+00,6.69E-03
816297800000,5.45E-02,1.84E+01,6.66E+08,2.06E+01,8.09E+08,2.19E+09,1.39E+09,9.02E+01,4.92E-02,4.51E-02,1.93E+01,1.05E-02,9.67E-03,1.16E+00,6.19E+00,4.60E+01,3.96E+02,1.05E+05,1.93E+06,4.85E+04,8.90E+05,1.12E+00,0.00E+00,5.46E-01,1.00E+02,8.05E+06,1.48E+08,1.04E+00,9.95E+00,0.00E+00,0.00E+00,4.28E+01,6.10E+01,0.00E+00,6.17E+01,1.24E+00,0.00E+00,8.37E+06,1.54E+08,1.18E+05,2.17E+06,6.29E+01,1.01E+00,5.32E+01,0.00E+00,4.92E-02,0.00E+00,4.51E-02,0.00E+00,1.05E-02,0.00E+00,9.67E-03
816297850000,5.82E-02,1.72E+01,6.66E+08,2.10E+01,7.76E+08,2.24E+09,1.47E+09,8.98E+01,5.22E-02,4.49E-02,1.93E+01,1.12E-02,9.65E-03,1.16E+00,6.19E+00,4.60E+01,3.96E+02,1.12E+05,1.93E+06,5.18E+04,8.90E+05,1.12E+00,0.00E+00,6.60E-01,1.00E+02,9.21E+06,1.58E+08,1.02E+00,1.01E+01,0.00E+00,0.00E+00,3.88E+01,6.10E+01,0.00E+00,5.88E+01,1.24E+00,0.00E+00,9.40E+06,1.62E+08,1.26E+05,2.17E+06,6.01E+01,1.69E+00,5.17E+01,0.00E+00,5.22E-02,0.00E+00,4.49E-02,0.00E+00,1.12E-02,0.00E+00,9.65E-03
816297900000,5.81E-02,1.72E+01,6.66E+08,2.31E+01,8.65E+08,2.46E+09,1.60E+09,9.06E+01,5.26E-02,4.53E-02,1.25E+01,7.24E-03,6.23E-03,6.35E-01,6.43E+00,4.54E+01,2.36E+02,6.15E+04,1.06E+06,2.79E+04,4.80E+05,1.20E+00,0.00E+00,8.03E-01,1.00E+02,1.02E+07,1.76E+08,1.05E+00,1.32E+01,0.00E+00,0.00E+00,3.39E+01,7.30E+01,0.00E+00,5.89E+01,8.69E-01,0.00E+00,1.08E+07,1.85E+08,7.37E+04,1.27E+06,5.98E+01,6.45E-01,5.40E+01,0.00E+00,5.26E-02,0.00E+00,4.53E-02,0.00E+00,7.24E-03,0.00E+00,6.23E-03
816297950000,5.99E-02,1.67E+01,4.88E+08,2.71E+01,7.41E+08,2.11E+09,1.37E+09,8.81E+01,5.27E-02,4.40E-02,1.88E+01,1.13E-02,9.42E-03,1.59E+00,5.73E+00,4.60E+01,4.69E+02,1.16E+05,1.93E+06,5.33E+04,8.89E+05,1.12E+00,1.16E+00,9.95E-01,1.00E+02,8.62E+06,1.44E+08,1.07E+00,1.57E+01,0.00E+00,0.00E+00,2.83E+01,6.10E+01,0.00E+00,5.57E+01,1.70E+00,0.00E+00,9.19E+06,1.54E+08,1.30E+05,2.17E+06,5.74E+01,6.68E-01,5.63E+01,0.00E+00,5.27E-02,0.00E+00,4.40E-02,0.00E+00,1.13E-02,0.00E+00,9.42E-03
816298000000,8.65E-02,1.16E+01,4.10E+08,2.54E+01,6.44E+08,1.66E+09,1.02E+09,9.60E+01,8.30E-02,4.80E-02,1.56E+01,1.35E-02,7.80E-03,8.55E-01,6.89E+00,4.69E+01,7.56E+02,7.58E+04,8.77E+05,3.56E+04,4.11E+05,1.03E+00,0.00E+00,7.71E-01,1.00E+02,9.19E+06,1.06E+08,1.09E+00,1.46E+01,0.00E+00,0.00E+00,3.52E+01,4.42E+01,0.00E+00,6.23E+01,6.10E-01,0.00E+00,1.00E+07,1.16E+08,7.83E+04,9.05E+05,6.29E+01,6.66E-01,5.96E+01,0.00E+00,8.30E-02,0.00E+00,4.80E-02,0.00E+00,1.35E-02,0.00E+00,7.80E-03
816298050000,8.67E-02,1.15E+01,4.10E+08,2.04E+01,4.35E+08,1.34E+09,9.00E+08,8.74E+01,7.58E-02,4.37E-02,1.82E+01,1.58E-02,9.09E-03,1.02E+00,6.17E+00,4.58E+01,2.67E+02,9.07E+04,1.05E+06,4.16E+04,4.80E+05,1.19E+00,0.00E+00,6.53E-01,1.00E+02,8.74E+06,1.01E+08,9.98E-01,8.37E+00,0.00E+00,0.00E+00,4.06E+01,7.18E+01,0.00E+00,6.23E+01,1.36E+00,0.00E+00,8.72E+06,1.01E+08,1.08E+05,1.24E+06,6.37E+01,9.63E-01,4.69E+01,0.00E+00,7.58E-02,0.00E+00,4.37E-02,0.00E+00,1.58E-02,0.00E+00,9.09E-03
816298100000,8.45E-02,1.18E+01,4.10E+08,2.97E+01,6.78E+08,1.95E+09,1.27E+09,8.78E+01,7.42E-02,4.39E-02,2.49E+01,2.11E-02,1.25E-02,1.87E+00,5.88E+00,4.63E+01,4.83E+02,1.62E+05,1.92E+06,7.52E+04,8.89E+05,1.12E+00,5.79E+00,1.13E+00,1.00E+02,1.10E+07,1.30E+08,1.07E+00,1.67E+01,0.00E+00,0.00E+00,2.52E+01,6.02E+01,0.00E+00,5.38E+01,1.97E+00,0.00E+00,1.18E+07,1.40E+08,1.81E+05,2.15E+06,5.58E+01,1.04E+00,5.59E+01,0.00E+00,7.42E-02,0.00E+00,4.39E-02,0.00E+00,2.11E-02,0.00E+00,1.25E-02
816298150000,8.41E-02,1.19E+01,4.10E+08,1.71E+01,4.32E+08,1.12E+09,6.91E+08,9.57E+01,8.05E-02,4.78E-02,1.74E+01,1.46E-02,8.70E-03,8.55E-01,6.89E+00,4.69E+01,7.19E+02,7.37E+04,8.77E+05,3.46E+04,4.11E+05,1.03E+00,0.00E+00,2.88E-01,1.00E+02,6.37E+06,7.57E+07,1.00E+00,6.05E+00,0.00E+00,0.00E+00,6.06E+01,4.42E+01,0.00E+00,6.99E+01,6.10E-01,0.00E+00,6.37E+06,7.57E+07,7.61E+04,9.05E+05,7.05E+01,9.60E-01,5.14E+01,0.00E+00,8.05E-02,0.00E+00,4.78E-02,0.00E+00,1.46E-02,0.00E+00,8.70E-03
816298200000,8.38E-02,1.19E+01,4.10E+08,2.85E+01,6.43E+08,1.87E+09,1.23E+09,8.80E+01,7.37E-02,4.40E-02,1.29E+01,1.08E-02,6.47E-03,1.02E+00,5.59E+00,4.58E+01,3.07E+02,8.76E+04,1.05E+06,4.01E+04,4.79E+05,1.19E+00,4.89E+00,1.14E+00,1.00E+02,1.11E+07,1.33E+08,1.07E+00,1.67E+01,0.00E+00,0.00E+00,2.59E+01,7.18E+01,0.00E+00,5.62E+01,1.36E+00,0.00E+00,1.19E+07,1.42E+08,1.04E+05,1.24E+06,5.75E+01,3.59E-01,5.41E+01,0.00E+00,7.37E-02,0.00E+00,4.40E-02,0.00E+00,1.08E-02,0.00E+00,6.47E-03
816298250000,9.08E-02,1.10E+01,4.10E+08,1.90E+01,4.62E+08,1.24E+09,7.83E+08,9.57E+01,8.69E-02,4.79E-02,1.70E+01,1.55E-02,8.52E-03,8.55E-01,6.89E+00,4.69E+01,7.56E+02,7.96E+04,8.77E+05,3.73E+04,4.11E+05,1.03E+00,0.00E+00,3.99E-01,1.00E+02,7.66E+06,8.44E+07,1.02E+00,8.62E+00,0.00E+00,0.00E+00,5.15E+01,4.42E+01,0.00E+00,6.77E+01,6.10E-01,0.00E+00,7.83E+06,8.63E+07,8.22E+04,9.05E+05,6.83E+01,1.18E+00,5.40E+01,0.00E+00,8.69E-02,0.00E+00,4.79E-02,0.00E+00,1.55E-02,0.00E+00,8.52E-03
816298300000,9.16E-02,1.09E+01,4.10E+08,2.68E+01,6.14E+08,1.76E+09,1.14E+09,8.81E+01,8.07E-02,4.40E-02,1.30E+01,1.19E-02,6.51E-03,1.02E+00,5.72E+00,4.58E+01,2.97E+02,9.58E+04,1.05E+06,4.39E+04,4.79E+05,1.19E+00,2.18E+00,1.03E+00,1.00E+02,1.15E+07,1.25E+08,1.06E+00,1.41E+01,0.00E+00,0.00E+00,2.92E+01,7.18E+01,0.00E+00,5.90E+01,1.36E+00,0.00E+00,1.22E+07,1.33E+08,1.14E+05,1.24E+06,6.03E+01,2.62E-01,5.21E+01,0.00E+00,8.07E-02,0.00E+00,4.40E-02,0.00E+00,1.19E-02,0.00E+00,6.51E-03
816298350000,8.06E-02,1.24E+01,4.10E+08,2.98E+01,6.72E+08,1.96E+09,1.29E+09,9.19E+01,7.40E-02,4.59E-02,1.88E+01,1.51E-02,9.38E-03,1.50E+00,6.23E+00,4.79E+01,9.23E+02,1.24E+05,1.54E+06,5.93E+04,7.36E+05,1.04E+00,4.26E+00,1.15E+00,1.00E+02,1.09E+07,1.35E+08,1.07E+00,1.72E+01,0.00E+00,0.00E+00,2.63E+01,4.57E+01,0.00E+00,5.79E+01,1.11E+00,0.00E+00,1.16E+07,1.44E+08,1.29E+05,1.60E+06,5.90E+01,5.55E-01,5.57E+01,0.00E+00,7.40E-02,0.00E+00,4.59E-02,0.00E+00,1.51E-02,0.00E+00,9.38E-03
816298400000,8.05E-02,1.24E+01,4.10E+08,1.77E+01,4.58E+08,1.16E+09,7.01E+08,9.15E+01,7.37E-02,4.58E-02,2.45E+01,1.97E-02,1.23E-02,1.23E+00,6.54E+00,4.48E+01,3.21E+02,1.02E+05,1.26E+06,4.55E+04,5.66E+05,1.15E+00,0.00E+00,2.80E-01,1.00E+02,5.91E+06,7.34E+07,1.00E+00,5.85E+00,0.00E+00,0.00E+00,6.06E+01,6.61E+01,0.00E+00,6.77E+01,1.47E+00,0.00E+00,5.91E+06,7.34E+07,1.17E+05,1.46E+06,6.92E+01,7.21E-01,5.15E+01,0.00E+00,7.37E-02,0.00E+00,4.58E-02,0.00E+00,1.97E-02,0.00E+00,1.23E-02
816298450000,8.03E-02,1.24E+01,4.10E+08,2.85E+01,6.42E+08,1.87E+09,1.23E+09,8.87E+01,7.12E-02,4.43E-02,1.18E+01,9.48E-03,5.90E-03,9.88E-01,5.61E+00,4.63E+01,3.22E+02,8.14E+04,1.01E+06,3.77E+04,4.69E+05,1.16E+00,4.72E+00,1.14E+00,1.00E+02,1.07E+07,1.33E+08,1.07E+00,1.67E+01,0.00E+00,0.00E+00,2.60E+01,6.80E+01,0.00E+00,5.65E+01,1.22E+00,0.00E+00,1.15E+07,1.43E+08,9.46E+04,1.18E+06,5.78E+01,5.75E-01,5.47E+01,0.00E+00,7.12E-02,0.00E+00,4.43E-02,0.00E+00,9.48E-03,0.00E+00,5.90E-03
816298500000,9.34E-02,1.07E+01,4.10E+08,1.74E+01,4.40E+08,1.14E+09,7.05E+08,9.57E+01,8.95E-02,4.79E-02,1.52E+01,1.42E-02,7.59E-03,8.55E-01,6.89E+00,4.69E+01,7.56E+02,8.19E+04,8.77E+05,3.84E+04,4.11E+05,1.03E+00,0.00E+00,2.96E-01,1.00E+02,7.27E+06,7.78E+07,1.00E+00,6.19E+00,0.00E+00,0.00E+00,6.06E+01,4.42E+01,0.00E+00,7.18E+01,6.10E-01,0.00E+00,7.27E+06,7.78E+07,8.46E+04,9.05E+05,7.24E+01,5.62E-01,5.09E+01,0.00E+00,8.95E-02,0.00E+00,4.79E-02,0.00E+00,1.42E-02,0.00E+00,7.59E-03
816298550000,9.72E-02,1.03E+01,4.10E+08,2.87E+01,6.41E+08,1.88E+09,1.24E+09,8.85E+01,8.60E-02,4.42E-02,1.18E+01,1.15E-02,5.92E-03,9.88E-01,5.61E+00,4.63E+01,3.22E+02,9.84E+04,1.01E+06,4.56E+04,4.69E+05,1.16E+00,4.92E+00,1.14E+00,1.00E+02,1.31E+07,1.35E+08,1.06E+00,1.69E+01,0.00E+00,0.00E+00,2.62E+01,6.80E+01,0.00E+00,5.67E+01,1.22E+00,0.00E+00,1.38E+07,1.42E+08,1.14E+05,1.18E+06,5.80E+01,2.21E-01,5.45E+01,0.00E+00,8.60E-02,0.00E+00,4.42E-02,0.00E+00,1.15E-02,0.00E+00,5.92E-03
816298600000,1.00E-01,9.96E+00,4.10E+08,2.67E+01,6.86E+08,1.75E+09,1.07E+09,9.59E+01,9.63E-02,4.79E-02,3.72E+01,3.74E-02,1.86E-02,2.63E+00,4.55E+00,4.37E+01,5.48E+02,2.70E+05,2.69E+06,1.18E+05,1.18E+06,1.45E+00,0.00E+00,7.12E-01,1.00E+02,1.01E+07,1.01E+08,1.08E+00,1.60E+01,0.00E+00,0.00E+00,3.61E+01,3.09E+01,0.00E+00,5.96E+01,1.84E+00,0.00E+00,1.09E+07,1.08E+08,3.93E+05,3.91E+06,6.14E+01,7.36E-01,6.10E+01,0.00E+00,9.63E-02,0.00E+00,4.79E-02,0.00E+00,3.74E-02,0.00E+00,1.86E-02
816298650000,1.01E-01,9.91E+00,4.10E+08,2.22E+01,4.86E+08,1.46E+09,9.69E+08,9.58E+01,9.66E-02,4.79E-02,2.08E+01,2.10E-02,1.04E-02,6.43E-01,5.62E+00,4.57E+01,2.12E+02,6.65E+04,6.59E+05,3.04E+04,3.02E+05,1.23E+00,0.00E+00,9.57E-01,1.00E+02,1.11E+07,1.10E+08,1.21E+00,2.32E+01,0.00E+00,0.00E+00,3.53E+01,7.88E+01,0.00E+00,7.17E+01,9.73E-01,0.00E+00,1.35E+07,1.33E+08,8.18E+04,8.10E+05,7.26E+01,3.66E-01,4.67E+01,0.00E+00,9.66E-02,0.00E+00,4.79E-02,0.00E+00,2.10E-02,0.00E+00,1.04E-02
816298700000,4.10E-02,2.44E+01,2.35E+09,2.05E+01,2.92E+09,7.73E+09,4.80E+09,9.54E+01,3.91E-02,4.77E-02,4.08E+01,1.67E-02,2.04E-02,1.27E+00,3.89E+00,5.40E+01,3.88E+02,3.06E+05,7.47E+06,1.65E+05,4.04E+06,1.32E+00,0.00E+00,6.22E-01,1.00E+02,2.13E+07,5.21E+08,1.15E+00,1.71E+01,0.00E+00,0.00E+00,3.57E+01,4.19E+01,0.00E+00,5.66E+01,1.10E+00,0.00E+00,2.44E+07,5.97E+08,4.05E+05,9.88E+06,5.77E+01,5.61E-01,5.67E+01,0.00E+00,3.91E-02,0.00E+00,4.77E-02,0.00E+00,1.67E-02,0.00E+00,2.04E-02
816298750000,4.70E-02,2.13E+01,5.01E+08,1.87E+01,6.45E+08,1.66E+09,1.01E+09,4.64E+01,2.18E-02,2.32E-02,9.33E+00,4.38E-03,4.66E-03,6.27E-01,5.09E+00,3.48E+01,2.04E+02,2.94E+04,8.67E+05,1.02E+04,3.02E+05,1.35E+00,5.89E-01,6.39E-01,1.00E+02,3.45E+06,1.02E+08,1.10E+00,1.32E+01,0.00E+00,0.00E+00,2.79E+01,3.58E+01,0.00E+00,3.55E+01,4.75E-01,0.00E+00,3.81E+06,1.12E+08,3.98E+04,1.17E+06,3.59E+01,7.03E-01,6.49E+01,0.00E+00,2.18E-02,0.00E+00,2.32E-02,0.00E+00,4.38E-03,0.00E+00,4.66E-03
816298800000,1.03E-01,9.71E+00,4.10E+08,2.32E+01,5.15E+08,1.56E+09,1.05E+09,5.93E+01,6.10E-02,2.96E-02,2.70E+01,2.78E-02,1.35E-02,3.99E+00,3.58E+00,6.19E+01,4.95E+02,3.88E+05,4.21E+06,2.40E+05,2.61E+06,1.12E+00,0.00E+00,8.16E-01,1.00E+02,9.35E+06,1.02E+08,1.11E+00,1.64E+01,0.00E+00,0.00E+00,2.79E+01,4.31E+01,0.00E+00,4.64E+01,3.02E+00,0.00E+00,1.03E+07,1.12E+08,4.35E+05,4.72E+06,4.94E+01,5.23E-02,5.19E+01,0.00E+00,6.10E-02,0.00E+00,2.96E-02,0.00E+00,2.78E-02,0.00E+00,1.35E-02
816298850000,9.30E-02,1.07E+01,7.52E+08,2.42E+01,1.16E+09,2.91E+09,1.75E+09,9.22E+01,8.58E-02,4.61E-02,1.17E+01,1.09E-02,5.85E-03,6.45E-01,5.91E+00,5.22E+01,2.30E+02,1.13E+05,1.21E+06,5.89E+04,6.33E+05,1.19E+00,0.00E+00,8.38E-01,1.00E+02,1.75E+07,1.88E+08,1.18E+00,1.98E+01,0.00E+00,0.00E+00,3.51E+01,7.15E+01,0.00E+00,6.47E+01,8.56E-01,0.00E+00,2.06E+07,2.22E+08,1.34E+05,1.44E+06,6.56E+01,6.05E-01,5.49E+01,0.00E+00,8.58E-02,0.00E+00,4.61E-02,0.00E+00,1.09E-02,0.00E+00,5.85E-03
816298900000,7.98E-02,1.25E+01,4.10E+08,1.56E+01,3.97E+08,1.02E+09,6.25E+08,8.59E+01,6.86E-02,4.30E-02,1.37E+01,1.09E-02,6.86E-03,1.14E+00,5.21E+00,5.02E+01,2.60E+02,9.30E+04,1.16E+06,4.66E+04,5.84E+05,1.20E+00,0.00E+00,3.06E-01,1.00E+02,5.38E+06,6.73E+07,9.97E-01,5.39E+00,0.00E+00,0.00E+00,5.75E+01,7.30E+01,0.00E+00,5.88E+01,1.55E+00,0.00E+00,5.36E+06,6.71E+07,1.11E+05,1.39E+06,6.03E+01,2.85E+00,5.22E+01,0.00E+00,6.86E-02,0.00E+00,4.30E-02,0.00E+00,1.09E-02,0.00E+00,6.86E-03
816298950000,6.68E-02,1.50E+01,6.44E+08,2.35E+01,8.90E+08,2.42E+09,1.53E+09,9.61E+01,6.42E-02,4.81E-02,1.90E+01,1.27E-02,9.51E-03,1.32E+00,5.70E+00,5.19E+01,3.70E+02,1.43E+05,2.13E+06,7.39E+04,1.11E+06,1.12E+00,0.00E+00,8.12E-01,1.00E+02,1.06E+07,1.58E+08,1.06E+00,1.33E+01,0.00E+00,0.00E+00,3.10E+01,6.10E+01,0.00E+00,5.07E+01,1.42E+00,0.00E+00,1.13E+07,1.69E+08,1.60E+05,2.39E+06,5.21E+01,1.46E+00,5.87E+01,0.00E+00,6.42E-02,0.00E+00,4.81E-02,0.00E+00,1.27E-02,0.00E+00,9.51E-03
816299000000,5.73E-02,1.75E+01,6.66E+08,2.30E+01,8.81E+08,2.46E+09,1.58E+09,9.43E+01,5.40E-02,4.72E-02,1.39E+01,7.94E-03,6.93E-03,7.65E-01,6.08E+00,5.09E+01,8.86E+02,7.30E+04,1.28E+06,3.72E+04,6.49E+05,1.04E+00,0.00E+00,8.18E-01,1.00E+02,9.87E+06,1.72E+08,1.06E+00,1.31E+01,0.00E+00,0.00E+00,3.33E+01,4.45E+01,0.00E+00,5.70E+01,5.51E-01,0.00E+00,1.05E+07,1.83E+08,7.57E+04,1.32E+06,5.76E+01,1.86E+00,5.56E+01,0.00E+00,5.40E-02,0.00E+00,4.72E-02,0.00E+00,7.94E-03,0.00E+00,6.93E-03
816299050000,5.37E-02,1.86E+01,6.66E+08,1.83E+01,7.55E+08,1.95E+09,1.19E+09,9.12E+01,4.90E-02,4.56E-02,1.94E+01,1.04E-02,9.68E-03,1.08E+00,5.73E+00,5.43E+01,3.57E+02,9.67E+04,1.80E+06,5.25E+04,9.77E+05,1.12E+00,0.00E+00,3.80E-01,1.00E+02,6.73E+06,1.25E+08,1.00E+00,7.13E+00,0.00E+00,0.00E+00,5.37E+01,6.13E+01,0.00E+00,6.33E+01,1.16E+00,0.00E+00,6.75E+06,1.26E+08,1.08E+05,2.02E+06,6.45E+01,1.20E+00,5.38E+01,0.00E+00,4.90E-02,0.00E+00,4.56E-02,0.00E+00,1.04E-02,0.00E+00,9.68E-03
816299100000,5.72E-02,1.75E+01,6.66E+08,2.28E+01,8.85E+08,2.43E+09,1.54E+09,8.61E+01,4.93E-02,4.31E-02,2.04E+01,1.17E-02,1.02E-02,1.26E+00,5.70E+00,5.25E+01,4.05E+02,1.20E+05,2.11E+06,6.32E+04,1.10E+06,1.11E+00,0.00E+00,7.12E-01,1.00E+02,9.38E+06,1.64E+08,1.06E+00,1.13E+01,0.00E+00,0.00E+00,3.68E+01,5.91E+01,0.00E+00,6.00E+01,1.30E+00,0.00E+00,9.95E+06,1.74E+08,1.34E+05,2.34E+06,6.13E+01,8.92E-01,5.25E+01,0.00E+00,4.93E-02,0.00E+00,4.31E-02,0.00E+00,1.17E-02,0.00E+00,1.02E-02
816299150000,6.10E-02,1.64E+01,6.66E+08,2.33E+01,8.99E+08,2.49E+09,1.59E+09,9.02E+01,5.50E-02,4.51E-02,1.35E+01,8.26E-03,6.77E-03,6.83E-01,5.98E+00,5.14E+01,2.39E+02,6.95E+04,1.14E+06,3.57E+04,5.85E+05,1.18E+00,0.00E+00,8.20E-01,1.00E+02,1.06E+07,1.73E+08,1.06E+00,1.25E+01,0.00E+00,0.00E+00,3.34E+01,7.03E+01,0.00E+00,5.76E+01,8.83E-01,0.00E+00,1.12E+07,1.84E+08,8.17E+04,1.34E+06,5.84E+01,7.34E-01,5.36E+01,0.00E+00,5.50E-02,0.00E+00,4.51E-02,0.00E+00,8.26E-03,0.00E+00,6.77E-03
816299200000,6.99E-02,1.43E+01,6.66E+08,2.35E+01,9.11E+08,2.51E+09,1.60E+09,9.02E+01,6.31E-02,4.51E-02,1.70E+01,1.19E-02,8.50E-03,1.26E+00,5.29E+00,5.24E+01,4.83E+02,1.47E+05,2.10E+06,7.71E+04,1.10E+06,1.11E+00,0.00E+00,8.12E-01,1.00E+02,1.19E+07,1.70E+08,1.06E+00,1.28E+01,0.00E+00,0.00E+00,3.29E+01,5.91E+01,0.00E+00,5.55E+01,1.29E+00,0.00E+00,1.26E+07,1.80E+08,1.63E+05,2.34E+06,5.68E+01,1.64E+00,5.54E+01,0.00E+00,6.31E-02,0.00E+00,4.51E-02,0.00E+00,1.19E-02,0.00E+00,8.50E-03
816299250000,6.13E-02,1.63E+01,6.66E+08,2.36E+01,9.19E+08,2.52E+09,1.60E+09,8.57E+01,5.25E-02,4.29E-02,2.14E+01,1.31E-02,1.07E-02,1.26E+00,5.70E+00,5.24E+01,4.05E+02,1.29E+05,2.11E+06,6.77E+04,1.10E+06,1.11E+00,0.00E+00,8.06E-01,1.00E+02,1.03E+07,1.67E+08,1.06E+00,1.26E+01,0.00E+00,0.00E+00,3.25E+01,5.91E+01,0.00E+00,5.41E+01,1.30E+00,0.00E+00,1.09E+07,1.78E+08,1.43E+05,2.34E+06,5.54E+01,1.95E+00,5.59E+01,0.00E+00,5.25E-02,0.00E+00,4.29E-02,0.00E+00,1.31E-02,0.00E+00,1.07E-02
816299300000,5.73E-02,1.74E+01,6.66E+08,2.03E+01,8.58E+08,2.17E+09,1.31E+09,9.55E+01,5.48E-02,4.78E-02,1.20E+01,6.90E-03,6.02E-03,5.82E-01,6.24E+00,5.38E+01,7.57E+02,5.55E+04,9.69E+05,2.99E+04,5.21E+05,1.03E+00,0.00E+00,5.52E-01,1.00E+02,8.11E+06,1.42E+08,1.07E+00,1.12E+01,0.00E+00,0.00E+00,4.24E+01,4.42E+01,0.00E+00,6.05E+01,4.15E-01,0.00E+00,8.71E+06,1.52E+08,5.73E+04,1.00E+06,6.09E+01,1.86E+00,5.90E+01,0.00E+00,5.48E-02,0.00E+00,4.78E-02,0.00E+00,6.90E-03,0.00E+00,6.02E-03
816299350000,5.79E-02,1.73E+01,6.66E+08,1.95E+01,7.17E+08,2.08E+09,1.37E+09,8.62E+01,4.99E-02,4.31E-02,1.98E+01,1.15E-02,9.88E-03,1.23E+00,5.73E+00,5.32E+01,4.66E+02,1.18E+05,2.04E+06,6.30E+04,1.09E+06,1.08E+00,0.00E+00,5.42E-01,1.00E+02,8.63E+06,1.49E+08,9.98E-01,7.58E+00,0.00E+00,0.00E+00,4.56E+01,5.43E+01,0.00E+00,6.36E+01,1.13E+00,0.00E+00,8.61E+06,1.49E+08,1.28E+05,2.21E+06,6.47E+01,1.14E+00,4.83E+01,0.00E+00,4.99E-02,0.00E+00,4.31E-02,0.00E+00,1.15E-02,0.00E+00,9.88E-03
816299400000,6.04E-02,1.66E+01,6.66E+08,2.38E+01,9.22E+08,2.54E+09,1.62E+09,8.66E+01,5.22E-02,4.33E-02,1.69E+01,1.02E-02,8.46E-03,9.49E-01,5.95E+00,4.97E+01,3.78E+02,9.54E+04,1.58E+06,4.75E+04,7.86E+05,1.10E+00,0.00E+00,8.15E-01,1.00E+02,1.05E+07,1.74E+08,1.04E+00,1.28E+01,0.00E+00,0.00E+00,3.35E+01,5.70E+01,0.00E+00,5.69E+01,9.29E-01,0.00E+00,1.09E+07,1.81E+08,1.05E+05,1.74E+06,5.79E+01,1.18E+00,5.43E+01,0.00E+00,5.22E-02,0.00E+00,4.33E-02,0.00E+00,1.02E-02,0.00E+00,8.46E-03
816299450000,6.09E-02,1.64E+01,6.66E+08,2.32E+01,8.86E+08,2.48E+09,1.59E+09,8.62E+01,5.24E-02,4.31E-02,1.34E+01,8.16E-03,6.71E-03,9.21E-01,5.29E+00,5.65E+01,4.50E+02,9.34E+04,1.54E+06,5.28E+04,8.67E+05,1.10E+00,0.00E+00,8.11E-01,1.00E+02,1.05E+07,1.72E+08,1.04E+00,1.26E+01,0.00E+00,0.00E+00,3.32E+01,5.75E+01,0.00E+00,5.59E+01,9.07E-01,0.00E+00,1.09E+07,1.80E+08,1.02E+05,1.68E+06,5.68E+01,1.37E+00,5.42E+01,0.00E+00,5.24E-02,0.00E+00,4.31E-02,0.00E+00,8.16E-03,0.00E+00,6.71E-03
816299500000,6.51E-02,1.54E+01,6.66E+08,2.37E+01,9.19E+08,2.53E+09,1.61E+09,9.04E+01,5.89E-02,4.52E-02,2.03E+01,1.32E-02,1.02E-02,1.23E+00,5.67E+00,5.32E+01,4.79E+02,1.33E+05,2.04E+06,7.08E+04,1.09E+06,1.08E+00,0.00E+00,8.04E-01,1.00E+02,1.10E+07,1.70E+08,1.04E+00,1.29E+01,0.00E+00,0.00E+00,3.28E+01,5.43E+01,0.00E+00,5.43E+01,1.13E+00,0.00E+00,1.15E+07,1.77E+08,1.44E+05,2.21E+06,5.54E+01,1.79E+00,5.56E+01,0.00E+00,5.89E-02,0.00E+00,4.52E-02,0.00E+00,1.32E-02,0.00E+00,1.02E-02
816299550000,1.63E-01,6.14E+00,6.66E+08,2.42E+01,9.33E+08,2.58E+09,1.64E+09,8.67E+01,1.41E-01,4.34E-02,1.82E+01,2.96E-02,9.09E-03,1.23E+00,5.73E+00,5.32E+01,4.71E+02,3.32E+05,2.04E+06,1.77E+05,1.09E+06,1.08E+00,0.00E+00,8.13E-01,1.00E+02,2.82E+07,1.73E+08,1.04E+00,1.29E+01,0.00E+00,0.00E+00,3.33E+01,5.43E+01,0.00E+00,5.64E+01,1.13E+00,0.00E+00,2.94E+07,1.80E+08,3.60E+05,2.21E+06,5.75E+01,1.07E+00,5.47E+01,0.00E+00,1.41E-01,0.00E+00,4.34E-02,0.00E+00,2.96E-02,0.00E+00,9.09E-03
816299600000,3.83E-01,2.61E+00,6.66E+08,1.93E+01,8.05E+08,2.06E+09,1.26E+09,9.35E+01,3.58E-01,4.67E-02,6.51E-01,2.49E-03,3.26E-04,2.60E-05,1.00E+00,1.00E+02,1.00E+00,1.66E+01,4.33E+01,1.66E+01,4.33E+01,2.00E+00,0.00E+00,5.54E-01,1.00E+02,5.58E+07,1.46E+08,1.05E+00,1.13E+01,0.00E+00,0.00E+00,4.32E+01,4.80E+01,0.00E+00,6.19E+01,3.90E-05,0.00E+00,5.86E+07,1.53E+08,3.32E+01,8.66E+01,6.19E+01,5.62E-01,5.81E+01,0.00E+00,3.58E-01,0.00E+00,4.67E-02,0.00E+00,2.49E-03,0.00E+00,3.26E-04
816299650000,3.83E-01,2.61E+00,6.66E+08,1.13E-02,1.22E+07,1.29E+07,6.75E+05,0.00E+00,0.00E+00,0.00E+00,0.00E+00,0.00E+00,0.00E+00,,,,,,,,,,,,,,,,,,,,,,,,,,,,,,,,0.00E+00,0.00E+00,0.00E+00,0.00E+00,0.00E+00,0.00E+00,0.00E+00,0.00E+00
816299700000,3.83E-01,2.61E+00,,,,,,0.00E+00,0.00E+00,0.00E+00,0.00E+00,0.00E+00,0.00E+00,,,,,,,,,,,,,,,,,,,,,,,,,,,,,,,,0.00E+00,0.00E+00,0.00E+00,0.00E+00,0.00E+00,0.00E+00,0.00E+00,0.00E+00
816299750000,3.83E-01,2.61E+00,,,,,,0.00E+00,0.00E+00,0.00E+00,0.00E+00,0.00E+00,0.00E+00,,,,,,,,,,,,,,,,,,,,,,,,,,,,,,,,0.00E+00,0.00E+00,0.00E+00,0.00E+00,0.00E+00,0.00E+00,0.00E+00,0.00E+00
816299800000,3.83E-01,2.61E+00,,,,,,0.00E+00,0.00E+00,0.00E+00,0.00E+00,0.00E+00,0.00E+00,,,,,,,,,,,,,,,,,,,,,,,,,,,,,,,,0.00E+00,0.00E+00,0.00E+00,0.00E+00,0.00E+00,0.00E+00,0.00E+00,0.00E+00
816299850000,3.83E-01,2.61E+00,,,,,,0.00E+00,0.00E+00,0.00E+00,0.00E+00,0.00E+00,0.00E+00,,,,,,,,,,,,,,,,,,,,,,,,,,,,,,,,0.00E+00,0.00E+00,0.00E+00,0.00E+00,0.00E+00,0.00E+00,0.00E+00,0.00E+00
816299900000,2.71E-01,3.68E+00,6.66E+08,4.26E+00,2.42E+08,5.72E+08,3.30E+08,0.00E+00,0.00E+00,0.00E+00,2.02E+00,5.47E-03,1.01E-03,7.78E-03,3.63E+02,1.00E+02,1.50E+00,2.12E+02,1.63E+04,2.12E+02,1.63E+04,2.00E+00,,0.00E+00,,0.00E+00,0.00E+00,,0.00E+00,0.00E+00,0.00E+00,,6.13E+01,0.00E+00,0.00E+00,1.49E-02,0.00E+00,0.00E+00,0.00E+00,4.23E+02,3.26E+04,1.49E-02,0.00E+00,2.06E+01,0.00E+00,0.00E+00,0.00E+00,0.00E+00,0.00E+00,5.47E-03,0.00E+00,1.01E-03
816299950000,5.02E-02,1.99E+01,6.66E+08,1.81E+01,6.66E+08,1.97E+09,1.30E+09,7.26E+01,3.65E-02,3.63E-02,1.68E+01,8.41E-03,8.38E-03,1.31E+00,5.73E+00,5.32E+01,4.66E+02,1.03E+05,2.22E+06,5.46E+04,1.18E+06,1.08E+00,0.00E+00,5.29E-01,1.00E+02,6.46E+06,1.40E+08,9.98E-01,6.99E+00,0.00E+00,0.00E+00,4.31E+01,5.43E+01,0.00E+00,5.53E+01,1.20E+00,0.00E+00,6.45E+06,1.39E+08,1.11E+05,2.40E+06,5.65E+01,6.30E-01,4.95E+01,0.00E+00,3.65E-02,0.00E+00,3.63E-02,0.00E+00,8.41E-03,0.00E+00,8.38E-03
816300000000,5.91E-02,1.69E+01,6.66E+08,2.55E+01,1.02E+09,2.72E+09,1.69E+09,9.02E+01,5.33E-02,4.51E-02,2.75E+01,1.63E-02,1.38E-02,1.65E+00,4.20E+00,5.81E+01,5.30E+02,1.62E+05,2.74E+06,9.43E+04,1.60E+06,1.19E+00,0.00E+00,8.34E-01,1.00E+02,1.05E+07,1.78E+08,1.07E+00,1.52E+01,0.00E+00,0.00E+00,3.20E+01,4.80E+01,0.00E+00,5.71E+01,1.47E+00,0.00E+00,1.12E+07,1.90E+08,1.93E+05,3.27E+06,5.85E+01,1.45E+00,5.72E+01,0.00E+00,5.33E-02,0.00E+00,4.51E-02,0.00E+00,1.63E-02,0.00E+00,1.38E-02
816300050000,5.99E-02,1.67E+01,6.66E+08,2.35E+01,9.07E+08,2.51E+09,1.60E+09,9.04E+01,5.41E-02,4.52E-02,2.11E+01,1.27E-02,1.06E-02,1.19E+00,5.68E+00,5.40E+01,4.42E+02,1.19E+05,1.98E+06,6.40E+04,1.07E+06,1.10E+00,0.00E+00,7.98E-01,1.00E+02,1.01E+07,1.68E+08,1.04E+00,1.28E+01,0.00E+00,0.00E+00,3.25E+01,5.71E+01,0.00E+00,5.35E+01,1.16E+00,0.00E+00,1.05E+07,1.75E+08,1.30E+05,2.17E+06,5.47E+01,2.15E+00,5.55E+01,0.00E+00,5.41E-02,0.00E+00,4.52E-02,0.00E+00,1.27E-02,0.00E+00,1.06E-02
816300100000,6.44E-02,1.55E+01,6.66E+08,2.34E+01,8.92E+08,2.50E+09,1.61E+09,9.10E+01,5.86E-02,4.55E-02,1.58E+01,1.02E-02,7.91E-03,1.16E+00,5.74E+00,5.41E+01,5.37E+02,1.25E+05,1.94E+06,6.75E+04,1.05E+06,1.09E+00,0.00E+00,8.04E-01,1.00E+02,1.10E+07,1.70E+08,1.04E+00,1.26E+01,0.00E+00,0.00E+00,3.29E+01,5.51E+01,0.00E+00,5.50E+01,1.09E+00,0.00E+00,1.15E+07,1.78E+08,1.36E+05,2.11E+06,5.61E+01,2.12E+00,5.61E+01,0.00E+00,5.86E-02,0.00E+00,4.55E-02,0.00E+00,1.02E-02,0.00E+00,7.91E-03
816300150000,6.78E-02,1.47E+01,6.66E+08,1.76E+01,7.32E+08,1.88E+09,1.14E+09,8.60E+01,5.83E-02,4.30E-02,1.28E+01,8.70E-03,6.41E-03,1.51E-01,4.81E+00,7.91E+01,8.95E+01,1.70E+04,2.51E+05,1.35E+04,1.99E+05,1.52E+00,0.00E+00,4.31E-01,1.00E+02,8.76E+06,1.29E+08,1.03E+00,8.89E+00,0.00E+00,0.00E+00,4.96E+01,4.77E+01,0.00E+00,6.19E+01,1.71E-01,0.00E+00,9.03E+06,1.33E+08,2.60E+04,3.83E+05,6.21E+01,2.30E+00,5.54E+01,0.00E+00,5.83E-02,0.00E+00,4.30E-02,0.00E+00,8.70E-03,0.00E+00,6.41E-03
816300200000,7.02E-02,1.42E+01,6.66E+08,2.19E+01,8.35E+08,2.34E+09,1.50E+09,9.25E+01,6.49E-02,4.62E-02,1.74E+01,1.22E-02,8.71E-03,1.25E+00,5.38E+00,5.08E+01,5.31E+02,1.46E+05,2.08E+06,7.42E+04,1.06E+06,1.10E+00,0.00E+00,6.78E-01,1.00E+02,1.17E+07,1.66E+08,1.06E+00,1.32E+01,0.00E+00,0.00E+00,3.76E+01,5.72E+01,0.00E+00,6.20E+01,1.23E+00,0.00E+00,1.23E+07,1.76E+08,1.60E+05,2.29E+06,6.32E+01,9.45E-01,5.38E+01,0.00E+00,6.49E-02,0.00E+00,4.62E-02,0.00E+00,1.22E-02,0.00E+00,8.71E-03
816300250000,6.57E-02,1.52E+01,6.66E+08,2.46E+01,9.74E+08,2.64E+09,1.67E+09,7.65E+01,5.03E-02,3.83E-02,2.30E+01,1.51E-02,1.15E-02,1.52E+00,5.29E+00,5.18E+01,4.03E+02,1.58E+05,2.55E+06,8.20E+04,1.32E+06,1.15E+00,0.00E+00,8.39E-01,1.00E+02,1.07E+07,1.73E+08,1.09E+00,1.63E+01,0.00E+00,0.00E+00,2.95E+01,5.37E+01,0.00E+00,5.17E+01,1.46E+00,0.00E+00,1.17E+07,1.88E+08,1.82E+05,2.93E+06,5.32E+01,7.20E-01,5.88E+01,0.00E+00,5.03E-02,0.00E+00,3.83E-02,0.00E+00,1.51E-02,0.00E+00,1.15E-02
816300300000,6.33E-02,1.58E+01,6.66E+08,2.45E+01,9.52E+08,2.62E+09,1.67E+09,8.27E+01,5.23E-02,4.14E-02,2.18E+01,1.38E-02,1.09E-02,1.44E+00,5.83E+00,4.68E+01,4.23E+02,1.48E+05,2.41E+06,6.93E+04,1.13E+06,1.10E+00,0.00E+00,8.34E-01,1.00E+02,1.09E+07,1.76E+08,1.08E+00,1.68E+01,0.00E+00,0.00E+00,3.09E+01,5.64E+01,0.00E+00,5.51E+01,1.41E+00,0.00E+00,1.17E+07,1.91E+08,1.64E+05,2.66E+06,5.65E+01,8.00E-01,5.92E+01,0.00E+00,5.23E-02,0.00E+00,4.14E-02,0.00E+00,1.38E-02,0.00E+00,1.09E-02
816300350000,5.97E-02,1.67E+01,6.66E+08,1.78E+01,7.33E+08,1.90E+09,1.16E+09,9.13E+01,5.46E-02,4.57E-02,1.62E+01,9.66E-03,8.08E-03,6.37E-01,6.58E+00,4.59E+01,6.03E+02,6.34E+04,1.06E+06,2.91E+04,4.88E+05,1.03E+00,0.00E+00,3.86E-01,1.00E+02,7.69E+06,1.29E+08,1.01E+00,7.54E+00,0.00E+00,0.00E+00,5.39E+01,4.42E+01,0.00E+00,6.54E+01,4.55E-01,0.00E+00,7.73E+06,1.29E+08,6.55E+04,1.10E+06,6.58E+01,1.55E+00,5.39E+01,0.00E+00,5.46E-02,0.00E+00,4.57E-02,0.00E+00,9.66E-03,0.00E+00,8.08E-03
816300400000,5.88E-02,1.70E+01,6.66E+08,2.21E+01,8.44E+08,2.35E+09,1.51E+09,8.54E+01,5.02E-02,4.27E-02,1.52E+01,8.96E-03,7.62E-03,1.34E+00,5.93E+00,4.58E+01,4.40E+02,1.31E+05,2.23E+06,6.01E+04,1.02E+06,1.10E+00,0.00E+00,6.87E-01,1.00E+02,9.40E+06,1.60E+08,1.05E+00,1.14E+01,0.00E+00,0.00E+00,3.63E+01,5.74E+01,0.00E+00,5.71E+01,1.32E+00,0.00E+00,9.86E+06,1.68E+08,1.45E+05,2.46E+06,5.84E+01,2.15E+00,5.39E+01,0.00E+00,5.02E-02,0.00E+00,4.27E-02,0.00E+00,8.96E-03,0.00E+00,7.62E-03
816300450000,6.58E-02,1.52E+01,6.66E+08,2.23E+01,8.41E+08,2.38E+09,1.54E+09,8.55E+01,5.63E-02,4.28E-02,1.04E+01,6.81E-03,5.18E-03,7.04E-01,5.38E+00,4.56E+01,3.17E+02,7.71E+04,1.17E+06,3.52E+04,5.35E+05,1.16E+00,0.00E+00,7.96E-01,1.00E+02,1.12E+07,1.71E+08,1.05E+00,1.27E+01,0.00E+00,0.00E+00,3.30E+01,6.80E+01,0.00E+00,5.55E+01,8.69E-01,0.00E+00,1.18E+07,1.79E+08,8.96E+04,1.36E+06,5.64E+01,1.64E+00,5.44E+01,0.00E+00,5.63E-02,0.00E+00,4.28E-02,0.00E+00,6.81E-03,0.00E+00,5.18E-03
816300500000,6.57E-02,1.52E+01,6.66E+08,2.38E+01,9.15E+08,2.54E+09,1.62E+09,8.99E+01,5.91E-02,4.49E-02,2.24E+01,1.47E-02,1.12E-02,1.31E+00,5.93E+00,4.65E+01,4.34E+02,1.44E+05,2.19E+06,6.68E+04,1.02E+06,1.10E+00,0.00E+00,7.95E-01,1.00E+02,1.12E+07,1.71E+08,1.05E+00,1.25E+01,0.00E+00,0.00E+00,3.30E+01,5.77E+01,0.00E+00,5.54E+01,1.30E+00,0.00E+00,1.18E+07,1.79E+08,1.58E+05,2.41E+06,5.68E+01,1.90E+00,5.50E+01,0.00E+00,5.91E-02,0.00E+00,4.49E-02,0.00E+00,1.47E-02,0.00E+00,1.12E-02
816300550000,6.17E-02,1.62E+01,6.66E+08,2.24E+01,8.63E+08,2.39E+09,1.52E+09,9.15E+01,5.65E-02,4.57E-02,1.22E+01,7.53E-03,6.10E-03,6.09E-01,6.54E+00,4.74E+01,7.58E+02,6.27E+04,1.02E+06,2.97E+04,4.81E+05,1.03E+00,0.00E+00,7.12E-01,1.00E+02,1.04E+07,1.68E+08,1.05E+00,1.23E+01,0.00E+00,0.00E+00,3.68E+01,4.42E+01,0.00E+00,6.09E+01,4.35E-01,0.00E+00,1.09E+07,1.77E+08,6.47E+04,1.05E+06,6.13E+01,1.63E+00,5.60E+01,0.00E+00,5.65E-02,0.00E+00,4.57E-02,0.00E+00,7.53E-03,0.00E+00,6.10E-03
816300600000,6.00E-02,1.67E+01,6.66E+08,1.77E+01,7.13E+08,1.89E+09,1.17E+09,8.91E+01,5.35E-02,4.46E-02,1.42E+01,8.53E-03,7.12E-03,1.31E+00,5.93E+00,4.65E+01,4.34E+02,1.31E+05,2.19E+06,6.10E+04,1.02E+06,1.10E+00,0.00E+00,3.70E-01,1.00E+02,7.51E+06,1.25E+08,9.98E-01,6.19E+00,0.00E+00,0.00E+00,5.48E+01,5.77E+01,0.00E+00,6.41E+01,1.30E+00,0.00E+00,7.49E+06,1.25E+08,1.45E+05,2.41E+06,6.55E+01,1.07E+00,5.05E+01,0.00E+00,5.35E-02,0.00E+00,4.46E-02,0.00E+00,8.53E-03,0.00E+00,7.12E-03
816300650000,6.15E-02,1.63E+01,6.66E+08,2.36E+01,9.02E+08,2.52E+09,1.62E+09,8.57E+01,5.27E-02,4.28E-02,1.95E+01,1.20E-02,9.77E-03,1.12E+00,5.97E+00,4.82E+01,3.92E+02,1.15E+05,1.86E+06,5.52E+04,8.97E+05,1.11E+00,0.00E+00,7.98E-01,1.00E+02,1.06E+07,1.72E+08,1.05E+00,1.28E+01,0.00E+00,0.00E+00,3.32E+01,5.94E+01,0.00E+00,5.60E+01,1.16E+00,0.00E+00,1.11E+07,1.80E+08,1.28E+05,2.08E+06,5.72E+01,1.47E+00,5.49E+01,0.00E+00,5.27E-02,0.00E+00,4.28E-02,0.00E+00,1.20E-02,0.00E+00,9.77E-03
816300700000,6.55E-02,1.53E+01,6.66E+08,2.27E+01,8.64E+08,2.42E+09,1.56E+09,8.96E+01,5.87E-02,4.48E-02,1.29E+01,8.45E-03,6.45E-03,8.94E-01,5.43E+00,4.40E+01,4.06E+02,9.76E+04,1.49E+06,4.29E+04,6.55E+05,1.13E+00,0.00E+00,7.98E-01,1.00E+02,1.13E+07,1.72E+08,1.05E+00,1.27E+01,0.00E+00,0.00E+00,3.32E+01,6.31E+01,0.00E+00,5.61E+01,9.94E-01,0.00E+00,1.18E+07,1.80E+08,1.10E+05,1.68E+06,5.71E+01,1.48E+00,5.44E+01,0.00E+00,5.87E-02,0.00E+00,4.48E-02,0.00E+00,8.45E-03,0.00E+00,6.45E-03
816300750000,6.83E-02,1.46E+01,6.66E+08,2.36E+01,9.08E+08,2.52E+09,1.61E+09,8.97E+01,6.13E-02,4.48E-02,2.30E+01,1.57E-02,1.15E-02,1.31E+00,5.93E+00,4.66E+01,4.47E+02,1.49E+05,2.18E+06,6.95E+04,1.02E+06,1.10E+00,0.00E+00,7.92E-01,1.00E+02,1.16E+07,1.69E+08,1.05E+00,1.28E+01,0.00E+00,0.00E+00,3.28E+01,5.74E+01,0.00E+00,5.46E+01,1.29E+00,0.00E+00,1.21E+07,1.77E+08,1.64E+05,2.40E+06,5.59E+01,2.00E+00,5.51E+01,0.00E+00,6.13E-02,0.00E+00,4.48E-02,0.00E+00,1.57E-02,0.00E+00,1.15E-02
816300800000,6.64E-02,1.51E+01,6.66E+08,2.02E+01,8.41E+08,2.15E+09,1.31E+09,9.56E+01,6.34E-02,4.78E-02,1.27E+01,8.46E-03,6.37E-03,6.09E-01,6.54E+00,4.74E+01,7.58E+02,6.74E+04,1.02E+06,3.19E+04,4.81E+05,1.03E+00,0.00E+00,5.40E-01,1.00E+02,9.41E+06,1.42E+08,1.06E+00,1.13E+01,0.00E+00,0.00E+00,4.27E+01,4.42E+01,0.00E+00,6.03E+01,4.35E-01,0.00E+00,9.98E+06,1.50E+08,6.96E+04,1.05E+06,6.07E+01,2.08E+00,5.90E+01,0.00E+00,6.34E-02,0.00E+00,4.78E-02,0.00E+00,8.46E-03,0.00E+00,6.37E-03
816300850000,6.38E-02,1.57E+01,6.66E+08,1.85E+01,6.73E+08,1.98E+09,1.30E+09,8.93E+01,5.70E-02,4.46E-02,1.64E+01,1.05E-02,8.19E-03,8.10E-01,6.24E+00,4.44E+01,2.97E+02,8.61E+04,1.35E+06,3.83E+04,6.00E+05,1.15E+00,0.00E+00,5.33E-01,1.00E+02,9.42E+06,1.48E+08,9.98E-01,7.50E+00,0.00E+00,0.00E+00,4.53E+01,6.46E+01,0.00E+00,6.26E+01,9.37E-01,0.00E+00,9.40E+06,1.47E+08,9.87E+04,1.55E+06,6.35E+01,1.40E+00,4.79E+01,0.00E+00,5.70E-02,0.00E+00,4.46E-02,0.00E+00,1.05E-02,0.00E+00,8.19E-03
816300900000,6.13E-02,1.63E+01,6.66E+08,2.32E+01,8.85E+08,2.48E+09,1.59E+09,8.98E+01,5.51E-02,4.49E-02,1.64E+01,1.01E-02,8.22E-03,1.20E+00,5.49E+00,4.76E+01,5.00E+02,1.23E+05,2.00E+06,5.84E+04,9.53E+05,1.10E+00,0.00E+00,7.96E-01,1.00E+02,1.05E+07,1.71E+08,1.05E+00,1.29E+01,0.00E+00,0.00E+00,3.31E+01,5.85E+01,0.00E+00,5.57E+01,1.21E+00,0.00E+00,1.10E+07,1.79E+08,1.36E+05,2.21E+06,5.69E+01,1.46E+00,5.50E+01,0.00E+00,5.51E-02,0.00E+00,4.49E-02,0.00E+00,1.01E-02,0.00E+00,8.22E-03
816300950000,5.94E-02,1.68E+01,6.66E+08,2.33E+01,8.96E+08,2.49E+09,1.59E+09,8.95E+01,5.32E-02,4.48E-02,2.26E+01,1.34E-02,1.13E-02,1.31E+00,5.87E+00,4.67E+01,4.75E+02,1.29E+05,2.18E+06,6.04E+04,1.02E+06,1.10E+00,0.00E+00,7.87E-01,1.00E+02,9.93E+06,1.67E+08,1.05E+00,1.29E+01,0.00E+00,0.00E+00,3.25E+01,5.68E+01,0.00E+00,5.35E+01,1.27E+00,0.00E+00,1.04E+07,1.76E+08,1.42E+05,2.39E+06,5.48E+01,2.14E+00,5.61E+01,0.00E+00,5.32E-02,0.00E+00,4.48E-02,0.00E+00,1.34E-02,0.00E+00,1.13E-02
816301000000,6.20E-02,1.61E+01,6.66E+08,2.34E+01,8.94E+08,2.49E+09,1.60E+09,8.56E+01,5.31E-02,4.28E-02,2.08E+01,1.29E-02,1.04E-02,1.31E+00,5.93E+00,4.67E+01,4.86E+02,1.35E+05,2.18E+06,6.30E+04,1.02E+06,1.10E+00,0.00E+00,7.90E-01,1.00E+02,1.04E+07,1.69E+08,1.05E+00,1.26E+01,0.00E+00,0.00E+00,3.27E+01,5.68E+01,0.00E+00,5.42E+01,1.27E+00,0.00E+00,1.10E+07,1.77E+08,1.48E+05,2.39E+06,5.55E+01,2.18E+00,5.59E+01,0.00E+00,5.31E-02,0.00E+00,4.28E-02,0.00E+00,1.29E-02,0.00E+00,1.04E-02
816301050000,6.49E-02,1.54E+01,6.66E+08,1.76E+01,7.29E+08,1.88E+09,1.15E+09,9.52E+01,6.18E-02,4.76E-02,1.52E+01,9.84E-03,7.58E-03,6.09E-01,6.54E+00,4.74E+01,6.49E+02,6.59E+04,1.02E+06,3.13E+04,4.82E+05,1.03E+00,0.00E+00,3.88E-01,1.00E+02,8.26E+06,1.27E+08,1.01E+00,7.46E+00,0.00E+00,0.00E+00,5.32E+01,4.42E+01,0.00E+00,6.42E+01,4.35E-01,0.00E+00,8.36E+06,1.29E+08,6.81E+04,1.05E+06,6.47E+01,2.13E+00,5.48E+01,0.00E+00,6.18E-02,0.00E+00,4.76E-02,0.00E+00,9.84E-03,0.00E+00,7.58E-03
816301100000,6.80E-02,1.47E+01,6.66E+08,2.11E+01,7.89E+08,2.25E+09,1.46E+09,8.49E+01,5.78E-02,4.25E-02,1.68E+01,1.14E-02,8.41E-03,8.24E-01,6.14E+00,4.54E+01,3.15E+02,9.34E+04,1.37E+06,4.25E+04,6.24E+05,1.14E+00,0.00E+00,6.80E-01,1.00E+02,1.09E+07,1.60E+08,1.04E+00,1.11E+01,0.00E+00,0.00E+00,3.67E+01,6.33E+01,0.00E+00,5.74E+01,9.29E-01,0.00E+00,1.14E+07,1.67E+08,1.06E+05,1.56E+06,5.83E+01,2.00E+00,5.27E+01,0.00E+00,5.78E-02,0.00E+00,4.25E-02,0.00E+00,1.14E-02,0.00E+00,8.41E-03
816301150000,7.23E-02,1.38E+01,6.66E+08,2.30E+01,8.74E+08,2.45E+09,1.57E+09,8.99E+01,6.50E-02,4.49E-02,1.55E+01,1.12E-02,7.75E-03,1.18E+00,5.47E+00,4.73E+01,5.30E+02,1.42E+05,1.96E+06,6.71E+04,9.28E+05,1.10E+00,0.00E+00,7.93E-01,1.00E+02,1.23E+07,1.70E+08,1.05E+00,1.30E+01,0.00E+00,0.00E+00,3.29E+01,5.81E+01,0.00E+00,5.48E+01,1.18E+00,0.00E+00,1.29E+07,1.78E+08,1.56E+05,2.16E+06,5.60E+01,1.79E+00,5.54E+01,0.00E+00,6.50E-02,0.00E+00,4.49E-02,0.00E+00,1.12E-02,0.00E+00,7.75E-03
816301200000,1.93E-01,5.18E+00,6.66E+08,2.29E+01,8.90E+08,2.45E+09,1.56E+09,8.21E+01,1.58E-01,4.10E-02,2.58E+01,4.98E-02,1.29E-02,1.31E+00,5.93E+00,4.67E+01,4.63E+02,4.20E+05,2.19E+06,1.96E+05,1.02E+06,1.10E+00,0.00E+00,7.76E-01,1.00E+02,3.13E+07,1.63E+08,1.05E+00,1.40E+01,0.00E+00,0.00E+00,3.16E+01,5.68E+01,0.00E+00,5.06E+01,1.27E+00,0.00E+00,3.29E+07,1.71E+08,4.61E+05,2.40E+06,5.19E+01,1.81E+00,5.79E+01,0.00E+00,1.58E-01,0.00E+00,4.10E-02,0.00E+00,4.98E-02,0.00E+00,1.29E-02
816301250000,3.08E-01,3.24E+00,6.66E+08,1.86E+01,7.76E+08,2.02E+09,1.25E+09,9.12E+01,2.81E-01,4.56E-02,0.00E+00,0.00E+00,0.00E+00,0.00E+00,,,,0.00E+00,0.00E+00,0.00E+00,0.00E+00,,0.00E+00,5.41E-01,1.00E+02,4.38E+07,1.44E+08,1.06E+00,1.15E+01,0.00E+00,0.00E+00,4.28E+01,,0.00E+00,6.04E+01,0.00E+00,0.00E+00,4.64E+07,1.53E+08,0.00E+00,0.00E+00,6.04E+01,6.49E-01,5.96E+01,0.00E+00,2.81E-01,0.00E+00,4.56E-02,0.00E+00,0.00E+00,0.00E+00,0.00E+00
816301300000,3.08E-01,3.24E+00,6.66E+08,,,,,0.00E+00,0.00E+00,0.00E+00,0.00E+00,0.00E+00,0.00E+00,,,,,,,,,,,,,,,,,,,,,,,,,,,,,,,,0.00E+00,0.00E+00,0.00E+00,0.00E+00,0.00E+00,0.00E+00,0.00E+00,0.00E+00
816301350000,3.08E-01,3.24E+00,,,,,,0.00E+00,0.00E+00,0.00E+00,0.00E+00,0.00E+00,0.00E+00,,,,,,,,,,,,,,,,,,,,,,,,,,,,,,,,0.00E+00,0.00E+00,0.00E+00,0.00E+00,0.00E+00,0.00E+00,0.00E+00,0.00E+00
816301400000,3.08E-01,3.24E+00,,,,,,0.00E+00,0.00E+00,0.00E+00,0.00E+00,0.00E+00,0.00E+00,,,,,,,,,,,,,,,,,,,,,,,,,,,,,,,,0.00E+00,0.00E+00,0.00E+00,0.00E+00,0.00E+00,0.00E+00,0.00E+00,0.00E+00
816301450000,3.08E-01,3.24E+00,,,,,,0.00E+00,0.00E+00,0.00E+00,0.00E+00,0.00E+00,0.00E+00,,,,,,,,,,,,,,,,,,,,,,,,,,,,,,,,0.00E+00,0.00E+00,0.00E+00,0.00E+00,0.00E+00,0.00E+00,0.00E+00,0.00E+00
816301500000,6.58E-02,1.52E+01,6.66E+08,1.78E+01,6.63E+08,2.06E+09,1.40E+09,2.98E+01,1.96E-02,1.49E-02,1.69E+01,1.11E-02,8.43E-03,2.23E+00,5.93E+00,4.67E+01,4.63E+02,1.43E+05,4.03E+06,6.69E+04,1.89E+06,1.10E+00,4.45E+00,6.13E-01,1.00E+02,4.84E+06,1.36E+08,9.96E-01,6.45E+00,0.00E+00,0.00E+00,2.99E+01,5.68E+01,0.00E+00,3.51E+01,2.17E+00,0.00E+00,4.82E+06,1.36E+08,1.57E+05,4.43E+06,3.72E+01,3.14E-01,4.99E+01,0.00E+00,1.96E-02,0.00E+00,1.49E-02,0.00E+00,1.11E-02,0.00E+00,8.43E-03
816301550000,5.99E-02,1.67E+01,6.66E+08,2.39E+01,9.09E+08,2.54E+09,1.63E+09,9.00E+01,5.39E-02,4.50E-02,1.76E+01,1.05E-02,8.80E-03,1.31E+00,5.88E+00,4.85E+01,5.06E+02,1.30E+05,2.18E+06,6.32E+04,1.06E+06,1.10E+00,0.00E+00,8.05E-01,1.00E+02,1.03E+07,1.73E+08,1.05E+00,1.31E+01,0.00E+00,0.00E+00,3.34E+01,5.68E+01,0.00E+00,5.67E+01,1.27E+00,0.00E+00,1.08E+07,1.81E+08,1.43E+05,2.39E+06,5.79E+01,8.98E-01,5.44E+01,0.00E+00,5.39E-02,0.00E+00,4.50E-02,0.00E+00,1.05E-02,0.00E+00,8.80E-03
816301600000,6.67E-02,1.50E+01,6.66E+08,1.81E+01,7.35E+08,1.93E+09,1.20E+09,9.15E+01,6.11E-02,4.58E-02,1.39E+01,9.27E-03,6.95E-03,4.80E-01,2.53E+00,8.76E+01,2.08E+02,5.34E+04,8.00E+05,4.68E+04,7.01E+05,1.44E+00,0.00E+00,4.09E-01,1.00E+02,8.85E+06,1.33E+08,1.02E+00,8.04E+00,0.00E+00,0.00E+00,5.27E+01,3.53E+01,0.00E+00,6.68E+01,3.82E-01,0.00E+00,9.02E+06,1.35E+08,7.71E+04,1.16E+06,6.72E+01,9.04E-01,5.33E+01,0.00E+00,6.11E-02,0.00E+00,4.58E-02,0.00E+00,9.27E-03,0.00E+00,6.95E-03
816301650000,6.51E-02,1.54E+01,6.66E+08,2.35E+01,9.49E+08,2.51E+09,1.56E+09,9.04E+01,5.88E-02,4.52E-02,2.53E+01,1.65E-02,1.27E-02,1.26E+00,5.79E+00,4.72E+01,4.56E+02,1.37E+05,2.10E+06,6.46E+04,9.92E+05,1.11E+00,0.00E+00,7.42E-01,1.00E+02,1.10E+07,1.69E+08,1.12E+00,1.63E+01,0.00E+00,0.00E+00,3.53E+01,5.88E+01,0.00E+00,6.25E+01,1.28E+00,0.00E+00,1.23E+07,1.89E+08,1.52E+05,2.33E+06,6.38E+01,1.08E+00,5.37E+01,0.00E+00,5.88E-02,0.00E+00,4.52E-02,0.00E+00,1.65E-02,0.00E+00,1.27E-02
816301700000,5.89E-02,1.70E+01,6.66E+08,2.34E+01,8.89E+08,2.50E+09,1.61E+09,8.63E+01,5.08E-02,4.31E-02,1.87E+01,1.10E-02,9.36E-03,1.26E+00,5.62E+00,4.98E+01,4.70E+02,1.24E+05,2.10E+06,6.16E+04,1.05E+06,1.11E+00,0.00E+00,8.03E-01,1.00E+02,1.00E+07,1.70E+08,1.07E+00,1.28E+01,0.00E+00,0.00E+00,3.30E+01,5.88E+01,0.00E+00,5.62E+01,1.28E+00,0.00E+00,1.07E+07,1.81E+08,1.37E+05,2.33E+06,5.74E+01,1.38E+00,5.51E+01,0.00E+00,5.08E-02,0.00E+00,4.31E-02,0.00E+00,1.10E-02,0.00E+00,9.36E-03
816301750000,6.13E-02,1.63E+01,6.66E+08,2.55E+01,1.02E+09,2.72E+09,1.70E+09,8.69E+01,5.33E-02,4.34E-02,3.16E+01,1.94E-02,1.58E-02,1.46E+00,5.20E+00,5.31E+01,3.77E+02,1.49E+05,2.44E+06,7.93E+04,1.29E+06,1.14E+00,0.00E+00,8.35E-01,1.00E+02,1.09E+07,1.78E+08,1.09E+00,1.78E+01,0.00E+00,0.00E+00,3.21E+01,5.60E+01,0.00E+00,5.88E+01,1.46E+00,0.00E+00,1.20E+07,1.95E+08,1.70E+05,2.78E+06,6.03E+01,6.83E-01,5.63E+01,0.00E+00,5.33E-02,0.00E+00,4.34E-02,0.00E+00,1.94E-02,0.00E+00,1.58E-02
816301800000,7.09E-02,1.41E+01,6.66E+08,2.41E+01,9.81E+08,2.57E+09,1.59E+09,9.58E+01,6.79E-02,4.79E-02,2.17E+01,1.54E-02,1.09E-02,1.27E+00,5.49E+00,5.59E+01,8.47E+02,1.50E+05,2.12E+06,8.40E+04,1.18E+06,1.07E+00,0.00E+00,7.11E-01,1.00E+02,1.19E+07,1.68E+08,1.07E+00,1.41E+01,0.00E+00,0.00E+00,3.56E+01,4.27E+01,0.00E+00,6.02E+01,9.09E-01,0.00E+00,1.28E+07,1.80E+08,1.61E+05,2.27E+06,6.12E+01,6.64E-01,5.71E+01,0.00E+00,6.79E-02,0.00E+00,4.79E-02,0.00E+00,1.54E-02,0.00E+00,1.09E-02
816301850000,5.27E-02,1.90E+01,6.66E+08,1.70E+01,6.75E+08,1.81E+09,1.14E+09,9.41E+01,4.96E-02,4.71E-02,8.26E+00,4.36E-03,4.13E-03,1.36E-01,8.46E+00,4.33E+01,5.32E+01,1.20E+04,2.27E+05,5.18E+03,9.82E+04,1.80E+00,0.00E+00,4.41E-01,1.00E+02,7.06E+06,1.34E+08,1.03E+00,1.01E+01,0.00E+00,0.00E+00,5.22E+01,1.29E+02,0.00E+00,6.76E+01,4.94E-01,0.00E+00,7.29E+06,1.38E+08,2.16E+04,4.09E+05,6.81E+01,9.72E-01,5.02E+01,0.00E+00,7.35E-02,0.00E+00,4.71E-02,0.00E+00,6.45E-03,0.00E+00,4.13E-03
816301900000,2.44E-02,4.09E+01,6.66E+08,2.34E+01,1.01E+09,2.64E+09,1.63E+09,6.52E+01,1.59E-02,3.26E-02,2.33E+01,5.69E-03,1.16E-02,1.92E+00,4.06E+00,5.69E+01,3.68E+02,7.12E+04,3.38E+06,4.05E+04,1.92E+06,1.22E+00,0.00E+00,8.54E-01,1.00E+02,3.47E+06,1.65E+08,1.19E+00,2.14E+01,0.00E+00,0.00E+00,2.38E+01,5.01E+01,0.00E+00,4.13E+01,1.84E+00,0.00E+00,4.12E+06,1.96E+08,8.72E+04,4.14E+06,4.31E+01,5.44E-01,6.58E+01,1.75E-04,5.72E-02,1.75E-04,3.24E-02,1.96E-04,2.02E-02,1.96E-04,1.14E-02
816301950000,5.87E-02,1.70E+01,6.66E+08,1.96E+01,8.25E+08,2.10E+09,1.27E+09,6.81E+01,4.00E-02,3.41E-02,1.29E+01,7.60E-03,6.47E-03,7.77E-01,4.63E+00,6.11E+01,5.98E+02,7.43E+04,1.30E+06,4.54E+04,7.92E+05,1.27E+00,0.00E+00,5.39E-01,1.00E+02,7.66E+06,1.34E+08,1.10E+00,1.12E+01,0.00E+00,0.00E+00,4.07E+01,3.57E+01,0.00E+00,5.62E+01,5.48E-01,0.00E+00,8.45E+06,1.47E+08,9.40E+04,1.64E+06,5.67E+01,1.32E+00,5.91E+01,,5.33E-02,,3.41E-02,,1.01E-02,,6.47E-03
816302000000,6.37E-02,1.57E+01,6.66E+08,1.76E+01,6.82E+08,1.98E+09,1.30E+09,7.60E+01,4.84E-02,3.80E-02,1.35E+01,8.59E-03,6.75E-03,7.15E-01,5.59E+00,5.07E+01,2.39E+02,7.13E+04,1.25E+06,3.62E+04,6.36E+05,1.20E+00,0.00E+00,5.51E-01,1.00E+02,8.37E+06,1.47E+08,1.06E+00,1.02E+01,0.00E+00,0.00E+00,4.21E+01,7.32E+01,0.00E+00,5.85E+01,9.84E-01,0.00E+00,8.86E+06,1.56E+08,8.58E+04,1.51E+06,5.94E+01,1.77E+00,5.40E+01,,4.84E-02,,3.80E-02,,8.59E-03,,6.75E-03
816302050000,4.98E-02,2.01E+01,6.66E+08,2.42E+01,9.56E+08,2.58E+09,1.63E+09,8.58E+01,4.27E-02,4.29E-02,2.21E+01,1.10E-02,1.10E-02,1.23E+00,5.83E+00,5.15E+01,3.62E+02,1.02E+05,2.04E+06,5.23E+04,1.05E+06,1.13E+00,0.00E+00,8.00E-01,1.00E+02,8.49E+06,1.71E+08,1.08E+00,1.30E+01,0.00E+00,0.00E+00,3.32E+01,6.12E+01,0.00E+00,5.73E+01,1.32E+00,0.00E+00,9.15E+06,1.84E+08,1.14E+05,2.30E+06,5.86E+01,1.10E+00,5.53E+01,,4.27E-02,,4.29E-02,,1.10E-02,,1.10E-02
816302100000,5.86E-02,1.71E+01,6.66E+08,2.36E+01,9.36E+08,2.52E+09,1.58E+09,8.14E+01,4.77E-02,4.07E-02,1.89E+01,1.11E-02,9.47E-03,1.23E+00,5.53E+00,5.14E+01,4.05E+02,1.20E+05,2.04E+06,6.15E+04,1.05E+06,1.13E+00,0.00E+00,7.90E-01,1.00E+02,9.79E+06,1.67E+08,1.08E+00,1.25E+01,0.00E+00,0.00E+00,3.27E+01,6.12E+01,0.00E+00,5.53E+01,1.32E+00,0.00E+00,1.06E+07,1.80E+08,1.35E+05,2.30E+06,5.66E+01,1.89E+00,5.60E+01,,4.77E-02,,4.07E-02,,1.11E-02,,9.47E-03
816302150000,6.19E-02,1.62E+01,6.66E+08,2.44E+01,9.71E+08,2.61E+09,1.64E+09,8.60E+01,5.33E-02,4.30E-02,1.90E+01,1.17E-02,9.48E-03,1.23E+00,5.77E+00,5.15E+01,3.70E+02,1.26E+05,2.04E+06,6.50E+04,1.05E+06,1.13E+00,0.00E+00,8.02E-01,1.00E+02,1.07E+07,1.72E+08,1.08E+00,1.25E+01,0.00E+00,0.00E+00,3.34E+01,6.12E+01,0.00E+00,5.81E+01,1.32E+00,0.00E+00,1.15E+07,1.85E+08,1.42E+05,2.30E+06,5.94E+01,8.17E-01,5.45E+01,,5.33E-02,,4.30E-02,,1.17E-02,,9.48E-03
816302200000,5.54E-02,1.81E+01,6.66E+08,2.43E+01,9.64E+08,2.59E+09,1.63E+09,9.01E+01,4.99E-02,4.50E-02,1.80E+01,9.99E-03,9.02E-03,1.23E+00,5.77E+00,5.14E+01,3.83E+02,1.13E+05,2.04E+06,5.81E+04,1.05E+06,1.13E+00,0.00E+00,8.02E-01,1.00E+02,9.53E+06,1.72E+08,1.08E+00,1.27E+01,0.00E+00,0.00E+00,3.34E+01,6.12E+01,0.00E+00,5.82E+01,1.32E+00,0.00E+00,1.03E+07,1.85E+08,1.27E+05,2.30E+06,5.95E+01,8.28E-01,5.46E+01,,4.99E-02,,4.50E-02,,9.99E-03,,9.02E-03
816302250000,5.67E-02,1.76E+01,6.66E+08,2.12E+01,9.12E+08,2.26E+09,1.34E+09,9.57E+01,5.42E-02,4.79E-02,1.23E+01,6.99E-03,6.17E-03,5.54E-01,6.48E+00,5.13E+01,6.56E+02,5.23E+04,9.23E+05,2.68E+04,4.73E+05,1.03E+00,0.00E+00,5.59E-01,1.00E+02,8.23E+06,1.45E+08,1.09E+00,1.13E+01,0.00E+00,0.00E+00,4.25E+01,4.42E+01,0.00E+00,6.34E+01,3.95E-01,0.00E+00,9.00E+06,1.59E+08,5.40E+04,9.53E+05,6.37E+01,9.85E-01,5.79E+01,,5.42E-02,,4.79E-02,,6.99E-03,,6.17E-03
816302300000,6.06E-02,1.65E+01,6.66E+08,1.88E+01,6.87E+08,2.00E+09,1.31E+09,8.52E+01,5.17E-02,4.26E-02,2.12E+01,1.29E-02,1.06E-02,1.20E+00,5.83E+00,5.14E+01,4.26E+02,1.21E+05,1.99E+06,6.22E+04,1.03E+06,1.10E+00,0.00E+00,5.16E-01,1.00E+02,8.68E+06,1.43E+08,9.98E-01,7.33E+00,0.00E+00,0.00E+00,4.54E+01,5.82E+01,0.00E+00,6.08E+01,1.20E+00,0.00E+00,8.67E+06,1.43E+08,1.34E+05,2.20E+06,6.20E+01,2.40E+00,4.97E+01,,5.17E-02,,4.26E-02,,1.29E-02,,1.06E-02
816302350000,6.18E-02,1.62E+01,6.66E+08,2.28E+01,8.83E+08,2.43E+09,1.55E+09,9.02E+01,5.57E-02,4.51E-02,1.20E+01,7.41E-03,6.00E-03,6.44E-01,5.72E+00,5.15E+01,2.73E+02,6.63E+04,1.07E+06,3.41E+04,5.53E+05,1.17E+00,0.00E+00,7.89E-01,1.00E+02,1.05E+07,1.70E+08,1.06E+00,1.29E+01,0.00E+00,0.00E+00,3.31E+01,6.88E+01,0.00E+00,5.58E+01,8.08E-01,0.00E+00,1.11E+07,1.80E+08,7.74E+04,1.25E+06,5.66E+01,1.71E+00,5.51E+01,,5.57E-02,,4.51E-02,,7.41E-03,,6.00E-03
816302400000,6.14E-02,1.63E+01,6.66E+08,2.38E+01,9.33E+08,2.54E+09,1.61E+09,8.61E+01,5.29E-02,4.30E-02,1.88E+01,1.16E-02,9.40E-03,1.20E+00,5.58E+00,5.14E+01,4.74E+02,1.23E+05,1.99E+06,6.29E+04,1.02E+06,1.10E+00,0.00E+00,7.91E-01,1.00E+02,1.05E+07,1.71E+08,1.06E+00,1.33E+01,0.00E+00,0.00E+00,3.32E+01,5.81E+01,0.00E+00,5.63E+01,1.20E+00,0.00E+00,1.11E+07,1.81E+08,1.35E+05,2.20E+06,5.75E+01,1.15E+00,5.54E+01,,5.29E-02,,4.30E-02,,1.16E-02,,9.40E-03
816302450000,6.54E-02,1.53E+01,6.66E+08,2.40E+01,9.44E+08,2.56E+09,1.61E+09,9.02E+01,5.90E-02,4.51E-02,2.00E+01,1.31E-02,1.00E-02,1.20E+00,5.83E+00,5.14E+01,4.26E+02,1.30E+05,1.99E+06,6.70E+04,1.03E+06,1.10E+00,0.00E+00,7.89E-01,1.00E+02,1.11E+07,1.70E+08,1.06E+00,1.29E+01,0.00E+00,0.00E+00,3.31E+01,5.82E+01,0.00E+00,5.57E+01,1.20E+00,0.00E+00,1.18E+07,1.80E+08,1.44E+05,2.20E+06,5.69E+01,1.59E+00,5.55E+01,,5.90E-02,,4.51E-02,,1.31E-02,,1.00E-02
816302500000,5.96E-02,1.68E+01,6.66E+08,2.35E+01,9.27E+08,2.51E+09,1.58E+09,8.66E+01,5.16E-02,4.33E-02,2.11E+01,1.26E-02,1.06E-02,1.22E+00,5.83E+00,5.14E+01,4.30E+02,1.19E+05,2.03E+06,6.11E+04,1.04E+06,1.10E+00,0.00E+00,7.84E-01,1.00E+02,9.70E+06,1.66E+08,1.06E+00,1.37E+01,0.00E+00,0.00E+00,3.19E+01,5.82E+01,0.00E+00,5.25E+01,1.22E+00,0.00E+00,1.03E+07,1.76E+08,1.31E+05,2.24E+06,5.37E+01,1.65E+00,5.77E+01,,5.16E-02,,4.33E-02,,1.26E-02,,1.06E-02
816302550000,5.60E-02,1.79E+01,6.66E+08,2.18E+01,8.92E+08,2.33E+09,1.43E+09,9.17E+01,5.14E-02,4.59E-02,1.14E+01,6.40E-03,5.72E-03,5.54E-01,6.48E+00,5.13E+01,7.32E+02,5.17E+04,9.23E+05,2.65E+04,4.73E+05,1.03E+00,0.00E+00,6.43E-01,1.00E+02,8.80E+06,1.57E+08,1.06E+00,1.22E+01,0.00E+00,0.00E+00,3.92E+01,4.42E+01,0.00E+00,6.15E+01,3.95E-01,0.00E+00,9.37E+06,1.67E+08,5.34E+04,9.53E+05,6.19E+01,1.33E+00,5.72E+01,,5.14E-02,,4.59E-02,,6.40E-03,,5.72E-03
816302600000,5.62E-02,1.78E+01,6.66E+08,1.77E+01,6.79E+08,1.89E+09,1.21E+09,8.54E+01,4.80E-02,4.27E-02,2.11E+01,1.19E-02,1.06E-02,1.20E+00,5.83E+00,5.13E+01,4.33E+02,1.12E+05,1.99E+06,5.75E+04,1.02E+06,1.10E+00,0.00E+00,4.21E-01,1.00E+02,7.32E+06,1.30E+08,9.98E-01,6.62E+00,0.00E+00,0.00E+00,5.00E+01,5.80E+01,0.00E+00,6.10E+01,1.20E+00,0.00E+00,7.31E+06,1.30E+08,1.24E+05,2.20E+06,6.22E+01,2.59E+00,5.11E+01,,4.80E-02,,4.27E-02,,1.19E-02,,1.06E-02
816302650000,5.74E-02,1.74E+01,6.66E+08,2.37E+01,9.24E+08,2.52E+09,1.60E+09,8.64E+01,4.96E-02,4.32E-02,1.72E+01,9.89E-03,8.62E-03,9.46E-01,5.72E+00,5.16E+01,3.55E+02,9.05E+04,1.58E+06,4.67E+04,8.13E+05,1.13E+00,0.00E+00,7.93E-01,1.00E+02,9.86E+06,1.72E+08,1.06E+00,1.30E+01,0.00E+00,0.00E+00,3.34E+01,6.14E+01,0.00E+00,5.68E+01,1.02E+00,0.00E+00,1.04E+07,1.81E+08,1.02E+05,1.78E+06,5.78E+01,1.10E+00,5.47E+01,,4.96E-02,,4.32E-02,,9.89E-03,,8.62E-03
816302700000,5.77E-02,1.73E+01,6.66E+08,2.38E+01,9.29E+08,2.54E+09,1.61E+09,9.02E+01,5.20E-02,4.51E-02,1.41E+01,8.16E-03,7.07E-03,8.93E-01,5.83E+00,5.11E+01,3.77E+02,8.59E+04,1.49E+06,4.39E+04,7.61E+05,1.13E+00,0.00E+00,7.98E-01,1.00E+02,1.00E+07,1.74E+08,1.06E+00,1.29E+01,0.00E+00,0.00E+00,3.36E+01,6.23E+01,0.00E+00,5.79E+01,9.79E-01,0.00E+00,1.06E+07,1.84E+08,9.66E+04,1.67E+06,5.89E+01,7.64E-01,5.43E+01,,5.20E-02,,4.51E-02,,8.16E-03,,7.07E-03
816302750000,5.92E-02,1.69E+01,6.66E+08,2.39E+01,9.36E+08,2.55E+09,1.61E+09,8.62E+01,5.10E-02,4.31E-02,1.75E+01,1.04E-02,8.77E-03,1.20E+00,5.62E+00,5.13E+01,4.75E+02,1.18E+05,1.99E+06,6.05E+04,1.02E+06,1.10E+00,0.00E+00,7.92E-01,1.00E+02,1.01E+07,1.71E+08,1.06E+00,1.29E+01,0.00E+00,0.00E+00,3.33E+01,5.80E+01,0.00E+00,5.66E+01,1.20E+00,0.00E+00,1.07E+07,1.81E+08,1.30E+05,2.20E+06,5.78E+01,9.90E-01,5.49E+01,,5.10E-02,,4.31E-02,,1.04E-02,,8.77E-03
816302800000,6.88E-02,1.45E+01,6.66E+08,2.35E+01,9.21E+08,2.51E+09,1.59E+09,9.01E+01,6.20E-02,4.51E-02,2.10E+01,1.44E-02,1.05E-02,1.20E+00,5.83E+00,5.13E+01,4.33E+02,1.37E+05,1.99E+06,7.04E+04,1.02E+06,1.10E+00,0.00E+00,7.81E-01,1.00E+02,1.15E+07,1.67E+08,1.06E+00,1.31E+01,0.00E+00,0.00E+00,3.26E+01,5.80E+01,0.00E+00,5.39E+01,1.20E+00,0.00E+00,1.21E+07,1.76E+08,1.52E+05,2.20E+06,5.51E+01,1.83E+00,5.62E+01,,6.20E-02,,4.51E-02,,1.44E-02,,1.05E-02
816302850000,1.11E-01,9.04E+00,6.66E+08,2.27E+01,8.82E+08,2.42E+09,1.54E+09,9.43E+01,1.04E-01,4.72E-02,1.34E+01,1.49E-02,6.72E-03,5.54E-01,6.48E+00,5.13E+01,7.56E+02,1.02E+05,9.23E+05,5.23E+04,4.73E+05,1.03E+00,0.00E+00,7.91E-01,1.00E+02,1.89E+07,1.71E+08,1.06E+00,1.47E+01,0.00E+00,0.00E+00,3.32E+01,4.42E+01,0.00E+00,5.62E+01,3.95E-01,0.00E+00,2.00E+07,1.81E+08,1.05E+05,9.53E+05,5.66E+01,1.87E+00,5.64E+01,,1.04E-01,,4.72E-02,,1.49E-02,,6.72E-03
816302900000,2.45E-01,4.08E+00,6.66E+08,1.48E+01,6.24E+08,1.64E+09,1.02E+09,8.28E+01,2.03E-01,4.14E-02,8.93E+00,2.19E-02,4.46E-03,6.52E-01,5.27E+00,5.14E+01,3.17E+02,2.62E+05,1.13E+06,1.35E+05,5.80E+05,1.17E+00,0.00E+00,2.79E-01,1.00E+02,2.68E+07,1.15E+08,9.99E-01,5.83E+00,0.00E+00,0.00E+00,5.84E+01,6.86E+01,0.00E+00,6.07E+01,8.15E-01,0.00E+00,2.68E+07,1.15E+08,3.06E+05,1.32E+06,6.15E+01,9.91E-01,5.49E+01,,2.03E-01,,4.14E-02,,2.19E-02,,4.46E-03
816302950000,2.45E-01,4.08E+00,6.66E+08,3.17E+01,1.96E+09,4.29E+09,2.33E+09,1.43E+01,3.51E-02,7.16E-03,0.00E+00,0.00E+00,0.00E+00,0.00E+00,,,,0.00E+00,0.00E+00,0.00E+00,0.00E+00,,1.78E+01,1.32E+00,,9.55E+06,2.33E+08,1.26E+00,2.54E+01,0.00E+00,0.00E+00,1.05E+01,,0.00E+00,2.27E+01,0.00E+00,0.00E+00,1.20E+07,2.94E+08,0.00E+00,0.00E+00,2.27E+01,5.52E-02,9.51E+01,,3.51E-02,,7.16E-03,,0.00E+00,,0.00E+00
816303000000,2.45E-01,4.08E+00,,,,,,0.00E+00,0.00E+00,0.00E+00,0.00E+00,0.00E+00,0.00E+00,,,,,,,,,,,,,,,,,,,,,,,,,,,,,,,,,0.00E+00,,0.00E+00,,0.00E+00,,0.00E+00
816303050000,2.45E-01,4.08E+00,,,,,,0.00E+00,0.00E+00,0.00E+00,0.00E+00,0.00E+00,0.00E+00,,,,,,,,,,,,,,,,,,,,,,,,,,,,,,,,,0.00E+00,,0.00E+00,,0.00E+00,,0.00E+00
816303100000,7.18E-02,1.39E+01,6.66E+08,1.81E+01,6.76E+08,2.18E+09,1.50E+09,2.50E+01,1.79E-02,1.25E-02,1.53E+01,1.10E-02,7.67E-03,2.28E+00,5.83E+00,5.13E+01,4.33E+02,1.43E+05,4.28E+06,7.35E+04,2.20E+06,1.10E+00,7.64E+00,6.50E-01,1.00E+02,4.85E+06,1.45E+08,9.96E-01,6.81E+00,0.00E+00,0.00E+00,2.72E+01,5.80E+01,0.00E+00,3.27E+01,2.28E+00,0.00E+00,4.83E+06,1.44E+08,1.58E+05,4.73E+06,3.49E+01,2.64E-01,5.23E+01,,1.79E-02,,1.25E-02,,1.10E-02,,7.67E-03
816303150000,4.89E-02,2.04E+01,6.66E+08,2.42E+01,9.42E+08,2.58E+09,1.63E+09,9.04E+01,4.43E-02,4.52E-02,1.77E+01,8.65E-03,8.84E-03,1.20E+00,5.83E+00,5.09E+01,4.47E+02,9.76E+04,1.99E+06,4.96E+04,1.01E+06,1.10E+00,0.00E+00,7.96E-01,1.00E+02,8.47E+06,1.73E+08,1.06E+00,1.30E+01,0.00E+00,0.00E+00,3.36E+01,5.80E+01,0.00E+00,5.76E+01,1.20E+00,0.00E+00,8.95E+06,1.83E+08,1.08E+05,2.20E+06,5.88E+01,8.10E-01,5.48E+01,,4.43E-02,,4.52E-02,,8.65E-03,,8.84E-03
816303200000,5.84E-02,1.71E+01,6.66E+08,2.21E+01,8.96E+08,2.35E+09,1.46E+09,9.13E+01,5.33E-02,4.57E-02,1.14E+01,6.65E-03,5.69E-03,5.26E-01,6.43E+00,5.28E+01,6.75E+02,5.12E+04,8.77E+05,2.70E+04,4.63E+05,1.03E+00,0.00E+00,6.49E-01,1.00E+02,9.34E+06,1.60E+08,1.06E+00,1.18E+01,0.00E+00,0.00E+00,3.94E+01,4.42E+01,0.00E+00,6.28E+01,3.75E-01,0.00E+00,9.91E+06,1.70E+08,5.29E+04,9.05E+05,6.31E+01,1.19E+00,5.65E+01,,5.33E-02,,4.57E-02,,6.65E-03,,5.69E-03
816303250000,6.62E-02,1.51E+01,6.66E+08,2.03E+01,7.94E+08,2.16E+09,1.37E+09,7.33E+01,4.85E-02,3.66E-02,1.65E+01,1.09E-02,8.27E-03,8.59E-01,4.47E+00,6.28E+01,2.50E+02,9.48E+04,1.43E+06,5.95E+04,8.98E+05,1.33E+00,0.00E+00,5.62E-01,1.00E+02,9.79E+06,1.48E+08,1.04E+00,1.00E+01,0.00E+00,0.00E+00,4.29E+01,5.34E+01,0.00E+00,6.17E+01,9.51E-01,0.00E+00,1.02E+07,1.54E+08,1.26E+05,1.90E+06,6.27E+01,7.37E-01,5.21E+01,,4.85E-02,,3.66E-02,,1.09E-02,,8.27E-03
816303300000,6.74E-02,1.48E+01,6.66E+08,2.24E+01,8.59E+08,2.38E+09,1.53E+09,8.65E+01,5.83E-02,4.32E-02,1.99E+01,1.34E-02,9.94E-03,1.09E+00,5.56E+00,4.84E+01,4.59E+02,1.23E+05,1.82E+06,5.93E+04,8.80E+05,1.12E+00,0.00E+00,7.02E-01,1.00E+02,1.14E+07,1.69E+08,1.08E+00,1.65E+01,0.00E+00,0.00E+00,3.69E+01,6.01E+01,0.00E+00,6.32E+01,1.14E+00,0.00E+00,1.23E+07,1.83E+08,1.37E+05,2.03E+06,6.44E+01,1.12E+00,5.38E+01,,5.83E-02,,4.32E-02,,1.34E-02,,9.94E-03
816303350000,6.59E-02,1.52E+01,6.66E+08,2.40E+01,9.45E+08,2.59E+09,1.65E+09,7.51E+01,4.94E-02,3.75E-02,2.27E+01,1.49E-02,1.13E-02,1.39E+00,5.21E+00,5.24E+01,3.60E+02,1.47E+05,2.33E+06,7.70E+04,1.22E+06,1.17E+00,0.00E+00,8.11E-01,1.00E+02,1.09E+07,1.73E+08,1.14E+00,2.00E+01,0.00E+00,0.00E+00,2.77E+01,5.38E+01,0.00E+00,5.08E+01,1.37E+00,0.00E+00,1.25E+07,1.98E+08,1.72E+05,2.74E+06,5.22E+01,5.40E-01,5.98E+01,,4.94E-02,,3.75E-02,,1.49E-02,,1.13E-02
816303400000,6.29E-02,1.59E+01,6.66E+08,2.38E+01,9.30E+08,2.56E+09,1.63E+09,7.46E+01,4.69E-02,3.73E-02,2.19E+01,1.38E-02,1.09E-02,1.47E+00,5.12E+00,5.03E+01,3.72E+02,1.48E+05,2.46E+06,7.44E+04,1.24E+06,1.15E+00,0.00E+00,7.90E-01,1.00E+02,1.02E+07,1.70E+08,1.08E+00,1.60E+01,0.00E+00,0.00E+00,2.97E+01,5.55E+01,0.00E+00,5.09E+01,1.47E+00,0.00E+00,1.10E+07,1.84E+08,1.71E+05,2.84E+06,5.24E+01,5.52E-01,5.92E+01,,4.69E-02,,3.73E-02,,1.38E-02,,1.09E-02
816303450000,5.60E-02,1.79E+01,6.66E+08,2.37E+01,8.91E+08,2.53E+09,1.64E+09,9.16E+01,5.13E-02,4.58E-02,1.62E+01,9.09E-03,8.12E-03,1.14E+00,6.24E+00,4.55E+01,5.57E+02,1.06E+05,1.89E+06,4.83E+04,8.62E+05,1.09E+00,0.00E+00,7.88E-01,1.00E+02,9.84E+06,1.76E+08,1.05E+00,1.40E+01,0.00E+00,0.00E+00,3.38E+01,5.48E+01,0.00E+00,5.84E+01,1.06E+00,0.00E+00,1.03E+07,1.84E+08,1.15E+05,2.06E+06,5.95E+01,7.05E-01,5.51E+01,,5.13E-02,,4.58E-02,,9.09E-03,,8.12E-03
816303500000,5.08E-02,1.97E+01,6.66E+08,2.00E+01,8.46E+08,2.13E+09,1.28E+09,9.47E+01,4.81E-02,4.73E-02,1.54E+01,7.84E-03,7.71E-03,6.29E-01,6.82E+00,4.27E+01,3.66E+02,5.32E+04,1.05E+06,2.28E+04,4.48E+05,1.09E+00,0.00E+00,4.85E-01,1.00E+02,7.08E+06,1.39E+08,1.06E+00,9.97E+00,0.00E+00,0.00E+00,4.61E+01,5.58E+01,0.00E+00,6.35E+01,5.98E-01,0.00E+00,7.47E+06,1.47E+08,5.81E+04,1.14E+06,6.41E+01,1.21E+00,5.64E+01,,4.81E-02,,4.73E-02,,7.84E-03,,7.71E-03
816303550000,5.38E-02,1.86E+01,6.66E+08,2.02E+01,7.31E+08,2.15E+09,1.42E+09,8.57E+01,4.61E-02,4.29E-02,1.90E+01,1.02E-02,9.52E-03,1.18E+00,6.20E+00,4.51E+01,3.96E+02,1.06E+05,1.97E+06,4.79E+04,8.90E+05,1.12E+00,0.00E+00,5.88E-01,1.00E+02,8.37E+06,1.56E+08,1.00E+00,8.87E+00,0.00E+00,0.00E+00,4.27E+01,6.01E+01,0.00E+00,6.24E+01,1.24E+00,0.00E+00,8.39E+06,1.56E+08,1.18E+05,2.20E+06,6.37E+01,1.01E+00,4.93E+01,,4.61E-02,,4.29E-02,,1.02E-02,,9.52E-03
816303600000,5.73E-02,1.74E+01,6.66E+08,2.34E+01,8.86E+08,2.50E+09,1.61E+09,9.02E+01,5.17E-02,4.51E-02,2.01E+01,1.15E-02,1.00E-02,1.16E+00,6.19E+00,4.60E+01,3.90E+02,1.10E+05,1.92E+06,5.08E+04,8.86E+05,1.12E+00,0.00E+00,7.85E-01,1.00E+02,9.79E+06,1.71E+08,1.05E+00,1.28E+01,0.00E+00,0.00E+00,3.31E+01,6.05E+01,0.00E+00,5.54E+01,1.22E+00,0.00E+00,1.02E+07,1.79E+08,1.23E+05,2.15E+06,5.66E+01,2.10E+00,5.55E+01,,5.17E-02,,4.51E-02,,1.15E-02,,1.00E-02
816303650000,5.71E-02,1.75E+01,6.66E+08,2.25E+01,8.41E+08,2.40E+09,1.56E+09,8.59E+01,4.90E-02,4.29E-02,1.35E+01,7.70E-03,6.74E-03,6.30E-01,6.41E+00,4.50E+01,2.33E+02,5.99E+04,1.05E+06,2.69E+04,4.72E+05,1.19E+00,0.00E+00,7.90E-01,1.00E+02,9.82E+06,1.72E+08,1.04E+00,1.31E+01,0.00E+00,0.00E+00,3.33E+01,7.22E+01,0.00E+00,5.61E+01,8.46E-01,0.00E+00,1.03E+07,1.80E+08,7.14E+04,1.25E+06,5.69E+01,1.70E+00,5.48E+01,,4.90E-02,,4.29E-02,,7.70E-03,,6.74E-03
816303700000,5.62E-02,1.78E+01,6.66E+08,2.30E+01,8.62E+08,2.45E+09,1.59E+09,9.02E+01,5.07E-02,4.51E-02,1.55E+01,8.71E-03,7.75E-03,1.15E+00,5.76E+00,4.59E+01,4.56E+02,1.08E+05,1.92E+06,4.96E+04,8.82E+05,1.12E+00,0.00E+00,7.87E-01,1.00E+02,9.59E+06,1.71E+08,1.04E+00,1.30E+01,0.00E+00,0.00E+00,3.31E+01,6.04E+01,0.00E+00,5.53E+01,1.22E+00,0.00E+00,1.00E+07,1.78E+08,1.21E+05,2.15E+06,5.65E+01,1.95E+00,5.57E+01,,5.07E-02,,4.51E-02,,8.71E-03,,7.75E-03
816303750000,6.08E-02,1.65E+01,6.66E+08,2.35E+01,8.85E+08,2.50E+09,1.62E+09,9.02E+01,5.48E-02,4.51E-02,1.96E+01,1.19E-02,9.81E-03,1.16E+00,6.19E+00,4.59E+01,3.90E+02,1.17E+05,1.92E+06,5.37E+04,8.84E+05,1.12E+00,0.00E+00,7.89E-01,1.00E+02,1.04E+07,1.72E+08,1.04E+00,1.30E+01,0.00E+00,0.00E+00,3.32E+01,6.04E+01,0.00E+00,5.59E+01,1.22E+00,0.00E+00,1.09E+07,1.79E+08,1.31E+05,2.15E+06,5.71E+01,1.73E+00,5.54E+01,,5.48E-02,,4.51E-02,,1.19E-02,,9.81E-03
816303800000,5.95E-02,1.68E+01,5.82E+08,2.54E+01,8.34E+08,2.36E+09,1.53E+09,8.77E+01,5.22E-02,4.38E-02,2.36E+01,1.40E-02,1.18E-02,1.32E+00,6.19E+00,4.59E+01,3.90E+02,1.15E+05,1.92E+06,5.26E+04,8.84E+05,1.12E+00,0.00E+00,8.73E-01,1.00E+02,9.56E+06,1.61E+08,1.05E+00,1.39E+01,0.00E+00,0.00E+00,3.14E+01,6.04E+01,0.00E+00,5.66E+01,1.40E+00,0.00E+00,1.00E+07,1.68E+08,1.28E+05,2.15E+06,5.80E+01,1.08E+00,5.56E+01,,5.22E-02,,4.38E-02,,1.40E-02,,1.18E-02
816303850000,7.03E-02,1.42E+01,4.10E+08,1.69E+01,4.25E+08,1.11E+09,6.84E+08,9.56E+01,6.72E-02,4.78E-02,1.68E+01,1.18E-02,8.38E-03,8.55E-01,6.88E+00,4.71E+01,7.56E+02,6.17E+04,8.77E+05,2.90E+04,4.13E+05,1.03E+00,0.00E+00,2.87E-01,1.00E+02,5.29E+06,7.52E+07,1.00E+00,6.00E+00,0.00E+00,0.00E+00,6.06E+01,4.42E+01,0.00E+00,6.94E+01,6.10E-01,0.00E+00,5.29E+06,7.52E+07,6.37E+04,9.05E+05,7.00E+01,1.33E+00,5.21E+01,,6.72E-02,,4.78E-02,,1.18E-02,,8.38E-03
816303900000,8.10E-02,1.23E+01,4.10E+08,2.85E+01,6.37E+08,1.87E+09,1.23E+09,8.84E+01,7.16E-02,4.42E-02,1.21E+01,9.83E-03,6.07E-03,1.00E+00,5.59E+00,4.59E+01,3.14E+02,8.30E+04,1.02E+06,3.81E+04,4.70E+05,1.17E+00,5.50E+00,1.14E+00,1.00E+02,1.08E+07,1.34E+08,1.06E+00,1.65E+01,0.00E+00,0.00E+00,2.58E+01,6.96E+01,0.00E+00,5.54E+01,1.27E+00,0.00E+00,1.14E+07,1.41E+08,9.74E+04,1.20E+06,5.67E+01,7.68E-01,5.47E+01,,7.16E-02,,4.42E-02,,9.83E-03,,6.07E-03
816303950000,9.51E-02,1.05E+01,4.10E+08,2.09E+01,5.35E+08,1.37E+09,8.36E+08,9.58E+01,9.11E-02,4.79E-02,1.45E+01,1.38E-02,7.26E-03,8.55E-01,6.88E+00,4.71E+01,7.56E+02,8.34E+04,8.77E+05,3.93E+04,4.13E+05,1.03E+00,0.00E+00,4.98E-01,1.00E+02,8.42E+06,8.85E+07,1.06E+00,1.02E+01,0.00E+00,0.00E+00,4.56E+01,4.42E+01,0.00E+00,6.51E+01,6.10E-01,0.00E+00,8.90E+06,9.36E+07,8.61E+04,9.05E+05,6.57E+01,1.56E+00,5.69E+01,,9.11E-02,,4.79E-02,,1.38E-02,,7.26E-03
816304000000,9.44E-02,1.06E+01,4.10E+08,2.46E+01,5.30E+08,1.62E+09,1.09E+09,8.17E+01,7.71E-02,4.08E-02,1.43E+01,1.35E-02,7.13E-03,1.00E+00,5.78E+00,4.59E+01,3.00E+02,9.68E+04,1.03E+06,4.44E+04,4.70E+05,1.17E+00,0.00E+00,9.26E-01,1.00E+02,1.14E+07,1.20E+08,1.02E+00,1.20E+01,0.00E+00,0.00E+00,3.20E+01,6.96E+01,0.00E+00,5.99E+01,1.28E+00,0.00E+00,1.16E+07,1.23E+08,1.13E+05,1.20E+06,6.12E+01,6.73E-01,5.00E+01,,7.71E-02,,4.08E-02,,1.35E-02,,7.13E-03
816304050000,7.64E-02,1.31E+01,4.10E+08,2.99E+01,6.78E+08,1.96E+09,1.28E+09,8.82E+01,6.73E-02,4.41E-02,2.29E+01,1.75E-02,1.15E-02,1.85E+00,6.10E+00,4.64E+01,4.80E+02,1.45E+05,1.90E+06,6.74E+04,8.83E+05,1.11E+00,6.19E+00,1.13E+00,1.00E+02,1.01E+07,1.32E+08,1.06E+00,1.67E+01,0.00E+00,0.00E+00,2.53E+01,5.87E+01,0.00E+00,5.37E+01,1.88E+00,0.00E+00,1.06E+07,1.39E+08,1.61E+05,2.11E+06,5.55E+01,9.83E-01,5.58E+01,,6.73E-02,,4.41E-02,,1.75E-02,,1.15E-02
816304100000,8.46E-02,1.18E+01,4.10E+08,1.76E+01,4.49E+08,1.16E+09,7.09E+08,8.93E+01,7.56E-02,4.47E-02,1.89E+01,1.60E-02,9.45E-03,8.55E-01,6.88E+00,4.71E+01,6.01E+02,7.42E+04,8.77E+05,3.50E+04,4.13E+05,1.03E+00,0.00E+00,2.94E-01,1.00E+02,6.54E+06,7.73E+07,1.00E+00,6.15E+00,0.00E+00,0.00E+00,6.06E+01,4.42E+01,0.00E+00,7.14E+01,6.10E-01,0.00E+00,6.54E+06,7.73E+07,7.66E+04,9.06E+05,7.20E+01,5.62E-01,5.11E+01,,7.56E-02,,4.47E-02,,1.60E-02,,9.45E-03
816304150000,9.37E-02,1.07E+01,4.10E+08,2.87E+01,6.42E+08,1.88E+09,1.24E+09,8.84E+01,8.28E-02,4.42E-02,1.27E+01,1.19E-02,6.35E-03,1.00E+00,5.59E+00,4.59E+01,3.14E+02,9.60E+04,1.02E+06,4.40E+04,4.70E+05,1.17E+00,5.02E+00,1.14E+00,1.00E+02,1.26E+07,1.35E+08,1.06E+00,1.63E+01,0.00E+00,0.00E+00,2.61E+01,6.96E+01,0.00E+00,5.67E+01,1.27E+00,0.00E+00,1.33E+07,1.42E+08,1.13E+05,1.20E+06,5.79E+01,4.44E-01,5.40E+01,,8.28E-02,,4.42E-02,,1.19E-02,,6.35E-03
816304200000,8.29E-02,1.21E+01,4.10E+08,1.96E+01,4.80E+08,1.29E+09,8.08E+08,8.94E+01,7.41E-02,4.47E-02,1.45E+01,1.20E-02,7.26E-03,8.55E-01,6.88E+00,4.71E+01,7.56E+02,7.27E+04,8.77E+05,3.42E+04,4.13E+05,1.03E+00,0.00E+00,4.25E-01,1.00E+02,7.21E+06,8.70E+07,1.03E+00,8.99E+00,0.00E+00,0.00E+00,5.08E+01,4.42E+01,0.00E+00,6.93E+01,6.10E-01,0.00E+00,7.42E+06,8.96E+07,7.51E+04,9.05E+05,6.99E+01,5.57E-01,5.35E+01,,7.41E-02,,4.47E-02,,1.20E-02,,7.26E-03
816304250000,7.81E-02,1.28E+01,4.10E+08,2.66E+01,6.04E+08,1.74E+09,1.14E+09,8.17E+01,6.38E-02,4.08E-02,1.48E+01,1.16E-02,7.40E-03,1.00E+00,5.96E+00,4.59E+01,2.86E+02,8.01E+04,1.03E+06,3.68E+04,4.71E+05,1.17E+00,2.29E+00,1.01E+00,1.00E+02,9.73E+06,1.25E+08,1.04E+00,1.36E+01,0.00E+00,0.00E+00,2.95E+01,6.96E+01,0.00E+00,5.81E+01,1.28E+00,0.00E+00,1.01E+07,1.29E+08,9.40E+04,1.20E+06,5.94E+01,5.05E-01,5.17E+01,,6.38E-02,,4.08E-02,,1.16E-02,,7.40E-03
816304300000,7.80E-02,1.28E+01,4.10E+08,3.00E+01,6.76E+08,1.97E+09,1.29E+09,8.97E+01,7.00E-02,4.49E-02,9.90E+00,7.71E-03,4.95E-03,1.79E+00,6.04E+00,4.73E+01,6.89E+02,1.43E+05,1.83E+06,6.76E+04,8.67E+05,1.08E+00,5.34E+00,1.14E+00,1.00E+02,1.04E+07,1.34E+08,1.06E+00,1.60E+01,0.00E+00,0.00E+00,2.59E+01,5.30E+01,0.00E+00,5.59E+01,1.60E+00,0.00E+00,1.10E+07,1.41E+08,1.54E+05,1.98E+06,5.74E+01,9.23E-01,5.57E+01,,7.00E-02,,4.49E-02,,7.71E-03,,4.95E-03
816304350000,8.15E-02,1.23E+01,4.10E+08,1.77E+01,4.54E+08,1.16E+09,7.07E+08,8.82E+01,7.18E-02,4.41E-02,2.13E+01,1.74E-02,1.07E-02,9.09E-01,6.77E+00,4.60E+01,3.76E+02,7.60E+04,9.32E+05,3.49E+04,4.28E+05,1.08E+00,0.00E+00,2.91E-01,1.00E+02,6.23E+06,7.64E+07,1.00E+00,6.09E+00,0.00E+00,0.00E+00,6.05E+01,5.47E+01,0.00E+00,7.05E+01,8.42E-01,0.00E+00,6.24E+06,7.65E+07,8.23E+04,1.01E+06,7.14E+01,5.09E-01,5.07E+01,,7.18E-02,,4.41E-02,,1.74E-02,,1.07E-02
816304400000,8.49E-02,1.18E+01,4.10E+08,2.90E+01,6.48E+08,1.90E+09,1.25E+09,8.86E+01,7.52E-02,4.43E-02,1.25E+01,1.06E-02,6.26E-03,9.88E-01,5.59E+00,4.64E+01,3.22E+02,8.60E+04,1.01E+06,3.99E+04,4.70E+05,1.16E+00,4.63E+00,1.15E+00,1.00E+02,1.16E+07,1.36E+08,1.05E+00,1.64E+01,0.00E+00,0.00E+00,2.64E+01,6.81E+01,0.00E+00,5.78E+01,1.22E+00,0.00E+00,1.22E+07,1.43E+08,9.99E+04,1.18E+06,5.90E+01,2.12E-01,5.38E+01,,7.52E-02,,4.43E-02,,1.06E-02,,6.26E-03
816304450000,8.35E-02,1.20E+01,4.10E+08,1.94E+01,4.71E+08,1.27E+09,8.00E+08,9.57E+01,7.99E-02,4.78E-02,1.49E+01,1.25E-02,7.47E-03,8.55E-01,6.88E+00,4.71E+01,7.56E+02,7.32E+04,8.77E+05,3.45E+04,4.13E+05,1.03E+00,0.00E+00,4.04E-01,1.00E+02,7.21E+06,8.63E+07,1.02E+00,8.74E+00,0.00E+00,0.00E+00,5.20E+01,4.42E+01,0.00E+00,6.98E+01,6.10E-01,0.00E+00,7.35E+06,8.80E+07,7.56E+04,9.05E+05,7.04E+01,4.56E-01,5.29E+01,,7.99E-02,,4.78E-02,,1.25E-02,,7.47E-03
816304500000,8.45E-02,1.18E+01,4.10E+08,2.73E+01,6.25E+08,1.79E+09,1.16E+09,8.83E+01,7.47E-02,4.42E-02,1.54E+01,1.30E-02,7.71E-03,9.88E-01,6.14E+00,4.65E+01,2.80E+02,8.57E+04,1.01E+06,3.98E+04,4.71E+05,1.16E+00,2.61E+00,1.03E+00,1.00E+02,1.07E+07,1.26E+08,1.05E+00,1.40E+01,0.00E+00,0.00E+00,2.92E+01,6.80E+01,0.00E+00,5.88E+01,1.22E+00,0.00E+00,1.12E+07,1.32E+08,9.96E+04,1.18E+06,6.00E+01,2.29E-01,5.16E+01,,7.47E-02,,4.42E-02,,1.30E-02,,7.71E-03
816304550000,9.19E-02,1.09E+01,4.10E+08,3.01E+01,6.81E+08,1.98E+09,1.30E+09,7.82E+01,7.19E-02,3.91E-02,1.93E+01,1.78E-02,9.67E-03,1.84E+00,5.91E+00,4.67E+01,5.43E+02,1.73E+05,1.89E+06,8.10E+04,8.82E+05,1.10E+00,5.09E+00,1.14E+00,1.00E+02,1.24E+07,1.35E+08,1.06E+00,1.63E+01,0.00E+00,0.00E+00,2.61E+01,5.77E+01,0.00E+00,5.65E+01,1.83E+00,0.00E+00,1.31E+07,1.42E+08,1.91E+05,2.08E+06,5.83E+01,3.65E-01,5.48E+01,,7.19E-02,,3.91E-02,,1.78E-02,,9.67E-03
816304600000,1.01E-01,9.88E+00,4.10E+08,1.68E+01,4.27E+08,1.11E+09,6.79E+08,9.02E+01,9.12E-02,4.51E-02,1.47E+01,1.49E-02,7.37E-03,3.87E-01,7.09E+00,4.86E+01,3.02E+02,4.02E+04,3.97E+05,1.95E+04,1.93E+05,1.05E+00,0.00E+00,2.96E-01,1.00E+02,7.86E+06,7.77E+07,9.99E-01,6.17E+00,0.00E+00,0.00E+00,6.06E+01,4.42E+01,0.00E+00,7.17E+01,2.80E-01,0.00E+00,7.86E+06,7.76E+07,4.20E+04,4.15E+05,7.20E+01,6.04E-01,5.07E+01,,9.12E-02,,4.51E-02,,1.49E-02,,7.37E-03
816304650000,1.27E-01,7.86E+00,4.10E+08,2.94E+01,6.62E+08,1.93E+09,1.27E+09,8.86E+01,1.13E-01,4.43E-02,1.75E+01,2.23E-02,8.75E-03,1.46E+00,5.94E+00,4.63E+01,4.48E+02,1.90E+05,1.49E+06,8.78E+04,6.90E+05,1.12E+00,5.47E+00,1.14E+00,1.00E+02,1.70E+07,1.34E+08,1.06E+00,1.65E+01,0.00E+00,0.00E+00,2.58E+01,6.10E+01,0.00E+00,5.55E+01,1.55E+00,0.00E+00,1.79E+07,1.41E+08,2.12E+05,1.67E+06,5.71E+01,5.67E-01,5.49E+01,,1.13E-01,,4.43E-02,,2.23E-02,,8.75E-03
816304700000,1.27E-01,7.86E+00,4.10E+08,1.77E+01,4.21E+08,1.16E+09,7.44E+08,9.59E+01,1.22E-01,4.80E-02,0.00E+00,0.00E+00,0.00E+00,0.00E+00,,,,0.00E+00,0.00E+00,0.00E+00,0.00E+00,,0.00E+00,4.32E-01,1.00E+02,1.13E+07,8.89E+07,1.03E+00,9.14E+00,0.00E+00,0.00E+00,5.08E+01,,0.00E+00,7.09E+01,0.00E+00,0.00E+00,1.16E+07,9.16E+07,0.00E+00,0.00E+00,7.09E+01,2.08E-01,5.23E+01,,1.22E-01,,4.80E-02,,0.00E+00,,0.00E+00
816304750000,3.19E-02,3.13E+01,1.01E+09,2.60E+01,1.56E+09,4.44E+09,2.88E+09,8.81E+01,2.81E-02,4.41E-02,3.03E+01,9.68E-03,1.52E-02,1.71E+00,5.39E+00,5.26E+01,4.93E+02,1.37E+05,4.55E+06,7.20E+04,2.39E+06,1.15E+00,0.00E+00,9.09E-01,1.00E+02,8.94E+06,2.97E+08,1.05E+00,1.31E+01,0.00E+00,0.00E+00,2.90E+01,4.66E+01,0.00E+00,5.28E+01,1.43E+00,0.00E+00,9.36E+06,3.11E+08,1.58E+05,5.24E+06,5.42E+01,5.36E-01,5.51E+01,,2.81E-02,,4.41E-02,,9.68E-03,,1.52E-02
816304800000,7.33E-02,1.36E+01,4.10E+08,1.76E+01,4.62E+08,1.15E+09,6.90E+08,8.87E+01,6.51E-02,4.44E-02,2.09E+01,1.54E-02,1.05E-02,1.56E-01,9.84E+00,4.69E+01,4.50E+01,1.17E+04,1.60E+05,5.49E+03,7.49E+04,1.86E+00,0.00E+00,4.36E-01,1.00E+02,5.61E+06,7.65E+07,1.30E+00,2.21E+01,0.00E+00,0.00E+00,4.95E+01,1.36E+02,0.00E+00,7.48E+01,6.16E-01,0.00E+00,7.27E+06,9.92E+07,2.18E+04,2.97E+05,7.54E+01,2.50E-01,5.20E+01,,6.51E-02,,4.44E-02,,1.54E-02,,1.05E-02
816304850000,5.24E-02,1.91E+01,1.02E+09,2.31E+01,1.40E+09,3.77E+09,2.38E+09,9.59E+01,5.03E-02,4.80E-02,1.76E+01,9.20E-03,8.78E-03,8.25E-01,5.78E+00,4.88E+01,3.80E+02,1.10E+05,2.11E+06,5.39E+04,1.03E+06,1.11E+00,0.00E+00,7.42E-01,1.00E+02,1.34E+07,2.56E+08,1.07E+00,1.47E+01,0.00E+00,0.00E+00,3.60E+01,5.63E+01,0.00E+00,6.06E+01,8.04E-01,0.00E+00,1.44E+07,2.75E+08,1.22E+05,2.33E+06,6.14E+01,1.73E+00,5.64E+01,,5.03E-02,,4.80E-02,,9.20E-03,,8.78E-03
816304900000,7.94E-02,1.26E+01,6.66E+08,2.23E+01,9.03E+08,2.42E+09,1.52E+09,7.31E+01,5.81E-02,3.66E-02,2.99E+01,2.38E-02,1.50E-02,2.51E+00,3.21E+00,6.40E+01,4.23E+02,3.15E+05,4.26E+06,2.02E+05,2.73E+06,1.25E+00,0.00E+00,7.46E-01,1.00E+02,1.08E+07,1.46E+08,1.25E+00,2.54E+01,0.00E+00,0.00E+00,3.07E+01,4.40E+01,0.00E+00,5.17E+01,2.16E+00,0.00E+00,1.35E+07,1.82E+08,3.94E+05,5.32E+06,5.38E+01,3.73E-01,5.73E+01,,5.81E-02,,3.66E-02,,2.38E-02,,1.50E-02
816304950000,6.64E-02,1.51E+01,6.66E+08,2.39E+01,9.16E+08,2.55E+09,1.63E+09,9.02E+01,5.98E-02,4.51E-02,1.94E+01,1.29E-02,9.71E-03,1.26E+00,5.99E+00,4.68E+01,4.13E+02,1.40E+05,2.11E+06,6.55E+04,9.86E+05,1.11E+00,0.00E+00,8.06E-01,1.00E+02,1.15E+07,1.73E+08,1.04E+00,1.28E+01,0.00E+00,0.00E+00,3.33E+01,5.91E+01,0.00E+00,5.63E+01,1.30E+00,0.00E+00,1.19E+07,1.80E+08,1.55E+05,2.34E+06,5.76E+01,8.56E-01,5.42E+01,,5.98E-02,,4.51E-02,,1.29E-02,,9.71E-03
816305000000,7.02E-02,1.42E+01,6.66E+08,2.02E+01,8.18E+08,2.16E+09,1.34E+09,9.58E+01,6.72E-02,4.79E-02,1.05E+01,7.37E-03,5.25E-03,5.21E-01,4.10E+00,3.56E+01,2.27E+02,6.10E+04,8.68E+05,2.17E+04,3.09E+05,1.34E+00,0.00E+00,5.59E-01,1.00E+02,1.04E+07,1.48E+08,1.05E+00,1.16E+01,0.00E+00,0.00E+00,4.36E+01,3.63E+01,0.00E+00,6.35E+01,3.97E-01,0.00E+00,1.09E+07,1.56E+08,8.19E+04,1.17E+06,6.39E+01,7.48E-01,5.66E+01,,6.72E-02,,4.79E-02,,7.37E-03,,5.25E-03
816305050000,9.42E-02,1.06E+01,6.66E+08,1.87E+01,6.91E+08,1.99E+09,1.30E+09,8.54E+01,8.05E-02,4.27E-02,1.57E+01,1.48E-02,7.84E-03,1.28E+00,5.61E+00,4.49E+01,4.71E+02,1.99E+05,2.14E+06,8.92E+04,9.61E+05,1.11E+00,0.00E+00,5.87E-01,1.00E+02,1.35E+07,1.46E+08,1.07E+00,1.29E+01,0.00E+00,0.00E+00,4.11E+01,5.93E+01,0.00E+00,5.98E+01,1.32E+00,0.00E+00,1.44E+07,1.56E+08,2.21E+05,2.38E+06,6.11E+01,1.70E+00,5.28E+01,,8.05E-02,,4.27E-02,,1.48E-02,,7.84E-03
816305100000,9.57E-02,1.04E+01,6.66E+08,1.34E+01,6.62E+08,1.77E+09,1.11E+09,4.22E+01,4.04E-02,2.11E-02,6.73E+00,6.44E-03,3.36E-03,3.66E-01,3.30E+00,8.37E+01,1.53E+02,5.06E+04,7.56E+05,4.23E+04,6.33E+05,1.21E+00,0.00E+00,4.46E-01,1.00E+02,7.39E+06,1.11E+08,1.09E+00,9.55E+00,0.00E+00,0.00E+00,2.93E+01,4.21E+01,0.00E+00,2.68E+01,2.92E-01,0.00E+00,8.09E+06,1.21E+08,6.13E+04,9.17E+05,2.71E+01,7.32E-01,6.85E+01,,4.04E-02,,2.11E-02,,6.44E-03,,3.36E-03
816305150000,9.72E-02,1.03E+01,6.66E+08,2.04E+01,8.44E+08,2.21E+09,1.36E+09,7.96E+01,7.74E-02,3.98E-02,2.43E+01,2.36E-02,1.22E-02,2.01E+00,4.01E+00,5.85E+01,4.00E+02,3.15E+05,3.39E+06,1.84E+05,1.99E+06,1.14E+00,0.00E+00,6.28E-01,1.00E+02,1.30E+07,1.40E+08,1.16E+00,1.60E+01,0.00E+00,0.00E+00,3.88E+01,5.45E+01,0.00E+00,5.83E+01,1.95E+00,0.00E+00,1.51E+07,1.63E+08,3.60E+05,3.88E+06,6.02E+01,6.97E-01,5.18E+01,,7.74E-02,,3.98E-02,,2.36E-02,,1.22E-02
816305200000,7.77E-02,1.29E+01,6.66E+08,2.10E+01,9.20E+08,2.54E+09,1.62E+09,6.55E+01,5.09E-02,3.28E-02,1.22E+01,9.49E-03,6.11E-03,6.47E-01,6.25E+00,5.36E+01,7.57E+02,7.53E+04,1.22E+06,4.04E+04,6.57E+05,1.03E+00,6.84E+00,8.38E-01,1.00E+02,1.08E+07,1.75E+08,1.08E+00,1.31E+01,0.00E+00,0.00E+00,2.71E+01,4.42E+01,0.00E+00,4.23E+01,4.61E-01,0.00E+00,1.16E+07,1.89E+08,7.77E+04,1.26E+06,4.28E+01,5.28E-01,6.34E+01,,5.09E-02,,3.28E-02,,9.49E-03,,6.11E-03
816305250000,6.29E-02,1.59E+01,6.66E+08,1.67E+01,7.02E+08,1.79E+09,1.09E+09,8.45E+01,5.32E-02,4.22E-02,2.10E+01,1.32E-02,1.05E-02,1.28E+00,5.71E+00,5.17E+01,3.68E+02,1.34E+05,2.14E+06,6.94E+04,1.11E+06,1.12E+00,0.00E+00,2.83E-01,1.00E+02,7.10E+06,1.13E+08,9.99E-01,5.62E+00,0.00E+00,0.00E+00,5.93E+01,6.10E+01,0.00E+00,6.27E+01,1.37E+00,0.00E+00,7.09E+06,1.13E+08,1.51E+05,2.40E+06,6.40E+01,1.69E+00,5.34E+01,,5.32E-02,,4.22E-02,,1.32E-02,,1.05E-02
816305300000,5.29E-02,1.89E+01,6.66E+08,2.29E+01,8.82E+08,2.44E+09,1.56E+09,9.01E+01,4.76E-02,4.50E-02,1.50E+01,7.91E-03,7.48E-03,7.38E-01,5.98E+00,4.99E+01,2.37E+02,6.50E+04,1.23E+06,3.25E+04,6.14E+05,1.18E+00,0.00E+00,7.95E-01,1.00E+02,8.99E+06,1.70E+08,1.06E+00,1.26E+01,0.00E+00,0.00E+00,3.37E+01,7.03E+01,0.00E+00,5.71E+01,9.59E-01,0.00E+00,9.55E+06,1.81E+08,7.69E+04,1.45E+06,5.80E+01,1.29E+00,5.39E+01,,4.76E-02,,4.50E-02,,7.91E-03,,7.48E-03
816305350000,6.38E-02,1.57E+01,6.66E+08,2.32E+01,8.99E+08,2.47E+09,1.57E+09,9.00E+01,5.74E-02,4.50E-02,1.62E+01,1.03E-02,8.09E-03,1.23E+00,5.29E+00,5.23E+01,4.40E+02,1.31E+05,2.05E+06,6.82E+04,1.07E+06,1.12E+00,0.00E+00,8.08E-01,1.00E+02,1.07E+07,1.68E+08,1.06E+00,1.31E+01,0.00E+00,0.00E+00,3.26E+01,6.09E+01,0.00E+00,5.44E+01,1.31E+00,0.00E+00,1.14E+07,1.78E+08,1.46E+05,2.29E+06,5.57E+01,1.73E+00,5.57E+01,,5.74E-02,,4.50E-02,,1.03E-02,,8.09E-03
816305400000,5.76E-02,1.74E+01,6.66E+08,2.40E+01,9.31E+08,2.56E+09,1.63E+09,8.57E+01,4.94E-02,4.29E-02,2.07E+01,1.19E-02,1.04E-02,1.27E+00,5.71E+00,5.19E+01,3.82E+02,1.22E+05,2.12E+06,6.35E+04,1.10E+06,1.12E+00,0.00E+00,8.14E-01,1.00E+02,9.82E+06,1.70E+08,1.06E+00,1.27E+01,0.00E+00,0.00E+00,3.30E+01,6.03E+01,0.00E+00,5.58E+01,1.34E+00,0.00E+00,1.04E+07,1.81E+08,1.37E+05,2.37E+06,5.72E+01,1.27E+00,5.52E+01,,4.94E-02,,4.29E-02,,1.19E-02,,1.04E-02
816305450000,6.77E-02,1.48E+01,6.66E+08,2.33E+01,8.96E+08,2.48E+09,1.59E+09,8.95E+01,6.06E-02,4.48E-02,1.82E+01,1.23E-02,9.10E-03,1.27E+00,5.71E+00,5.19E+01,4.11E+02,1.44E+05,2.12E+06,7.45E+04,1.10E+06,1.12E+00,0.00E+00,8.06E-01,1.00E+02,1.13E+07,1.67E+08,1.06E+00,1.27E+01,0.00E+00,0.00E+00,3.24E+01,6.03E+01,0.00E+00,5.39E+01,1.34E+00,0.00E+00,1.20E+07,1.77E+08,1.60E+05,2.37E+06,5.52E+01,1.88E+00,5.56E+01,,6.06E-02,,4.48E-02,,1.23E-02,,9.10E-03
816305500000,6.90E-02,1.45E+01,6.66E+08,1.70E+01,6.95E+08,1.81E+09,1.12E+09,9.53E+01,6.58E-02,4.76E-02,1.70E+01,1.17E-02,8.49E-03,5.82E-01,6.25E+00,5.36E+01,5.77E+02,6.69E+04,9.69E+05,3.59E+04,5.20E+05,1.03E+00,0.00E+00,3.71E-01,1.00E+02,8.53E+06,1.24E+08,1.00E+00,6.93E+00,0.00E+00,0.00E+00,5.43E+01,4.42E+01,0.00E+00,6.30E+01,4.15E-01,0.00E+00,8.53E+06,1.24E+08,6.91E+04,1.00E+06,6.34E+01,2.74E+00,5.48E+01,,6.58E-02,,4.76E-02,,1.17E-02,,8.49E-03
816305550000,6.51E-02,1.54E+01,6.66E+08,2.16E+01,8.28E+08,2.30E+09,1.48E+09,8.99E+01,5.85E-02,4.50E-02,1.09E+01,7.09E-03,5.45E-03,6.93E-01,5.56E+00,5.04E+01,2.49E+02,7.51E+04,1.15E+06,3.79E+04,5.82E+05,1.19E+00,0.00E+00,7.18E-01,1.00E+02,1.07E+07,1.65E+08,1.06E+00,1.16E+01,0.00E+00,0.00E+00,3.64E+01,7.20E+01,0.00E+00,5.97E+01,9.25E-01,0.00E+00,1.14E+07,1.75E+08,8.92E+04,1.37E+06,6.07E+01,8.88E-01,5.23E+01,,5.85E-02,,4.50E-02,,7.09E-03,,5.45E-03
816305600000,5.56E-02,1.80E+01,6.66E+08,2.36E+01,9.17E+08,2.52E+09,1.60E+09,9.05E+01,5.03E-02,4.52E-02,1.96E+01,1.09E-02,9.78E-03,1.23E+00,5.56E+00,5.30E+01,5.08E+02,1.14E+05,2.04E+06,6.02E+04,1.08E+06,1.08E+00,0.00E+00,8.10E-01,1.00E+02,9.38E+06,1.69E+08,1.06E+00,1.29E+01,0.00E+00,0.00E+00,3.27E+01,5.43E+01,0.00E+00,5.49E+01,1.12E+00,0.00E+00,9.95E+06,1.79E+08,1.23E+05,2.21E+06,5.60E+01,1.61E+00,5.55E+01,,5.03E-02,,4.52E-02,,1.09E-02,,9.78E-03
816305650000,6.28E-02,1.59E+01,6.66E+08,2.38E+01,9.21E+08,2.53E+09,1.61E+09,8.64E+01,5.43E-02,4.32E-02,2.23E+01,1.40E-02,1.12E-02,1.23E+00,5.74E+00,5.30E+01,4.66E+02,1.28E+05,2.04E+06,6.81E+04,1.08E+06,1.08E+00,0.00E+00,8.03E-01,1.00E+02,1.06E+07,1.69E+08,1.04E+00,1.33E+01,0.00E+00,0.00E+00,3.26E+01,5.43E+01,0.00E+00,5.39E+01,1.13E+00,0.00E+00,1.11E+07,1.76E+08,1.39E+05,2.21E+06,5.50E+01,1.91E+00,5.63E+01,,5.43E-02,,4.32E-02,,1.40E-02,,1.12E-02
816305700000,5.57E-02,1.80E+01,6.66E+08,2.37E+01,9.13E+08,2.52E+09,1.61E+09,7.52E+01,4.19E-02,3.76E-02,2.05E+01,1.14E-02,1.02E-02,1.23E+00,5.74E+00,5.30E+01,4.72E+02,1.14E+05,2.04E+06,6.03E+04,1.08E+06,1.08E+00,0.00E+00,8.03E-01,1.00E+02,9.42E+06,1.69E+08,1.04E+00,1.28E+01,0.00E+00,0.00E+00,3.27E+01,5.43E+01,0.00E+00,5.40E+01,1.13E+00,0.00E+00,9.82E+06,1.76E+08,1.23E+05,2.21E+06,5.52E+01,2.10E+00,5.56E+01,,4.19E-02,,3.76E-02,,1.14E-02,,1.02E-02
816305750000,5.91E-02,1.69E+01,6.66E+08,2.15E+01,8.84E+08,2.30E+09,1.41E+09,9.56E+01,5.65E-02,4.78E-02,1.17E+01,6.92E-03,5.85E-03,5.82E-01,6.25E+00,5.36E+01,7.29E+02,5.73E+04,9.69E+05,3.07E+04,5.20E+05,1.03E+00,0.00E+00,5.97E-01,1.00E+02,9.10E+06,1.54E+08,1.05E+00,1.17E+01,0.00E+00,0.00E+00,4.14E+01,4.42E+01,0.00E+00,6.26E+01,4.15E-01,0.00E+00,9.53E+06,1.61E+08,5.92E+04,1.00E+06,6.30E+01,9.66E-01,5.71E+01,,5.65E-02,,4.78E-02,,6.92E-03,,5.85E-03
816305800000,9.01E-02,1.11E+01,6.66E+08,1.90E+01,7.15E+08,2.03E+09,1.32E+09,8.61E+01,7.75E-02,4.30E-02,2.12E+01,1.91E-02,1.06E-02,1.23E+00,5.74E+00,5.30E+01,4.66E+02,1.84E+05,2.04E+06,9.76E+04,1.08E+06,1.08E+00,0.00E+00,5.05E-01,1.00E+02,1.29E+07,1.43E+08,9.98E-01,7.15E+00,0.00E+00,0.00E+00,4.78E+01,5.43E+01,0.00E+00,6.38E+01,1.13E+00,0.00E+00,1.28E+07,1.43E+08,1.99E+05,2.21E+06,6.49E+01,1.20E+00,4.89E+01,,7.75E-02,,4.30E-02,,1.91E-02,,1.06E-02
816305850000,4.10E-01,2.44E+00,6.66E+08,2.25E+01,8.55E+08,2.40E+09,1.54E+09,9.06E+01,3.71E-01,4.53E-02,9.18E+00,3.76E-02,4.59E-03,6.44E-01,5.27E+00,5.25E+01,3.46E+02,4.40E+05,1.07E+06,2.31E+05,5.64E+05,1.13E+00,0.00E+00,8.08E-01,1.00E+02,7.02E+07,1.71E+08,1.04E+00,1.30E+01,0.00E+00,0.00E+00,3.30E+01,6.26E+01,0.00E+00,5.53E+01,7.11E-01,0.00E+00,7.31E+07,1.78E+08,4.96E+05,1.21E+06,5.60E+01,1.61E+00,5.45E+01,,3.71E-01,,4.53E-02,,3.76E-02,,4.59E-03
816305900000,4.10E-01,2.44E+00,6.66E+08,2.31E+01,1.08E+09,2.68E+09,1.60E+09,3.71E+01,1.52E-01,1.85E-02,0.00E+00,0.00E+00,0.00E+00,0.00E+00,,,,0.00E+00,0.00E+00,0.00E+00,0.00E+00,,2.61E+00,8.46E-01,1.00E+02,2.93E+07,1.73E+08,1.10E+00,1.68E+01,0.00E+00,0.00E+00,2.68E+01,,0.00E+00,4.42E+01,0.00E+00,0.00E+00,3.23E+07,1.91E+08,0.00E+00,0.00E+00,4.42E+01,6.11E-01,7.20E+01,,1.52E-01,,1.85E-02,,0.00E+00,,0.00E+00
816305950000,4.10E-01,2.44E+00,,,,,,0.00E+00,0.00E+00,0.00E+00,0.00E+00,0.00E+00,0.00E+00,,,,,,,,,,,,,,,,,,,,,,,,,,,,,,,,,0.00E+00,,0.00E+00,,0.00E+00,,0.00E+00
816306000000,4.10E-01,2.44E+00,,,,,,0.00E+00,0.00E+00,0.00E+00,0.00E+00,0.00E+00,0.00E+00,,,,,,,,,,,,,,,,,,,,,,,,,,,,,,,,,0.00E+00,,0.00E+00,,0.00E+00,,0.00E+00
816306050000,4.10E-01,2.44E+00,,,,,,0.00E+00,0.00E+00,0.00E+00,0.00E+00,0.00E+00,0.00E+00,,,,,,,,,,,,,,,,,,,,,,,,,,,,,,,,,0.00E+00,,0.00E+00,,0.00E+00,,0.00E+00
816306100000,4.10E-01,2.44E+00,,,,,,0.00E+00,0.00E+00,0.00E+00,0.00E+00,0.00E+00,0.00E+00,,,,,,,,,,,,,,,,,,,,,,,,,,,,,,,,,0.00E+00,,0.00E+00,,0.00E+00,,0.00E+00
816306150000,4.10E-01,2.44E+00,,,,,,0.00E+00,0.00E+00,0.00E+00,0.00E+00,0.00E+00,0.00E+00,,,,,,,,,,,,,,,,,,,,,,,,,,,,,,,,,0.00E+00,,0.00E+00,,0.00E+00,,0.00E+00
816306200000,1.60E-01,6.24E+00,6.66E+08,1.52E+01,6.57E+08,1.89E+09,1.23E+09,7.24E-01,1.16E-03,3.62E-04,6.62E+00,1.06E-02,3.31E-03,4.50E+00,6.25E+00,5.36E+01,7.57E+02,1.55E+05,8.74E+06,8.32E+04,4.69E+06,1.03E+00,1.05E+01,2.54E-01,1.00E+02,1.01E+06,5.69E+07,9.93E-01,2.68E+00,0.00E+00,0.00E+00,8.28E+00,4.42E+01,0.00E+00,3.76E+00,3.21E+00,0.00E+00,1.00E+06,5.65E+07,1.60E+05,9.03E+06,6.98E+00,1.28E-04,3.27E+01,,1.16E-03,,3.62E-04,,1.06E-02,,3.31E-03
816306250000,4.75E-02,2.10E+01,6.66E+08,1.97E+01,7.41E+08,2.11E+09,1.37E+09,8.85E+01,4.21E-02,4.43E-02,1.76E+01,8.38E-03,8.82E-03,1.23E+00,5.75E+00,5.29E+01,4.62E+02,9.71E+04,2.06E+06,5.14E+04,1.09E+06,1.08E+00,0.00E+00,5.30E-01,1.00E+02,7.03E+06,1.49E+08,9.97E-01,7.32E+00,0.00E+00,0.00E+00,4.74E+01,5.43E+01,0.00E+00,6.60E+01,1.13E+00,0.00E+00,7.01E+06,1.49E+08,1.05E+05,2.23E+06,6.71E+01,3.34E-01,4.96E+01,,4.21E-02,,4.43E-02,,8.38E-03,,8.82E-03
816306300000,8.13E-02,1.23E+01,4.07E+08,2.83E+01,6.50E+08,1.85E+09,1.20E+09,9.22E+01,7.49E-02,4.61E-02,9.66E+00,7.85E-03,4.83E-03,1.08E+00,5.25E+00,5.09E+01,3.32E+02,8.97E+04,1.10E+06,4.57E+04,5.62E+05,1.15E+00,9.62E+00,1.15E+00,1.00E+02,1.04E+07,1.28E+08,1.06E+00,1.62E+01,0.00E+00,0.00E+00,2.45E+01,6.63E+01,0.00E+00,5.10E+01,1.29E+00,0.00E+00,1.10E+07,1.36E+08,1.03E+05,1.27E+06,5.23E+01,1.41E+00,5.47E+01,,7.49E-02,,4.61E-02,,7.85E-03,,4.83E-03
816306350000,6.75E-02,1.48E+01,6.66E+08,2.49E+01,9.88E+08,2.65E+09,1.66E+09,9.13E+01,6.16E-02,4.57E-02,2.98E+01,2.01E-02,1.49E-02,1.52E+00,4.34E+00,6.21E+01,5.34E+02,1.71E+05,2.54E+06,1.06E+05,1.57E+06,1.19E+00,0.00E+00,8.16E-01,1.00E+02,1.18E+07,1.74E+08,1.06E+00,1.66E+01,0.00E+00,0.00E+00,3.16E+01,4.67E+01,0.00E+00,5.48E+01,1.33E+00,0.00E+00,1.25E+07,1.85E+08,2.05E+05,3.03E+06,5.61E+01,1.80E+00,5.68E+01,,6.16E-02,,4.57E-02,,2.01E-02,,1.49E-02
816306400000,6.48E-02,1.54E+01,6.66E+08,2.14E+01,8.95E+08,2.28E+09,1.39E+09,8.75E+01,5.67E-02,4.38E-02,1.47E+01,9.55E-03,7.36E-03,5.69E-01,6.25E+00,5.37E+01,4.91E+02,6.14E+04,9.47E+05,3.30E+04,5.09E+05,1.06E+00,0.00E+00,5.83E-01,1.00E+02,9.67E+06,1.49E+08,1.07E+00,1.22E+01,0.00E+00,0.00E+00,4.18E+01,4.89E+01,0.00E+00,6.23E+01,4.59E-01,0.00E+00,1.03E+07,1.59E+08,6.48E+04,1.00E+06,6.28E+01,1.20E+00,5.73E+01,,5.67E-02,,4.38E-02,,9.55E-03,,7.36E-03
816306450000,6.64E-02,1.51E+01,6.66E+08,1.78E+01,6.45E+08,1.89E+09,1.25E+09,8.55E+01,5.68E-02,4.28E-02,1.47E+01,9.79E-03,7.37E-03,6.35E-01,6.09E+00,5.25E+01,2.58E+02,7.03E+04,1.06E+06,3.69E+04,5.55E+05,1.16E+00,0.00E+00,5.12E-01,1.00E+02,9.45E+06,1.42E+08,9.99E-01,7.17E+00,0.00E+00,0.00E+00,4.64E+01,6.71E+01,0.00E+00,6.18E+01,7.70E-01,0.00E+00,9.43E+06,1.42E+08,8.13E+04,1.22E+06,6.25E+01,2.13E+00,4.90E+01,,5.68E-02,,4.28E-02,,9.79E-03,,7.37E-03
816306500000,7.27E-02,1.38E+01,6.66E+08,2.42E+01,9.45E+08,2.58E+09,1.63E+09,8.83E+01,6.42E-02,4.42E-02,2.03E+01,1.48E-02,1.02E-02,1.37E+00,4.92E+00,5.39E+01,4.56E+02,1.67E+05,2.29E+06,8.97E+04,1.23E+06,1.14E+00,0.00E+00,8.24E-01,1.00E+02,1.27E+07,1.74E+08,1.08E+00,1.68E+01,0.00E+00,0.00E+00,3.13E+01,5.42E+01,0.00E+00,5.52E+01,1.32E+00,0.00E+00,1.37E+07,1.88E+08,1.89E+05,2.60E+06,5.65E+01,1.66E+00,5.84E+01,,6.42E-02,,4.42E-02,,1.48E-02,,1.02E-02
816306550000,6.47E-02,1.54E+01,6.66E+08,2.37E+01,9.34E+08,2.54E+09,1.61E+09,7.46E+01,4.83E-02,3.73E-02,2.38E+01,1.54E-02,1.19E-02,1.49E+00,5.31E+00,5.16E+01,4.03E+02,1.56E+05,2.50E+06,8.04E+04,1.29E+06,1.15E+00,0.00E+00,8.13E-01,1.00E+02,1.04E+07,1.66E+08,1.09E+00,1.58E+01,0.00E+00,0.00E+00,2.90E+01,5.36E+01,0.00E+00,4.87E+01,1.44E+00,0.00E+00,1.13E+07,1.81E+08,1.79E+05,2.87E+06,5.02E+01,8.06E-01,6.08E+01,,4.83E-02,,3.73E-02,,1.54E-02,,1.19E-02
816306600000,6.15E-02,1.63E+01,6.66E+08,2.38E+01,9.33E+08,2.54E+09,1.61E+09,9.45E+01,5.81E-02,4.72E-02,1.71E+01,1.05E-02,8.54E-03,1.25E+00,5.92E+00,4.88E+01,8.08E+02,1.28E+05,2.08E+06,6.26E+04,1.02E+06,1.04E+00,0.00E+00,7.07E-01,1.00E+02,1.06E+07,1.72E+08,1.05E+00,1.32E+01,0.00E+00,0.00E+00,3.53E+01,4.43E+01,0.00E+00,5.98E+01,9.01E-01,0.00E+00,1.11E+07,1.81E+08,1.34E+05,2.17E+06,6.07E+01,8.27E-01,5.84E+01,,5.81E-02,,4.72E-02,,1.05E-02,,8.54E-03
816306650000,6.02E-02,1.66E+01,6.66E+08,1.67E+01,6.65E+08,1.78E+09,1.11E+09,9.00E+01,5.42E-02,4.50E-02,1.88E+01,1.13E-02,9.42E-03,4.67E-01,6.89E+00,4.23E+01,1.73E+02,4.68E+04,7.78E+05,1.98E+04,3.29E+05,1.24E+00,0.00E+00,4.03E-01,1.00E+02,7.63E+06,1.27E+08,1.04E+00,9.81E+00,0.00E+00,0.00E+00,5.34E+01,7.69E+01,0.00E+00,6.62E+01,6.93E-01,0.00E+00,7.95E+06,1.32E+08,5.78E+04,9.61E+05,6.69E+01,1.95E+00,5.16E+01,,5.42E-02,,4.50E-02,,1.13E-02,,9.42E-03
816306700000,5.95E-02,1.68E+01,6.66E+08,2.32E+01,8.91E+08,2.47E+09,1.58E+09,8.97E+01,5.33E-02,4.48E-02,1.79E+01,1.07E-02,8.96E-03,1.06E+00,5.92E+00,4.36E+01,3.79E+02,1.05E+05,1.76E+06,4.57E+04,7.68E+05,1.12E+00,0.00E+00,7.94E-01,1.00E+02,1.01E+07,1.70E+08,1.05E+00,1.27E+01,0.00E+00,0.00E+00,3.30E+01,6.08E+01,0.00E+00,5.52E+01,1.12E+00,0.00E+00,1.06E+07,1.79E+08,1.17E+05,1.97E+06,5.63E+01,1.81E+00,5.49E+01,,5.33E-02,,4.48E-02,,1.07E-02,,8.96E-03
816306750000,6.40E-02,1.56E+01,6.66E+08,2.33E+01,8.94E+08,2.48E+09,1.59E+09,8.97E+01,5.74E-02,4.48E-02,1.85E+01,1.18E-02,9.25E-03,1.31E+00,5.58E+00,4.63E+01,5.01E+02,1.40E+05,2.19E+06,6.47E+04,1.01E+06,1.10E+00,0.00E+00,7.91E-01,1.00E+02,1.08E+07,1.69E+08,1.05E+00,1.25E+01,0.00E+00,0.00E+00,3.28E+01,5.77E+01,0.00E+00,5.47E+01,1.30E+00,0.00E+00,1.14E+07,1.78E+08,1.54E+05,2.41E+06,5.60E+01,2.06E+00,5.54E+01,,5.74E-02,,4.48E-02,,1.18E-02,,9.25E-03
816306800000,6.89E-02,1.45E+01,6.66E+08,2.34E+01,8.96E+08,2.50E+09,1.60E+09,8.17E+01,5.63E-02,4.08E-02,2.07E+01,1.43E-02,1.03E-02,1.31E+00,5.94E+00,4.63E+01,4.58E+02,1.51E+05,2.19E+06,6.98E+04,1.01E+06,1.10E+00,0.00E+00,7.89E-01,1.00E+02,1.16E+07,1.69E+08,1.05E+00,1.27E+01,0.00E+00,0.00E+00,3.28E+01,5.77E+01,0.00E+00,5.44E+01,1.30E+00,0.00E+00,1.22E+07,1.77E+08,1.66E+05,2.41E+06,5.57E+01,2.14E+00,5.57E+01,,5.63E-02,,4.08E-02,,1.43E-02,,1.03E-02
816306850000,6.43E-02,1.56E+01,6.66E+08,1.71E+01,7.06E+08,1.83E+09,1.12E+09,9.43E+01,6.06E-02,4.72E-02,8.20E+00,5.27E-03,4.10E-03,6.09E-01,6.55E+00,4.73E+01,6.35E+02,6.53E+04,1.02E+06,3.08E+04,4.80E+05,1.03E+00,0.00E+00,3.71E-01,1.00E+02,7.99E+06,1.24E+08,1.00E+00,6.99E+00,0.00E+00,0.00E+00,5.45E+01,4.42E+01,0.00E+00,6.38E+01,4.35E-01,0.00E+00,8.02E+06,1.25E+08,6.74E+04,1.05E+06,6.42E+01,2.46E+00,5.46E+01,,6.06E-02,,4.72E-02,,5.27E-03,,4.10E-03
816306900000,5.89E-02,1.70E+01,6.66E+08,2.25E+01,8.57E+08,2.40E+09,1.54E+09,8.50E+01,5.01E-02,4.25E-02,2.05E+01,1.21E-02,1.03E-02,1.31E+00,5.94E+00,4.63E+01,4.34E+02,1.29E+05,2.19E+06,5.97E+04,1.01E+06,1.10E+00,0.00E+00,6.99E-01,1.00E+02,9.66E+06,1.64E+08,1.05E+00,1.16E+01,0.00E+00,0.00E+00,3.63E+01,5.77E+01,0.00E+00,5.85E+01,1.30E+00,0.00E+00,1.01E+07,1.72E+08,1.42E+05,2.41E+06,5.98E+01,1.36E+00,5.32E+01,,5.01E-02,,4.25E-02,,1.21E-02,,1.03E-02
816306950000,6.18E-02,1.62E+01,6.66E+08,2.26E+01,8.48E+08,2.40E+09,1.56E+09,8.99E+01,5.56E-02,4.49E-02,1.15E+01,7.14E-03,5.77E-03,7.01E-01,5.63E+00,4.57E+01,3.09E+02,7.23E+04,1.17E+06,3.30E+04,5.34E+05,1.16E+00,0.00E+00,7.98E-01,1.00E+02,1.07E+07,1.72E+08,1.05E+00,1.27E+01,0.00E+00,0.00E+00,3.33E+01,6.75E+01,0.00E+00,5.64E+01,8.58E-01,0.00E+00,1.12E+07,1.81E+08,8.38E+04,1.36E+06,5.73E+01,1.34E+00,5.42E+01,,5.56E-02,,4.49E-02,,7.14E-03,,5.77E-03
816307000000,6.27E-02,1.59E+01,6.66E+08,2.37E+01,9.08E+08,2.52E+09,1.61E+09,8.54E+01,5.35E-02,4.27E-02,2.09E+01,1.31E-02,1.05E-02,1.31E+00,5.81E+00,4.64E+01,4.70E+02,1.37E+05,2.18E+06,6.35E+04,1.01E+06,1.10E+00,0.00E+00,7.93E-01,1.00E+02,1.07E+07,1.70E+08,1.05E+00,1.26E+01,0.00E+00,0.00E+00,3.30E+01,5.74E+01,0.00E+00,5.53E+01,1.29E+00,0.00E+00,1.12E+07,1.79E+08,1.51E+05,2.40E+06,5.66E+01,1.83E+00,5.52E+01,,5.35E-02,,4.27E-02,,1.31E-02,,1.05E-02
816307050000,7.06E-02,1.42E+01,6.66E+08,2.32E+01,8.73E+08,2.48E+09,1.60E+09,8.75E+01,6.17E-02,4.37E-02,7.61E+00,5.37E-03,3.80E-03,9.81E-01,6.13E+00,4.81E+01,9.62E+02,1.15E+05,1.64E+06,5.55E+04,7.86E+05,1.04E+00,0.00E+00,8.00E-01,1.00E+02,1.22E+07,1.73E+08,1.05E+00,1.28E+01,0.00E+00,0.00E+00,3.35E+01,4.48E+01,0.00E+00,5.69E+01,7.11E-01,0.00E+00,1.28E+07,1.81E+08,1.19E+05,1.69E+06,5.77E+01,2.02E+00,5.57E+01,,6.17E-02,,4.37E-02,,5.37E-03,,3.80E-03
816307100000,6.94E-02,1.44E+01,6.66E+08,1.59E+01,6.61E+08,1.70E+09,1.04E+09,9.19E+01,6.38E-02,4.59E-02,1.78E+01,1.23E-02,8.89E-03,7.87E-01,6.11E+00,4.75E+01,2.97E+02,9.10E+04,1.31E+06,4.32E+04,6.23E+05,1.15E+00,0.00E+00,2.69E-01,1.00E+02,7.96E+06,1.15E+08,1.00E+00,5.64E+00,0.00E+00,0.00E+00,6.05E+01,6.45E+01,0.00E+00,6.51E+01,9.09E-01,0.00E+00,7.96E+06,1.15E+08,1.04E+05,1.50E+06,6.60E+01,1.96E+00,5.23E+01,,6.38E-02,,4.59E-02,,1.23E-02,,8.89E-03
816307150000,6.26E-02,1.60E+01,6.66E+08,2.30E+01,8.73E+08,2.45E+09,1.58E+09,7.42E+01,4.64E-02,3.71E-02,1.27E+01,7.95E-03,6.36E-03,8.53E-01,5.77E+00,4.35E+01,3.62E+02,8.89E+04,1.42E+06,3.86E+04,6.18E+05,1.13E+00,0.00E+00,7.99E-01,1.00E+02,1.08E+07,1.73E+08,1.05E+00,1.31E+01,0.00E+00,0.00E+00,3.34E+01,6.39E+01,0.00E+00,5.67E+01,9.66E-01,0.00E+00,1.13E+07,1.81E+08,1.01E+05,1.61E+06,5.76E+01,9.25E-01,5.43E+01,,4.64E-02,,3.71E-02,,7.95E-03,,6.36E-03
816307200000,6.25E-02,1.60E+01,6.66E+08,2.34E+01,8.97E+08,2.50E+09,1.60E+09,8.99E+01,5.61E-02,4.49E-02,2.05E+01,1.28E-02,1.03E-02,1.31E+00,5.79E+00,4.64E+01,4.75E+02,1.36E+05,2.18E+06,6.32E+04,1.01E+06,1.10E+00,0.00E+00,7.90E-01,1.00E+02,1.06E+07,1.69E+08,1.05E+00,1.29E+01,0.00E+00,0.00E+00,3.28E+01,5.74E+01,0.00E+00,5.46E+01,1.29E+00,0.00E+00,1.11E+07,1.77E+08,1.50E+05,2.40E+06,5.59E+01,1.81E+00,5.60E+01,,5.61E-02,,4.49E-02,,1.28E-02,,1.03E-02
816307250000,5.73E-02,1.75E+01,6.66E+08,2.35E+01,9.02E+08,2.50E+09,1.60E+09,8.96E+01,5.13E-02,4.48E-02,2.29E+01,1.31E-02,1.14E-02,1.31E+00,5.94E+00,4.65E+01,4.63E+02,1.25E+05,2.18E+06,5.80E+04,1.01E+06,1.10E+00,0.00E+00,7.88E-01,1.00E+02,9.61E+06,1.68E+08,1.05E+00,1.28E+01,0.00E+00,0.00E+00,3.26E+01,5.68E+01,0.00E+00,5.39E+01,1.27E+00,0.00E+00,1.01E+07,1.76E+08,1.37E+05,2.39E+06,5.52E+01,2.24E+00,5.60E+01,,5.13E-02,,4.48E-02,,1.31E-02,,1.14E-02
816307300000,6.14E-02,1.63E+01,6.66E+08,2.26E+01,8.71E+08,2.42E+09,1.54E+09,9.58E+01,5.88E-02,4.79E-02,1.20E+01,7.38E-03,6.01E-03,6.09E-01,6.55E+00,4.73E+01,7.58E+02,6.23E+04,1.02E+06,2.94E+04,4.80E+05,1.03E+00,0.00E+00,7.14E-01,1.00E+02,1.05E+07,1.71E+08,1.05E+00,1.27E+01,0.00E+00,0.00E+00,3.70E+01,4.42E+01,0.00E+00,6.20E+01,4.35E-01,0.00E+00,1.10E+07,1.79E+08,6.43E+04,1.05E+06,6.25E+01,1.23E+00,5.56E+01,,5.88E-02,,4.79E-02,,7.38E-03,,6.01E-03
816307350000,6.24E-02,1.60E+01,6.66E+08,1.70E+01,6.86E+08,1.81E+09,1.12E+09,8.46E+01,5.28E-02,4.23E-02,2.31E+01,1.44E-02,1.15E-02,1.31E+00,5.94E+00,4.65E+01,4.63E+02,1.36E+05,2.18E+06,6.32E+04,1.01E+06,1.10E+00,0.00E+00,3.59E-01,1.00E+02,7.42E+06,1.19E+08,9.98E-01,5.89E+00,0.00E+00,0.00E+00,5.47E+01,5.68E+01,0.00E+00,6.09E+01,1.27E+00,0.00E+00,7.40E+06,1.19E+08,1.49E+05,2.39E+06,6.22E+01,2.37E+00,5.16E+01,,5.28E-02,,4.23E-02,,1.44E-02,,1.15E-02
816307400000,6.29E-02,1.59E+01,6.66E+08,2.33E+01,8.87E+08,2.49E+09,1.60E+09,8.61E+01,5.41E-02,4.30E-02,1.35E+01,8.48E-03,6.75E-03,6.97E-01,6.23E+00,4.60E+01,2.77E+02,7.30E+04,1.16E+06,3.36E+04,5.34E+05,1.15E+00,0.00E+00,8.05E-01,1.00E+02,1.10E+07,1.75E+08,1.05E+00,1.30E+01,0.00E+00,0.00E+00,3.38E+01,6.66E+01,0.00E+00,5.82E+01,8.38E-01,0.00E+00,1.15E+07,1.84E+08,8.44E+04,1.34E+06,5.90E+01,6.54E-01,5.36E+01,,5.41E-02,,4.30E-02,,8.48E-03,,6.75E-03
816307450000,7.52E-02,1.33E+01,6.66E+08,2.32E+01,8.85E+08,2.48E+09,1.59E+09,8.55E+01,6.43E-02,4.27E-02,1.71E+01,1.29E-02,8.56E-03,1.31E+00,5.49E+00,4.65E+01,5.63E+02,1.63E+05,2.17E+06,7.60E+04,1.01E+06,1.10E+00,0.00E+00,7.92E-01,1.00E+02,1.28E+07,1.70E+08,1.05E+00,1.31E+01,0.00E+00,0.00E+00,3.29E+01,5.68E+01,0.00E+00,5.51E+01,1.27E+00,0.00E+00,1.34E+07,1.78E+08,1.79E+05,2.39E+06,5.63E+01,1.52E+00,5.51E+01,,6.43E-02,,4.27E-02,,1.29E-02,,8.56E-03
816307500000,1.60E-01,6.25E+00,6.66E+08,2.27E+01,8.77E+08,2.43E+09,1.56E+09,8.06E+01,1.29E-01,4.03E-02,2.19E+01,3.50E-02,1.09E-02,1.33E+00,5.94E+00,4.65E+01,4.92E+02,3.48E+05,2.22E+06,1.62E+05,1.03E+06,1.10E+00,0.00E+00,7.80E-01,1.00E+02,2.55E+07,1.62E+08,1.05E+00,1.43E+01,0.00E+00,0.00E+00,3.12E+01,5.68E+01,0.00E+00,4.98E+01,1.29E+00,0.00E+00,2.68E+07,1.71E+08,3.82E+05,2.44E+06,5.11E+01,1.76E+00,5.83E+01,,1.29E-01,,4.03E-02,,3.50E-02,,1.09E-02
816307550000,3.02E-01,3.31E+00,6.66E+08,1.56E+01,6.30E+08,1.66E+09,1.03E+09,9.51E+01,2.88E-01,4.76E-02,3.38E+00,1.02E-02,1.69E-03,1.68E-04,1.00E+00,1.00E+02,1.00E+00,8.48E+01,2.81E+02,8.48E+01,2.81E+02,2.00E+00,0.00E+00,3.67E-01,1.00E+02,3.77E+07,1.25E+08,1.00E+00,7.02E+00,0.00E+00,0.00E+00,5.49E+01,4.80E+01,0.00E+00,6.42E+01,2.53E-04,0.00E+00,3.77E+07,1.25E+08,1.70E+02,5.61E+02,6.42E+01,2.19E+00,5.38E+01,,2.88E-01,,4.76E-02,,1.02E-02,,1.69E-03
816307600000,3.02E-01,3.31E+00,6.66E+08,2.59E+01,1.49E+09,3.66E+09,2.17E+09,1.21E+01,3.67E-02,6.07E-03,0.00E+00,0.00E+00,0.00E+00,0.00E+00,,,,0.00E+00,0.00E+00,0.00E+00,0.00E+00,,1.06E+01,1.09E+00,,9.30E+06,2.17E+08,1.27E+00,2.90E+01,0.00E+00,0.00E+00,1.02E+01,,0.00E+00,1.99E+01,0.00E+00,0.00E+00,1.18E+07,2.76E+08,0.00E+00,0.00E+00,1.99E+01,5.09E-02,9.64E+01,,3.67E-02,,6.07E-03,,0.00E+00,,0.00E+00
816307650000,3.02E-01,3.31E+00,,,,,,0.00E+00,0.00E+00,0.00E+00,0.00E+00,0.00E+00,0.00E+00,,,,,,,,,,,,,,,,,,,,,,,,,,,,,,,,,0.00E+00,,0.00E+00,,0.00E+00,,0.00E+00
816307700000,3.02E-01,3.31E+00,,,,,,0.00E+00,0.00E+00,0.00E+00,0.00E+00,0.00E+00,0.00E+00,,,,,,,,,,,,,,,,,,,,,,,,,,,,,,,,,0.00E+00,,0.00E+00,,0.00E+00,,0.00E+00
816307750000,3.02E-01,3.31E+00,,,,,,0.00E+00,0.00E+00,0.00E+00,0.00E+00,0.00E+00,0.00E+00,,,,,,,,,,,,,,,,,,,,,,,,,,,,,,,,,0.00E+00,,0.00E+00,,0.00E+00,,0.00E+00
816307800000,6.46E-02,1.55E+01,6.66E+08,1.77E+01,6.72E+08,2.10E+09,1.43E+09,2.87E+01,1.85E-02,1.44E-02,1.64E+01,1.06E-02,8.22E-03,2.26E+00,5.94E+00,4.65E+01,4.63E+02,1.41E+05,4.19E+06,6.54E+04,1.95E+06,1.10E+00,5.26E+00,6.17E-01,1.00E+02,4.66E+06,1.39E+08,9.96E-01,6.45E+00,0.00E+00,0.00E+00,2.93E+01,5.68E+01,0.00E+00,3.42E+01,2.20E+00,0.00E+00,4.64E+06,1.38E+08,1.54E+05,4.59E+06,3.64E+01,2.85E-01,5.11E+01,,1.85E-02,,1.44E-02,,1.06E-02,,8.22E-03
816307850000,6.09E-02,1.64E+01,6.66E+08,2.39E+01,9.08E+08,2.55E+09,1.64E+09,8.63E+01,5.25E-02,4.32E-02,1.71E+01,1.04E-02,8.57E-03,1.30E+00,5.88E+00,4.85E+01,5.27E+02,1.32E+05,2.17E+06,6.41E+04,1.05E+06,1.10E+00,0.00E+00,8.05E-01,1.00E+02,1.06E+07,1.73E+08,1.05E+00,1.28E+01,0.00E+00,0.00E+00,3.35E+01,5.65E+01,0.00E+00,5.70E+01,1.26E+00,0.00E+00,1.11E+07,1.82E+08,1.45E+05,2.38E+06,5.83E+01,1.12E+00,5.47E+01,,5.25E-02,,4.32E-02,,1.04E-02,,8.57E-03
816307900000,6.84E-02,1.46E+01,6.66E+08,1.78E+01,7.18E+08,1.89E+09,1.18E+09,9.51E+01,6.51E-02,4.75E-02,1.50E+01,1.02E-02,7.48E-03,4.82E-01,2.50E+00,8.73E+01,2.10E+02,5.49E+04,8.03E+05,4.80E+04,7.01E+05,1.44E+00,0.00E+00,3.89E-01,1.00E+02,8.94E+06,1.31E+08,1.01E+00,7.83E+00,0.00E+00,0.00E+00,5.39E+01,3.59E+01,0.00E+00,6.66E+01,3.90E-01,0.00E+00,9.02E+06,1.32E+08,7.93E+04,1.16E+06,6.70E+01,9.02E-01,5.24E+01,,6.51E-02,,4.75E-02,,1.02E-02,,7.48E-03
816307950000,6.78E-02,1.48E+01,6.66E+08,2.34E+01,9.39E+08,2.50E+09,1.56E+09,8.89E+01,6.03E-02,4.45E-02,1.95E+01,1.32E-02,9.75E-03,1.26E+00,5.59E+00,4.70E+01,4.79E+02,1.43E+05,2.10E+06,6.70E+04,9.88E+05,1.11E+00,0.00E+00,7.58E-01,1.00E+02,1.15E+07,1.69E+08,1.12E+00,1.64E+01,0.00E+00,0.00E+00,3.45E+01,5.88E+01,0.00E+00,6.17E+01,1.29E+00,0.00E+00,1.29E+07,1.90E+08,1.58E+05,2.33E+06,6.29E+01,1.25E+00,5.43E+01,,6.03E-02,,4.45E-02,,1.32E-02,,9.75E-03
816308000000,6.01E-02,1.66E+01,6.66E+08,2.38E+01,9.05E+08,2.54E+09,1.63E+09,8.60E+01,5.17E-02,4.30E-02,2.01E+01,1.21E-02,1.01E-02,1.26E+00,5.79E+00,5.03E+01,4.30E+02,1.26E+05,2.10E+06,6.37E+04,1.06E+06,1.11E+00,0.00E+00,8.04E-01,1.00E+02,1.03E+07,1.72E+08,1.06E+00,1.29E+01,0.00E+00,0.00E+00,3.32E+01,5.88E+01,0.00E+00,5.68E+01,1.29E+00,0.00E+00,1.10E+07,1.83E+08,1.40E+05,2.33E+06,5.81E+01,1.14E+00,5.49E+01,,5.17E-02,,4.30E-02,,1.21E-02,,1.01E-02
816308050000,6.73E-02,1.49E+01,6.66E+08,2.48E+01,9.85E+08,2.65E+09,1.66E+09,8.44E+01,5.68E-02,4.22E-02,2.97E+01,2.00E-02,1.48E-02,1.46E+00,5.21E+00,5.30E+01,3.77E+02,1.64E+05,2.44E+06,8.68E+04,1.29E+06,1.14E+00,0.00E+00,8.24E-01,1.00E+02,1.17E+07,1.74E+08,1.10E+00,1.57E+01,0.00E+00,0.00E+00,3.14E+01,5.60E+01,0.00E+00,5.62E+01,1.46E+00,0.00E+00,1.28E+07,1.91E+08,1.87E+05,2.78E+06,5.77E+01,1.89E+00,5.86E+01,,5.68E-02,,4.22E-02,,2.00E-02,,1.48E-02
816308100000,7.04E-02,1.42E+01,6.66E+08,2.15E+01,9.02E+08,2.29E+09,1.39E+09,9.44E+01,6.64E-02,4.72E-02,1.28E+01,9.02E-03,6.41E-03,7.24E-01,5.63E+00,5.52E+01,5.75E+02,8.49E+04,1.21E+06,4.68E+04,6.65E+05,1.11E+00,0.00E+00,5.74E-01,1.00E+02,1.07E+07,1.51E+08,1.08E+00,1.13E+01,0.00E+00,0.00E+00,4.03E+01,4.10E+01,0.00E+00,6.18E+01,5.13E-01,0.00E+00,1.15E+07,1.63E+08,9.39E+04,1.34E+06,6.23E+01,9.67E-01,5.77E+01,,6.64E-02,,4.72E-02,,9.02E-03,,6.41E-03
816308150000,7.20E-02,1.39E+01,6.66E+08,1.83E+01,6.77E+08,1.96E+09,1.28E+09,9.07E+01,6.53E-02,4.54E-02,1.24E+01,8.95E-03,6.21E-03,6.96E-01,5.13E+00,5.52E+01,2.91E+02,8.19E+04,1.16E+06,4.52E+04,6.42E+05,1.18E+00,0.00E+00,5.59E-01,1.00E+02,1.04E+07,1.47E+08,1.03E+00,1.10E+01,0.00E+00,0.00E+00,4.55E+01,7.06E+01,0.00E+00,6.47E+01,9.05E-01,0.00E+00,1.07E+07,1.52E+08,9.66E+04,1.37E+06,6.56E+01,1.17E+00,5.10E+01,,6.53E-02,,4.54E-02,,8.95E-03,,6.21E-03
816308200000,7.88E-02,1.27E+01,6.66E+08,2.56E+01,1.07E+09,2.76E+09,1.69E+09,7.00E+01,5.52E-02,3.50E-02,2.34E+01,1.84E-02,1.17E-02,2.07E+00,3.89E+00,6.08E+01,3.54E+02,2.50E+05,3.49E+06,1.52E+05,2.12E+06,1.30E+00,0.00E+00,9.21E-01,1.00E+02,1.19E+07,1.67E+08,1.23E+00,2.37E+01,0.00E+00,0.00E+00,2.50E+01,4.61E+01,0.00E+00,4.75E+01,1.94E+00,0.00E+00,1.47E+07,2.05E+08,3.25E+05,4.55E+06,4.95E+01,2.71E-01,5.88E+01,,5.52E-02,,3.50E-02,,1.84E-02,,1.17E-02
816308250000,6.82E-02,1.47E+01,6.66E+08,2.24E+01,8.78E+08,2.45E+09,1.57E+09,8.65E+01,5.89E-02,4.32E-02,1.69E+01,1.15E-02,8.47E-03,5.54E-01,6.56E+00,5.01E+01,6.24E+02,6.29E+04,9.45E+05,3.15E+04,4.73E+05,1.03E+00,0.00E+00,7.95E-01,1.00E+02,1.15E+07,1.73E+08,1.08E+00,1.46E+01,0.00E+00,0.00E+00,3.30E+01,4.42E+01,0.00E+00,5.65E+01,3.95E-01,0.00E+00,1.24E+07,1.87E+08,6.50E+04,9.76E+05,5.69E+01,1.07E+00,5.78E+01,,5.89E-02,,4.32E-02,,1.15E-02,,8.47E-03
816308300000,5.60E-02,1.78E+01,6.66E+08,1.58E+01,6.74E+08,1.72E+09,1.04E+09,7.82E+01,4.38E-02,3.91E-02,2.18E+01,1.22E-02,1.09E-02,1.29E+00,5.81E+00,5.07E+01,3.70E+02,1.14E+05,2.19E+06,5.81E+04,1.11E+06,1.13E+00,0.00E+00,2.48E-01,1.00E+02,5.63E+06,1.08E+08,1.00E+00,5.23E+00,0.00E+00,0.00E+00,6.05E+01,6.12E+01,0.00E+00,6.00E+01,1.39E+00,0.00E+00,5.64E+06,1.08E+08,1.29E+05,2.46E+06,6.13E+01,2.63E+00,5.47E+01,,4.38E-02,,3.91E-02,,1.22E-02,,1.09E-02
816308350000,5.59E-02,1.79E+01,6.66E+08,2.31E+01,9.04E+08,2.46E+09,1.56E+09,9.00E+01,5.03E-02,4.50E-02,1.64E+01,9.15E-03,8.18E-03,8.25E-01,5.71E+00,5.13E+01,2.62E+02,7.68E+04,1.37E+06,3.94E+04,7.05E+05,1.18E+00,0.00E+00,7.93E-01,1.00E+02,9.41E+06,1.68E+08,1.08E+00,1.27E+01,0.00E+00,0.00E+00,3.29E+01,6.83E+01,0.00E+00,5.58E+01,1.03E+00,0.00E+00,1.01E+07,1.81E+08,9.03E+04,1.61E+06,5.69E+01,1.78E+00,5.55E+01,,5.03E-02,,4.50E-02,,9.15E-03,,8.18E-03
816308400000,6.45E-02,1.55E+01,6.66E+08,2.34E+01,9.19E+08,2.50E+09,1.58E+09,8.98E+01,5.80E-02,4.49E-02,1.43E+01,9.24E-03,7.16E-03,1.07E+00,5.48E+00,5.13E+01,3.91E+02,1.15E+05,1.79E+06,5.92E+04,9.18E+05,1.14E+00,0.00E+00,7.97E-01,1.00E+02,1.10E+07,1.70E+08,1.08E+00,1.28E+01,0.00E+00,0.00E+00,3.31E+01,6.35E+01,0.00E+00,5.69E+01,1.21E+00,0.00E+00,1.18E+07,1.83E+08,1.31E+05,2.03E+06,5.81E+01,1.15E+00,5.49E+01,,5.80E-02,,4.49E-02,,9.24E-03,,7.16E-03
816308450000,5.63E-02,1.78E+01,6.66E+08,2.42E+01,9.56E+08,2.58E+09,1.62E+09,8.60E+01,4.84E-02,4.30E-02,1.95E+01,1.10E-02,9.77E-03,1.23E+00,5.79E+00,5.13E+01,3.70E+02,1.15E+05,2.04E+06,5.89E+04,1.05E+06,1.13E+00,0.00E+00,7.99E-01,1.00E+02,9.60E+06,1.71E+08,1.08E+00,1.27E+01,0.00E+00,0.00E+00,3.32E+01,6.12E+01,0.00E+00,5.72E+01,1.32E+00,0.00E+00,1.03E+07,1.84E+08,1.29E+05,2.30E+06,5.86E+01,1.11E+00,5.51E+01,,4.84E-02,,4.30E-02,,1.10E-02,,9.77E-03
816308500000,5.47E-02,1.83E+01,6.66E+08,2.40E+01,9.48E+08,2.55E+09,1.61E+09,8.59E+01,4.69E-02,4.29E-02,2.09E+01,1.14E-02,1.04E-02,1.21E+00,5.81E+00,5.14E+01,3.98E+02,1.10E+05,2.01E+06,5.65E+04,1.03E+06,1.11E+00,0.00E+00,7.94E-01,1.00E+02,9.22E+06,1.69E+08,1.08E+00,1.26E+01,0.00E+00,0.00E+00,3.29E+01,5.92E+01,0.00E+00,5.62E+01,1.24E+00,0.00E+00,9.94E+06,1.82E+08,1.22E+05,2.23E+06,5.74E+01,1.73E+00,5.54E+01,,4.69E-02,,4.29E-02,,1.14E-02,,1.04E-02
816308550000,5.96E-02,1.68E+01,6.66E+08,2.34E+01,9.11E+08,2.50E+09,1.59E+09,9.61E+01,5.72E-02,4.80E-02,1.13E+01,6.72E-03,5.64E-03,5.54E-01,6.49E+00,5.11E+01,7.56E+02,5.50E+04,9.23E+05,2.81E+04,4.72E+05,1.03E+00,0.00E+00,7.96E-01,1.00E+02,1.05E+07,1.77E+08,1.06E+00,1.29E+01,0.00E+00,0.00E+00,3.51E+01,4.42E+01,0.00E+00,6.18E+01,3.95E-01,0.00E+00,1.12E+07,1.88E+08,5.67E+04,9.53E+05,6.22E+01,1.07E+00,5.49E+01,,5.72E-02,,4.80E-02,,6.72E-03,,5.64E-03
816308600000,6.09E-02,1.64E+01,6.66E+08,1.68E+01,6.80E+08,1.79E+09,1.11E+09,8.49E+01,5.17E-02,4.25E-02,2.14E+01,1.31E-02,1.07E-02,1.21E+00,5.81E+00,5.14E+01,3.98E+02,1.22E+05,2.01E+06,6.29E+04,1.03E+06,1.11E+00,0.00E+00,3.14E-01,1.00E+02,7.04E+06,1.16E+08,1.01E+00,6.46E+00,0.00E+00,0.00E+00,5.54E+01,5.92E+01,0.00E+00,6.06E+01,1.24E+00,0.00E+00,7.11E+06,1.17E+08,1.36E+05,2.23E+06,6.19E+01,2.58E+00,5.37E+01,,5.17E-02,,4.25E-02,,1.31E-02,,1.07E-02
816308650000,6.06E-02,1.65E+01,6.66E+08,2.32E+01,9.20E+08,2.47E+09,1.55E+09,8.98E+01,5.44E-02,4.49E-02,2.15E+01,1.30E-02,1.07E-02,1.21E+00,5.81E+00,5.14E+01,3.98E+02,1.22E+05,2.01E+06,6.26E+04,1.03E+06,1.11E+00,0.00E+00,7.46E-01,1.00E+02,9.92E+06,1.64E+08,1.06E+00,1.16E+01,0.00E+00,0.00E+00,3.44E+01,5.92E+01,0.00E+00,5.59E+01,1.24E+00,0.00E+00,1.05E+07,1.74E+08,1.35E+05,2.23E+06,5.72E+01,2.17E+00,5.49E+01,,5.44E-02,,4.49E-02,,1.30E-02,,1.07E-02
816308700000,6.38E-02,1.57E+01,6.66E+08,2.28E+01,8.82E+08,2.43E+09,1.55E+09,9.00E+01,5.74E-02,4.50E-02,9.02E+00,5.75E-03,4.51E-03,6.51E-01,5.24E+00,5.17E+01,2.84E+02,6.92E+04,1.09E+06,3.58E+04,5.61E+05,1.18E+00,0.00E+00,7.96E-01,1.00E+02,1.09E+07,1.72E+08,1.06E+00,1.29E+01,0.00E+00,0.00E+00,3.34E+01,7.04E+01,0.00E+00,5.72E+01,8.44E-01,0.00E+00,1.17E+07,1.83E+08,8.15E+04,1.28E+06,5.81E+01,1.05E+00,5.44E+01,,5.74E-02,,4.50E-02,,5.75E-03,,4.51E-03
816308750000,5.62E-02,1.78E+01,6.66E+08,2.41E+01,9.46E+08,2.57E+09,1.62E+09,9.02E+01,5.07E-02,4.51E-02,1.93E+01,1.09E-02,9.67E-03,1.21E+00,5.81E+00,5.14E+01,3.98E+02,1.13E+05,2.01E+06,5.80E+04,1.03E+06,1.11E+00,0.00E+00,7.94E-01,1.00E+02,9.60E+06,1.71E+08,1.06E+00,1.28E+01,0.00E+00,0.00E+00,3.33E+01,5.92E+01,0.00E+00,5.68E+01,1.24E+00,0.00E+00,1.02E+07,1.82E+08,1.25E+05,2.23E+06,5.80E+01,1.13E+00,5.51E+01,,5.07E-02,,4.51E-02,,1.09E-02,,9.67E-03
816308800000,5.90E-02,1.69E+01,6.66E+08,2.40E+01,9.40E+08,2.55E+09,1.61E+09,8.61E+01,5.08E-02,4.31E-02,2.01E+01,1.19E-02,1.01E-02,1.20E+00,5.84E+00,5.12E+01,4.33E+02,1.18E+05,1.99E+06,6.02E+04,1.02E+06,1.10E+00,0.00E+00,7.92E-01,1.00E+02,1.00E+07,1.70E+08,1.06E+00,1.28E+01,0.00E+00,0.00E+00,3.31E+01,5.80E+01,0.00E+00,5.61E+01,1.20E+00,0.00E+00,1.07E+07,1.81E+08,1.30E+05,2.20E+06,5.73E+01,1.46E+00,5.52E+01,,5.08E-02,,4.31E-02,,1.19E-02,,1.01E-02
816308850000,5.82E-02,1.72E+01,6.66E+08,2.33E+01,8.99E+08,2.48E+09,1.58E+09,8.84E+01,5.15E-02,4.42E-02,1.51E+01,8.81E-03,7.57E-03,1.01E+00,5.95E+00,5.17E+01,1.07E+03,9.83E+04,1.69E+06,5.08E+04,8.73E+05,1.03E+00,0.00E+00,7.90E-01,1.00E+02,9.91E+06,1.70E+08,1.06E+00,1.32E+01,0.00E+00,0.00E+00,3.31E+01,4.47E+01,0.00E+00,5.59E+01,7.32E-01,0.00E+00,1.05E+07,1.80E+08,1.02E+05,1.75E+06,5.66E+01,2.20E+00,5.63E+01,,5.15E-02,,4.42E-02,,8.81E-03,,7.57E-03
816308900000,5.74E-02,1.74E+01,6.66E+08,1.91E+01,8.25E+08,2.03E+09,1.21E+09,9.32E+01,5.35E-02,4.66E-02,1.68E+01,9.62E-03,8.38E-03,7.37E-01,6.20E+00,5.05E+01,2.90E+02,7.04E+04,1.23E+06,3.56E+04,6.20E+05,1.15E+00,0.00E+00,4.28E-01,1.00E+02,7.44E+06,1.30E+08,1.06E+00,8.73E+00,0.00E+00,0.00E+00,4.92E+01,6.53E+01,0.00E+00,6.32E+01,8.61E-01,0.00E+00,7.86E+06,1.37E+08,8.08E+04,1.41E+06,6.40E+01,1.50E+00,5.58E+01,,5.35E-02,,4.66E-02,,9.62E-03,,8.38E-03
816308950000,6.03E-02,1.66E+01,6.66E+08,2.14E+01,7.93E+08,2.28E+09,1.49E+09,9.02E+01,5.43E-02,4.51E-02,1.95E+01,1.18E-02,9.77E-03,1.20E+00,5.84E+00,5.12E+01,4.33E+02,1.20E+05,1.99E+06,6.15E+04,1.02E+06,1.10E+00,0.00E+00,6.43E-01,1.00E+02,9.68E+06,1.61E+08,1.02E+00,9.95E+00,0.00E+00,0.00E+00,3.98E+01,5.80E+01,0.00E+00,6.09E+01,1.20E+00,0.00E+00,9.83E+06,1.63E+08,1.33E+05,2.20E+06,6.21E+01,1.03E+00,5.08E+01,,5.43E-02,,4.51E-02,,1.18E-02,,9.77E-03
816309000000,6.95E-02,1.44E+01,6.66E+08,2.30E+01,8.92E+08,2.45E+09,1.56E+09,8.55E+01,5.94E-02,4.28E-02,1.00E+01,6.95E-03,5.00E-03,6.43E-01,5.52E+00,5.13E+01,2.96E+02,7.44E+04,1.07E+06,3.82E+04,5.49E+05,1.17E+00,0.00E+00,7.95E-01,1.00E+02,1.20E+07,1.72E+08,1.06E+00,1.28E+01,0.00E+00,0.00E+00,3.34E+01,6.86E+01,0.00E+00,5.71E+01,8.03E-01,0.00E+00,1.27E+07,1.82E+08,8.68E+04,1.25E+06,5.79E+01,1.29E+00,5.43E+01,,5.94E-02,,4.28E-02,,6.95E-03,,5.00E-03
816309050000,3.82E-01,2.62E+00,6.66E+08,2.40E+01,9.45E+08,2.56E+09,1.61E+09,8.67E+01,3.31E-01,4.33E-02,1.99E+01,7.62E-02,9.97E-03,1.20E+00,5.72E+00,5.12E+01,4.57E+02,7.62E+05,1.99E+06,3.90E+05,1.02E+06,1.10E+00,0.00E+00,7.90E-01,1.00E+02,6.51E+07,1.70E+08,1.06E+00,1.36E+01,0.00E+00,0.00E+00,3.31E+01,5.80E+01,0.00E+00,5.59E+01,1.20E+00,0.00E+00,6.88E+07,1.80E+08,8.41E+05,2.20E+06,5.71E+01,1.03E+00,5.56E+01,,3.31E-01,,4.33E-02,,7.62E-02,,9.97E-03
816309100000,3.82E-01,2.62E+00,6.66E+08,2.10E+01,9.74E+08,2.39E+09,1.42E+09,5.24E+01,2.00E-01,2.62E-02,0.00E+00,0.00E+00,0.00E+00,0.00E+00,,,,0.00E+00,0.00E+00,0.00E+00,0.00E+00,,0.00E+00,6.88E-01,1.00E+02,3.45E+07,1.58E+08,1.11E+00,1.44E+01,0.00E+00,0.00E+00,3.37E+01,,0.00E+00,5.20E+01,0.00E+00,0.00E+00,3.84E+07,1.76E+08,0.00E+00,0.00E+00,5.20E+01,4.78E-01,6.73E+01,,2.00E-01,,2.62E-02,,0.00E+00,,0.00E+00
816309150000,3.82E-01,2.62E+00,,,,,,0.00E+00,0.00E+00,0.00E+00,0.00E+00,0.00E+00,0.00E+00,,,,,,,,,,,,,,,,,,,,,,,,,,,,,,,,,0.00E+00,,0.00E+00,,0.00E+00,,0.00E+00
816309200000,3.82E-01,2.62E+00,,,,,,0.00E+00,0.00E+00,0.00E+00,0.00E+00,0.00E+00,0.00E+00,,,,,,,,,,,,,,,,,,,,,,,,,,,,,,,,,0.00E+00,,0.00E+00,,0.00E+00,,0.00E+00
816309250000,3.82E-01,2.62E+00,,,,,,0.00E+00,0.00E+00,0.00E+00,0.00E+00,0.00E+00,0.00E+00,,,,,,,,,,,,,,,,,,,,,,,,,,,,,,,,,0.00E+00,,0.00E+00,,0.00E+00,,0.00E+00
816309300000,3.82E-01,2.62E+00,,,,,,0.00E+00,0.00E+00,0.00E+00,0.00E+00,0.00E+00,0.00E+00,,,,,,,,,,,,,,,,,,,,,,,,,,,,,,,,,0.00E+00,,0.00E+00,,0.00E+00,,0.00E+00
816309350000,3.82E-01,2.62E+00,,,,,,0.00E+00,0.00E+00,0.00E+00,0.00E+00,0.00E+00,0.00E+00,,,,,,,,,,,,,,,,,,,,,,,,,,,,,,,,,0.00E+00,,0.00E+00,,0.00E+00,,0.00E+00
816309400000,9.55E-02,1.05E+01,6.66E+08,1.89E+01,6.83E+08,2.39E+09,1.71E+09,1.06E+01,1.01E-02,5.29E-03,1.42E+01,1.35E-02,7.08E-03,3.16E+00,5.85E+00,5.12E+01,4.47E+02,1.90E+05,6.23E+06,9.75E+04,3.19E+06,1.10E+00,2.38E+01,7.84E-01,1.00E+02,4.65E+06,1.52E+08,9.93E-01,6.97E+00,0.00E+00,0.00E+00,1.42E+01,5.80E+01,0.00E+00,1.70E+01,3.16E+00,0.00E+00,4.61E+06,1.51E+08,2.10E+05,6.88E+06,2.01E+01,1.15E-01,4.75E+01,,1.01E-02,,5.29E-03,,1.35E-02,,7.08E-03
816309450000,4.95E-02,2.02E+01,6.66E+08,1.96E+01,8.56E+08,2.09E+09,1.24E+09,9.57E+01,4.73E-02,4.79E-02,1.40E+01,6.90E-03,6.98E-03,5.54E-01,6.49E+00,5.08E+01,6.79E+02,4.56E+04,9.23E+05,2.32E+04,4.69E+05,1.03E+00,0.00E+00,4.92E-01,1.00E+02,6.64E+06,1.34E+08,1.07E+00,1.00E+01,0.00E+00,0.00E+00,4.54E+01,4.42E+01,0.00E+00,6.12E+01,3.95E-01,0.00E+00,7.12E+06,1.44E+08,4.71E+04,9.53E+05,6.16E+01,2.34E+00,5.84E+01,,4.73E-02,,4.79E-02,,6.90E-03,,6.98E-03
816309500000,5.87E-02,1.70E+01,6.66E+08,2.01E+01,7.24E+08,2.14E+09,1.42E+09,8.58E+01,5.03E-02,4.29E-02,1.94E+01,1.14E-02,9.69E-03,1.17E+00,5.82E+00,5.17E+01,4.29E+02,1.14E+05,1.95E+06,5.90E+04,1.01E+06,1.11E+00,0.00E+00,5.74E-01,1.00E+02,9.04E+06,1.54E+08,1.00E+00,9.04E+00,0.00E+00,0.00E+00,4.27E+01,5.83E+01,0.00E+00,6.18E+01,1.18E+00,0.00E+00,9.05E+06,1.54E+08,1.26E+05,2.15E+06,6.29E+01,1.11E+00,4.90E+01,,5.03E-02,,4.29E-02,,1.14E-02,,9.69E-03
816309550000,6.95E-02,1.44E+01,6.66E+08,2.27E+01,8.73E+08,2.42E+09,1.54E+09,8.60E+01,5.97E-02,4.30E-02,1.05E+01,7.30E-03,5.25E-03,6.15E-01,5.50E+00,5.21E+01,2.88E+02,7.12E+04,1.02E+06,3.71E+04,5.34E+05,1.17E+00,0.00E+00,7.88E-01,1.00E+02,1.19E+07,1.71E+08,1.06E+00,1.29E+01,0.00E+00,0.00E+00,3.32E+01,6.95E+01,0.00E+00,5.62E+01,7.83E-01,0.00E+00,1.25E+07,1.80E+08,8.35E+04,1.20E+06,5.70E+01,1.73E+00,5.49E+01,,5.97E-02,,4.30E-02,,7.30E-03,,5.25E-03
816309600000,7.80E-02,1.28E+01,6.66E+08,2.48E+01,9.96E+08,2.66E+09,1.66E+09,6.76E+01,5.28E-02,3.38E-02,2.26E+01,1.76E-02,1.13E-02,1.47E+00,4.91E+00,5.32E+01,4.03E+02,1.91E+05,2.46E+06,1.01E+05,1.31E+06,1.20E+00,0.00E+00,8.22E-01,1.00E+02,1.36E+07,1.76E+08,1.12E+00,1.90E+01,0.00E+00,0.00E+00,2.94E+01,5.02E+01,0.00E+00,5.41E+01,1.38E+00,0.00E+00,1.53E+07,1.97E+08,2.28E+05,2.95E+06,5.55E+01,1.29E+00,5.87E+01,,5.28E-02,,3.38E-02,,1.76E-02,,1.13E-02
816309650000,8.02E-02,1.25E+01,6.66E+08,2.01E+01,8.38E+08,2.17E+09,1.33E+09,7.81E+01,6.26E-02,3.90E-02,1.42E+01,1.14E-02,7.09E-03,9.71E-01,4.80E+00,5.62E+01,4.96E+02,1.23E+05,1.64E+06,6.91E+04,9.22E+05,1.15E+00,0.00E+00,5.65E-01,1.00E+02,1.05E+07,1.41E+08,1.07E+00,1.14E+01,0.00E+00,0.00E+00,3.57E+01,4.02E+01,0.00E+00,4.97E+01,7.00E-01,0.00E+00,1.13E+07,1.50E+08,1.41E+05,1.88E+06,5.04E+01,1.61E+00,6.20E+01,,6.26E-02,,3.90E-02,,1.14E-02,,7.09E-03
816309700000,8.26E-02,1.21E+01,6.66E+08,1.66E+01,6.39E+08,1.83E+09,1.19E+09,8.37E+01,6.91E-02,4.19E-02,9.38E+00,7.75E-03,4.69E-03,4.62E-01,5.86E+00,4.64E+01,2.13E+02,6.17E+04,7.95E+05,2.86E+04,3.69E+05,1.23E+00,0.00E+00,5.06E-01,1.00E+02,1.07E+07,1.38E+08,1.09E+00,1.26E+01,0.00E+00,0.00E+00,4.45E+01,7.93E+01,0.00E+00,6.07E+01,7.06E-01,0.00E+00,1.17E+07,1.50E+08,7.61E+04,9.80E+05,6.14E+01,1.71E+00,5.46E+01,,6.91E-02,,4.19E-02,,7.75E-03,,4.69E-03
816309750000,5.72E-02,1.75E+01,6.66E+08,2.30E+01,9.03E+08,2.50E+09,1.59E+09,6.63E+01,3.79E-02,3.31E-02,2.09E+01,1.19E-02,1.04E-02,1.56E+00,5.14E+00,5.03E+01,3.72E+02,1.34E+05,2.64E+06,6.76E+04,1.33E+06,1.15E+00,0.00E+00,7.99E-01,1.00E+02,8.30E+06,1.63E+08,1.09E+00,1.62E+01,0.00E+00,0.00E+00,2.64E+01,5.55E+01,0.00E+00,4.34E+01,1.56E+00,0.00E+00,9.07E+06,1.78E+08,1.55E+05,3.05E+06,4.50E+01,5.83E-01,5.59E+01,,3.79E-02,,3.31E-02,,1.19E-02,,1.04E-02
816309800000,2.22E-01,4.50E+00,6.66E+08,2.41E+01,9.13E+08,2.57E+09,1.65E+09,8.59E+01,1.91E-01,4.30E-02,1.27E+01,2.83E-02,6.36E-03,1.23E+00,6.22E+00,4.41E+01,4.00E+02,4.48E+05,2.06E+06,1.98E+05,9.08E+05,1.11E+00,0.00E+00,7.97E-01,1.00E+02,3.82E+07,1.75E+08,1.05E+00,1.34E+01,0.00E+00,0.00E+00,3.33E+01,5.98E+01,0.00E+00,5.74E+01,1.29E+00,0.00E+00,4.01E+07,1.84E+08,5.00E+05,2.29E+06,5.86E+01,9.05E-01,5.46E+01,,1.91E-01,,4.30E-02,,2.83E-02,,6.36E-03
816309850000,,,,,,,,,,,,,,,,,,,,,,,,,,,,,,,,,,,,,,,,,,,,,,,,,,,,
816309900000,,,,,,,,,,,,,,,,,,,,,,,,,,,,,,,,,,,,,,,,,,,,,,,,,,,,
816309950000,,,,,,,,,,,,,,,,,,,,,,,,,,,,,,,,,,,,,,,,,,,,,,,,,,,,
816310000000,,,,,,,,,,,,,,,,,,,,,,,,,,,,,,,,,,,,,,,,,,,,,,,,,,,,
816310050000,,,,,,,,,,,,,,,,,,,,,,,,,,,,,,,,,,,,,,,,,,,,,,,,,,,,
816310100000,,,,,,,,,,,,,,,,,,,,,,,,,,,,,,,,,,,,,,,,,,,,,,,,,,,,
816310150000,,,,,,,,,,,,,,,,,,,,,,,,,,,,,,,,,,,,,,,,,,,,,,,,,,,,
816310200000,,,,,,,,,,,,,,,,,,,,,,,,,,,,,,,,,,,,,,,,,,,,,,,,,,,,
816310250000,,,,,,,,,,,,,,,,,,,,,,,,,,,,,,,,,,,,,,,,,,,,,,,,,,,,
Mean,2.01E-01,1.19E+01,6.39E+08,2.11E+01,8.11E+08,2.19E+09,1.38E+09,6.83E+01,5.71E-02,3.41E-02,1.43E+01,1.17E-02,7.17E-03,1.32E+00,1.33E+01,4.90E+01,4.55E+02,1.83E+05,2.19E+06,6.85E+04,9.08E+05,1.20E+00,9.33E-01,6.81E-01,1.00E+02,1.15E+07,1.48E+08,1.08E+00,1.26E+01,0.00E+00,0.00E+00,3.62E+01,5.68E+01,0.00E+00,5.43E+01,1.22E+00,0.00E+00,1.25E+07,1.59E+08,2.28E+05,2.65E+06,5.56E+01,1.09E+00,5.61E+01,3.18E-06,6.23E-02,1.94E-06,3.71E-02,2.76E-06,1.28E-02,1.79E-06,7.78E-03
Variance,1.15E-01,3.57E+01,1.82E+16,1.87E+01,5.18E+16,3.53E+17,1.43E+17,1.13E+03,2.15E-03,2.82E-04,8.25E+01,1.19E-04,2.06E-05,1.54E+00,2.59E+03,2.06E+02,4.86E+04,9.64E+10,4.94E+12,4.67E+09,3.90E+11,4.59E-02,1.01E+01,5.33E-02,0.00E+00,5.44E+13,1.53E+15,6.35E-03,2.47E+01,0.00E+00,0.00E+00,1.07E+02,3.15E+02,0.00E+00,1.42E+02,7.65E-01,0.00E+00,6.63E+13,2.01E+15,1.89E+11,9.35E+12,1.38E+02,3.85E-01,5.42E+01,6.89E-10,2.02E-03,2.63E-10,1.97E-04,5.14E-10,1.16E-04,2.56E-10,1.76E-05
Standard Deviation,3.39E-01,5.98E+00,1.35E+08,4.32E+00,2.28E+08,5.94E+08,3.78E+08,3.36E+01,4.64E-02,1.68E-02,9.08E+00,1.09E-02,4.54E-03,1.24E+00,5.09E+01,1.43E+01,2.20E+02,3.11E+05,2.22E+06,6.84E+04,6.24E+05,2.14E-01,3.17E+00,2.31E-01,0.00E+00,7.38E+06,3.92E+07,7.97E-02,4.97E+00,0.00E+00,0.00E+00,1.04E+01,1.78E+01,0.00E+00,1.19E+01,8.75E-01,0.00E+00,8.14E+06,4.48E+07,4.34E+05,3.06E+06,1.18E+01,6.20E-01,7.36E+00,2.62E-05,4.50E-02,1.62E-05,1.41E-02,2.27E-05,1.08E-02,1.60E-05,4.20E-03
