"host time (us)","GPU PowerVR Series8XEP, GE8320, Device 0/Frame time","GPU PowerVR Series8XEP, GE8320, Device 0/Frames per second (FPS)","GPU PowerVR Series8XEP, GE8320, Device 0/GPU clock speed","GPU PowerVR Series8XEP, GE8320, Device 0/GPU memory interface load (%)","GPU PowerVR Series8XEP, GE8320, Device 0/GPU memory read bytes per second","GPU PowerVR Series8XEP, GE8320, Device 0/GPU memory total bytes per second","GPU PowerVR Series8XEP, GE8320, Device 0/GPU memory write bytes per second","GPU PowerVR Series8XEP, GE8320, Device 0/Renderer active (%)","GPU PowerVR Series8XEP, GE8320, Device 0/Renderer time per frame","GPU PowerVR Series8XEP, GE8320, Device 0/Renderer time","GPU PowerVR Series8XEP, GE8320, Device 0/Tiler active (%)","GPU PowerVR Series8XEP, GE8320, Device 0/Tiler time per frame","GPU PowerVR Series8XEP, GE8320, Device 0/Tiler time","GPU PowerVR Series8XEP, GE8320, Device 0/Tiler/Tiler triangle load (%)","GPU PowerVR Series8XEP, GE8320, Device 0/Tiler/Tiles per triangle","GPU PowerVR Series8XEP, GE8320, Device 0/Tiler/Triangle ratio (%)","GPU PowerVR Series8XEP, GE8320, Device 0/Tiler/Triangles input per draw","GPU PowerVR Series8XEP, GE8320, Device 0/Tiler/Triangles input per frame","GPU PowerVR Series8XEP, GE8320, Device 0/Tiler/Triangles input per second","GPU PowerVR Series8XEP, GE8320, Device 0/Tiler/Triangles output per frame","GPU PowerVR Series8XEP, GE8320, Device 0/Tiler/Triangles output per second","GPU PowerVR Series8XEP, GE8320, Device 0/Tiler/Vertices per triangle","GPU PowerVR Series8XEP, GE8320, Device 0/Renderer/HSR efficiency (%)","GPU PowerVR Series8XEP, GE8320, Device 0/Renderer/ISP pixel load (%)","GPU PowerVR Series8XEP, GE8320, Device 0/Renderer/ISP tiles in flight (%)","GPU PowerVR Series8XEP, GE8320, Device 0/Renderer/Output pixels per frame","GPU PowerVR Series8XEP, GE8320, Device 0/Renderer/Output pixels per second","GPU PowerVR Series8XEP, GE8320, Device 0/Renderer/Overdraw","GPU PowerVR Series8XEP, GE8320, Device 0/Renderer/Z load/store (%)","GPU PowerVR Series8XEP, GE8320, Device 0/Shader/Compute kernels per frame","GPU PowerVR Series8XEP, GE8320, Device 0/Shader/Compute kernels per second","GPU PowerVR Series8XEP, GE8320, Device 0/Shader/Cycles per pixel","GPU PowerVR Series8XEP, GE8320, Device 0/Shader/Cycles per vertex","GPU PowerVR Series8XEP, GE8320, Device 0/Shader/Processing load: compute (%)","GPU PowerVR Series8XEP, GE8320, Device 0/Shader/Processing load: pixel (%)","GPU PowerVR Series8XEP, GE8320, Device 0/Shader/Processing load: vertex (%)","GPU PowerVR Series8XEP, GE8320, Device 0/Shader/Register overload (%)","GPU PowerVR Series8XEP, GE8320, Device 0/Shader/Shaded pixels per frame","GPU PowerVR Series8XEP, GE8320, Device 0/Shader/Shaded pixels per second","GPU PowerVR Series8XEP, GE8320, Device 0/Shader/Shaded vertices per frame","GPU PowerVR Series8XEP, GE8320, Device 0/Shader/Shaded vertices per second","GPU PowerVR Series8XEP, GE8320, Device 0/Shader/Shader processing load (%)","GPU PowerVR Series8XEP, GE8320, Device 0/Texturing/Texture overload (%)","GPU PowerVR Series8XEP, GE8320, Device 0/Texturing/Texturing active (%)","Processes/PID 1290 ()/GPU PowerVR Series8XEP, GE8320, Device 0/Renderer time per frame","Processes/PID 13922 ()/GPU PowerVR Series8XEP, GE8320, Device 0/Renderer time per frame","Processes/PID 1290 ()/GPU PowerVR Series8XEP, GE8320, Device 0/Renderer time","Processes/PID 13922 ()/GPU PowerVR Series8XEP, GE8320, Device 0/Renderer time","Processes/PID 1290 ()/GPU PowerVR Series8XEP, GE8320, Device 0/Tiler time per frame","Processes/PID 13922 ()/GPU PowerVR Series8XEP, GE8320, Device 0/Tiler time per frame","Processes/PID 1290 ()/GPU PowerVR Series8XEP, GE8320, Device 0/Tiler time","Processes/PID 13922 ()/GPU PowerVR Series8XEP, GE8320, Device 0/Tiler time"
811498900000,,,,,,,,,,,,,,,,,,,,,,,,,,,,,,,,,,,,,,,,,,,,,,,,,,,,
811498950000,,,,,,,,,,,,,,,,,,,,,,,,,,,,,,,,,,,,,,,,,,,,,,,,,,,,
811499000000,,,,,,,,,,,,,,,,,,,,,,,,,,,,,,,,,,,,,,,,,,,,,,,,,,,,
811499050000,,,,,,,,,,,,,,,,,,,,,,,,,,,,,,,,,,,,,,,,,,,,,,,,,,,,
811499100000,,,,,,,,,,,,,,,,,,,,,,,,,,,,,,,,,,,,,,,,,,,,,,,,,,,,
811499150000,,,,,,,,,,,,,,,,,,,,,,,,,,,,,,,,,,,,,,,,,,,,,,,,,,,,
811499200000,,,,,,,,,,,,,,,,,,,,,,,,,,,,,,,,,,,,,,,,,,,,,,,,,,,,
811499250000,,,,,,,,,,,,,,,,,,,,,,,,,,,,,,,,,,,,,,,,,,,,,,,,,,,,
811499300000,,,,,,,,,,,,,,,,,,,,,,,,,,,,,,,,,,,,,,,,,,,,,,,,,,,,
811499350000,,,,,,,,,,,,,,,,,,,,,,,,,,,,,,,,,,,,,,,,,,,,,,,,,,,,
811499400000,,,,,,,,,,,,,,,,,,,,,,,,,,,,,,,,,,,,,,,,,,,,,,,,,,,,
811499450000,,,,,,,,,,,,,,,,,,,,,,,,,,,,,,,,,,,,,,,,,,,,,,,,,,,,
811499500000,,,,,,,,,,,,,,,,,,,,,,,,,,,,,,,,,,,,,,,,,,,,,,,,,,,,
811499550000,,,,,,,,,,,,,,,,,,,,,,,,,,,,,,,,,,,,,,,,,,,,,,,,,,,,
811499600000,,,,,,,,,,,,,,,,,,,,,,,,,,,,,,,,,,,,,,,,,,,,,,,,,,,,
811499650000,,,,,,,,,,,,,,,,,,,,,,,,,,,,,,,,,,,,,,,,,,,,,,,,,,,,
811499700000,,,,,,,,,,,,,,,,,,,,,,,,,,,,,,,,,,,,,,,,,,,,,,,,,,,,
811499750000,,,,,,,,,,,,,,,,,,,,,,,,,,,,,,,,,,,,,,,,,,,,,,,,,,,,
811499800000,,,,,,,,,,,,,,,,,,,,,,,,,,,,,,,,,,,,,,,,,,,,,,,,,,,,
811499850000,4.30E-02,2.32E+01,6.50E+08,2.03E+01,7.52E+08,2.15E+09,1.40E+09,7.37E+01,3.17E-02,3.68E-02,2.60E+01,1.12E-02,1.30E-02,2.05E+00,5.86E+00,5.16E+01,5.25E+02,1.36E+05,3.40E+06,7.00E+04,1.75E+06,1.07E+00,0.00E+00,5.41E-01,1.00E+02,5.59E+06,1.40E+08,9.98E-01,6.98E+00,0.00E+00,0.00E+00,4.32E+01,5.25E+01,0.00E+00,5.70E+01,1.81E+00,0.00E+00,5.58E+06,1.40E+08,1.46E+05,3.65E+06,5.88E+01,3.40E-01,4.52E+01,,3.17E-02,,3.68E-02,,1.12E-02,,1.30E-02
811499900000,8.72E-02,1.15E+01,3.79E+08,2.94E+01,6.32E+08,1.78E+09,1.15E+09,9.18E+01,8.01E-02,4.59E-02,8.68E+00,7.57E-03,4.34E-03,1.24E+00,5.21E+00,5.03E+01,3.66E+02,1.03E+05,1.18E+06,5.16E+04,5.91E+05,1.14E+00,1.22E+01,1.22E+00,1.00E+02,1.07E+07,1.23E+08,1.06E+00,1.69E+01,0.00E+00,0.00E+00,2.28E+01,6.51E+01,0.00E+00,4.88E+01,1.44E+00,0.00E+00,1.13E+07,1.30E+08,1.17E+05,1.34E+06,5.02E+01,1.01E+00,5.49E+01,,8.01E-02,,4.59E-02,,7.57E-03,,4.34E-03
811499950000,7.62E-02,1.31E+01,6.50E+08,1.75E+01,6.91E+08,1.82E+09,1.12E+09,9.52E+01,7.26E-02,4.76E-02,1.35E+01,1.03E-02,6.73E-03,5.68E-01,6.13E+00,5.65E+01,6.79E+02,7.04E+04,9.23E+05,3.98E+04,5.22E+05,1.03E+00,0.00E+00,3.90E-01,1.00E+02,9.50E+06,1.25E+08,1.00E+00,7.71E+00,0.00E+00,0.00E+00,5.32E+01,4.42E+01,0.00E+00,6.39E+01,4.05E-01,0.00E+00,9.53E+06,1.25E+08,7.27E+04,9.53E+05,6.43E+01,2.05E+00,5.47E+01,,7.26E-02,,4.76E-02,,1.03E-02,,6.73E-03
811500000000,7.37E-02,1.36E+01,6.50E+08,2.16E+01,8.00E+08,2.25E+09,1.45E+09,9.02E+01,6.65E-02,4.51E-02,1.36E+01,1.00E-02,6.79E-03,6.52E-01,5.98E+00,5.40E+01,2.58E+02,7.81E+04,1.06E+06,4.21E+04,5.71E+05,1.16E+00,0.00E+00,7.11E-01,1.00E+02,1.18E+07,1.60E+08,1.04E+00,1.15E+01,0.00E+00,0.00E+00,3.66E+01,6.71E+01,0.00E+00,5.90E+01,7.90E-01,0.00E+00,1.24E+07,1.67E+08,9.03E+04,1.22E+06,5.98E+01,8.32E-01,5.20E+01,,6.65E-02,,4.51E-02,,1.00E-02,,6.79E-03
811500050000,1.17E-01,8.55E+00,6.50E+08,2.24E+01,9.88E+08,2.34E+09,1.35E+09,8.38E+01,9.80E-02,4.19E-02,5.47E+01,6.40E-02,2.74E-02,7.95E+00,2.46E+00,1.88E+01,8.42E+02,1.48E+06,1.29E+07,2.78E+05,2.43E+06,1.38E+00,0.00E+00,6.23E-01,1.00E+02,1.42E+07,1.24E+08,1.15E+00,1.59E+01,0.00E+00,0.00E+00,3.85E+01,3.15E+01,0.00E+00,5.28E+01,5.41E+00,0.00E+00,1.64E+07,1.43E+08,2.05E+06,1.79E+07,5.82E+01,8.67E-01,5.54E+01,,9.80E-02,,4.19E-02,,6.40E-02,,2.74E-02
811500100000,1.17E-01,8.55E+00,6.50E+08,2.06E+01,8.43E+08,2.15E+09,1.31E+09,8.52E+01,9.96E-02,4.26E-02,2.39E+01,2.80E-02,1.20E-02,2.03E+00,5.31E+00,3.46E+01,6.39E+02,3.80E+05,3.30E+06,1.31E+05,1.14E+06,1.21E+00,6.01E+00,9.16E-01,1.00E+02,1.53E+07,1.33E+08,1.35E+00,2.70E+01,0.00E+00,0.00E+00,3.69E+01,4.69E+01,0.00E+00,6.34E+01,1.81E+00,0.00E+00,2.06E+07,1.79E+08,4.61E+05,4.01E+06,6.52E+01,7.38E-01,5.15E+01,,9.96E-02,,4.26E-02,,2.80E-02,,1.20E-02
811500150000,1.01E-01,9.87E+00,6.50E+08,2.14E+01,8.57E+08,2.36E+09,1.50E+09,5.78E+01,5.85E-02,2.89E-02,2.44E+01,2.47E-02,1.22E-02,2.33E+00,5.65E+00,3.45E+01,5.66E+02,3.38E+05,4.01E+06,1.17E+05,1.38E+06,1.21E+00,1.09E+01,8.38E-01,1.00E+02,1.23E+07,1.46E+08,1.13E+00,1.77E+01,0.00E+00,0.00E+00,2.24E+01,4.69E+01,0.00E+00,3.34E+01,2.07E+00,0.00E+00,1.39E+07,1.64E+08,4.09E+05,4.85E+06,3.55E+01,6.31E-01,6.63E+01,,5.85E-02,,2.89E-02,,2.47E-02,,1.22E-02
811500200000,9.85E-02,1.02E+01,6.50E+08,1.87E+01,7.58E+08,1.94E+09,1.18E+09,9.38E+01,9.24E-02,4.69E-02,0.00E+00,0.00E+00,0.00E+00,0.00E+00,,,,0.00E+00,0.00E+00,0.00E+00,0.00E+00,,0.00E+00,5.51E-01,1.00E+02,1.35E+07,1.37E+08,1.07E+00,1.19E+01,0.00E+00,0.00E+00,4.20E+01,,0.00E+00,5.93E+01,0.00E+00,0.00E+00,1.45E+07,1.47E+08,0.00E+00,0.00E+00,5.93E+01,1.49E+00,5.96E+01,,9.24E-02,,4.69E-02,,0.00E+00,,0.00E+00
811500250000,1.10E-01,9.08E+00,6.50E+08,1.43E+01,6.56E+08,1.80E+09,1.14E+09,1.88E+01,2.07E-02,9.40E-03,1.82E+01,2.00E-02,9.10E-03,4.00E+00,6.00E+00,2.42E+01,1.13E+03,4.73E+05,7.87E+06,1.14E+05,1.90E+06,1.23E+00,0.00E+00,3.54E-01,1.00E+02,7.97E+06,1.32E+08,1.00E+00,4.47E+00,0.00E+00,0.00E+00,1.43E+01,3.56E+01,0.00E+00,1.51E+01,2.75E+00,0.00E+00,7.96E+06,1.32E+08,5.83E+05,9.70E+06,1.78E+01,2.34E-01,7.20E+01,,2.07E-02,,9.40E-03,,2.00E-02,,9.10E-03
811500300000,1.12E-01,8.90E+00,6.47E+08,1.48E+01,5.55E+08,1.53E+09,9.79E+08,8.66E+01,9.73E-02,4.33E-02,6.83E+00,7.67E-03,3.41E-03,1.78E-01,4.87E+00,2.64E+01,8.67E+01,3.14E+04,2.89E+05,8.30E+03,7.62E+04,1.61E+00,0.00E+00,4.06E-01,1.00E+02,1.27E+07,1.16E+08,1.09E+00,1.31E+01,0.00E+00,0.00E+00,5.26E+01,1.18E+02,0.00E+00,6.47E+01,5.29E-01,0.00E+00,1.39E+07,1.28E+08,5.07E+04,4.66E+05,6.52E+01,1.20E+00,5.11E+01,,9.73E-02,,4.33E-02,,7.67E-03,,3.41E-03
811500350000,1.24E-01,8.08E+00,5.77E+08,1.66E+01,7.36E+08,1.70E+09,9.65E+08,4.17E+01,5.17E-02,2.09E-02,7.19E+00,8.90E-03,3.59E-03,2.16E+00,2.97E+00,2.04E+01,8.06E+02,3.15E+05,3.47E+06,6.44E+04,7.09E+05,1.41E+00,0.00E+00,4.90E-01,1.00E+02,1.03E+07,1.14E+08,1.12E+00,8.93E+00,0.00E+00,0.00E+00,1.46E+01,3.04E+01,0.00E+00,1.81E+01,1.45E+00,0.00E+00,1.16E+07,1.28E+08,4.44E+05,4.89E+06,1.96E+01,9.28E-02,7.41E+01,,5.17E-02,,2.09E-02,,8.90E-03,,3.59E-03
811500400000,1.33E-01,7.54E+00,6.50E+08,2.07E+01,9.92E+08,2.15E+09,1.16E+09,9.03E+01,1.20E-01,4.52E-02,7.63E+01,1.01E-01,3.81E-02,8.83E+00,3.13E+00,1.72E+01,9.18E+02,1.90E+06,1.44E+07,3.28E+05,2.47E+06,1.37E+00,0.00E+00,6.51E-01,1.00E+02,1.32E+07,9.96E+07,1.45E+00,2.55E+01,0.00E+00,0.00E+00,4.78E+01,3.17E+01,0.00E+00,6.65E+01,5.99E+00,0.00E+00,1.92E+07,1.45E+08,2.61E+06,1.96E+07,7.25E+01,6.38E-01,4.93E+01,,1.20E-01,,4.52E-02,,1.01E-01,,3.81E-02
811500450000,1.33E-01,7.54E+00,6.34E+08,2.37E+01,8.90E+08,2.50E+09,1.61E+09,8.82E+01,1.17E-01,4.41E-02,1.71E+01,2.27E-02,8.56E-03,8.64E-01,5.49E+00,4.44E+01,3.63E+02,1.82E+05,1.43E+06,8.06E+04,6.34E+05,1.16E+00,1.14E+00,9.51E-01,1.00E+02,2.19E+07,1.72E+08,1.15E+00,2.44E+01,0.00E+00,0.00E+00,2.95E+01,6.68E+01,0.00E+00,5.55E+01,1.04E+00,0.00E+00,2.53E+07,1.98E+08,2.10E+05,1.65E+06,5.65E+01,5.34E-01,5.93E+01,,1.17E-01,,4.41E-02,,2.27E-02,,8.56E-03
811500500000,1.02E-01,9.76E+00,4.00E+08,2.42E+01,6.09E+08,1.66E+09,1.05E+09,5.48E+01,5.62E-02,2.74E-02,5.26E+01,5.39E-02,2.63E-02,6.49E+00,5.29E+00,2.30E+01,9.89E+02,5.93E+05,6.94E+06,1.36E+05,1.59E+06,1.28E+00,0.00E+00,8.65E-01,1.00E+02,9.52E+06,1.11E+08,1.13E+00,2.01E+01,0.00E+00,0.00E+00,2.19E+01,3.44E+01,0.00E+00,4.04E+01,4.46E+00,0.00E+00,1.08E+07,1.26E+08,7.57E+05,8.86E+06,4.48E+01,3.04E-01,5.02E+01,,5.62E-02,,2.74E-02,,5.39E-02,,2.63E-02
811500550000,1.01E-01,9.87E+00,4.00E+08,1.59E+01,3.92E+08,1.02E+09,6.28E+08,9.43E+01,9.56E-02,4.72E-02,1.33E+01,1.35E-02,6.65E-03,1.79E-01,4.33E+00,3.18E+01,5.69E+01,1.82E+04,1.79E+05,5.78E+03,5.70E+04,1.96E+00,0.00E+00,3.26E-01,1.00E+02,7.59E+06,7.49E+07,1.06E+00,1.13E+01,0.00E+00,0.00E+00,5.80E+01,1.42E+02,0.00E+00,7.18E+01,7.79E-01,0.00E+00,8.03E+06,7.92E+07,3.56E+04,3.51E+05,7.26E+01,3.23E-01,5.13E+01,,9.56E-02,,4.72E-02,,1.35E-02,,6.65E-03
811500600000,5.69E-02,1.76E+01,8.54E+08,2.39E+01,1.22E+09,3.26E+09,2.05E+09,9.42E+01,5.36E-02,4.71E-02,2.15E+01,1.23E-02,1.08E-02,1.38E+00,5.13E+00,4.82E+01,3.34E+02,1.67E+05,2.94E+06,8.06E+04,1.42E+06,1.24E+00,0.00E+00,7.76E-01,1.00E+02,1.25E+07,2.19E+08,1.12E+00,1.86E+01,0.00E+00,0.00E+00,3.46E+01,5.04E+01,0.00E+00,6.23E+01,1.34E+00,0.00E+00,1.40E+07,2.46E+08,2.07E+05,3.63E+06,6.36E+01,1.25E+00,5.65E+01,,5.36E-02,,4.71E-02,,1.23E-02,,1.08E-02
811500650000,5.33E-02,1.88E+01,6.50E+08,2.39E+01,9.07E+08,2.48E+09,1.58E+09,8.97E+01,4.78E-02,4.48E-02,2.45E+01,1.31E-02,1.23E-02,1.37E+00,5.88E+00,4.76E+01,4.23E+02,1.18E+05,2.23E+06,5.64E+04,1.06E+06,1.12E+00,0.00E+00,8.14E-01,1.00E+02,8.74E+06,1.64E+08,1.07E+00,1.34E+01,0.00E+00,0.00E+00,3.21E+01,6.00E+01,0.00E+00,5.41E+01,1.43E+00,0.00E+00,9.34E+06,1.75E+08,1.32E+05,2.49E+06,5.55E+01,1.64E+00,5.62E+01,,4.78E-02,,4.48E-02,,1.31E-02,,1.23E-02
811500700000,5.82E-02,1.72E+01,6.50E+08,2.36E+01,8.83E+08,2.45E+09,1.57E+09,8.95E+01,5.21E-02,4.47E-02,1.90E+01,1.10E-02,9.49E-03,1.37E+00,5.88E+00,4.75E+01,4.60E+02,1.29E+05,2.22E+06,6.15E+04,1.06E+06,1.12E+00,0.00E+00,8.15E-01,1.00E+02,9.57E+06,1.65E+08,1.07E+00,1.27E+01,0.00E+00,0.00E+00,3.21E+01,6.00E+01,0.00E+00,5.43E+01,1.43E+00,0.00E+00,1.02E+07,1.76E+08,1.45E+05,2.49E+06,5.57E+01,2.09E+00,5.61E+01,,5.21E-02,,4.47E-02,,1.10E-02,,9.49E-03
811500750000,6.26E-02,1.60E+01,6.50E+08,1.67E+01,6.73E+08,1.74E+09,1.06E+09,9.52E+01,5.95E-02,4.76E-02,1.76E+01,1.10E-02,8.82E-03,6.25E-01,6.49E+00,4.88E+01,5.77E+02,6.35E+04,1.02E+06,3.10E+04,4.96E+05,1.03E+00,0.00E+00,3.18E-01,1.00E+02,7.45E+06,1.19E+08,9.97E-01,6.10E+00,0.00E+00,0.00E+00,5.87E+01,4.42E+01,0.00E+00,6.71E+01,4.46E-01,0.00E+00,7.43E+06,1.19E+08,6.56E+04,1.05E+06,6.75E+01,1.83E+00,5.29E+01,,5.95E-02,,4.76E-02,,1.10E-02,,8.82E-03
811500800000,6.71E-02,1.49E+01,6.50E+08,2.33E+01,8.72E+08,2.43E+09,1.56E+09,8.97E+01,6.02E-02,4.49E-02,1.98E+01,1.33E-02,9.91E-03,1.14E+00,5.80E+00,4.88E+01,3.63E+02,1.25E+05,1.86E+06,6.08E+04,9.06E+05,1.14E+00,0.00E+00,7.86E-01,1.00E+02,1.11E+07,1.65E+08,1.07E+00,1.27E+01,0.00E+00,0.00E+00,3.36E+01,6.28E+01,0.00E+00,5.72E+01,1.28E+00,0.00E+00,1.19E+07,1.77E+08,1.42E+05,2.11E+06,5.84E+01,1.16E+00,5.42E+01,,6.02E-02,,4.49E-02,,1.33E-02,,9.91E-03
811500850000,7.43E-02,1.35E+01,6.50E+08,2.32E+01,8.67E+08,2.42E+09,1.55E+09,8.98E+01,6.68E-02,4.49E-02,1.26E+01,9.38E-03,6.31E-03,9.70E-01,5.55E+00,4.54E+01,3.88E+02,1.17E+05,1.58E+06,5.32E+04,7.15E+05,1.15E+00,0.00E+00,8.26E-01,1.00E+02,1.26E+07,1.69E+08,1.07E+00,1.29E+01,0.00E+00,0.00E+00,3.29E+01,6.59E+01,0.00E+00,5.70E+01,1.15E+00,0.00E+00,1.34E+07,1.80E+08,1.35E+05,1.81E+06,5.82E+01,7.44E-01,5.44E+01,,6.68E-02,,4.49E-02,,9.38E-03,,6.31E-03
811500900000,6.46E-02,1.55E+01,6.50E+08,2.37E+01,8.96E+08,2.46E+09,1.57E+09,8.94E+01,5.78E-02,4.47E-02,2.33E+01,1.50E-02,1.16E-02,1.37E+00,5.88E+00,4.75E+01,4.23E+02,1.44E+05,2.23E+06,6.83E+04,1.06E+06,1.12E+00,0.00E+00,8.12E-01,1.00E+02,1.05E+07,1.63E+08,1.07E+00,1.27E+01,0.00E+00,0.00E+00,3.19E+01,6.00E+01,0.00E+00,5.35E+01,1.43E+00,0.00E+00,1.13E+07,1.74E+08,1.61E+05,2.49E+06,5.50E+01,2.06E+00,5.61E+01,,5.78E-02,,4.47E-02,,1.50E-02,,1.16E-02
811500950000,6.03E-02,1.66E+01,6.50E+08,1.89E+01,7.79E+08,1.96E+09,1.18E+09,9.57E+01,5.77E-02,4.78E-02,1.25E+01,7.52E-03,6.24E-03,6.25E-01,6.49E+00,4.88E+01,7.58E+02,6.12E+04,1.02E+06,2.99E+04,4.95E+05,1.03E+00,0.00E+00,4.55E-01,1.00E+02,7.84E+06,1.30E+08,1.04E+00,8.73E+00,0.00E+00,0.00E+00,4.89E+01,4.42E+01,0.00E+00,6.39E+01,4.46E-01,0.00E+00,8.19E+06,1.36E+08,6.32E+04,1.05E+06,6.43E+01,1.86E+00,5.63E+01,,5.77E-02,,4.78E-02,,7.52E-03,,6.24E-03
811501000000,6.04E-02,1.66E+01,6.50E+08,2.14E+01,7.75E+08,2.23E+09,1.46E+09,8.96E+01,5.41E-02,4.48E-02,2.16E+01,1.31E-02,1.08E-02,1.34E+00,5.89E+00,4.81E+01,4.53E+02,1.32E+05,2.18E+06,6.35E+04,1.05E+06,1.10E+00,0.00E+00,6.51E-01,1.00E+02,9.41E+06,1.56E+08,1.03E+00,9.88E+00,0.00E+00,0.00E+00,3.94E+01,5.74E+01,0.00E+00,6.10E+01,1.33E+00,0.00E+00,9.73E+06,1.61E+08,1.45E+05,2.41E+06,6.23E+01,1.03E+00,5.09E+01,,5.41E-02,,4.48E-02,,1.31E-02,,1.08E-02
811501050000,6.39E-02,1.56E+01,6.50E+08,2.34E+01,8.70E+08,2.43E+09,1.56E+09,9.02E+01,5.76E-02,4.51E-02,1.24E+01,7.96E-03,6.22E-03,7.20E-01,5.85E+00,4.76E+01,2.93E+02,7.48E+04,1.17E+06,3.56E+04,5.57E+05,1.16E+00,0.00E+00,8.28E-01,1.00E+02,1.10E+07,1.71E+08,1.06E+00,1.31E+01,0.00E+00,0.00E+00,3.32E+01,6.75E+01,0.00E+00,5.78E+01,8.82E-01,0.00E+00,1.16E+07,1.81E+08,8.69E+04,1.36E+06,5.87E+01,5.90E-01,5.37E+01,,5.76E-02,,4.51E-02,,7.96E-03,,6.22E-03
811501100000,6.55E-02,1.53E+01,6.50E+08,2.42E+01,9.10E+08,2.51E+09,1.60E+09,9.01E+01,5.90E-02,4.50E-02,1.88E+01,1.23E-02,9.41E-03,1.34E+00,5.62E+00,4.81E+01,5.08E+02,1.43E+05,2.18E+06,6.89E+04,1.05E+06,1.10E+00,0.00E+00,8.24E-01,1.00E+02,1.11E+07,1.70E+08,1.06E+00,1.29E+01,0.00E+00,0.00E+00,3.29E+01,5.74E+01,0.00E+00,5.68E+01,1.33E+00,0.00E+00,1.18E+07,1.79E+08,1.58E+05,2.40E+06,5.82E+01,9.54E-01,5.50E+01,,5.90E-02,,4.50E-02,,1.23E-02,,9.41E-03
811501150000,6.89E-02,1.45E+01,6.50E+08,2.34E+01,8.64E+08,2.44E+09,1.57E+09,9.38E+01,6.46E-02,4.69E-02,1.46E+01,1.00E-02,7.28E-03,8.51E-01,6.14E+00,5.13E+01,9.02E+02,9.53E+04,1.38E+06,4.88E+04,7.09E+05,1.04E+00,0.00E+00,8.26E-01,1.00E+02,1.18E+07,1.71E+08,1.06E+00,1.34E+01,0.00E+00,0.00E+00,3.31E+01,4.45E+01,0.00E+00,5.74E+01,6.12E-01,0.00E+00,1.24E+07,1.80E+08,9.87E+04,1.43E+06,5.80E+01,1.57E+00,5.51E+01,,6.46E-02,,4.69E-02,,1.00E-02,,7.28E-03
811501200000,6.57E-02,1.52E+01,6.50E+08,1.67E+01,6.79E+08,1.73E+09,1.05E+09,9.13E+01,5.99E-02,4.56E-02,1.98E+01,1.30E-02,9.90E-03,1.12E+00,6.04E+00,4.61E+01,3.93E+02,1.19E+05,1.82E+06,5.50E+04,8.38E+05,1.11E+00,0.00E+00,2.73E-01,1.00E+02,7.45E+06,1.13E+08,1.00E+00,5.72E+00,0.00E+00,0.00E+00,6.05E+01,5.97E+01,0.00E+00,6.60E+01,1.16E+00,0.00E+00,7.45E+06,1.13E+08,1.33E+05,2.02E+06,6.72E+01,1.25E+00,5.22E+01,,5.99E-02,,4.56E-02,,1.30E-02,,9.90E-03
811501250000,6.01E-02,1.66E+01,6.50E+08,2.32E+01,8.65E+08,2.41E+09,1.55E+09,8.99E+01,5.40E-02,4.49E-02,1.47E+01,8.82E-03,7.34E-03,7.21E-01,6.16E+00,4.76E+01,2.71E+02,7.04E+04,1.17E+06,3.35E+04,5.58E+05,1.16E+00,0.00E+00,8.22E-01,1.00E+02,1.01E+07,1.69E+08,1.06E+00,1.32E+01,0.00E+00,0.00E+00,3.28E+01,6.75E+01,0.00E+00,5.62E+01,8.83E-01,0.00E+00,1.07E+07,1.79E+08,8.17E+04,1.36E+06,5.71E+01,8.51E-01,5.42E+01,,5.40E-02,,4.49E-02,,8.82E-03,,7.34E-03
811501300000,6.08E-02,1.65E+01,6.50E+08,2.39E+01,8.95E+08,2.48E+09,1.59E+09,9.02E+01,5.48E-02,4.51E-02,1.75E+01,1.06E-02,8.73E-03,1.34E+00,5.47E+00,4.81E+01,5.63E+02,1.32E+05,2.17E+06,6.36E+04,1.05E+06,1.10E+00,0.00E+00,8.23E-01,1.00E+02,1.03E+07,1.69E+08,1.06E+00,1.31E+01,0.00E+00,0.00E+00,3.29E+01,5.68E+01,0.00E+00,5.65E+01,1.30E+00,0.00E+00,1.09E+07,1.79E+08,1.45E+05,2.39E+06,5.78E+01,9.11E-01,5.49E+01,,5.48E-02,,4.51E-02,,1.06E-02,,8.73E-03
811501350000,6.44E-02,1.55E+01,6.50E+08,2.45E+01,9.24E+08,2.55E+09,1.62E+09,9.00E+01,5.80E-02,4.50E-02,2.13E+01,1.37E-02,1.07E-02,1.34E+00,5.89E+00,4.81E+01,4.63E+02,1.40E+05,2.18E+06,6.74E+04,1.05E+06,1.10E+00,0.00E+00,8.23E-01,1.00E+02,1.10E+07,1.70E+08,1.05E+00,1.28E+01,0.00E+00,0.00E+00,3.30E+01,5.68E+01,0.00E+00,5.68E+01,1.30E+00,0.00E+00,1.15E+07,1.79E+08,1.54E+05,2.39E+06,5.81E+01,9.17E-01,5.46E+01,,5.80E-02,,4.50E-02,,1.37E-02,,1.07E-02
811501400000,6.32E-02,1.58E+01,6.50E+08,2.07E+01,8.51E+08,2.15E+09,1.30E+09,9.59E+01,6.06E-02,4.79E-02,1.21E+01,7.66E-03,6.06E-03,6.25E-01,6.49E+00,4.88E+01,7.58E+02,6.42E+04,1.02E+06,3.13E+04,4.95E+05,1.03E+00,0.00E+00,5.45E-01,1.00E+02,8.92E+06,1.41E+08,1.06E+00,1.10E+01,0.00E+00,0.00E+00,4.36E+01,4.42E+01,0.00E+00,6.27E+01,4.46E-01,0.00E+00,9.45E+06,1.49E+08,6.63E+04,1.05E+06,6.31E+01,1.21E+00,5.80E+01,,6.06E-02,,4.79E-02,,7.66E-03,,6.06E-03
811501450000,6.52E-02,1.53E+01,6.50E+08,1.98E+01,7.09E+08,2.06E+09,1.35E+09,8.94E+01,5.83E-02,4.47E-02,2.18E+01,1.42E-02,1.09E-02,1.34E+00,5.89E+00,4.81E+01,4.63E+02,1.42E+05,2.18E+06,6.83E+04,1.05E+06,1.10E+00,0.00E+00,5.60E-01,1.00E+02,9.56E+06,1.47E+08,1.00E+00,7.91E+00,0.00E+00,0.00E+00,4.42E+01,5.68E+01,0.00E+00,6.24E+01,1.30E+00,0.00E+00,9.59E+06,1.47E+08,1.56E+05,2.39E+06,6.37E+01,1.14E+00,4.86E+01,,5.83E-02,,4.47E-02,,1.42E-02,,1.09E-02
811501500000,6.92E-02,1.44E+01,6.50E+08,2.30E+01,8.54E+08,2.39E+09,1.54E+09,8.99E+01,6.23E-02,4.50E-02,1.11E+01,7.66E-03,5.53E-03,7.15E-01,5.57E+00,4.76E+01,3.24E+02,8.04E+04,1.16E+06,3.83E+04,5.52E+05,1.15E+00,0.00E+00,8.23E-01,1.00E+02,1.18E+07,1.70E+08,1.05E+00,1.29E+01,0.00E+00,0.00E+00,3.30E+01,6.66E+01,0.00E+00,5.67E+01,8.58E-01,0.00E+00,1.24E+07,1.79E+08,9.28E+04,1.34E+06,5.76E+01,1.03E+00,5.42E+01,,6.23E-02,,4.50E-02,,7.66E-03,,5.53E-03
811501550000,7.16E-02,1.40E+01,6.50E+08,2.42E+01,9.12E+08,2.52E+09,1.61E+09,9.01E+01,6.45E-02,4.50E-02,1.97E+01,1.41E-02,9.85E-03,1.34E+00,5.78E+00,4.81E+01,4.86E+02,1.56E+05,2.18E+06,7.49E+04,1.05E+06,1.10E+00,0.00E+00,8.21E-01,1.00E+02,1.21E+07,1.69E+08,1.05E+00,1.31E+01,0.00E+00,0.00E+00,3.28E+01,5.68E+01,0.00E+00,5.62E+01,1.30E+00,0.00E+00,1.27E+07,1.78E+08,1.71E+05,2.39E+06,5.75E+01,1.16E+00,5.53E+01,,6.45E-02,,4.50E-02,,1.41E-02,,9.85E-03
811501600000,9.89E-02,1.01E+01,6.50E+08,2.00E+01,8.22E+08,2.08E+09,1.26E+09,9.30E+01,9.20E-02,4.65E-02,1.30E+01,1.29E-02,6.52E-03,1.61E+00,3.07E+00,2.09E+01,6.69E+02,2.59E+05,2.62E+06,5.42E+04,5.48E+05,1.41E+00,0.00E+00,5.67E-01,1.00E+02,1.34E+07,1.36E+08,1.08E+00,1.33E+01,0.00E+00,0.00E+00,4.16E+01,3.05E+01,0.00E+00,5.88E+01,1.08E+00,0.00E+00,1.45E+07,1.47E+08,3.64E+05,3.68E+06,5.99E+01,1.51E+00,5.73E+01,,9.20E-02,,4.65E-02,,1.29E-02,,6.52E-03
811501650000,1.30E-01,7.68E+00,6.50E+08,2.25E+01,1.05E+09,2.35E+09,1.31E+09,8.39E+01,1.09E-01,4.20E-02,6.37E+01,8.29E-02,3.18E-02,8.93E+00,3.48E+00,2.18E+01,9.49E+02,1.87E+06,1.46E+07,4.08E+05,3.18E+06,1.34E+00,4.20E+00,7.83E-01,1.00E+02,1.37E+07,1.07E+08,1.46E+00,2.54E+01,0.00E+00,0.00E+00,4.11E+01,3.25E+01,0.00E+00,6.17E+01,6.10E+00,0.00E+00,2.01E+07,1.57E+08,2.52E+06,1.96E+07,6.78E+01,6.11E-01,4.85E+01,,1.09E-01,,4.20E-02,,8.29E-02,,3.18E-02
811501700000,1.30E-01,7.70E+00,6.50E+08,2.06E+01,8.03E+08,2.16E+09,1.36E+09,8.97E+01,1.16E-01,4.48E-02,1.12E+01,1.45E-02,5.58E-03,2.09E-01,5.23E+00,2.92E+01,1.04E+02,4.28E+04,3.42E+05,1.25E+04,9.97E+04,1.55E+00,0.00E+00,7.81E-01,1.00E+02,1.90E+07,1.52E+08,1.15E+00,1.92E+01,0.00E+00,0.00E+00,3.39E+01,1.13E+02,0.00E+00,5.66E+01,5.72E-01,0.00E+00,2.19E+07,1.75E+08,6.62E+04,5.29E+05,5.72E+01,1.14E+00,5.92E+01,,1.16E-01,,4.48E-02,,1.45E-02,,5.58E-03
811501750000,1.02E-01,9.78E+00,6.50E+08,1.51E+01,5.80E+08,1.76E+09,1.18E+09,4.37E+01,4.47E-02,2.18E-02,2.48E+01,2.54E-02,1.24E-02,2.71E+00,5.57E+00,3.49E+01,5.93E+02,3.71E+05,4.93E+06,1.29E+05,1.72E+06,1.20E+00,8.52E-01,5.25E-01,1.00E+02,8.59E+06,1.14E+08,1.06E+00,1.03E+01,0.00E+00,0.00E+00,3.27E+01,4.72E+01,0.00E+00,3.41E+01,2.39E+00,0.00E+00,9.13E+06,1.21E+08,4.45E+05,5.91E+06,3.65E+01,6.93E-01,6.02E+01,,4.47E-02,,2.18E-02,,2.54E-02,,1.24E-02
811501800000,1.02E-01,9.78E+00,6.50E+08,1.85E+01,8.09E+08,1.98E+09,1.17E+09,8.80E+01,9.00E-02,4.40E-02,0.00E+00,0.00E+00,0.00E+00,0.00E+00,,,,0.00E+00,0.00E+00,0.00E+00,0.00E+00,,0.00E+00,5.53E-01,1.00E+02,1.32E+07,1.35E+08,1.09E+00,1.11E+01,0.00E+00,0.00E+00,4.09E+01,,0.00E+00,5.62E+01,0.00E+00,0.00E+00,1.44E+07,1.47E+08,0.00E+00,0.00E+00,5.62E+01,1.35E+00,6.21E+01,,9.00E-02,,4.40E-02,,0.00E+00,,0.00E+00
811501850000,1.14E-01,8.76E+00,6.50E+08,7.17E+00,4.49E+08,9.15E+08,4.65E+08,9.63E+00,1.10E-02,4.82E-03,5.45E+00,6.22E-03,2.72E-03,1.06E+00,4.84E+00,1.46E+01,6.29E+02,1.31E+05,2.11E+06,1.90E+04,3.08E+05,1.41E+00,0.00E+00,1.90E-02,1.00E+02,5.69E+06,9.21E+07,1.00E+00,3.95E-01,0.00E+00,0.00E+00,1.00E+01,2.99E+01,0.00E+00,7.22E+00,6.98E-01,0.00E+00,5.69E+06,9.21E+07,1.84E+05,2.98E+06,7.92E+00,1.01E-01,8.26E+01,,1.60E-02,,4.82E-03,,9.03E-03,,2.72E-03
811501900000,1.15E-01,8.72E+00,6.50E+08,1.99E+01,8.01E+08,2.10E+09,1.30E+09,6.92E+01,7.94E-02,3.46E-02,2.44E+01,2.80E-02,1.22E-02,3.67E+00,3.48E+00,3.95E+01,6.56E+02,6.33E+05,6.05E+06,2.50E+05,2.39E+06,1.26E+00,0.00E+00,6.14E-01,1.00E+02,1.39E+07,1.33E+08,1.13E+00,1.47E+01,0.00E+00,0.00E+00,3.50E+01,4.25E+01,0.00E+00,4.97E+01,3.06E+00,0.00E+00,1.57E+07,1.50E+08,7.96E+05,7.61E+06,5.27E+01,1.07E+00,4.96E+01,,1.18E-01,,3.46E-02,,4.15E-02,,1.22E-02
811501950000,3.82E-02,2.62E+01,6.50E+08,1.66E+01,8.12E+08,1.99E+09,1.18E+09,6.38E+01,2.43E-02,3.19E-02,8.80E-01,3.36E-04,4.40E-04,1.32E-03,8.52E+00,1.00E+02,2.97E+00,7.02E+01,2.48E+03,7.02E+01,2.48E+03,1.72E+00,0.00E+00,5.56E-01,1.00E+02,3.78E+06,1.34E+08,1.12E+00,1.12E+01,0.00E+00,0.00E+00,3.47E+01,3.86E+01,0.00E+00,4.33E+01,1.37E-03,0.00E+00,4.24E+06,1.50E+08,1.21E+02,4.26E+03,4.33E+01,9.57E-01,6.98E+01,3.02E-04,1.07E-01,3.02E-04,3.16E-02,4.40E-04,0.00E+00,4.40E-04,0.00E+00
811502000000,5.05E-02,1.98E+01,6.50E+08,6.24E+00,4.66E+08,9.80E+08,5.14E+08,8.30E+00,4.19E-03,4.15E-03,4.86E+00,2.46E-03,2.43E-03,1.90E-03,3.63E+02,1.00E+02,1.50E+00,6.97E+01,4.67E+03,6.97E+01,4.67E+03,2.00E+00,0.00E+00,2.82E-02,1.00E+02,1.39E+06,9.32E+07,1.00E+00,5.96E-01,0.00E+00,0.00E+00,1.48E+01,6.13E+01,0.00E+00,8.79E+00,3.65E-03,0.00E+00,1.39E+06,9.32E+07,1.39E+02,9.34E+03,8.80E+00,4.44E-01,8.36E+01,0.00E+00,1.46E-02,0.00E+00,4.15E-03,0.00E+00,8.58E-03,0.00E+00,2.43E-03
811502050000,1.82E-01,5.50E+00,6.50E+08,1.25E+01,5.17E+08,1.35E+09,8.36E+08,4.75E+01,8.63E-02,2.37E-02,2.60E+01,4.73E-02,1.30E-02,6.43E+00,2.20E+00,2.72E+01,7.58E+02,1.71E+06,1.09E+07,4.65E+05,2.96E+06,1.49E+00,0.00E+00,2.19E-01,1.00E+02,1.05E+07,6.69E+07,1.13E+00,5.73E+00,0.00E+00,0.00E+00,5.53E+01,2.79E+01,0.00E+00,3.83E+01,4.18E+00,0.00E+00,1.18E+07,7.52E+07,2.56E+06,1.63E+07,4.25E+01,9.31E-01,5.06E+01,0.00E+00,8.63E-02,0.00E+00,2.37E-02,0.00E+00,4.73E-02,0.00E+00,1.30E-02
811502100000,1.82E-01,5.50E+00,6.50E+08,2.12E+01,8.96E+08,2.23E+09,1.33E+09,8.51E+01,1.55E-01,4.25E-02,2.54E+01,4.62E-02,1.27E-02,2.16E+00,5.18E+00,3.41E+01,6.44E+02,6.27E+05,3.54E+06,2.14E+05,1.21E+06,1.21E+00,8.53E+00,1.00E+00,1.00E+02,2.37E+07,1.34E+08,1.44E+00,2.76E+01,0.00E+00,0.00E+00,3.46E+01,4.74E+01,0.00E+00,6.35E+01,1.93E+00,0.00E+00,3.41E+07,1.93E+08,7.59E+05,4.28E+06,6.54E+01,1.37E+00,5.16E+01,0.00E+00,1.55E-01,0.00E+00,4.25E-02,0.00E+00,4.62E-02,0.00E+00,1.27E-02
811502150000,1.82E-01,5.50E+00,6.50E+08,2.16E+01,1.02E+09,2.38E+09,1.36E+09,4.05E+01,7.37E-02,2.03E-02,0.00E+00,0.00E+00,0.00E+00,0.00E+00,,,,0.00E+00,0.00E+00,0.00E+00,0.00E+00,,5.88E+00,8.31E-01,1.00E+02,1.21E+07,1.46E+08,1.18E+00,1.82E+01,0.00E+00,0.00E+00,2.56E+01,,0.00E+00,4.00E+01,0.00E+00,0.00E+00,1.43E+07,1.73E+08,0.00E+00,0.00E+00,4.00E+01,9.20E-01,7.47E+01,0.00E+00,7.37E-02,0.00E+00,2.03E-02,0.00E+00,0.00E+00,0.00E+00,0.00E+00
811502200000,1.16E-01,8.59E+00,6.50E+08,9.04E+00,5.54E+08,1.16E+09,6.08E+08,1.55E+01,1.80E-02,7.74E-03,1.17E+01,1.36E-02,5.84E-03,3.73E+00,4.76E+00,8.40E+00,7.77E+02,4.32E+05,7.50E+06,3.63E+04,6.30E+05,1.42E+00,0.00E+00,5.16E-02,1.00E+02,5.41E+06,9.39E+07,1.00E+00,1.08E+00,0.00E+00,0.00E+00,1.99E+01,2.97E+01,0.00E+00,1.46E+01,2.46E+00,0.00E+00,5.42E+06,9.41E+07,6.15E+05,1.07E+07,1.70E+01,4.16E-01,7.01E+01,0.00E+00,1.80E-02,0.00E+00,7.74E-03,0.00E+00,1.36E-02,0.00E+00,5.84E-03
811502250000,1.13E-01,8.81E+00,6.50E+08,2.00E+01,7.55E+08,2.09E+09,1.34E+09,7.07E+01,8.02E-02,3.54E-02,3.61E+01,4.10E-02,1.81E-02,4.76E+00,4.77E+00,2.22E+01,7.72E+02,8.26E+05,7.79E+06,1.83E+05,1.73E+06,1.31E+00,0.00E+00,7.65E-01,1.00E+02,1.44E+07,1.35E+08,1.25E+00,2.76E+01,0.00E+00,0.00E+00,3.36E+01,3.80E+01,0.00E+00,5.45E+01,3.69E+00,0.00E+00,1.80E+07,1.70E+08,1.08E+06,1.02E+07,5.81E+01,4.97E-01,5.26E+01,0.00E+00,8.02E-02,0.00E+00,3.54E-02,0.00E+00,4.10E-02,0.00E+00,1.81E-02
811502300000,1.95E-01,5.12E+00,6.50E+08,1.92E+01,8.82E+08,2.08E+09,1.20E+09,8.54E+01,1.67E-01,4.27E-02,0.00E+00,0.00E+00,0.00E+00,0.00E+00,,,,0.00E+00,0.00E+00,0.00E+00,0.00E+00,,0.00E+00,5.80E-01,1.00E+02,2.57E+07,1.43E+08,1.10E+00,1.05E+01,0.00E+00,0.00E+00,3.93E+01,,0.00E+00,5.68E+01,0.00E+00,0.00E+00,2.81E+07,1.56E+08,0.00E+00,0.00E+00,5.68E+01,8.39E-01,6.20E+01,0.00E+00,1.67E-01,0.00E+00,4.27E-02,0.00E+00,0.00E+00,0.00E+00,0.00E+00
811502350000,3.08E-01,3.25E+00,6.50E+08,1.18E+01,6.68E+08,1.44E+09,7.71E+08,6.77E+00,2.08E-02,3.39E-03,1.83E+00,5.63E-03,9.15E-04,1.88E-03,3.63E+02,1.00E+02,1.50E+00,1.66E+02,3.58E+03,1.66E+02,3.58E+03,2.00E+00,0.00E+00,7.12E-02,1.00E+02,6.76E+06,1.46E+08,1.00E+00,1.50E+00,0.00E+00,0.00E+00,1.75E+01,6.13E+01,0.00E+00,2.09E+01,3.60E-03,0.00E+00,6.76E+06,1.46E+08,3.32E+02,7.15E+03,2.10E+01,7.87E-01,8.10E+01,0.00E+00,2.08E-02,0.00E+00,3.39E-03,0.00E+00,5.63E-03,0.00E+00,9.15E-04
811502400000,3.08E-01,3.25E+00,6.34E+08,6.45E+00,4.16E+08,8.04E+08,3.88E+08,6.45E+00,1.98E-02,3.22E-03,1.59E+00,4.91E-03,7.97E-04,5.34E-04,3.63E+02,1.00E+02,1.50E+00,1.66E+02,1.04E+03,1.66E+02,1.04E+03,2.00E+00,,0.00E+00,,1.54E+07,9.66E+07,1.00E+00,0.00E+00,0.00E+00,0.00E+00,4.06E+00,6.13E+01,0.00E+00,3.15E+00,1.02E-03,0.00E+00,1.54E+07,9.66E+07,3.32E+02,2.08E+03,3.15E+00,2.24E-02,9.65E+01,0.00E+00,1.98E-02,0.00E+00,3.22E-03,0.00E+00,4.91E-03,0.00E+00,7.97E-04
811502450000,3.08E-01,3.25E+00,4.31E+08,1.64E+01,5.49E+08,1.24E+09,6.90E+08,4.60E+01,1.42E-01,2.30E-02,2.19E+01,6.75E-02,1.10E-02,6.69E+00,1.71E+00,3.98E+01,7.12E+02,1.91E+06,7.89E+06,7.63E+05,3.15E+06,1.51E+00,0.00E+00,3.70E-01,1.00E+02,1.49E+07,6.16E+07,1.36E+00,7.36E+00,0.00E+00,0.00E+00,3.36E+01,2.83E+01,0.00E+00,3.73E+01,4.45E+00,0.00E+00,2.04E+07,8.40E+07,2.88E+06,1.19E+07,4.18E+01,2.17E-01,5.16E+01,0.00E+00,1.42E-01,0.00E+00,2.30E-02,0.00E+00,6.75E-02,0.00E+00,1.10E-02
811502500000,3.08E-01,3.25E+00,4.00E+08,1.60E+01,4.53E+08,1.03E+09,5.79E+08,6.50E+01,2.00E-01,3.25E-02,3.41E+01,1.05E-01,1.70E-02,8.67E+00,3.25E+00,1.11E+01,7.55E+02,2.57E+06,8.75E+06,2.86E+05,9.72E+05,1.44E+00,9.19E+00,5.91E-01,1.00E+02,1.51E+07,5.15E+07,1.35E+00,1.60E+01,0.00E+00,0.00E+00,4.90E+01,2.98E+01,0.00E+00,5.26E+01,5.80E+00,0.00E+00,2.04E+07,6.94E+07,3.70E+06,1.26E+07,5.84E+01,2.77E-01,4.37E+01,0.00E+00,2.00E-01,0.00E+00,3.25E-02,0.00E+00,1.05E-01,0.00E+00,1.70E-02
811502550000,3.08E-01,3.25E+00,5.69E+08,2.40E+01,8.76E+08,2.21E+09,1.33E+09,7.79E+01,2.40E-01,3.90E-02,2.25E+01,6.91E-02,1.12E-02,1.57E+00,5.36E+00,5.00E+01,4.73E+02,6.61E+05,2.26E+06,3.31E+05,1.13E+06,1.13E+00,0.00E+00,8.92E-01,1.00E+02,4.41E+07,1.51E+08,1.22E+00,2.50E+01,0.00E+00,0.00E+00,3.26E+01,6.13E+01,0.00E+00,6.52E+01,1.70E+00,0.00E+00,5.39E+07,1.84E+08,7.45E+05,2.55E+06,6.69E+01,6.48E-02,5.33E+01,0.00E+00,2.40E-01,0.00E+00,3.90E-02,0.00E+00,6.91E-02,0.00E+00,1.12E-02
811502600000,1.98E-01,5.05E+00,3.99E+08,2.57E+01,8.83E+08,1.95E+09,1.07E+09,3.32E+01,6.58E-02,1.66E-02,9.74E+00,1.93E-02,4.87E-03,2.05E+00,3.47E+00,2.44E+01,5.83E+02,2.84E+05,2.43E+06,6.93E+04,5.93E+05,1.40E+00,0.00E+00,8.14E-01,1.00E+02,1.43E+07,1.23E+08,1.19E+00,1.29E+01,0.00E+00,0.00E+00,1.36E+01,3.14E+01,0.00E+00,2.62E+01,1.41E+00,0.00E+00,1.71E+07,1.46E+08,3.98E+05,3.41E+06,2.76E+01,3.07E-02,7.00E+01,0.00E+00,6.58E-02,0.00E+00,1.66E-02,0.00E+00,1.93E-02,0.00E+00,4.87E-03
811502650000,1.47E-01,6.79E+00,4.00E+08,2.21E+01,6.60E+08,1.41E+09,7.55E+08,9.47E+01,1.39E-01,4.74E-02,9.20E+01,1.35E-01,4.60E-02,9.85E+00,2.80E+00,1.36E+01,9.47E+02,1.45E+06,9.85E+06,1.97E+05,1.34E+06,1.43E+00,0.00E+00,7.88E-01,1.00E+02,9.74E+06,6.62E+07,1.57E+00,3.17E+01,0.00E+00,0.00E+00,4.44E+01,2.95E+01,0.00E+00,7.20E+01,6.49E+00,0.00E+00,1.53E+07,1.04E+08,2.07E+06,1.41E+07,7.85E+01,6.61E-02,4.87E+01,0.00E+00,1.39E-01,0.00E+00,4.74E-02,0.00E+00,1.35E-01,0.00E+00,4.60E-02
811502700000,1.47E-01,6.79E+00,7.59E+08,2.26E+01,1.05E+09,2.75E+09,1.70E+09,8.96E+01,1.32E-01,4.48E-02,6.74E+01,9.92E-02,3.37E-02,5.15E+00,4.46E+00,1.94E+01,6.86E+02,1.44E+06,9.77E+06,2.79E+05,1.90E+06,1.36E+00,3.06E+00,8.84E-01,1.00E+02,2.51E+07,1.70E+08,1.22E+00,2.67E+01,0.00E+00,0.00E+00,3.88E+01,3.64E+01,0.00E+00,6.64E+01,3.98E+00,0.00E+00,3.06E+07,2.08E+08,1.96E+06,1.33E+07,7.04E+01,4.62E-01,5.24E+01,0.00E+00,1.32E-01,0.00E+00,4.48E-02,0.00E+00,9.92E-02,0.00E+00,3.37E-02
811502750000,8.64E-02,1.16E+01,4.79E+08,2.38E+01,9.33E+08,2.46E+09,1.53E+09,2.65E+01,2.29E-02,1.32E-02,1.64E+01,1.42E-02,8.21E-03,2.35E+00,5.73E+00,5.08E+01,3.86E+02,1.87E+05,3.81E+06,9.51E+04,1.94E+06,1.13E+00,2.31E+01,1.05E+00,1.00E+02,6.90E+06,1.41E+08,1.19E+00,1.32E+01,0.00E+00,0.00E+00,1.12E+01,6.31E+01,0.00E+00,1.81E+01,2.63E+00,0.00E+00,8.20E+06,1.67E+08,2.12E+05,4.32E+06,2.07E+01,2.09E-02,6.99E+01,0.00E+00,2.29E-02,0.00E+00,1.32E-02,0.00E+00,1.42E-02,0.00E+00,8.21E-03
811502800000,6.48E-02,1.54E+01,4.00E+08,1.65E+01,4.05E+08,1.06E+09,6.51E+08,9.56E+01,6.20E-02,4.78E-02,1.17E+01,7.60E-03,5.86E-03,1.62E-03,2.68E+02,1.00E+02,1.33E+00,1.05E+02,1.62E+03,1.05E+02,1.62E+03,2.00E+00,0.00E+00,2.99E-01,1.00E+02,4.95E+06,7.64E+07,1.00E+00,6.22E+00,0.00E+00,0.00E+00,6.05E+01,5.79E+01,0.00E+00,7.23E+01,2.94E-03,0.00E+00,4.96E+06,7.65E+07,2.10E+02,3.25E+03,7.23E+01,2.90E-01,4.97E+01,0.00E+00,6.20E-02,0.00E+00,4.78E-02,0.00E+00,7.60E-03,0.00E+00,5.86E-03
811502850000,6.27E-02,1.60E+01,7.33E+08,2.32E+01,1.02E+09,2.72E+09,1.70E+09,9.54E+01,5.98E-02,4.77E-02,1.59E+01,9.95E-03,7.94E-03,1.18E+00,5.34E+00,5.08E+01,4.13E+02,1.36E+05,2.17E+06,6.90E+04,1.10E+06,1.13E+00,0.00E+00,7.73E-01,1.00E+02,1.14E+07,1.83E+08,1.09E+00,1.19E+01,0.00E+00,0.00E+00,3.50E+01,6.31E+01,0.00E+00,5.94E+01,1.32E+00,0.00E+00,1.25E+07,1.99E+08,1.54E+05,2.46E+06,6.08E+01,6.48E-01,5.43E+01,0.00E+00,5.98E-02,0.00E+00,4.77E-02,0.00E+00,9.95E-03,0.00E+00,7.94E-03
811502900000,6.25E-02,1.60E+01,6.50E+08,2.42E+01,9.46E+08,2.51E+09,1.57E+09,8.96E+01,5.60E-02,4.48E-02,2.19E+01,1.37E-02,1.09E-02,1.33E+00,5.72E+00,5.08E+01,3.59E+02,1.36E+05,2.17E+06,6.89E+04,1.10E+06,1.13E+00,0.00E+00,8.24E-01,1.00E+02,1.02E+07,1.63E+08,1.10E+00,1.30E+01,0.00E+00,0.00E+00,3.21E+01,6.31E+01,0.00E+00,5.54E+01,1.49E+00,0.00E+00,1.12E+07,1.79E+08,1.54E+05,2.46E+06,5.69E+01,1.34E+00,5.60E+01,0.00E+00,5.60E-02,0.00E+00,4.48E-02,0.00E+00,1.37E-02,0.00E+00,1.09E-02
811502950000,6.50E-02,1.54E+01,6.50E+08,2.44E+01,9.40E+08,2.53E+09,1.59E+09,9.18E+01,5.97E-02,4.59E-02,1.52E+01,9.91E-03,7.62E-03,1.18E+00,5.88E+00,5.17E+01,6.98E+02,1.25E+05,1.92E+06,6.46E+04,9.94E+05,1.07E+00,0.00E+00,8.39E-01,1.00E+02,1.10E+07,1.69E+08,1.10E+00,1.28E+01,0.00E+00,0.00E+00,3.31E+01,5.11E+01,0.00E+00,5.91E+01,1.01E+00,0.00E+00,1.21E+07,1.86E+08,1.33E+05,2.05E+06,6.01E+01,9.23E-01,5.53E+01,0.00E+00,5.97E-02,0.00E+00,4.59E-02,0.00E+00,9.91E-03,0.00E+00,7.62E-03
811503000000,6.65E-02,1.50E+01,6.50E+08,1.67E+01,6.64E+08,1.74E+09,1.07E+09,9.33E+01,6.20E-02,4.67E-02,1.83E+01,1.22E-02,9.16E-03,7.47E-01,6.08E+00,4.90E+01,2.66E+02,8.07E+04,1.21E+06,3.95E+04,5.95E+05,1.16E+00,0.00E+00,3.16E-01,1.00E+02,7.82E+06,1.18E+08,1.01E+00,6.99E+00,0.00E+00,0.00E+00,5.68E+01,6.72E+01,0.00E+00,6.51E+01,9.10E-01,0.00E+00,7.93E+06,1.19E+08,9.35E+04,1.41E+06,6.60E+01,1.79E+00,5.35E+01,0.00E+00,6.20E-02,0.00E+00,4.67E-02,0.00E+00,1.22E-02,0.00E+00,9.16E-03
811503050000,6.67E-02,1.50E+01,6.50E+08,2.27E+01,8.86E+08,2.36E+09,1.47E+09,8.99E+01,6.00E-02,4.49E-02,1.15E+01,7.68E-03,5.76E-03,7.38E-01,5.41E+00,5.13E+01,2.36E+02,8.00E+04,1.20E+06,4.10E+04,6.14E+05,1.22E+00,0.00E+00,7.91E-01,1.00E+02,1.08E+07,1.62E+08,1.09E+00,1.17E+01,0.00E+00,0.00E+00,3.43E+01,7.61E+01,0.00E+00,5.86E+01,1.07E+00,0.00E+00,1.18E+07,1.78E+08,9.75E+04,1.46E+06,5.97E+01,9.40E-01,5.40E+01,0.00E+00,6.00E-02,0.00E+00,4.49E-02,0.00E+00,7.68E-03,0.00E+00,5.76E-03
811503100000,6.21E-02,1.61E+01,6.50E+08,2.42E+01,9.47E+08,2.52E+09,1.57E+09,8.98E+01,5.58E-02,4.49E-02,2.04E+01,1.27E-02,1.02E-02,1.33E+00,5.57E+00,5.08E+01,3.79E+02,1.35E+05,2.17E+06,6.84E+04,1.10E+06,1.13E+00,0.00E+00,8.29E-01,1.00E+02,1.02E+07,1.65E+08,1.10E+00,1.28E+01,0.00E+00,0.00E+00,3.24E+01,6.31E+01,0.00E+00,5.66E+01,1.49E+00,0.00E+00,1.13E+07,1.81E+08,1.53E+05,2.46E+06,5.81E+01,1.11E+00,5.59E+01,0.00E+00,5.58E-02,0.00E+00,4.49E-02,0.00E+00,1.27E-02,0.00E+00,1.02E-02
811503150000,5.64E-02,1.77E+01,6.50E+08,2.42E+01,9.44E+08,2.51E+09,1.57E+09,9.03E+01,5.09E-02,4.51E-02,2.05E+01,1.16E-02,1.03E-02,1.28E+00,5.83E+00,5.04E+01,4.40E+02,1.18E+05,2.09E+06,5.94E+04,1.05E+06,1.10E+00,0.00E+00,8.27E-01,1.00E+02,9.25E+06,1.64E+08,1.10E+00,1.29E+01,0.00E+00,0.00E+00,3.23E+01,5.75E+01,0.00E+00,5.60E+01,1.27E+00,0.00E+00,1.02E+07,1.81E+08,1.30E+05,2.30E+06,5.73E+01,1.42E+00,5.61E+01,0.00E+00,5.09E-02,0.00E+00,4.51E-02,0.00E+00,1.16E-02,0.00E+00,1.03E-02
811503200000,6.55E-02,1.53E+01,6.50E+08,2.20E+01,8.80E+08,2.29E+09,1.41E+09,9.55E+01,6.26E-02,4.78E-02,1.18E+01,7.76E-03,5.92E-03,5.96E-01,6.48E+00,4.98E+01,7.57E+02,6.35E+04,9.69E+05,3.16E+04,4.83E+05,1.03E+00,0.00E+00,6.70E-01,1.00E+02,1.01E+07,1.54E+08,1.06E+00,1.22E+01,0.00E+00,0.00E+00,3.84E+01,4.42E+01,0.00E+00,6.04E+01,4.25E-01,0.00E+00,1.07E+07,1.64E+08,6.55E+04,1.00E+06,6.08E+01,1.68E+00,5.77E+01,0.00E+00,6.26E-02,0.00E+00,4.78E-02,0.00E+00,7.76E-03,0.00E+00,5.92E-03
811503250000,7.08E-02,1.41E+01,6.50E+08,1.81E+01,6.72E+08,1.88E+09,1.21E+09,8.96E+01,6.34E-02,4.48E-02,2.15E+01,1.52E-02,1.08E-02,1.28E+00,5.30E+00,5.38E+01,3.76E+02,1.48E+05,2.09E+06,7.95E+04,1.12E+06,1.16E+00,0.00E+00,4.24E-01,1.00E+02,9.11E+06,1.29E+08,9.98E-01,6.65E+00,0.00E+00,0.00E+00,5.04E+01,5.45E+01,0.00E+00,6.23E+01,1.27E+00,0.00E+00,9.09E+06,1.29E+08,1.72E+05,2.43E+06,6.35E+01,1.90E+00,5.04E+01,0.00E+00,6.34E-02,0.00E+00,4.48E-02,0.00E+00,1.52E-02,0.00E+00,1.08E-02
811503300000,7.22E-02,1.39E+01,6.50E+08,2.37E+01,9.01E+08,2.46E+09,1.56E+09,9.50E+01,6.85E-02,4.75E-02,1.49E+01,1.07E-02,7.45E-03,6.36E-01,5.44E+00,4.86E+01,2.96E+02,7.46E+04,1.03E+06,3.63E+04,5.03E+05,1.18E+00,0.00E+00,8.35E-01,1.00E+02,1.24E+07,1.72E+08,1.08E+00,1.64E+01,0.00E+00,0.00E+00,3.30E+01,7.07E+01,0.00E+00,5.93E+01,8.27E-01,0.00E+00,1.35E+07,1.87E+08,8.78E+04,1.22E+06,6.02E+01,1.36E+00,5.52E+01,0.00E+00,6.85E-02,0.00E+00,4.75E-02,0.00E+00,1.07E-02,0.00E+00,7.45E-03
811503350000,1.27E-01,7.89E+00,6.50E+08,2.04E+01,8.99E+08,2.14E+09,1.24E+09,7.22E+01,9.16E-02,3.61E-02,3.13E+01,3.97E-02,1.57E-02,5.87E+00,2.91E+00,1.52E+01,9.02E+02,1.16E+06,9.62E+06,1.76E+05,1.46E+06,1.42E+00,0.00E+00,6.52E-01,1.00E+02,1.39E+07,1.16E+08,1.25E+00,1.87E+01,0.00E+00,0.00E+00,3.53E+01,3.00E+01,0.00E+00,4.88E+01,3.92E+00,0.00E+00,1.74E+07,1.45E+08,1.65E+06,1.37E+07,5.27E+01,6.12E-01,5.47E+01,0.00E+00,9.16E-02,0.00E+00,3.61E-02,0.00E+00,3.97E-02,0.00E+00,1.57E-02
811503400000,1.40E-01,7.15E+00,6.50E+08,2.29E+01,9.31E+08,2.39E+09,1.45E+09,8.94E+01,1.25E-01,4.47E-02,5.89E+01,8.23E-02,2.94E-02,6.17E+00,3.95E+00,2.05E+01,7.78E+02,1.40E+06,1.00E+07,2.87E+05,2.05E+06,1.35E+00,4.48E+00,9.52E-01,1.00E+02,1.90E+07,1.36E+08,1.39E+00,3.48E+01,0.00E+00,0.00E+00,3.63E+01,3.53E+01,0.00E+00,6.60E+01,4.62E+00,0.00E+00,2.64E+07,1.89E+08,1.90E+06,1.36E+07,7.06E+01,5.54E-01,4.90E+01,0.00E+00,1.25E-01,0.00E+00,4.47E-02,0.00E+00,8.23E-02,0.00E+00,2.94E-02
811503450000,1.33E-01,7.52E+00,6.50E+08,1.92E+01,9.01E+08,2.26E+09,1.36E+09,4.21E+01,5.60E-02,2.11E-02,1.57E+00,2.09E-03,7.86E-04,6.22E-04,3.63E+02,1.00E+02,1.50E+00,7.66E+01,1.15E+03,7.66E+01,1.15E+03,2.00E+00,0.00E+00,6.71E-01,1.00E+02,9.75E+06,1.46E+08,1.16E+00,1.60E+01,0.00E+00,0.00E+00,2.84E+01,6.13E+01,0.00E+00,4.07E+01,1.19E-03,0.00E+00,1.13E+07,1.70E+08,1.53E+02,2.30E+03,4.07E+01,6.46E-01,7.27E+01,0.00E+00,5.60E-02,0.00E+00,2.11E-02,0.00E+00,2.09E-03,0.00E+00,7.86E-04
811503500000,9.07E-02,1.10E+01,6.50E+08,1.72E+01,6.47E+08,1.87E+09,1.23E+09,5.79E+01,5.25E-02,2.89E-02,2.38E+01,2.16E-02,1.19E-02,3.86E+00,5.18E+00,2.12E+01,7.29E+02,5.21E+05,6.56E+06,1.11E+05,1.39E+06,1.30E+00,0.00E+00,5.85E-01,1.00E+02,1.03E+07,1.29E+08,1.16E+00,1.58E+01,0.00E+00,0.00E+00,3.23E+01,3.98E+01,0.00E+00,4.45E+01,3.11E+00,0.00E+00,1.19E+07,1.50E+08,6.76E+05,8.51E+06,4.76E+01,5.12E-01,5.46E+01,0.00E+00,5.25E-02,0.00E+00,2.89E-02,0.00E+00,2.16E-02,0.00E+00,1.19E-02
811503550000,9.38E-02,1.07E+01,5.77E+08,1.97E+01,7.53E+08,1.88E+09,1.13E+09,7.13E+01,6.69E-02,3.57E-02,3.86E+00,3.62E-03,1.93E-03,7.18E-04,3.63E+02,1.00E+02,1.50E+00,9.00E+01,1.07E+03,9.00E+01,1.07E+03,2.00E+00,0.00E+00,5.60E-01,1.00E+02,1.14E+07,1.36E+08,1.09E+00,1.24E+01,0.00E+00,0.00E+00,3.30E+01,6.13E+01,0.00E+00,5.11E+01,1.38E-03,0.00E+00,1.24E+07,1.48E+08,1.80E+02,2.14E+03,5.11E+01,8.73E-01,6.12E+01,0.00E+00,6.69E-02,0.00E+00,3.57E-02,0.00E+00,3.62E-03,0.00E+00,1.93E-03
811503600000,1.03E-01,9.73E+00,4.00E+08,2.38E+01,5.69E+08,1.59E+09,1.02E+09,5.64E+01,5.80E-02,2.82E-02,2.91E+01,2.99E-02,1.45E-02,4.77E+00,5.87E+00,2.18E+01,6.75E+02,4.44E+05,4.97E+06,9.68E+04,1.08E+06,1.27E+00,0.00E+00,7.49E-01,1.00E+02,1.07E+07,1.19E+08,1.09E+00,1.89E+01,0.00E+00,0.00E+00,2.29E+01,4.28E+01,0.00E+00,4.47E+01,4.07E+00,0.00E+00,1.16E+07,1.30E+08,5.66E+05,6.34E+06,4.88E+01,1.44E-01,5.48E+01,0.00E+00,5.80E-02,0.00E+00,2.82E-02,0.00E+00,2.99E-02,0.00E+00,1.45E-02
811503650000,1.01E-01,9.93E+00,4.00E+08,1.59E+01,3.81E+08,1.01E+09,6.34E+08,9.58E+01,9.65E-02,4.79E-02,6.04E+00,6.08E-03,3.02E-03,1.08E-03,3.63E+02,1.00E+02,1.50E+00,1.09E+02,1.08E+03,1.09E+02,1.08E+03,2.00E+00,0.00E+00,2.97E-01,1.00E+02,7.66E+06,7.61E+07,1.00E+00,6.17E+00,0.00E+00,0.00E+00,6.06E+01,6.13E+01,0.00E+00,7.20E+01,2.07E-03,0.00E+00,7.66E+06,7.61E+07,2.17E+02,2.16E+03,7.20E+01,5.17E-01,5.02E+01,0.00E+00,9.65E-02,0.00E+00,4.79E-02,0.00E+00,6.08E-03,0.00E+00,3.02E-03
811503700000,9.40E-02,1.06E+01,9.34E+08,2.60E+01,1.60E+09,3.88E+09,2.28E+09,9.46E+01,8.89E-02,4.73E-02,6.68E+01,6.28E-02,3.34E-02,7.67E+00,3.46E+00,1.89E+01,8.78E+02,1.68E+06,1.79E+07,3.18E+05,3.38E+06,1.39E+00,1.38E+00,9.74E-01,1.00E+02,2.06E+07,2.19E+08,1.31E+00,2.86E+01,0.00E+00,0.00E+00,3.09E+01,3.26E+01,0.00E+00,5.94E+01,5.42E+00,0.00E+00,2.70E+07,2.87E+08,2.34E+06,2.49E+07,6.48E+01,9.80E-01,5.52E+01,0.00E+00,8.89E-02,0.00E+00,4.73E-02,0.00E+00,6.28E-02,0.00E+00,3.34E-02
811503750000,7.39E-02,1.35E+01,6.50E+08,2.02E+01,8.36E+08,2.38E+09,1.54E+09,6.19E+01,4.57E-02,3.09E-02,1.03E+01,7.59E-03,5.13E-03,5.87E-01,6.79E+00,4.74E+01,5.77E+02,6.63E+04,1.08E+06,3.14E+04,5.13E+05,1.05E+00,7.39E+00,8.65E-01,1.00E+02,1.00E+07,1.64E+08,1.16E+00,1.87E+01,0.00E+00,0.00E+00,2.58E+01,4.83E+01,0.00E+00,4.13E+01,4.67E-01,0.00E+00,1.16E+07,1.89E+08,6.98E+04,1.14E+06,4.17E+01,2.64E-01,6.01E+01,0.00E+00,4.57E-02,0.00E+00,3.09E-02,0.00E+00,7.59E-03,0.00E+00,5.13E-03
811503800000,5.21E-02,1.92E+01,6.50E+08,1.90E+01,7.78E+08,1.99E+09,1.21E+09,8.83E+01,4.60E-02,4.42E-02,2.48E+01,1.29E-02,1.24E-02,1.60E+00,5.11E+00,5.07E+01,3.96E+02,1.34E+05,2.61E+06,6.78E+04,1.32E+06,1.15E+00,0.00E+00,3.74E-01,1.00E+02,6.21E+06,1.21E+08,1.04E+00,9.47E+00,0.00E+00,0.00E+00,5.08E+01,5.60E+01,0.00E+00,6.14E+01,1.61E+00,0.00E+00,6.47E+06,1.26E+08,1.54E+05,3.01E+06,6.30E+01,8.58E-01,5.60E+01,0.00E+00,4.60E-02,0.00E+00,4.42E-02,0.00E+00,1.29E-02,0.00E+00,1.24E-02
811503850000,5.15E-02,1.94E+01,6.50E+08,2.29E+01,8.64E+08,2.39E+09,1.52E+09,9.53E+01,4.91E-02,4.76E-02,2.46E+01,1.27E-02,1.23E-02,1.01E+00,6.29E+00,4.86E+01,3.60E+02,8.49E+04,1.65E+06,4.13E+04,8.01E+05,1.14E+00,0.00E+00,7.38E-01,1.00E+02,8.48E+06,1.65E+08,1.05E+00,1.41E+01,0.00E+00,0.00E+00,3.80E+01,6.37E+01,0.00E+00,6.35E+01,1.15E+00,0.00E+00,8.94E+06,1.73E+08,9.65E+04,1.87E+06,6.46E+01,8.87E-01,5.28E+01,0.00E+00,4.91E-02,0.00E+00,4.76E-02,0.00E+00,1.27E-02,0.00E+00,1.23E-02
811503900000,5.40E-02,1.85E+01,6.50E+08,2.34E+01,8.60E+08,2.43E+09,1.57E+09,9.01E+01,4.86E-02,4.51E-02,1.81E+01,9.79E-03,9.07E-03,1.01E+00,6.05E+00,4.74E+01,3.56E+02,8.82E+04,1.63E+06,4.18E+04,7.74E+05,1.14E+00,0.00E+00,8.07E-01,1.00E+02,9.08E+06,1.68E+08,1.06E+00,1.30E+01,0.00E+00,0.00E+00,3.27E+01,6.39E+01,0.00E+00,5.59E+01,1.15E+00,0.00E+00,9.59E+06,1.78E+08,1.01E+05,1.87E+06,5.71E+01,1.84E+00,5.52E+01,0.00E+00,4.86E-02,0.00E+00,4.51E-02,0.00E+00,9.79E-03,0.00E+00,9.07E-03
811503950000,5.75E-02,1.74E+01,6.50E+08,2.32E+01,8.48E+08,2.41E+09,1.56E+09,9.06E+01,5.21E-02,4.53E-02,1.39E+01,8.01E-03,6.96E-03,8.37E-01,6.17E+00,4.57E+01,3.29E+02,7.83E+04,1.36E+06,3.58E+04,6.21E+05,1.16E+00,0.00E+00,8.11E-01,1.00E+02,9.79E+06,1.70E+08,1.06E+00,1.31E+01,0.00E+00,0.00E+00,3.30E+01,6.77E+01,0.00E+00,5.71E+01,1.03E+00,0.00E+00,1.03E+07,1.80E+08,9.07E+04,1.58E+06,5.81E+01,1.40E+00,5.51E+01,0.00E+00,5.21E-02,0.00E+00,4.53E-02,0.00E+00,8.01E-03,0.00E+00,6.96E-03
811504000000,5.91E-02,1.69E+01,6.50E+08,2.35E+01,8.65E+08,2.44E+09,1.58E+09,9.02E+01,5.33E-02,4.51E-02,1.71E+01,1.01E-02,8.57E-03,1.19E+00,5.88E+00,4.69E+01,4.53E+02,1.14E+05,1.93E+06,5.35E+04,9.06E+05,1.12E+00,0.00E+00,8.07E-01,1.00E+02,9.94E+06,1.68E+08,1.06E+00,1.30E+01,0.00E+00,0.00E+00,3.27E+01,6.12E+01,0.00E+00,5.60E+01,1.28E+00,0.00E+00,1.05E+07,1.78E+08,1.28E+05,2.17E+06,5.73E+01,1.68E+00,5.56E+01,0.00E+00,5.33E-02,0.00E+00,4.51E-02,0.00E+00,1.01E-02,0.00E+00,8.57E-03
811504050000,6.95E-02,1.44E+01,6.50E+08,2.34E+01,8.64E+08,2.44E+09,1.57E+09,9.01E+01,6.26E-02,4.50E-02,2.05E+01,1.42E-02,1.02E-02,1.19E+00,6.14E+00,4.69E+01,4.10E+02,1.34E+05,1.94E+06,6.30E+04,9.07E+05,1.12E+00,0.00E+00,8.01E-01,1.00E+02,1.15E+07,1.66E+08,1.06E+00,1.31E+01,0.00E+00,0.00E+00,3.23E+01,6.12E+01,0.00E+00,5.45E+01,1.28E+00,0.00E+00,1.22E+07,1.75E+08,1.51E+05,2.17E+06,5.57E+01,2.01E+00,5.57E+01,0.00E+00,6.26E-02,0.00E+00,4.50E-02,0.00E+00,1.42E-02,0.00E+00,1.02E-02
811504100000,6.34E-02,1.58E+01,6.50E+08,2.25E+01,8.18E+08,2.35E+09,1.53E+09,9.16E+01,5.81E-02,4.58E-02,1.20E+01,7.63E-03,6.02E-03,5.44E-01,6.84E+00,4.78E+01,7.56E+02,5.56E+04,8.87E+05,2.66E+04,4.24E+05,1.03E+00,0.00E+00,8.12E-01,1.00E+02,1.06E+07,1.70E+08,1.06E+00,1.44E+01,0.00E+00,0.00E+00,3.27E+01,4.42E+01,0.00E+00,5.61E+01,3.88E-01,0.00E+00,1.12E+07,1.79E+08,5.74E+04,9.16E+05,5.65E+01,1.63E+00,5.76E+01,0.00E+00,5.81E-02,0.00E+00,4.58E-02,0.00E+00,7.63E-03,0.00E+00,6.02E-03
811504150000,5.45E-02,1.84E+01,6.50E+08,1.84E+01,7.54E+08,1.91E+09,1.16E+09,8.99E+01,4.90E-02,4.49E-02,2.21E+01,1.20E-02,1.10E-02,1.19E+00,6.14E+00,4.69E+01,4.10E+02,1.05E+05,1.94E+06,4.94E+04,9.08E+05,1.12E+00,0.00E+00,3.77E-01,1.00E+02,6.53E+06,1.20E+08,1.05E+00,9.06E+00,0.00E+00,0.00E+00,5.05E+01,6.12E+01,0.00E+00,6.09E+01,1.28E+00,0.00E+00,6.83E+06,1.25E+08,1.18E+05,2.18E+06,6.22E+01,1.51E+00,5.62E+01,0.00E+00,4.90E-02,0.00E+00,4.49E-02,0.00E+00,1.20E-02,0.00E+00,1.10E-02
811504200000,5.19E-02,1.93E+01,6.50E+08,2.20E+01,8.01E+08,2.29E+09,1.49E+09,9.03E+01,4.69E-02,4.51E-02,1.90E+01,9.89E-03,9.52E-03,1.18E+00,6.14E+00,4.72E+01,4.21E+02,9.98E+04,1.92E+06,4.71E+04,9.07E+05,1.12E+00,0.00E+00,6.98E-01,1.00E+02,8.31E+06,1.60E+08,1.02E+00,1.05E+01,0.00E+00,0.00E+00,3.81E+01,6.02E+01,0.00E+00,6.01E+01,1.24E+00,0.00E+00,8.52E+06,1.64E+08,1.12E+05,2.15E+06,6.13E+01,9.87E-01,5.19E+01,0.00E+00,4.69E-02,0.00E+00,4.51E-02,0.00E+00,9.89E-03,0.00E+00,9.52E-03
811504250000,5.37E-02,1.86E+01,6.50E+08,2.37E+01,8.75E+08,2.47E+09,1.59E+09,9.05E+01,4.86E-02,4.52E-02,1.69E+01,9.07E-03,8.44E-03,1.06E+00,6.07E+00,4.80E+01,3.83E+02,9.22E+04,1.72E+06,4.42E+04,8.24E+05,1.13E+00,0.00E+00,8.11E-01,1.00E+02,9.14E+06,1.70E+08,1.06E+00,1.34E+01,0.00E+00,0.00E+00,3.30E+01,6.18E+01,0.00E+00,5.70E+01,1.15E+00,0.00E+00,9.65E+06,1.80E+08,1.04E+05,1.94E+06,5.82E+01,1.11E+00,5.53E+01,0.00E+00,4.86E-02,0.00E+00,4.52E-02,0.00E+00,9.07E-03,0.00E+00,8.44E-03
811504300000,5.60E-02,1.79E+01,6.50E+08,2.35E+01,8.59E+08,2.44E+09,1.58E+09,9.05E+01,5.06E-02,4.52E-02,1.34E+01,7.49E-03,6.70E-03,7.71E-01,6.27E+00,4.57E+01,3.08E+02,7.01E+04,1.25E+06,3.20E+04,5.72E+05,1.16E+00,0.00E+00,8.17E-01,1.00E+02,9.67E+06,1.73E+08,1.06E+00,1.33E+01,0.00E+00,0.00E+00,3.34E+01,6.79E+01,0.00E+00,5.86E+01,9.48E-01,0.00E+00,1.02E+07,1.82E+08,8.13E+04,1.45E+06,5.95E+01,6.83E-01,5.40E+01,0.00E+00,5.06E-02,0.00E+00,4.52E-02,0.00E+00,7.49E-03,0.00E+00,6.70E-03
811504350000,5.88E-02,1.70E+01,6.50E+08,2.36E+01,8.69E+08,2.46E+09,1.59E+09,9.05E+01,5.32E-02,4.53E-02,1.51E+01,8.86E-03,7.53E-03,1.18E+00,5.79E+00,4.72E+01,4.83E+02,1.13E+05,1.92E+06,5.33E+04,9.06E+05,1.12E+00,0.00E+00,8.11E-01,1.00E+02,1.00E+07,1.70E+08,1.06E+00,1.30E+01,0.00E+00,0.00E+00,3.31E+01,6.02E+01,0.00E+00,5.71E+01,1.24E+00,0.00E+00,1.06E+07,1.80E+08,1.26E+05,2.15E+06,5.84E+01,1.29E+00,5.51E+01,0.00E+00,5.32E-02,0.00E+00,4.53E-02,0.00E+00,8.86E-03,0.00E+00,7.53E-03
811504400000,6.53E-02,1.53E+01,6.50E+08,2.34E+01,8.63E+08,2.43E+09,1.57E+09,9.02E+01,5.89E-02,4.51E-02,2.19E+01,1.43E-02,1.09E-02,1.18E+00,6.14E+00,4.72E+01,4.21E+02,1.26E+05,1.92E+06,5.92E+04,9.07E+05,1.12E+00,0.00E+00,7.99E-01,1.00E+02,1.08E+07,1.65E+08,1.06E+00,1.34E+01,0.00E+00,0.00E+00,3.22E+01,6.02E+01,0.00E+00,5.42E+01,1.24E+00,0.00E+00,1.14E+07,1.75E+08,1.40E+05,2.15E+06,5.54E+01,2.13E+00,5.65E+01,0.00E+00,5.89E-02,0.00E+00,4.51E-02,0.00E+00,1.43E-02,0.00E+00,1.09E-02
811504450000,6.27E-02,1.59E+01,6.50E+08,2.36E+01,8.73E+08,2.46E+09,1.59E+09,9.03E+01,5.67E-02,4.51E-02,2.09E+01,1.31E-02,1.04E-02,1.18E+00,6.14E+00,4.72E+01,4.28E+02,1.21E+05,1.92E+06,5.69E+04,9.07E+05,1.12E+00,0.00E+00,8.05E-01,1.00E+02,1.05E+07,1.68E+08,1.06E+00,1.43E+01,0.00E+00,0.00E+00,3.26E+01,6.02E+01,0.00E+00,5.56E+01,1.24E+00,0.00E+00,1.11E+07,1.77E+08,1.35E+05,2.15E+06,5.69E+01,9.06E-01,5.54E+01,0.00E+00,5.67E-02,0.00E+00,4.51E-02,0.00E+00,1.31E-02,0.00E+00,1.04E-02
811504500000,5.97E-02,1.67E+01,6.50E+08,2.01E+01,8.15E+08,2.09E+09,1.28E+09,9.55E+01,5.71E-02,4.78E-02,1.35E+01,8.04E-03,6.73E-03,5.40E-01,6.83E+00,4.78E+01,7.12E+02,5.24E+04,8.77E+05,2.50E+04,4.19E+05,1.03E+00,0.00E+00,5.53E-01,1.00E+02,8.24E+06,1.38E+08,1.07E+00,1.24E+01,0.00E+00,0.00E+00,4.15E+01,4.42E+01,0.00E+00,5.90E+01,3.85E-01,0.00E+00,8.83E+06,1.48E+08,5.41E+04,9.05E+05,5.94E+01,2.17E+00,5.96E+01,0.00E+00,5.71E-02,0.00E+00,4.78E-02,0.00E+00,8.04E-03,0.00E+00,6.73E-03
811504550000,5.63E-02,1.77E+01,6.50E+08,1.87E+01,6.65E+08,1.95E+09,1.29E+09,8.36E+01,4.71E-02,4.18E-02,2.06E+01,1.16E-02,1.03E-02,1.20E+00,6.16E+00,4.75E+01,4.39E+02,1.06E+05,1.96E+06,5.05E+04,9.32E+05,1.10E+00,0.00E+00,5.24E-01,1.00E+02,7.64E+06,1.41E+08,9.98E-01,7.38E+00,0.00E+00,0.00E+00,4.48E+01,5.77E+01,0.00E+00,6.03E+01,1.20E+00,0.00E+00,7.62E+06,1.41E+08,1.17E+05,2.16E+06,6.15E+01,1.57E+00,5.11E+01,0.00E+00,4.71E-02,0.00E+00,4.18E-02,0.00E+00,1.16E-02,0.00E+00,1.03E-02
811504600000,5.35E-02,1.87E+01,6.50E+08,2.27E+01,8.27E+08,2.36E+09,1.53E+09,9.05E+01,4.84E-02,4.52E-02,1.32E+01,7.07E-03,6.60E-03,6.24E-01,6.38E+00,4.72E+01,2.63E+02,5.43E+04,1.01E+06,2.56E+04,4.79E+05,1.16E+00,0.00E+00,8.02E-01,1.00E+02,9.00E+06,1.68E+08,1.05E+00,1.35E+01,0.00E+00,0.00E+00,3.26E+01,6.80E+01,0.00E+00,5.51E+01,7.71E-01,0.00E+00,9.41E+06,1.76E+08,6.31E+04,1.18E+06,5.59E+01,1.68E+00,5.47E+01,0.00E+00,4.84E-02,0.00E+00,4.52E-02,0.00E+00,7.07E-03,0.00E+00,6.60E-03
811504650000,5.67E-02,1.76E+01,6.50E+08,2.41E+01,8.86E+08,2.50E+09,1.62E+09,9.09E+01,5.16E-02,4.54E-02,1.69E+01,9.60E-03,8.46E-03,1.16E+00,5.95E+00,4.75E+01,4.79E+02,1.07E+05,1.89E+06,5.09E+04,8.96E+05,1.10E+00,0.00E+00,8.13E-01,1.00E+02,9.82E+06,1.73E+08,1.04E+00,1.33E+01,0.00E+00,0.00E+00,3.34E+01,5.77E+01,0.00E+00,5.80E+01,1.15E+00,0.00E+00,1.02E+07,1.81E+08,1.18E+05,2.08E+06,5.92E+01,8.79E-01,5.46E+01,0.00E+00,5.16E-02,0.00E+00,4.54E-02,0.00E+00,9.60E-03,0.00E+00,8.46E-03
811504700000,5.45E-02,1.83E+01,6.50E+08,2.38E+01,8.74E+08,2.47E+09,1.60E+09,9.07E+01,4.95E-02,4.54E-02,1.71E+01,9.33E-03,8.55E-03,1.16E+00,5.95E+00,4.75E+01,4.79E+02,1.03E+05,1.89E+06,4.89E+04,8.96E+05,1.10E+00,0.00E+00,8.07E-01,1.00E+02,9.30E+06,1.70E+08,1.04E+00,1.35E+01,0.00E+00,0.00E+00,3.30E+01,5.77E+01,0.00E+00,5.65E+01,1.15E+00,0.00E+00,9.71E+06,1.78E+08,1.13E+05,2.08E+06,5.77E+01,1.11E+00,5.48E+01,0.00E+00,4.95E-02,0.00E+00,4.54E-02,0.00E+00,9.33E-03,0.00E+00,8.55E-03
811504750000,6.21E-02,1.61E+01,6.50E+08,2.41E+01,8.91E+08,2.51E+09,1.62E+09,9.05E+01,5.62E-02,4.53E-02,1.82E+01,1.13E-02,9.08E-03,1.16E+00,6.16E+00,4.75E+01,4.39E+02,1.17E+05,1.89E+06,5.57E+04,8.97E+05,1.10E+00,0.00E+00,8.10E-01,1.00E+02,1.07E+07,1.72E+08,1.04E+00,1.33E+01,0.00E+00,0.00E+00,3.32E+01,5.77E+01,0.00E+00,5.73E+01,1.15E+00,0.00E+00,1.11E+07,1.79E+08,1.29E+05,2.08E+06,5.85E+01,1.07E+00,5.47E+01,0.00E+00,5.62E-02,0.00E+00,4.53E-02,0.00E+00,1.13E-02,0.00E+00,9.08E-03
811504800000,5.49E-02,1.82E+01,6.50E+08,2.39E+01,8.81E+08,2.48E+09,1.60E+09,9.09E+01,4.99E-02,4.54E-02,1.85E+01,1.02E-02,9.25E-03,1.16E+00,6.16E+00,4.75E+01,4.39E+02,1.04E+05,1.89E+06,4.92E+04,8.97E+05,1.10E+00,0.00E+00,8.06E-01,1.00E+02,9.33E+06,1.70E+08,1.04E+00,1.35E+01,0.00E+00,0.00E+00,3.29E+01,5.77E+01,0.00E+00,5.62E+01,1.15E+00,0.00E+00,9.75E+06,1.77E+08,1.14E+05,2.08E+06,5.74E+01,1.45E+00,5.54E+01,0.00E+00,4.99E-02,0.00E+00,4.54E-02,0.00E+00,1.02E-02,0.00E+00,9.25E-03
811504850000,6.18E-02,1.62E+01,6.50E+08,2.31E+01,8.37E+08,2.40E+09,1.57E+09,9.35E+01,5.78E-02,4.68E-02,1.38E+01,8.54E-03,6.91E-03,8.36E-01,6.23E+00,4.73E+01,9.75E+02,8.40E+04,1.36E+06,3.97E+04,6.43E+05,1.04E+00,0.00E+00,8.07E-01,1.00E+02,1.06E+07,1.71E+08,1.04E+00,1.34E+01,0.00E+00,0.00E+00,3.31E+01,4.46E+01,0.00E+00,5.69E+01,6.03E-01,0.00E+00,1.10E+07,1.79E+08,8.69E+04,1.41E+06,5.75E+01,2.18E+00,5.56E+01,0.00E+00,5.78E-02,0.00E+00,4.68E-02,0.00E+00,8.54E-03,0.00E+00,6.91E-03
811504900000,7.27E-02,1.38E+01,6.50E+08,1.93E+01,7.89E+08,2.01E+09,1.22E+09,9.25E+01,6.72E-02,4.62E-02,1.30E+01,9.48E-03,6.52E-03,5.33E-01,6.94E+00,3.51E+01,1.92E+02,6.29E+04,8.65E+05,2.21E+04,3.04E+05,1.52E+00,0.00E+00,4.82E-01,1.00E+02,9.69E+06,1.33E+08,1.05E+00,1.04E+01,0.00E+00,0.00E+00,4.57E+01,5.46E+01,0.00E+00,6.17E+01,6.92E-01,0.00E+00,1.02E+07,1.40E+08,9.57E+04,1.32E+06,6.24E+01,1.14E+00,5.66E+01,0.00E+00,6.72E-02,0.00E+00,4.62E-02,0.00E+00,9.48E-03,0.00E+00,6.52E-03
811504950000,8.65E-02,1.16E+01,6.50E+08,2.06E+01,7.44E+08,2.16E+09,1.42E+09,7.64E+01,6.61E-02,3.82E-02,1.97E+01,1.71E-02,9.87E-03,1.99E+00,4.54E+00,4.71E+01,4.70E+02,2.61E+05,3.26E+06,1.23E+05,1.54E+06,1.35E+00,0.00E+00,7.50E-01,1.00E+02,1.18E+07,1.48E+08,1.17E+00,1.70E+01,0.00E+00,0.00E+00,3.40E+01,4.17E+01,0.00E+00,5.62E+01,1.75E+00,0.00E+00,1.39E+07,1.74E+08,3.53E+05,4.41E+06,5.79E+01,9.05E-01,5.28E+01,0.00E+00,6.61E-02,0.00E+00,3.82E-02,0.00E+00,1.71E-02,0.00E+00,9.87E-03
811505000000,8.97E-02,1.11E+01,6.50E+08,2.23E+01,8.40E+08,2.40E+09,1.56E+09,7.12E+01,6.39E-02,3.56E-02,2.15E+01,1.93E-02,1.07E-02,1.89E+00,3.77E+00,5.98E+01,8.34E+02,2.63E+05,3.17E+06,1.58E+05,1.90E+06,1.14E+00,0.00E+00,7.62E-01,1.00E+02,1.31E+07,1.58E+08,1.06E+00,1.41E+01,0.00E+00,0.00E+00,2.65E+01,3.91E+01,0.00E+00,4.16E+01,1.32E+00,0.00E+00,1.40E+07,1.68E+08,3.00E+05,3.62E+06,4.29E+01,8.58E-01,6.18E+01,0.00E+00,6.39E-02,0.00E+00,3.56E-02,0.00E+00,1.93E-02,0.00E+00,1.07E-02
811505050000,9.19E-02,1.09E+01,6.50E+08,1.48E+01,6.27E+08,1.54E+09,9.17E+08,8.95E+01,8.23E-02,4.48E-02,5.38E+00,4.95E-03,2.69E-03,1.25E-01,4.24E+00,2.77E+01,6.73E+01,1.87E+04,2.04E+05,5.17E+03,5.65E+04,1.78E+00,0.00E+00,3.12E-01,1.00E+02,1.00E+07,1.10E+08,1.10E+00,9.94E+00,0.00E+00,0.00E+00,5.67E+01,1.30E+02,0.00E+00,6.55E+01,4.54E-01,0.00E+00,1.10E+07,1.20E+08,3.33E+04,3.64E+05,6.60E+01,1.36E+00,5.29E+01,0.00E+00,8.23E-02,0.00E+00,4.48E-02,0.00E+00,4.95E-03,0.00E+00,2.69E-03
811505100000,1.22E-01,8.21E+00,6.50E+08,1.65E+01,7.56E+08,1.91E+09,1.15E+09,3.49E+01,4.25E-02,1.75E-02,9.90E+00,1.21E-02,4.95E-03,1.23E+00,3.24E+00,4.54E+01,2.90E+02,1.87E+05,2.22E+06,8.47E+04,1.01E+06,1.86E+00,0.00E+00,4.50E-01,1.00E+02,1.09E+07,1.30E+08,1.08E+00,1.04E+01,0.00E+00,0.00E+00,1.71E+01,2.34E+01,0.00E+00,2.09E+01,8.35E-01,0.00E+00,1.19E+07,1.41E+08,3.46E+05,4.13E+06,2.18E+01,5.22E-01,7.25E+01,0.00E+00,4.25E-02,0.00E+00,1.75E-02,0.00E+00,1.21E-02,0.00E+00,4.95E-03
811505150000,1.35E-01,7.40E+00,6.50E+08,2.03E+01,8.01E+08,2.15E+09,1.35E+09,6.97E+01,9.42E-02,3.49E-02,2.51E+01,3.39E-02,1.25E-02,1.97E+00,4.30E+00,5.36E+01,3.76E+02,3.90E+05,3.25E+06,2.09E+05,1.74E+06,1.18E+00,0.00E+00,8.14E-01,1.00E+02,1.62E+07,1.35E+08,1.40E+00,3.09E+01,0.00E+00,0.00E+00,3.17E+01,5.09E+01,0.00E+00,5.67E+01,1.85E+00,0.00E+00,2.27E+07,1.89E+08,4.61E+05,3.85E+06,5.85E+01,6.13E-01,5.71E+01,0.00E+00,9.42E-02,0.00E+00,3.49E-02,0.00E+00,3.39E-02,0.00E+00,1.25E-02
811505200000,1.32E-01,7.56E+00,6.50E+08,1.82E+01,7.92E+08,2.06E+09,1.27E+09,6.96E+01,9.21E-02,3.48E-02,1.35E+00,1.79E-03,6.76E-04,3.48E-04,3.63E+02,1.00E+02,1.50E+00,6.35E+01,6.15E+02,6.35E+01,6.15E+02,2.00E+00,0.00E+00,5.69E-01,1.00E+02,1.48E+07,1.43E+08,1.07E+00,1.18E+01,0.00E+00,0.00E+00,3.84E+01,6.13E+01,0.00E+00,5.19E+01,6.67E-04,0.00E+00,1.58E+07,1.53E+08,1.27E+02,1.23E+03,5.19E+01,4.84E-01,6.32E+01,0.00E+00,9.21E-02,0.00E+00,3.48E-02,0.00E+00,1.79E-03,0.00E+00,6.76E-04
811505250000,1.01E-01,9.91E+00,6.50E+08,1.65E+01,5.86E+08,1.79E+09,1.21E+09,3.69E+01,3.72E-02,1.84E-02,2.32E+01,2.34E-02,1.16E-02,3.32E+00,3.65E+00,5.84E+01,4.25E+02,4.43E+05,5.64E+06,2.59E+05,3.30E+06,1.15E+00,0.00E+00,4.99E-01,1.00E+02,8.83E+06,1.12E+08,1.01E+00,6.11E+00,0.00E+00,0.00E+00,2.76E+01,4.19E+01,0.00E+00,2.88E+01,2.51E+00,0.00E+00,8.89E+06,1.13E+08,5.11E+05,6.51E+06,3.13E+01,3.33E-01,5.56E+01,0.00E+00,3.72E-02,0.00E+00,1.84E-02,0.00E+00,2.34E-02,0.00E+00,1.16E-02
811505300000,9.77E-02,1.02E+01,6.50E+08,1.66E+01,7.34E+08,1.73E+09,9.91E+08,9.53E+01,9.31E-02,4.77E-02,1.15E+01,1.13E-02,5.77E-03,1.50E-01,5.47E+00,4.70E+01,5.73E+01,2.38E+04,2.44E+05,1.12E+04,1.14E+05,1.82E+00,0.00E+00,4.39E-01,1.00E+02,1.09E+07,1.12E+08,1.28E+00,1.95E+01,0.00E+00,0.00E+00,5.20E+01,1.33E+02,0.00E+00,7.19E+01,5.66E-01,0.00E+00,1.40E+07,1.44E+08,4.32E+04,4.42E+05,7.24E+01,9.90E-01,5.20E+01,0.00E+00,9.31E-02,0.00E+00,4.77E-02,0.00E+00,1.13E-02,0.00E+00,5.77E-03
811505350000,5.82E-02,1.72E+01,6.50E+08,2.40E+01,9.49E+08,2.51E+09,1.56E+09,8.42E+01,4.89E-02,4.21E-02,2.18E+01,1.27E-02,1.09E-02,1.35E+00,5.56E+00,5.27E+01,3.86E+02,1.24E+05,2.21E+06,6.54E+04,1.16E+06,1.12E+00,1.68E+00,8.45E-01,1.00E+02,9.12E+06,1.62E+08,1.07E+00,1.37E+01,0.00E+00,0.00E+00,3.07E+01,6.10E+01,0.00E+00,5.11E+01,1.44E+00,0.00E+00,9.76E+06,1.74E+08,1.39E+05,2.48E+06,5.25E+01,1.46E+00,5.83E+01,0.00E+00,4.89E-02,0.00E+00,4.21E-02,0.00E+00,1.27E-02,0.00E+00,1.09E-02
811505400000,5.87E-02,1.70E+01,6.50E+08,2.41E+01,9.21E+08,2.51E+09,1.59E+09,8.98E+01,5.27E-02,4.49E-02,2.23E+01,1.31E-02,1.12E-02,1.31E+00,5.67E+00,5.27E+01,3.70E+02,1.25E+05,2.13E+06,6.60E+04,1.12E+06,1.12E+00,0.00E+00,8.23E-01,1.00E+02,9.70E+06,1.65E+08,1.06E+00,1.31E+01,0.00E+00,0.00E+00,3.22E+01,6.10E+01,0.00E+00,5.43E+01,1.40E+00,0.00E+00,1.03E+07,1.76E+08,1.40E+05,2.39E+06,5.58E+01,1.45E+00,5.54E+01,0.00E+00,5.27E-02,0.00E+00,4.49E-02,0.00E+00,1.31E-02,0.00E+00,1.12E-02
811505450000,5.90E-02,1.70E+01,6.50E+08,2.45E+01,9.24E+08,2.54E+09,1.62E+09,9.08E+01,5.36E-02,4.54E-02,1.62E+01,9.53E-03,8.08E-03,1.27E+00,5.70E+00,5.34E+01,4.73E+02,1.22E+05,2.07E+06,6.51E+04,1.10E+06,1.09E+00,0.00E+00,8.37E-01,1.00E+02,1.01E+07,1.71E+08,1.06E+00,1.28E+01,0.00E+00,0.00E+00,3.31E+01,5.64E+01,0.00E+00,5.78E+01,1.23E+00,0.00E+00,1.07E+07,1.82E+08,1.34E+05,2.27E+06,5.90E+01,8.16E-01,5.48E+01,0.00E+00,5.36E-02,0.00E+00,4.54E-02,0.00E+00,9.53E-03,0.00E+00,8.08E-03
811505500000,6.57E-02,1.52E+01,6.50E+08,1.66E+01,6.71E+08,1.73E+09,1.06E+09,9.42E+01,6.19E-02,4.71E-02,1.69E+01,1.11E-02,8.45E-03,6.36E-01,6.12E+00,5.32E+01,3.88E+02,6.79E+04,1.03E+06,3.62E+04,5.50E+05,1.09E+00,0.00E+00,3.33E-01,1.00E+02,7.68E+06,1.17E+08,9.98E-01,6.08E+00,0.00E+00,0.00E+00,5.74E+01,5.54E+01,0.00E+00,6.44E+01,6.00E-01,0.00E+00,7.66E+06,1.17E+08,7.41E+04,1.13E+06,6.50E+01,2.15E+00,5.33E+01,0.00E+00,6.19E-02,0.00E+00,4.71E-02,0.00E+00,1.11E-02,0.00E+00,8.45E-03
811505550000,7.16E-02,1.40E+01,6.50E+08,2.22E+01,8.30E+08,2.31E+09,1.48E+09,8.99E+01,6.43E-02,4.49E-02,1.28E+01,9.15E-03,6.39E-03,7.17E-01,5.61E+00,5.11E+01,2.36E+02,8.34E+04,1.17E+06,4.26E+04,5.96E+05,1.20E+00,0.00E+00,7.66E-01,1.00E+02,1.17E+07,1.63E+08,1.07E+00,1.23E+01,0.00E+00,0.00E+00,3.40E+01,7.30E+01,0.00E+00,5.69E+01,9.78E-01,0.00E+00,1.25E+07,1.74E+08,9.97E+04,1.39E+06,5.79E+01,1.74E+00,5.42E+01,0.00E+00,6.43E-02,0.00E+00,4.49E-02,0.00E+00,9.15E-03,0.00E+00,6.39E-03
811505600000,5.41E-02,1.85E+01,6.50E+08,2.39E+01,9.10E+08,2.49E+09,1.58E+09,8.97E+01,4.86E-02,4.49E-02,1.95E+01,1.05E-02,9.73E-03,1.31E+00,5.45E+00,5.27E+01,4.03E+02,1.15E+05,2.13E+06,6.08E+04,1.12E+06,1.12E+00,0.00E+00,8.24E-01,1.00E+02,8.99E+06,1.66E+08,1.06E+00,1.29E+01,0.00E+00,0.00E+00,3.23E+01,6.10E+01,0.00E+00,5.48E+01,1.40E+00,0.00E+00,9.55E+06,1.76E+08,1.29E+05,2.39E+06,5.62E+01,1.50E+00,5.54E+01,0.00E+00,4.86E-02,0.00E+00,4.49E-02,0.00E+00,1.05E-02,0.00E+00,9.73E-03
811505650000,6.55E-02,1.53E+01,6.50E+08,2.44E+01,9.32E+08,2.54E+09,1.61E+09,9.03E+01,5.92E-02,4.52E-02,2.06E+01,1.35E-02,1.03E-02,1.28E+00,5.70E+00,5.30E+01,4.33E+02,1.37E+05,2.09E+06,7.24E+04,1.11E+06,1.10E+00,0.00E+00,8.30E-01,1.00E+02,1.10E+07,1.68E+08,1.06E+00,1.28E+01,0.00E+00,0.00E+00,3.26E+01,5.77E+01,0.00E+00,5.60E+01,1.27E+00,0.00E+00,1.17E+07,1.79E+08,1.51E+05,2.30E+06,5.73E+01,1.19E+00,5.48E+01,0.00E+00,5.92E-02,0.00E+00,4.52E-02,0.00E+00,1.35E-02,0.00E+00,1.03E-02
811505700000,6.60E-02,1.51E+01,6.50E+08,2.29E+01,8.61E+08,2.38E+09,1.52E+09,9.56E+01,6.31E-02,4.78E-02,1.41E+01,9.29E-03,7.03E-03,5.96E-01,6.21E+00,5.47E+01,7.57E+02,6.40E+04,9.69E+05,3.50E+04,5.30E+05,1.03E+00,0.00E+00,7.76E-01,1.00E+02,1.11E+07,1.67E+08,1.04E+00,1.37E+01,0.00E+00,0.00E+00,3.42E+01,4.42E+01,0.00E+00,5.74E+01,4.25E-01,0.00E+00,1.15E+07,1.75E+08,6.61E+04,1.00E+06,5.78E+01,1.93E+00,5.68E+01,0.00E+00,6.31E-02,0.00E+00,4.78E-02,0.00E+00,9.29E-03,0.00E+00,7.03E-03
811505750000,6.36E-02,1.57E+01,6.50E+08,1.71E+01,6.85E+08,1.78E+09,1.10E+09,8.97E+01,5.71E-02,4.48E-02,2.05E+01,1.30E-02,1.02E-02,1.28E+00,5.70E+00,5.30E+01,4.33E+02,1.33E+05,2.09E+06,7.03E+04,1.11E+06,1.10E+00,0.00E+00,3.20E-01,1.00E+02,7.32E+06,1.15E+08,9.98E-01,5.78E+00,0.00E+00,0.00E+00,5.80E+01,5.77E+01,0.00E+00,6.40E+01,1.27E+00,0.00E+00,7.30E+06,1.15E+08,1.46E+05,2.30E+06,6.53E+01,1.34E+00,5.16E+01,0.00E+00,5.71E-02,0.00E+00,4.48E-02,0.00E+00,1.30E-02,0.00E+00,1.02E-02
811505800000,6.05E-02,1.65E+01,6.50E+08,2.29E+01,8.56E+08,2.38E+09,1.53E+09,9.01E+01,5.45E-02,4.51E-02,1.29E+01,7.80E-03,6.45E-03,6.89E-01,5.72E+00,5.15E+01,2.76E+02,6.77E+04,1.12E+06,3.49E+04,5.77E+05,1.16E+00,0.00E+00,8.19E-01,1.00E+02,1.01E+07,1.67E+08,1.04E+00,1.30E+01,0.00E+00,0.00E+00,3.24E+01,6.80E+01,0.00E+00,5.42E+01,8.50E-01,0.00E+00,1.05E+07,1.74E+08,7.86E+04,1.30E+06,5.51E+01,1.82E+00,5.47E+01,0.00E+00,5.45E-02,0.00E+00,4.51E-02,0.00E+00,7.80E-03,0.00E+00,6.45E-03
811505850000,6.82E-02,1.47E+01,6.50E+08,2.38E+01,9.00E+08,2.47E+09,1.57E+09,9.01E+01,6.14E-02,4.50E-02,1.88E+01,1.28E-02,9.39E-03,1.28E+00,5.45E+00,5.29E+01,4.85E+02,1.42E+05,2.09E+06,7.53E+04,1.10E+06,1.10E+00,0.00E+00,8.16E-01,1.00E+02,1.13E+07,1.66E+08,1.04E+00,1.29E+01,0.00E+00,0.00E+00,3.21E+01,5.77E+01,0.00E+00,5.34E+01,1.27E+00,0.00E+00,1.18E+07,1.73E+08,1.57E+05,2.30E+06,5.47E+01,2.08E+00,5.63E+01,0.00E+00,6.14E-02,0.00E+00,4.50E-02,0.00E+00,1.28E-02,0.00E+00,9.39E-03
811505900000,6.24E-02,1.60E+01,6.50E+08,2.40E+01,9.13E+08,2.50E+09,1.58E+09,9.01E+01,5.62E-02,4.51E-02,2.27E+01,1.42E-02,1.14E-02,1.28E+00,5.70E+00,5.30E+01,4.33E+02,1.30E+05,2.09E+06,6.90E+04,1.11E+06,1.10E+00,0.00E+00,8.14E-01,1.00E+02,1.03E+07,1.65E+08,1.04E+00,1.29E+01,0.00E+00,0.00E+00,3.21E+01,5.77E+01,0.00E+00,5.31E+01,1.27E+00,0.00E+00,1.07E+07,1.72E+08,1.43E+05,2.30E+06,5.44E+01,2.27E+00,5.60E+01,0.00E+00,5.62E-02,0.00E+00,4.51E-02,0.00E+00,1.42E-02,0.00E+00,1.14E-02
811505950000,5.95E-02,1.68E+01,6.50E+08,2.04E+01,8.43E+08,2.12E+09,1.28E+09,9.54E+01,5.68E-02,4.77E-02,1.29E+01,7.69E-03,6.46E-03,5.96E-01,6.21E+00,5.47E+01,7.57E+02,5.77E+04,9.69E+05,3.15E+04,5.30E+05,1.03E+00,0.00E+00,5.49E-01,1.00E+02,8.19E+06,1.37E+08,1.05E+00,1.13E+01,0.00E+00,0.00E+00,4.21E+01,4.42E+01,0.00E+00,5.87E+01,4.25E-01,0.00E+00,8.63E+06,1.45E+08,5.96E+04,1.00E+06,5.91E+01,2.46E+00,5.95E+01,0.00E+00,5.68E-02,0.00E+00,4.77E-02,0.00E+00,7.69E-03,0.00E+00,6.46E-03
811506000000,5.92E-02,1.69E+01,6.50E+08,1.95E+01,6.96E+08,2.03E+09,1.34E+09,9.04E+01,5.35E-02,4.52E-02,2.12E+01,1.25E-02,1.06E-02,1.26E+00,5.70E+00,5.41E+01,4.66E+02,1.21E+05,2.04E+06,6.54E+04,1.11E+06,1.08E+00,0.00E+00,5.48E-01,1.00E+02,8.59E+06,1.45E+08,9.98E-01,7.52E+00,0.00E+00,0.00E+00,4.51E+01,5.43E+01,0.00E+00,6.28E+01,1.15E+00,0.00E+00,8.57E+06,1.45E+08,1.31E+05,2.21E+06,6.40E+01,1.50E+00,4.87E+01,0.00E+00,5.35E-02,0.00E+00,4.52E-02,0.00E+00,1.25E-02,0.00E+00,1.06E-02
811506050000,6.14E-02,1.63E+01,6.50E+08,2.37E+01,8.89E+08,2.47E+09,1.58E+09,9.08E+01,5.58E-02,4.54E-02,1.30E+01,7.96E-03,6.48E-03,6.62E-01,5.98E+00,5.36E+01,2.76E+02,6.60E+04,1.07E+06,3.54E+04,5.77E+05,1.13E+00,0.00E+00,8.33E-01,1.00E+02,1.06E+07,1.73E+08,1.04E+00,1.29E+01,0.00E+00,0.00E+00,3.33E+01,6.26E+01,0.00E+00,5.76E+01,7.30E-01,0.00E+00,1.11E+07,1.80E+08,7.45E+04,1.21E+06,5.83E+01,6.87E-01,5.36E+01,0.00E+00,5.58E-02,0.00E+00,4.54E-02,0.00E+00,7.96E-03,0.00E+00,6.48E-03
811506100000,6.64E-02,1.51E+01,6.50E+08,2.36E+01,8.89E+08,2.46E+09,1.57E+09,9.01E+01,5.98E-02,4.51E-02,1.68E+01,1.11E-02,8.40E-03,1.26E+00,5.31E+00,5.41E+01,5.70E+02,1.36E+05,2.04E+06,7.33E+04,1.10E+06,1.08E+00,0.00E+00,8.17E-01,1.00E+02,1.10E+07,1.66E+08,1.04E+00,1.29E+01,0.00E+00,0.00E+00,3.22E+01,5.43E+01,0.00E+00,5.38E+01,1.15E+00,0.00E+00,1.15E+07,1.73E+08,1.47E+05,2.21E+06,5.49E+01,1.74E+00,5.52E+01,0.00E+00,5.98E-02,0.00E+00,4.51E-02,0.00E+00,1.11E-02,0.00E+00,8.40E-03
811506150000,6.95E-02,1.44E+01,6.50E+08,2.38E+01,9.01E+08,2.48E+09,1.58E+09,9.06E+01,6.29E-02,4.53E-02,2.16E+01,1.50E-02,1.08E-02,1.26E+00,5.70E+00,5.41E+01,4.66E+02,1.42E+05,2.04E+06,7.67E+04,1.11E+06,1.08E+00,0.00E+00,8.13E-01,1.00E+02,1.14E+07,1.65E+08,1.04E+00,1.30E+01,0.00E+00,0.00E+00,3.19E+01,5.43E+01,0.00E+00,5.28E+01,1.15E+00,0.00E+00,1.19E+07,1.72E+08,1.54E+05,2.21E+06,5.39E+01,2.36E+00,5.66E+01,0.00E+00,6.29E-02,0.00E+00,4.53E-02,0.00E+00,1.50E-02,0.00E+00,1.08E-02
811506200000,1.04E-01,9.61E+00,6.50E+08,2.09E+01,8.54E+08,2.18E+09,1.32E+09,9.55E+01,9.94E-02,4.77E-02,1.38E+01,1.44E-02,6.92E-03,5.96E-01,6.21E+00,5.47E+01,7.57E+02,1.01E+05,9.69E+05,5.51E+04,5.30E+05,1.03E+00,0.00E+00,5.71E-01,1.00E+02,1.48E+07,1.43E+08,1.05E+00,1.25E+01,0.00E+00,0.00E+00,4.14E+01,4.42E+01,0.00E+00,5.97E+01,4.25E-01,0.00E+00,1.56E+07,1.50E+08,1.04E+05,1.00E+06,6.01E+01,1.26E+00,5.91E+01,0.00E+00,9.94E-02,0.00E+00,4.77E-02,0.00E+00,1.44E-02,0.00E+00,6.92E-03
811506250000,2.31E-01,4.34E+00,6.50E+08,1.78E+01,6.27E+08,1.86E+09,1.23E+09,9.02E+01,2.08E-01,4.51E-02,9.03E+00,2.08E-02,4.51E-03,6.61E-01,5.23E+00,5.36E+01,3.46E+02,2.48E+05,1.07E+06,1.33E+05,5.75E+05,1.13E+00,0.00E+00,5.33E-01,1.00E+02,3.30E+07,1.43E+08,9.98E-01,7.43E+00,0.00E+00,0.00E+00,4.63E+01,6.26E+01,0.00E+00,6.34E+01,7.29E-01,0.00E+00,3.29E+07,1.43E+08,2.79E+05,1.21E+06,6.41E+01,1.28E+00,4.80E+01,0.00E+00,2.08E-01,0.00E+00,4.51E-02,0.00E+00,2.08E-02,0.00E+00,4.51E-03
811506300000,2.31E-01,4.34E+00,6.50E+08,2.90E+01,1.44E+09,3.43E+09,2.00E+09,2.08E+01,4.79E-02,1.04E-02,0.00E+00,0.00E+00,0.00E+00,0.00E+00,,,,0.00E+00,0.00E+00,0.00E+00,0.00E+00,,1.83E+01,1.22E+00,1.00E+02,1.16E+07,2.05E+08,1.15E+00,2.39E+01,0.00E+00,0.00E+00,1.42E+01,,0.00E+00,2.82E+01,0.00E+00,0.00E+00,1.33E+07,2.35E+08,0.00E+00,0.00E+00,2.82E+01,1.58E-01,8.55E+01,0.00E+00,4.79E-02,0.00E+00,1.04E-02,0.00E+00,0.00E+00,0.00E+00,0.00E+00
811506350000,2.31E-01,4.34E+00,,,,,,0.00E+00,0.00E+00,0.00E+00,0.00E+00,0.00E+00,0.00E+00,,,,,,,,,,,,,,,,,,,,,,,,,,,,,,,,0.00E+00,0.00E+00,0.00E+00,0.00E+00,0.00E+00,0.00E+00,0.00E+00,0.00E+00
811506400000,2.31E-01,4.34E+00,,,,,,0.00E+00,0.00E+00,0.00E+00,0.00E+00,0.00E+00,0.00E+00,,,,,,,,,,,,,,,,,,,,,,,,,,,,,,,,0.00E+00,0.00E+00,0.00E+00,0.00E+00,0.00E+00,0.00E+00,0.00E+00,0.00E+00
811506450000,6.22E-02,1.61E+01,6.50E+08,1.72E+01,6.50E+08,2.00E+09,1.35E+09,4.42E+01,2.75E-02,2.21E-02,1.59E+01,9.88E-03,7.95E-03,1.70E+00,5.70E+00,5.41E+01,4.66E+02,1.27E+05,3.09E+06,6.87E+04,1.67E+06,1.08E+00,0.00E+00,5.65E-01,1.00E+02,5.64E+06,1.37E+08,9.97E-01,6.39E+00,0.00E+00,0.00E+00,3.57E+01,5.43E+01,0.00E+00,4.20E+01,1.56E+00,0.00E+00,5.62E+06,1.37E+08,1.37E+05,3.34E+06,4.36E+01,3.72E-01,5.40E+01,0.00E+00,2.75E-02,0.00E+00,2.21E-02,0.00E+00,9.88E-03,0.00E+00,7.95E-03
811506500000,6.20E-02,1.61E+01,5.60E+08,2.89E+01,9.79E+08,2.59E+09,1.61E+09,9.60E+01,5.95E-02,4.80E-02,3.84E+01,2.38E-02,1.92E-02,1.96E+00,4.37E+00,5.88E+01,5.09E+02,1.70E+05,2.75E+06,1.00E+05,1.61E+06,1.19E+00,0.00E+00,9.63E-01,1.00E+02,1.03E+07,1.67E+08,1.07E+00,1.74E+01,0.00E+00,0.00E+00,3.02E+01,4.80E+01,0.00E+00,6.03E+01,1.75E+00,0.00E+00,1.11E+07,1.79E+08,2.03E+05,3.27E+06,6.21E+01,5.25E-01,5.44E+01,0.00E+00,5.95E-02,0.00E+00,4.80E-02,0.00E+00,2.38E-02,0.00E+00,1.92E-02
811506550000,6.20E-02,1.61E+01,6.50E+08,1.63E+01,6.52E+08,1.69E+09,1.04E+09,9.47E+01,5.88E-02,4.74E-02,1.52E+01,9.42E-03,7.59E-03,5.68E-01,6.12E+00,5.64E+01,6.04E+02,5.73E+04,9.23E+05,3.23E+04,5.21E+05,1.03E+00,0.00E+00,3.28E-01,1.00E+02,7.19E+06,1.16E+08,9.98E-01,6.05E+00,0.00E+00,0.00E+00,5.75E+01,4.42E+01,0.00E+00,6.39E+01,4.05E-01,0.00E+00,7.18E+06,1.16E+08,5.91E+04,9.53E+05,6.43E+01,2.69E+00,5.38E+01,0.00E+00,5.88E-02,0.00E+00,4.74E-02,0.00E+00,9.42E-03,0.00E+00,7.59E-03
811506600000,6.27E-02,1.59E+01,6.50E+08,2.34E+01,8.77E+08,2.43E+09,1.56E+09,9.04E+01,5.67E-02,4.52E-02,2.03E+01,1.27E-02,1.01E-02,1.22E+00,5.66E+00,5.47E+01,4.42E+02,1.24E+05,1.98E+06,6.80E+04,1.08E+06,1.10E+00,0.00E+00,7.61E-01,1.00E+02,1.03E+07,1.64E+08,1.05E+00,1.26E+01,0.00E+00,0.00E+00,3.40E+01,5.71E+01,0.00E+00,5.61E+01,1.19E+00,0.00E+00,1.08E+07,1.72E+08,1.36E+05,2.17E+06,5.73E+01,1.72E+00,5.50E+01,0.00E+00,5.67E-02,0.00E+00,4.52E-02,0.00E+00,1.27E-02,0.00E+00,1.01E-02
811506650000,7.41E-02,1.35E+01,6.50E+08,2.28E+01,8.44E+08,2.37E+09,1.52E+09,9.03E+01,6.70E-02,4.52E-02,9.35E+00,6.93E-03,4.67E-03,6.51E-01,5.23E+00,5.35E+01,3.24E+02,7.84E+04,1.06E+06,4.20E+04,5.66E+05,1.16E+00,0.00E+00,8.22E-01,1.00E+02,1.25E+07,1.69E+08,1.05E+00,1.30E+01,0.00E+00,0.00E+00,3.27E+01,6.71E+01,0.00E+00,5.56E+01,7.88E-01,0.00E+00,1.31E+07,1.77E+08,9.06E+04,1.22E+06,5.64E+01,1.50E+00,5.47E+01,0.00E+00,6.70E-02,0.00E+00,4.52E-02,0.00E+00,6.93E-03,0.00E+00,4.67E-03
811506700000,7.03E-02,1.42E+01,6.50E+08,2.51E+01,9.82E+08,2.63E+09,1.64E+09,8.21E+01,5.77E-02,4.11E-02,2.21E+01,1.55E-02,1.10E-02,1.65E+00,4.87E+00,5.56E+01,3.83E+02,1.84E+05,2.70E+06,1.02E+05,1.50E+06,1.18E+00,0.00E+00,8.63E-01,1.00E+02,1.16E+07,1.71E+08,1.12E+00,1.90E+01,0.00E+00,0.00E+00,2.77E+01,5.15E+01,0.00E+00,5.07E+01,1.57E+00,0.00E+00,1.30E+07,1.91E+08,2.17E+05,3.18E+06,5.23E+01,9.96E-01,5.94E+01,0.00E+00,5.77E-02,0.00E+00,4.11E-02,0.00E+00,1.55E-02,0.00E+00,1.10E-02
811506750000,6.44E-02,1.55E+01,6.50E+08,2.09E+01,8.66E+08,2.17E+09,1.31E+09,9.58E+01,6.17E-02,4.79E-02,1.47E+01,9.44E-03,7.33E-03,6.25E-01,6.42E+00,4.99E+01,6.27E+02,6.54E+04,1.02E+06,3.26E+04,5.06E+05,1.03E+00,0.00E+00,5.44E-01,1.00E+02,9.09E+06,1.41E+08,1.05E+00,1.07E+01,0.00E+00,0.00E+00,4.43E+01,4.42E+01,0.00E+00,6.34E+01,4.46E-01,0.00E+00,9.59E+06,1.49E+08,6.76E+04,1.05E+06,6.38E+01,1.11E+00,5.74E+01,0.00E+00,6.17E-02,0.00E+00,4.79E-02,0.00E+00,9.44E-03,0.00E+00,7.33E-03
811506800000,5.99E-02,1.67E+01,6.50E+08,1.93E+01,6.77E+08,2.00E+09,1.33E+09,8.99E+01,5.38E-02,4.49E-02,1.41E+01,8.44E-03,7.05E-03,7.22E-01,6.21E+00,4.78E+01,2.58E+02,7.02E+04,1.17E+06,3.36E+04,5.60E+05,1.16E+00,0.00E+00,5.72E-01,1.00E+02,9.00E+06,1.50E+08,1.00E+00,8.43E+00,0.00E+00,0.00E+00,4.39E+01,6.78E+01,0.00E+00,6.37E+01,8.88E-01,0.00E+00,9.04E+06,1.51E+08,8.16E+04,1.36E+06,6.46E+01,7.50E-01,4.79E+01,0.00E+00,5.38E-02,0.00E+00,4.49E-02,0.00E+00,8.44E-03,0.00E+00,7.05E-03
811506850000,6.56E-02,1.52E+01,6.50E+08,2.53E+01,9.78E+08,2.63E+09,1.65E+09,9.52E+01,6.24E-02,4.76E-02,2.72E+01,1.78E-02,1.36E-02,1.44E+00,5.36E+00,4.75E+01,4.70E+02,1.54E+05,2.34E+06,7.30E+04,1.11E+06,1.10E+00,0.00E+00,8.52E-01,1.00E+02,1.16E+07,1.77E+08,1.08E+00,1.89E+01,0.00E+00,0.00E+00,3.18E+01,5.64E+01,0.00E+00,5.84E+01,1.40E+00,0.00E+00,1.25E+07,1.91E+08,1.70E+05,2.59E+06,5.98E+01,7.22E-01,5.65E+01,0.00E+00,6.24E-02,0.00E+00,4.76E-02,0.00E+00,1.78E-02,0.00E+00,1.36E-02
811506900000,6.06E-02,1.65E+01,6.50E+08,2.41E+01,9.14E+08,2.51E+09,1.59E+09,9.00E+01,5.45E-02,4.50E-02,2.47E+01,1.50E-02,1.24E-02,1.40E+00,5.93E+00,4.61E+01,4.44E+02,1.38E+05,2.28E+06,6.37E+04,1.05E+06,1.10E+00,0.00E+00,8.12E-01,1.00E+02,1.01E+07,1.66E+08,1.05E+00,1.30E+01,0.00E+00,0.00E+00,3.23E+01,5.72E+01,0.00E+00,5.43E+01,1.38E+00,0.00E+00,1.06E+07,1.75E+08,1.52E+05,2.51E+06,5.57E+01,1.83E+00,5.60E+01,0.00E+00,5.45E-02,0.00E+00,4.50E-02,0.00E+00,1.50E-02,0.00E+00,1.24E-02
811506950000,6.39E-02,1.56E+01,6.50E+08,2.27E+01,8.69E+08,2.36E+09,1.49E+09,9.57E+01,6.12E-02,4.79E-02,1.17E+01,7.47E-03,5.84E-03,6.25E-01,6.51E+00,4.83E+01,7.58E+02,6.49E+04,1.02E+06,3.13E+04,4.90E+05,1.03E+00,0.00E+00,7.15E-01,1.00E+02,1.05E+07,1.64E+08,1.05E+00,1.25E+01,0.00E+00,0.00E+00,3.72E+01,4.42E+01,0.00E+00,6.20E+01,4.46E-01,0.00E+00,1.11E+07,1.73E+08,6.70E+04,1.05E+06,6.24E+01,1.00E+00,5.56E+01,0.00E+00,6.12E-02,0.00E+00,4.79E-02,0.00E+00,7.47E-03,0.00E+00,5.84E-03
811507000000,6.36E-02,1.57E+01,6.50E+08,1.75E+01,6.79E+08,1.82E+09,1.14E+09,8.91E+01,5.67E-02,4.46E-02,2.35E+01,1.50E-02,1.18E-02,1.34E+00,5.91E+00,4.75E+01,4.47E+02,1.39E+05,2.18E+06,6.59E+04,1.04E+06,1.10E+00,0.00E+00,3.82E-01,1.00E+02,7.68E+06,1.21E+08,9.98E-01,6.19E+00,0.00E+00,0.00E+00,5.31E+01,5.73E+01,0.00E+00,6.16E+01,1.32E+00,0.00E+00,7.67E+06,1.21E+08,1.53E+05,2.40E+06,6.29E+01,2.12E+00,5.16E+01,0.00E+00,5.67E-02,0.00E+00,4.46E-02,0.00E+00,1.50E-02,0.00E+00,1.18E-02
811507050000,6.15E-02,1.63E+01,6.50E+08,2.35E+01,8.72E+08,2.44E+09,1.57E+09,9.02E+01,5.55E-02,4.51E-02,1.43E+01,8.82E-03,7.17E-03,7.20E-01,6.23E+00,4.68E+01,2.65E+02,7.20E+04,1.17E+06,3.37E+04,5.48E+05,1.16E+00,0.00E+00,8.22E-01,1.00E+02,1.05E+07,1.71E+08,1.05E+00,1.29E+01,0.00E+00,0.00E+00,3.31E+01,6.75E+01,0.00E+00,5.72E+01,8.81E-01,0.00E+00,1.11E+07,1.80E+08,8.35E+04,1.36E+06,5.81E+01,1.01E+00,5.42E+01,0.00E+00,5.55E-02,0.00E+00,4.51E-02,0.00E+00,8.82E-03,0.00E+00,7.17E-03
811507100000,6.37E-02,1.57E+01,6.50E+08,2.37E+01,8.89E+08,2.47E+09,1.58E+09,8.99E+01,5.73E-02,4.50E-02,1.66E+01,1.06E-02,8.31E-03,1.34E+00,5.45E+00,4.74E+01,5.46E+02,1.39E+05,2.18E+06,6.59E+04,1.04E+06,1.10E+00,0.00E+00,8.16E-01,1.00E+02,1.07E+07,1.68E+08,1.05E+00,1.28E+01,0.00E+00,0.00E+00,3.27E+01,5.73E+01,0.00E+00,5.56E+01,1.32E+00,0.00E+00,1.13E+07,1.77E+08,1.53E+05,2.40E+06,5.70E+01,1.49E+00,5.54E+01,0.00E+00,5.73E-02,0.00E+00,4.50E-02,0.00E+00,1.06E-02,0.00E+00,8.31E-03
811507150000,7.37E-02,1.36E+01,6.50E+08,2.43E+01,9.13E+08,2.53E+09,1.62E+09,9.01E+01,6.64E-02,4.51E-02,2.01E+01,1.48E-02,1.00E-02,1.34E+00,5.91E+00,4.75E+01,4.63E+02,1.61E+05,2.18E+06,7.64E+04,1.04E+06,1.10E+00,0.00E+00,8.21E-01,1.00E+02,1.26E+07,1.70E+08,1.05E+00,1.28E+01,0.00E+00,0.00E+00,3.30E+01,5.73E+01,0.00E+00,5.68E+01,1.32E+00,0.00E+00,1.32E+07,1.79E+08,1.77E+05,2.40E+06,5.81E+01,1.11E+00,5.49E+01,0.00E+00,6.64E-02,0.00E+00,4.51E-02,0.00E+00,1.48E-02,0.00E+00,1.00E-02
811507200000,6.59E-02,1.52E+01,6.50E+08,1.77E+01,7.14E+08,1.84E+09,1.13E+09,9.54E+01,6.29E-02,4.77E-02,1.40E+01,9.23E-03,7.01E-03,6.25E-01,6.51E+00,4.83E+01,6.75E+02,6.69E+04,1.02E+06,3.23E+04,4.90E+05,1.03E+00,0.00E+00,3.90E-01,1.00E+02,8.23E+06,1.25E+08,1.01E+00,7.50E+00,0.00E+00,0.00E+00,5.32E+01,4.42E+01,0.00E+00,6.46E+01,4.46E-01,0.00E+00,8.32E+06,1.26E+08,6.91E+04,1.05E+06,6.51E+01,1.91E+00,5.44E+01,0.00E+00,6.29E-02,0.00E+00,4.77E-02,0.00E+00,9.23E-03,0.00E+00,7.01E-03
811507250000,5.95E-02,1.68E+01,6.50E+08,2.22E+01,8.21E+08,2.30E+09,1.48E+09,8.95E+01,5.32E-02,4.47E-02,2.35E+01,1.40E-02,1.17E-02,1.34E+00,5.91E+00,4.75E+01,4.47E+02,1.30E+05,2.18E+06,6.17E+04,1.04E+06,1.10E+00,0.00E+00,6.98E-01,1.00E+02,9.33E+06,1.57E+08,1.05E+00,1.08E+01,0.00E+00,0.00E+00,3.62E+01,5.73E+01,0.00E+00,5.70E+01,1.32E+00,0.00E+00,9.76E+06,1.64E+08,1.43E+05,2.40E+06,5.83E+01,2.28E+00,5.37E+01,0.00E+00,5.32E-02,0.00E+00,4.47E-02,0.00E+00,1.40E-02,0.00E+00,1.17E-02
811507300000,6.85E-02,1.46E+01,6.50E+08,2.27E+01,8.39E+08,2.36E+09,1.52E+09,8.98E+01,6.15E-02,4.49E-02,9.88E+00,6.77E-03,4.94E-03,7.19E-01,5.36E+00,4.68E+01,3.30E+02,8.00E+04,1.17E+06,3.74E+04,5.46E+05,1.16E+00,0.00E+00,8.16E-01,1.00E+02,1.15E+07,1.68E+08,1.05E+00,1.26E+01,0.00E+00,0.00E+00,3.27E+01,6.75E+01,0.00E+00,5.57E+01,8.79E-01,0.00E+00,1.21E+07,1.77E+08,9.28E+04,1.35E+06,5.66E+01,1.64E+00,5.48E+01,0.00E+00,6.15E-02,0.00E+00,4.49E-02,0.00E+00,6.77E-03,0.00E+00,4.94E-03
811507350000,6.64E-02,1.51E+01,6.50E+08,2.39E+01,9.04E+08,2.49E+09,1.59E+09,8.98E+01,5.97E-02,4.49E-02,2.29E+01,1.52E-02,1.14E-02,1.34E+00,5.91E+00,4.75E+01,4.47E+02,1.45E+05,2.18E+06,6.88E+04,1.04E+06,1.10E+00,0.00E+00,8.09E-01,1.00E+02,1.10E+07,1.66E+08,1.05E+00,1.28E+01,0.00E+00,0.00E+00,3.22E+01,5.73E+01,0.00E+00,5.40E+01,1.32E+00,0.00E+00,1.16E+07,1.74E+08,1.60E+05,2.40E+06,5.53E+01,1.99E+00,5.59E+01,0.00E+00,5.97E-02,0.00E+00,4.49E-02,0.00E+00,1.52E-02,0.00E+00,1.14E-02
811507400000,6.43E-02,1.56E+01,6.50E+08,2.08E+01,8.53E+08,2.17E+09,1.32E+09,9.59E+01,6.17E-02,4.80E-02,1.19E+01,7.66E-03,5.95E-03,6.25E-01,6.51E+00,4.83E+01,7.58E+02,6.53E+04,1.02E+06,3.15E+04,4.90E+05,1.03E+00,0.00E+00,5.55E-01,1.00E+02,9.14E+06,1.42E+08,1.06E+00,1.13E+01,0.00E+00,0.00E+00,4.31E+01,4.42E+01,0.00E+00,6.25E+01,4.46E-01,0.00E+00,9.70E+06,1.51E+08,6.74E+04,1.05E+06,6.29E+01,1.25E+00,5.84E+01,0.00E+00,6.17E-02,0.00E+00,4.80E-02,0.00E+00,7.66E-03,0.00E+00,5.95E-03
811507450000,6.51E-02,1.54E+01,6.50E+08,1.84E+01,6.50E+08,1.92E+09,1.27E+09,8.93E+01,5.81E-02,4.47E-02,1.77E+01,1.15E-02,8.83E-03,8.65E-01,6.18E+00,4.50E+01,3.09E+02,9.14E+04,1.41E+06,4.11E+04,6.32E+05,1.14E+00,0.00E+00,5.40E-01,1.00E+02,9.25E+06,1.42E+08,1.00E+00,7.51E+00,0.00E+00,0.00E+00,4.44E+01,6.38E+01,0.00E+00,6.07E+01,9.85E-01,0.00E+00,9.25E+06,1.42E+08,1.05E+05,1.61E+06,6.17E+01,2.27E+00,4.90E+01,0.00E+00,5.81E-02,0.00E+00,4.47E-02,0.00E+00,1.15E-02,0.00E+00,8.83E-03
811507500000,6.96E-02,1.44E+01,6.50E+08,2.34E+01,8.76E+08,2.44E+09,1.56E+09,9.00E+01,6.26E-02,4.50E-02,1.59E+01,1.11E-02,7.97E-03,1.20E+00,5.41E+00,4.88E+01,5.02E+02,1.35E+05,1.95E+06,6.62E+04,9.51E+05,1.10E+00,0.00E+00,8.14E-01,1.00E+02,1.17E+07,1.68E+08,1.05E+00,1.28E+01,0.00E+00,0.00E+00,3.26E+01,5.89E+01,0.00E+00,5.52E+01,1.22E+00,0.00E+00,1.23E+07,1.76E+08,1.50E+05,2.15E+06,5.64E+01,1.46E+00,5.51E+01,0.00E+00,6.26E-02,0.00E+00,4.50E-02,0.00E+00,1.11E-02,0.00E+00,7.97E-03
811507550000,6.33E-02,1.58E+01,6.50E+08,2.43E+01,9.18E+08,2.53E+09,1.61E+09,9.01E+01,5.71E-02,4.51E-02,2.17E+01,1.37E-02,1.08E-02,1.34E+00,5.91E+00,4.75E+01,4.47E+02,1.38E+05,2.18E+06,6.56E+04,1.04E+06,1.10E+00,0.00E+00,8.17E-01,1.00E+02,1.07E+07,1.69E+08,1.05E+00,1.28E+01,0.00E+00,0.00E+00,3.27E+01,5.73E+01,0.00E+00,5.59E+01,1.32E+00,0.00E+00,1.12E+07,1.77E+08,1.52E+05,2.40E+06,5.72E+01,1.34E+00,5.53E+01,0.00E+00,5.71E-02,0.00E+00,4.51E-02,0.00E+00,1.37E-02,0.00E+00,1.08E-02
811507600000,6.07E-02,1.65E+01,6.50E+08,2.31E+01,8.52E+08,2.41E+09,1.55E+09,9.54E+01,5.80E-02,4.77E-02,1.29E+01,7.83E-03,6.45E-03,6.25E-01,6.51E+00,4.83E+01,7.58E+02,6.17E+04,1.02E+06,2.98E+04,4.90E+05,1.03E+00,0.00E+00,8.25E-01,1.00E+02,1.05E+07,1.72E+08,1.05E+00,1.33E+01,0.00E+00,0.00E+00,3.33E+01,4.42E+01,0.00E+00,5.78E+01,4.46E-01,0.00E+00,1.10E+07,1.81E+08,6.37E+04,1.05E+06,5.82E+01,2.23E+00,5.58E+01,0.00E+00,5.80E-02,0.00E+00,4.77E-02,0.00E+00,7.83E-03,0.00E+00,6.45E-03
811507650000,6.43E-02,1.56E+01,6.50E+08,1.64E+01,6.73E+08,1.71E+09,1.04E+09,8.97E+01,5.76E-02,4.48E-02,2.32E+01,1.49E-02,1.16E-02,1.34E+00,5.91E+00,4.76E+01,4.63E+02,1.40E+05,2.18E+06,6.66E+04,1.04E+06,1.10E+00,0.00E+00,2.60E-01,1.00E+02,6.93E+06,1.08E+08,1.00E+00,5.45E+00,0.00E+00,0.00E+00,6.05E+01,5.67E+01,0.00E+00,6.28E+01,1.30E+00,0.00E+00,6.94E+06,1.08E+08,1.53E+05,2.39E+06,6.41E+01,2.25E+00,5.31E+01,0.00E+00,5.76E-02,0.00E+00,4.48E-02,0.00E+00,1.49E-02,0.00E+00,1.16E-02
811507700000,6.93E-02,1.44E+01,6.50E+08,2.26E+01,8.33E+08,2.35E+09,1.52E+09,9.00E+01,6.24E-02,4.50E-02,1.14E+01,7.89E-03,5.69E-03,7.15E-01,5.64E+00,4.71E+01,3.19E+02,8.05E+04,1.16E+06,3.79E+04,5.47E+05,1.15E+00,0.00E+00,8.13E-01,1.00E+02,1.16E+07,1.67E+08,1.05E+00,1.28E+01,0.00E+00,0.00E+00,3.25E+01,6.66E+01,0.00E+00,5.48E+01,8.58E-01,0.00E+00,1.22E+07,1.76E+08,9.29E+04,1.34E+06,5.57E+01,1.87E+00,5.51E+01,0.00E+00,6.24E-02,0.00E+00,4.50E-02,0.00E+00,7.89E-03,0.00E+00,5.69E-03
811507750000,6.46E-02,1.55E+01,6.50E+08,2.37E+01,8.94E+08,2.47E+09,1.57E+09,9.00E+01,5.81E-02,4.50E-02,2.12E+01,1.37E-02,1.06E-02,1.34E+00,5.76E+00,4.76E+01,4.92E+02,1.41E+05,2.18E+06,6.69E+04,1.04E+06,1.10E+00,0.00E+00,8.08E-01,1.00E+02,1.07E+07,1.65E+08,1.05E+00,1.29E+01,0.00E+00,0.00E+00,3.22E+01,5.67E+01,0.00E+00,5.38E+01,1.30E+00,0.00E+00,1.12E+07,1.74E+08,1.54E+05,2.39E+06,5.51E+01,1.93E+00,5.60E+01,0.00E+00,5.81E-02,0.00E+00,4.50E-02,0.00E+00,1.37E-02,0.00E+00,1.06E-02
811507800000,7.18E-02,1.39E+01,6.50E+08,2.37E+01,8.86E+08,2.47E+09,1.58E+09,8.97E+01,6.45E-02,4.49E-02,1.78E+01,1.28E-02,8.92E-03,1.34E+00,5.91E+00,4.76E+01,5.11E+02,1.56E+05,2.18E+06,7.44E+04,1.04E+06,1.10E+00,0.00E+00,8.11E-01,1.00E+02,1.19E+07,1.66E+08,1.05E+00,1.29E+01,0.00E+00,0.00E+00,3.24E+01,5.67E+01,0.00E+00,5.45E+01,1.30E+00,0.00E+00,1.26E+07,1.75E+08,1.71E+05,2.39E+06,5.58E+01,1.74E+00,5.58E+01,0.00E+00,6.45E-02,0.00E+00,4.49E-02,0.00E+00,1.28E-02,0.00E+00,8.92E-03
811507850000,9.40E-02,1.06E+01,6.50E+08,1.52E+01,6.06E+08,1.58E+09,9.75E+08,9.49E+01,8.92E-02,4.74E-02,1.40E+01,1.31E-02,6.99E-03,3.32E-01,7.62E+00,4.47E+01,3.41E+02,5.08E+04,5.40E+05,2.27E+04,2.41E+05,1.04E+00,0.00E+00,2.71E-01,1.00E+02,1.06E+07,1.13E+08,1.00E+00,5.69E+00,0.00E+00,0.00E+00,6.05E+01,4.41E+01,0.00E+00,6.56E+01,2.39E-01,0.00E+00,1.06E+07,1.13E+08,5.30E+04,5.64E+05,6.58E+01,2.95E+00,5.31E+01,0.00E+00,8.92E-02,0.00E+00,4.74E-02,0.00E+00,1.31E-02,0.00E+00,6.99E-03
811507900000,2.24E-01,4.46E+00,6.50E+08,2.30E+01,8.57E+08,2.40E+09,1.54E+09,9.01E+01,2.02E-01,4.50E-02,1.35E+01,3.02E-02,6.74E-03,1.01E+00,5.39E+00,4.86E+01,4.60E+02,3.67E+05,1.64E+06,1.78E+05,7.96E+05,1.12E+00,0.00E+00,8.13E-01,1.00E+02,3.74E+07,1.67E+08,1.05E+00,1.31E+01,0.00E+00,0.00E+00,3.25E+01,6.06E+01,0.00E+00,5.48E+01,1.06E+00,0.00E+00,3.94E+07,1.76E+08,4.09E+05,1.83E+06,5.59E+01,1.48E+00,5.53E+01,0.00E+00,2.02E-01,0.00E+00,4.50E-02,0.00E+00,3.02E-02,0.00E+00,6.74E-03
811507950000,2.24E-01,4.46E+00,6.50E+08,2.12E+01,9.39E+08,2.38E+09,1.44E+09,4.69E+01,1.05E-01,2.34E-02,0.00E+00,0.00E+00,0.00E+00,0.00E+00,,,,0.00E+00,0.00E+00,0.00E+00,0.00E+00,,0.00E+00,7.43E-01,1.00E+02,1.82E+07,1.58E+08,1.11E+00,1.47E+01,0.00E+00,0.00E+00,3.07E+01,,0.00E+00,4.81E+01,0.00E+00,0.00E+00,2.02E+07,1.76E+08,0.00E+00,0.00E+00,4.81E+01,1.29E+00,6.91E+01,0.00E+00,1.05E-01,0.00E+00,2.34E-02,0.00E+00,0.00E+00,0.00E+00,0.00E+00
811508000000,2.24E-01,4.46E+00,,,,,,0.00E+00,0.00E+00,0.00E+00,0.00E+00,0.00E+00,0.00E+00,,,,,,,,,,,,,,,,,,,,,,,,,,,,,,,,0.00E+00,0.00E+00,0.00E+00,0.00E+00,0.00E+00,0.00E+00,0.00E+00,0.00E+00
811508050000,2.24E-01,4.46E+00,,,,,,0.00E+00,0.00E+00,0.00E+00,0.00E+00,0.00E+00,0.00E+00,,,,,,,,,,,,,,,,,,,,,,,,,,,,,,,,0.00E+00,0.00E+00,0.00E+00,0.00E+00,0.00E+00,0.00E+00,0.00E+00,0.00E+00
811508100000,4.85E-02,2.06E+01,6.50E+08,1.82E+01,6.44E+08,1.92E+09,1.28E+09,5.63E+01,2.73E-02,2.82E-02,1.55E+01,7.53E-03,7.76E-03,1.63E+00,5.91E+00,4.76E+01,4.63E+02,1.06E+05,2.70E+06,5.03E+04,1.29E+06,1.10E+00,0.00E+00,5.52E-01,1.00E+02,5.23E+06,1.34E+08,9.97E-01,6.67E+00,0.00E+00,0.00E+00,3.97E+01,5.67E+01,0.00E+00,4.99E+01,1.59E+00,0.00E+00,5.21E+06,1.33E+08,1.16E+05,2.96E+06,5.15E+01,4.03E-01,4.78E+01,0.00E+00,2.73E-02,0.00E+00,2.82E-02,0.00E+00,7.53E-03,0.00E+00,7.76E-03
811508150000,9.56E-02,1.05E+01,3.23E+08,2.68E+01,5.62E+08,1.39E+09,8.25E+08,9.75E+01,9.33E-02,4.88E-02,3.08E+01,2.94E-02,1.54E-02,2.86E+00,4.66E+00,5.63E+01,7.42E+02,2.21E+05,2.32E+06,1.25E+05,1.30E+06,1.10E+00,0.00E+00,6.28E-01,1.00E+02,7.18E+06,7.51E+07,1.06E+00,1.06E+01,0.00E+00,0.00E+00,4.22E+01,4.33E+01,0.00E+00,6.52E+01,2.14E+00,0.00E+00,7.64E+06,7.99E+07,2.45E+05,2.56E+06,6.74E+01,8.78E-01,5.80E+01,0.00E+00,9.33E-02,0.00E+00,4.88E-02,0.00E+00,2.94E-02,0.00E+00,1.54E-02
811508200000,9.27E-02,1.08E+01,6.27E+08,2.06E+01,7.25E+08,2.07E+09,1.35E+09,9.54E+01,8.84E-02,4.77E-02,1.07E+01,9.91E-03,5.35E-03,1.34E-01,7.52E+00,4.02E+01,5.93E+01,1.95E+04,2.11E+05,7.85E+03,8.48E+04,1.79E+00,0.00E+00,6.98E-01,1.00E+02,1.46E+07,1.57E+08,1.06E+00,1.28E+01,0.00E+00,0.00E+00,3.87E+01,1.30E+02,0.00E+00,6.40E+01,4.89E-01,0.00E+00,1.54E+07,1.66E+08,3.49E+04,3.77E+05,6.45E+01,1.66E+00,4.95E+01,0.00E+00,8.84E-02,0.00E+00,4.77E-02,0.00E+00,9.91E-03,0.00E+00,5.35E-03
811508250000,6.11E-02,1.64E+01,6.50E+08,2.47E+01,9.25E+08,2.57E+09,1.64E+09,9.32E+01,5.70E-02,4.66E-02,2.52E+01,1.54E-02,1.26E-02,1.47E+00,4.99E+00,5.37E+01,4.23E+02,1.46E+05,2.38E+06,7.82E+04,1.28E+06,1.17E+00,0.00E+00,8.40E-01,1.00E+02,1.06E+07,1.73E+08,1.11E+00,1.68E+01,0.00E+00,0.00E+00,3.08E+01,5.38E+01,0.00E+00,5.67E+01,1.44E+00,0.00E+00,1.17E+07,1.91E+08,1.70E+05,2.78E+06,5.82E+01,1.34E+00,5.82E+01,0.00E+00,5.70E-02,0.00E+00,4.66E-02,0.00E+00,1.54E-02,0.00E+00,1.26E-02
811508300000,6.65E-02,1.50E+01,6.50E+08,2.37E+01,8.86E+08,2.46E+09,1.58E+09,9.00E+01,5.98E-02,4.50E-02,2.28E+01,1.52E-02,1.14E-02,1.29E+00,5.77E+00,5.11E+01,4.26E+02,1.40E+05,2.10E+06,7.15E+04,1.08E+06,1.11E+00,0.00E+00,8.10E-01,1.00E+02,1.09E+07,1.65E+08,1.07E+00,1.28E+01,0.00E+00,0.00E+00,3.21E+01,5.88E+01,0.00E+00,5.44E+01,1.32E+00,0.00E+00,1.17E+07,1.76E+08,1.55E+05,2.33E+06,5.57E+01,2.16E+00,5.62E+01,0.00E+00,5.98E-02,0.00E+00,4.50E-02,0.00E+00,1.52E-02,0.00E+00,1.14E-02
811508350000,7.35E-02,1.36E+01,6.50E+08,2.02E+01,8.30E+08,2.10E+09,1.27E+09,9.55E+01,7.02E-02,4.77E-02,1.02E+01,7.47E-03,5.08E-03,2.25E-01,3.96E+00,8.75E+01,1.28E+02,2.69E+04,3.66E+05,2.35E+04,3.20E+05,1.52E+00,0.00E+00,5.50E-01,1.00E+02,1.05E+07,1.43E+08,1.09E+00,1.15E+01,0.00E+00,0.00E+00,4.04E+01,3.02E+01,0.00E+00,6.03E+01,1.61E-01,0.00E+00,1.14E+07,1.55E+08,4.07E+04,5.54E+05,6.05E+01,1.91E+00,5.88E+01,0.00E+00,7.02E-02,0.00E+00,4.77E-02,0.00E+00,7.47E-03,0.00E+00,5.08E-03
811508400000,8.07E-02,1.24E+01,6.50E+08,1.93E+01,7.15E+08,2.01E+09,1.30E+09,8.85E+01,7.14E-02,4.42E-02,1.84E+01,1.48E-02,9.19E-03,1.42E+00,5.30E+00,4.95E+01,5.11E+02,1.86E+05,2.30E+06,9.19E+04,1.14E+06,1.11E+00,0.00E+00,5.85E-01,1.00E+02,1.15E+07,1.42E+08,1.07E+00,1.36E+01,0.00E+00,0.00E+00,4.11E+01,5.86E+01,0.00E+00,6.04E+01,1.43E+00,0.00E+00,1.23E+07,1.53E+08,2.05E+05,2.55E+06,6.18E+01,1.62E+00,5.22E+01,0.00E+00,7.14E-02,0.00E+00,4.42E-02,0.00E+00,1.48E-02,0.00E+00,9.19E-03
811508450000,7.92E-02,1.26E+01,6.50E+08,2.35E+01,9.63E+08,2.56E+09,1.59E+09,6.96E+01,5.52E-02,3.48E-02,2.23E+01,1.77E-02,1.11E-02,1.70E+00,4.59E+00,5.56E+01,3.78E+02,2.05E+05,2.89E+06,1.14E+05,1.60E+06,1.22E+00,4.95E-01,8.51E-01,1.00E+02,1.14E+07,1.60E+08,1.15E+00,1.77E+01,0.00E+00,0.00E+00,2.59E+01,5.17E+01,0.00E+00,4.38E+01,1.67E+00,0.00E+00,1.31E+07,1.84E+08,2.49E+05,3.51E+06,4.55E+01,8.80E-01,6.33E+01,0.00E+00,5.52E-02,0.00E+00,3.48E-02,0.00E+00,1.77E-02,0.00E+00,1.11E-02
811508500000,7.65E-02,1.31E+01,6.50E+08,1.98E+01,8.03E+08,2.06E+09,1.26E+09,9.37E+01,7.17E-02,4.69E-02,9.98E+00,7.64E-03,4.99E-03,2.13E-01,3.15E+00,9.00E+01,1.84E+02,2.65E+04,3.46E+05,2.38E+04,3.11E+05,1.89E+00,0.00E+00,5.52E-01,1.00E+02,1.06E+07,1.39E+08,1.10E+00,1.23E+01,0.00E+00,0.00E+00,4.23E+01,2.33E+01,0.00E+00,6.20E+01,1.46E-01,0.00E+00,1.17E+07,1.53E+08,5.00E+04,6.53E+05,6.22E+01,6.51E-01,5.86E+01,0.00E+00,7.17E-02,0.00E+00,4.69E-02,0.00E+00,7.64E-03,0.00E+00,4.99E-03
811508550000,7.12E-02,1.40E+01,6.50E+08,1.94E+01,7.16E+08,2.02E+09,1.31E+09,8.27E+01,5.89E-02,4.14E-02,1.59E+01,1.13E-02,7.95E-03,1.42E+00,4.94E+00,5.27E+01,3.95E+02,1.62E+05,2.31E+06,8.51E+04,1.22E+06,1.15E+00,0.00E+00,5.77E-01,1.00E+02,1.00E+07,1.43E+08,1.09E+00,1.32E+01,0.00E+00,0.00E+00,4.01E+01,5.78E+01,0.00E+00,5.98E+01,1.47E+00,0.00E+00,1.09E+07,1.56E+08,1.86E+05,2.66E+06,6.12E+01,9.25E-01,5.22E+01,0.00E+00,5.89E-02,0.00E+00,4.14E-02,0.00E+00,1.13E-02,0.00E+00,7.95E-03
811508600000,5.76E-02,1.73E+01,6.50E+08,2.32E+01,9.26E+08,2.51E+09,1.59E+09,7.98E+01,4.60E-02,3.99E-02,2.16E+01,1.24E-02,1.08E-02,1.29E+00,5.76E+00,5.17E+01,3.70E+02,1.18E+05,2.17E+06,6.09E+04,1.12E+06,1.13E+00,0.00E+00,7.98E-01,1.00E+02,8.90E+06,1.64E+08,1.09E+00,1.34E+01,0.00E+00,0.00E+00,3.06E+01,6.12E+01,0.00E+00,5.04E+01,1.38E+00,0.00E+00,9.66E+06,1.78E+08,1.33E+05,2.45E+06,5.18E+01,9.58E-01,5.94E+01,0.00E+00,4.60E-02,0.00E+00,3.99E-02,0.00E+00,1.24E-02,0.00E+00,1.08E-02
811508650000,5.30E-02,1.89E+01,6.50E+08,2.52E+01,9.81E+08,2.62E+09,1.64E+09,9.52E+01,5.05E-02,4.76E-02,2.68E+01,1.42E-02,1.34E-02,1.19E+00,5.38E+00,5.49E+01,3.27E+02,1.03E+05,1.94E+06,5.65E+04,1.07E+06,1.19E+00,0.00E+00,8.24E-01,1.00E+02,9.07E+06,1.71E+08,1.11E+00,1.73E+01,0.00E+00,0.00E+00,3.28E+01,5.79E+01,0.00E+00,5.97E+01,1.29E+00,0.00E+00,1.00E+07,1.89E+08,1.23E+05,2.31E+06,6.10E+01,8.50E-01,5.56E+01,0.00E+00,5.05E-02,0.00E+00,4.76E-02,0.00E+00,1.42E-02,0.00E+00,1.34E-02
811508700000,4.95E-02,2.02E+01,6.50E+08,2.41E+01,8.89E+08,2.51E+09,1.62E+09,9.07E+01,4.49E-02,4.54E-02,1.71E+01,8.49E-03,8.57E-03,1.08E+00,5.96E+00,5.11E+01,3.56E+02,8.70E+04,1.76E+06,4.45E+04,8.99E+05,1.14E+00,0.00E+00,7.80E-01,1.00E+02,8.52E+06,1.72E+08,1.07E+00,1.37E+01,0.00E+00,0.00E+00,3.34E+01,6.28E+01,0.00E+00,5.92E+01,1.21E+00,0.00E+00,9.12E+06,1.84E+08,9.89E+04,2.00E+06,6.04E+01,7.85E-01,5.47E+01,0.00E+00,4.49E-02,0.00E+00,4.54E-02,0.00E+00,8.49E-03,0.00E+00,8.57E-03
811508750000,5.37E-02,1.86E+01,6.50E+08,2.34E+01,8.64E+08,2.44E+09,1.57E+09,9.04E+01,4.86E-02,4.52E-02,1.93E+01,1.04E-02,9.67E-03,1.08E+00,5.96E+00,5.11E+01,3.56E+02,9.44E+04,1.76E+06,4.83E+04,8.99E+05,1.14E+00,0.00E+00,7.67E-01,1.00E+02,8.95E+06,1.67E+08,1.07E+00,1.37E+01,0.00E+00,0.00E+00,3.26E+01,6.28E+01,0.00E+00,5.60E+01,1.21E+00,0.00E+00,9.60E+06,1.79E+08,1.07E+05,2.00E+06,5.73E+01,1.89E+00,5.57E+01,0.00E+00,4.86E-02,0.00E+00,4.52E-02,0.00E+00,1.04E-02,0.00E+00,9.67E-03
811508800000,5.44E-02,1.84E+01,6.50E+08,2.32E+01,8.49E+08,2.41E+09,1.56E+09,9.04E+01,4.92E-02,4.52E-02,1.56E+01,8.47E-03,7.78E-03,1.08E+00,5.96E+00,5.11E+01,3.82E+02,9.56E+04,1.76E+06,4.89E+04,8.98E+05,1.14E+00,0.00E+00,7.67E-01,1.00E+02,9.06E+06,1.67E+08,1.07E+00,1.37E+01,0.00E+00,0.00E+00,3.26E+01,6.28E+01,0.00E+00,5.60E+01,1.21E+00,0.00E+00,9.72E+06,1.79E+08,1.09E+05,2.00E+06,5.72E+01,1.99E+00,5.59E+01,0.00E+00,4.92E-02,0.00E+00,4.52E-02,0.00E+00,8.47E-03,0.00E+00,7.78E-03
811508850000,5.71E-02,1.75E+01,6.50E+08,2.19E+01,8.33E+08,2.28E+09,1.45E+09,9.57E+01,5.46E-02,4.78E-02,1.36E+01,7.78E-03,6.82E-03,4.83E-01,6.72E+00,5.11E+01,5.69E+02,4.48E+04,7.85E+05,2.29E+04,4.01E+05,1.03E+00,0.00E+00,6.88E-01,1.00E+02,9.08E+06,1.59E+08,1.08E+00,1.32E+01,0.00E+00,0.00E+00,3.65E+01,4.42E+01,0.00E+00,6.02E+01,3.45E-01,0.00E+00,9.80E+06,1.72E+08,4.63E+04,8.11E+05,6.05E+01,2.23E+00,5.73E+01,0.00E+00,5.46E-02,0.00E+00,4.78E-02,0.00E+00,7.78E-03,0.00E+00,6.82E-03
811508900000,5.63E-02,1.78E+01,6.50E+08,2.02E+01,8.07E+08,2.10E+09,1.30E+09,9.03E+01,5.09E-02,4.52E-02,1.83E+01,1.03E-02,9.14E-03,1.08E+00,5.96E+00,5.11E+01,3.56E+02,9.90E+04,1.76E+06,5.06E+04,8.99E+05,1.14E+00,0.00E+00,5.34E-01,1.00E+02,7.63E+06,1.36E+08,1.08E+00,1.05E+01,0.00E+00,0.00E+00,4.15E+01,6.28E+01,0.00E+00,5.85E+01,1.21E+00,0.00E+00,8.26E+06,1.47E+08,1.12E+05,2.00E+06,5.97E+01,2.20E+00,5.68E+01,0.00E+00,5.09E-02,0.00E+00,4.52E-02,0.00E+00,1.03E-02,0.00E+00,9.14E-03
811508950000,5.19E-02,1.93E+01,6.50E+08,2.18E+01,7.70E+08,2.27E+09,1.50E+09,9.02E+01,4.68E-02,4.51E-02,1.80E+01,9.34E-03,9.00E-03,1.08E+00,5.96E+00,5.11E+01,3.56E+02,9.12E+04,1.76E+06,4.67E+04,8.99E+05,1.14E+00,0.00E+00,6.75E-01,1.00E+02,8.35E+06,1.61E+08,1.04E+00,1.20E+01,0.00E+00,0.00E+00,3.67E+01,6.28E+01,0.00E+00,5.91E+01,1.21E+00,0.00E+00,8.68E+06,1.67E+08,1.04E+05,2.00E+06,6.03E+01,1.48E+00,5.27E+01,0.00E+00,4.68E-02,0.00E+00,4.51E-02,0.00E+00,9.34E-03,0.00E+00,9.00E-03
811509000000,5.43E-02,1.84E+01,6.50E+08,2.27E+01,8.18E+08,2.36E+09,1.55E+09,9.08E+01,4.93E-02,4.54E-02,1.42E+01,7.71E-03,7.10E-03,7.99E-01,5.82E+00,5.04E+01,3.05E+02,7.05E+04,1.30E+06,3.55E+04,6.54E+05,1.15E+00,0.00E+00,7.37E-01,1.00E+02,9.19E+06,1.69E+08,1.04E+00,1.35E+01,0.00E+00,0.00E+00,3.50E+01,6.55E+01,0.00E+00,5.94E+01,9.44E-01,0.00E+00,9.59E+06,1.77E+08,8.13E+04,1.50E+06,6.03E+01,6.39E-01,5.30E+01,0.00E+00,4.93E-02,0.00E+00,4.54E-02,0.00E+00,7.71E-03,0.00E+00,7.10E-03
811509050000,5.06E-02,1.98E+01,6.50E+08,2.35E+01,8.77E+08,2.45E+09,1.57E+09,9.08E+01,4.59E-02,4.54E-02,2.07E+01,1.05E-02,1.04E-02,1.24E+00,6.03E+00,5.19E+01,4.43E+02,1.02E+05,2.01E+06,5.28E+04,1.04E+06,1.11E+00,0.00E+00,7.32E-01,1.00E+02,8.38E+06,1.66E+08,1.06E+00,1.32E+01,0.00E+00,0.00E+00,3.48E+01,5.86E+01,0.00E+00,5.89E+01,1.25E+00,0.00E+00,8.90E+06,1.76E+08,1.12E+05,2.22E+06,6.02E+01,8.86E-01,5.43E+01,0.00E+00,4.59E-02,0.00E+00,4.54E-02,0.00E+00,1.05E-02,0.00E+00,1.04E-02
811509100000,5.28E-02,1.89E+01,6.50E+08,2.28E+01,8.26E+08,2.37E+09,1.54E+09,9.06E+01,4.79E-02,4.53E-02,1.28E+01,6.76E-03,6.40E-03,6.68E-01,6.20E+00,5.18E+01,2.69E+02,5.73E+04,1.09E+06,2.97E+04,5.62E+05,1.17E+00,0.00E+00,7.68E-01,1.00E+02,8.88E+06,1.68E+08,1.06E+00,1.37E+01,0.00E+00,0.00E+00,3.28E+01,6.94E+01,0.00E+00,5.64E+01,8.48E-01,0.00E+00,9.45E+06,1.79E+08,6.71E+04,1.27E+06,5.72E+01,1.85E+00,5.51E+01,0.00E+00,4.79E-02,0.00E+00,4.53E-02,0.00E+00,6.76E-03,0.00E+00,6.40E-03
811509150000,5.45E-02,1.84E+01,6.50E+08,2.33E+01,8.51E+08,2.42E+09,1.57E+09,9.06E+01,4.94E-02,4.53E-02,1.86E+01,1.01E-02,9.31E-03,1.06E+00,5.87E+00,5.14E+01,4.09E+02,9.40E+04,1.73E+06,4.83E+04,8.86E+05,1.12E+00,0.00E+00,7.65E-01,1.00E+02,9.09E+06,1.67E+08,1.07E+00,1.41E+01,0.00E+00,0.00E+00,3.26E+01,6.07E+01,0.00E+00,5.57E+01,1.13E+00,0.00E+00,9.69E+06,1.78E+08,1.05E+05,1.93E+06,5.68E+01,1.89E+00,5.61E+01,0.00E+00,4.94E-02,0.00E+00,4.53E-02,0.00E+00,1.01E-02,0.00E+00,9.31E-03
811509200000,5.71E-02,1.75E+01,6.50E+08,2.33E+01,8.50E+08,2.42E+09,1.57E+09,9.08E+01,5.19E-02,4.54E-02,1.61E+01,9.18E-03,8.03E-03,1.06E+00,5.76E+00,5.13E+01,4.29E+02,9.86E+04,1.73E+06,5.06E+04,8.86E+05,1.12E+00,0.00E+00,7.68E-01,1.00E+02,9.61E+06,1.68E+08,1.06E+00,1.42E+01,0.00E+00,0.00E+00,3.28E+01,6.07E+01,0.00E+00,5.65E+01,1.13E+00,0.00E+00,1.02E+07,1.79E+08,1.10E+05,1.93E+06,5.76E+01,1.57E+00,5.58E+01,0.00E+00,5.19E-02,0.00E+00,4.54E-02,0.00E+00,9.18E-03,0.00E+00,8.03E-03
811509250000,4.94E-02,2.03E+01,6.50E+08,2.39E+01,8.78E+08,2.48E+09,1.60E+09,9.08E+01,4.48E-02,4.54E-02,1.85E+01,9.12E-03,9.23E-03,1.06E+00,6.00E+00,5.13E+01,3.90E+02,8.52E+04,1.73E+06,4.37E+04,8.86E+05,1.12E+00,0.00E+00,7.74E-01,1.00E+02,8.41E+06,1.70E+08,1.06E+00,1.46E+01,0.00E+00,0.00E+00,3.31E+01,6.07E+01,0.00E+00,5.78E+01,1.13E+00,0.00E+00,8.95E+06,1.81E+08,9.54E+04,1.93E+06,5.89E+01,8.41E-01,5.54E+01,0.00E+00,4.48E-02,0.00E+00,4.54E-02,0.00E+00,9.12E-03,0.00E+00,9.23E-03
811509300000,4.95E-02,2.02E+01,6.50E+08,2.36E+01,8.62E+08,2.45E+09,1.59E+09,9.08E+01,4.50E-02,4.54E-02,1.78E+01,8.83E-03,8.91E-03,1.05E+00,6.02E+00,5.12E+01,4.18E+02,8.49E+04,1.71E+06,4.35E+04,8.78E+05,1.11E+00,0.00E+00,7.69E-01,1.00E+02,8.36E+06,1.69E+08,1.06E+00,1.38E+01,0.00E+00,0.00E+00,3.29E+01,5.97E+01,0.00E+00,5.68E+01,1.10E+00,0.00E+00,8.90E+06,1.80E+08,9.46E+04,1.91E+06,5.79E+01,1.54E+00,5.53E+01,0.00E+00,4.50E-02,0.00E+00,4.54E-02,0.00E+00,8.83E-03,0.00E+00,8.91E-03
811509350000,5.51E-02,1.82E+01,6.50E+08,2.33E+01,8.50E+08,2.42E+09,1.57E+09,9.06E+01,4.99E-02,4.53E-02,1.86E+01,1.02E-02,9.28E-03,1.05E+00,6.02E+00,5.12E+01,4.18E+02,9.44E+04,1.71E+06,4.83E+04,8.78E+05,1.11E+00,0.00E+00,7.61E-01,1.00E+02,9.18E+06,1.67E+08,1.06E+00,1.39E+01,0.00E+00,0.00E+00,3.25E+01,5.97E+01,0.00E+00,5.51E+01,1.10E+00,0.00E+00,9.69E+06,1.76E+08,1.05E+05,1.91E+06,5.62E+01,2.26E+00,5.63E+01,0.00E+00,4.99E-02,0.00E+00,4.53E-02,0.00E+00,1.02E-02,0.00E+00,9.28E-03
811509400000,5.67E-02,1.76E+01,6.50E+08,2.32E+01,8.47E+08,2.41E+09,1.56E+09,9.04E+01,5.13E-02,4.52E-02,2.07E+01,1.17E-02,1.04E-02,1.05E+00,6.02E+00,5.12E+01,4.18E+02,9.72E+04,1.71E+06,4.98E+04,8.78E+05,1.11E+00,0.00E+00,7.58E-01,1.00E+02,9.38E+06,1.65E+08,1.06E+00,1.42E+01,0.00E+00,0.00E+00,3.23E+01,5.97E+01,0.00E+00,5.43E+01,1.10E+00,0.00E+00,9.91E+06,1.75E+08,1.08E+05,1.91E+06,5.54E+01,2.29E+00,5.63E+01,0.00E+00,5.13E-02,0.00E+00,4.52E-02,0.00E+00,1.17E-02,0.00E+00,1.04E-02
811509450000,5.37E-02,1.86E+01,6.50E+08,2.37E+01,8.66E+08,2.46E+09,1.60E+09,9.08E+01,4.87E-02,4.54E-02,1.89E+01,1.01E-02,9.44E-03,1.05E+00,6.02E+00,5.12E+01,4.18E+02,9.20E+04,1.71E+06,4.71E+04,8.78E+05,1.11E+00,0.00E+00,7.68E-01,1.00E+02,9.11E+06,1.70E+08,1.06E+00,1.47E+01,0.00E+00,0.00E+00,3.30E+01,5.97E+01,0.00E+00,5.68E+01,1.10E+00,0.00E+00,9.61E+06,1.79E+08,1.03E+05,1.91E+06,5.79E+01,1.01E+00,5.53E+01,0.00E+00,4.87E-02,0.00E+00,4.54E-02,0.00E+00,1.01E-02,0.00E+00,9.44E-03
811509500000,5.60E-02,1.79E+01,6.50E+08,2.32E+01,8.49E+08,2.41E+09,1.56E+09,9.04E+01,5.06E-02,4.52E-02,2.06E+01,1.15E-02,1.03E-02,1.05E+00,6.02E+00,5.12E+01,4.18E+02,9.60E+04,1.71E+06,4.91E+04,8.78E+05,1.11E+00,0.00E+00,7.57E-01,1.00E+02,9.24E+06,1.65E+08,1.06E+00,1.51E+01,0.00E+00,0.00E+00,3.23E+01,5.97E+01,0.00E+00,5.41E+01,1.10E+00,0.00E+00,9.76E+06,1.74E+08,1.07E+05,1.91E+06,5.52E+01,1.68E+00,5.65E+01,0.00E+00,5.06E-02,0.00E+00,4.52E-02,0.00E+00,1.15E-02,0.00E+00,1.03E-02
811509550000,9.11E-02,1.10E+01,6.50E+08,2.39E+01,8.71E+08,2.48E+09,1.61E+09,9.09E+01,8.28E-02,4.55E-02,1.66E+01,1.51E-02,8.30E-03,1.05E+00,6.02E+00,5.12E+01,4.18E+02,1.56E+05,1.71E+06,7.99E+04,8.78E+05,1.11E+00,0.00E+00,7.73E-01,1.00E+02,1.56E+07,1.72E+08,1.05E+00,1.40E+01,0.00E+00,0.00E+00,3.33E+01,5.97E+01,0.00E+00,5.80E+01,1.10E+00,0.00E+00,1.65E+07,1.81E+08,1.74E+05,1.91E+06,5.91E+01,9.87E-01,5.49E+01,0.00E+00,8.28E-02,0.00E+00,4.55E-02,0.00E+00,1.51E-02,0.00E+00,8.30E-03
811509600000,1.86E-01,5.38E+00,6.50E+08,1.91E+01,7.91E+08,2.06E+09,1.27E+09,7.91E+01,1.47E-01,3.96E-02,0.00E+00,0.00E+00,0.00E+00,0.00E+00,,,,0.00E+00,0.00E+00,0.00E+00,0.00E+00,,0.00E+00,5.53E-01,1.00E+02,2.32E+07,1.46E+08,1.08E+00,1.22E+01,0.00E+00,0.00E+00,4.06E+01,,0.00E+00,5.91E+01,0.00E+00,0.00E+00,2.50E+07,1.57E+08,0.00E+00,0.00E+00,5.91E+01,5.00E-01,6.13E+01,0.00E+00,1.47E-01,0.00E+00,3.96E-02,0.00E+00,0.00E+00,0.00E+00,0.00E+00
811509650000,1.86E-01,5.38E+00,,,,,,0.00E+00,0.00E+00,0.00E+00,0.00E+00,0.00E+00,0.00E+00,,,,,,,,,,,,,,,,,,,,,,,,,,,,,,,,0.00E+00,0.00E+00,0.00E+00,0.00E+00,0.00E+00,0.00E+00,0.00E+00,0.00E+00
811509700000,1.86E-01,5.38E+00,,,,,,0.00E+00,0.00E+00,0.00E+00,0.00E+00,0.00E+00,0.00E+00,,,,,,,,,,,,,,,,,,,,,,,,,,,,,,,,0.00E+00,0.00E+00,0.00E+00,0.00E+00,0.00E+00,0.00E+00,0.00E+00,0.00E+00
811509750000,4.19E-02,2.39E+01,6.50E+08,2.04E+01,7.27E+08,2.19E+09,1.46E+09,5.69E+01,2.39E-02,2.85E-02,2.18E+01,9.13E-03,1.09E-02,1.99E+00,6.23E+00,5.12E+01,4.86E+02,1.05E+05,3.33E+06,5.36E+04,1.70E+06,1.09E+00,0.00E+00,5.57E-01,1.00E+02,4.58E+06,1.46E+08,9.97E-01,7.55E+00,0.00E+00,0.00E+00,3.99E+01,5.51E+01,0.00E+00,5.42E+01,1.86E+00,0.00E+00,4.57E+06,1.45E+08,1.14E+05,3.62E+06,5.60E+01,2.80E-01,4.65E+01,0.00E+00,2.39E-02,0.00E+00,2.85E-02,0.00E+00,9.13E-03,0.00E+00,1.09E-02
811509800000,7.15E-02,1.40E+01,4.24E+08,2.75E+01,6.34E+08,1.86E+09,1.23E+09,9.25E+01,6.61E-02,4.62E-02,8.20E+00,5.86E-03,4.10E-03,8.77E-01,5.40E+00,5.14E+01,3.04E+02,6.64E+04,9.29E+05,3.41E+04,4.77E+05,1.18E+00,0.00E+00,1.04E+00,1.00E+02,9.53E+06,1.33E+08,1.07E+00,1.73E+01,0.00E+00,0.00E+00,2.60E+01,7.12E+01,0.00E+00,5.47E+01,1.15E+00,0.00E+00,1.02E+07,1.43E+08,7.86E+04,1.10E+06,5.59E+01,9.01E-01,5.49E+01,0.00E+00,6.61E-02,0.00E+00,4.62E-02,0.00E+00,5.86E-03,0.00E+00,4.10E-03
811509850000,6.65E-02,1.50E+01,6.50E+08,2.34E+01,8.57E+08,2.44E+09,1.58E+09,9.08E+01,6.04E-02,4.54E-02,1.88E+01,1.25E-02,9.42E-03,1.05E+00,5.95E+00,5.15E+01,4.18E+02,1.14E+05,1.71E+06,5.87E+04,8.83E+05,1.11E+00,0.00E+00,7.66E-01,1.00E+02,1.12E+07,1.68E+08,1.05E+00,1.35E+01,0.00E+00,0.00E+00,3.27E+01,5.97E+01,0.00E+00,5.57E+01,1.10E+00,0.00E+00,1.18E+07,1.77E+08,1.27E+05,1.91E+06,5.68E+01,2.14E+00,5.57E+01,0.00E+00,6.04E-02,0.00E+00,4.54E-02,0.00E+00,1.25E-02,0.00E+00,9.42E-03
811509900000,6.32E-02,1.58E+01,6.50E+08,2.37E+01,8.61E+08,2.46E+09,1.60E+09,9.09E+01,5.74E-02,4.54E-02,1.63E+01,1.03E-02,8.15E-03,1.13E+00,5.39E+00,5.54E+01,8.27E+02,1.16E+05,1.84E+06,6.43E+04,1.02E+06,1.11E+00,0.00E+00,7.69E-01,1.00E+02,1.09E+07,1.72E+08,1.06E+00,1.47E+01,0.00E+00,0.00E+00,3.16E+01,4.10E+01,0.00E+00,5.53E+01,8.05E-01,0.00E+00,1.15E+07,1.82E+08,1.29E+05,2.04E+06,5.61E+01,1.62E+00,5.72E+01,0.00E+00,5.74E-02,0.00E+00,4.54E-02,0.00E+00,1.03E-02,0.00E+00,8.15E-03
811509950000,6.35E-02,1.57E+01,6.50E+08,2.00E+01,8.19E+08,2.08E+09,1.26E+09,9.06E+01,5.76E-02,4.53E-02,1.17E+01,7.41E-03,5.83E-03,2.34E-01,4.65E+00,5.91E+01,8.87E+01,2.40E+04,3.81E+05,1.42E+04,2.25E+05,1.53E+00,0.00E+00,5.49E-01,1.00E+02,8.71E+06,1.38E+08,1.10E+00,1.47E+01,0.00E+00,0.00E+00,4.14E+01,9.08E+01,0.00E+00,6.05E+01,5.10E-01,0.00E+00,9.58E+06,1.52E+08,3.68E+04,5.84E+05,6.10E+01,6.70E-01,5.93E+01,0.00E+00,5.76E-02,0.00E+00,4.53E-02,0.00E+00,7.41E-03,0.00E+00,5.83E-03
811510000000,7.23E-02,1.38E+01,6.50E+08,1.92E+01,7.05E+08,2.01E+09,1.31E+09,8.27E+01,5.98E-02,4.13E-02,1.62E+01,1.17E-02,8.11E-03,1.34E+00,5.21E+00,4.80E+01,4.69E+02,1.54E+05,2.20E+06,7.39E+04,1.06E+06,1.15E+00,0.00E+00,5.63E-01,1.00E+02,1.03E+07,1.48E+08,1.09E+00,1.37E+01,0.00E+00,0.00E+00,3.80E+01,5.44E+01,0.00E+00,5.86E+01,1.31E+00,0.00E+00,1.13E+07,1.62E+08,1.77E+05,2.53E+06,5.99E+01,1.58E+00,5.32E+01,0.00E+00,5.98E-02,0.00E+00,4.13E-02,0.00E+00,1.17E-02,0.00E+00,8.11E-03
811510050000,6.42E-02,1.56E+01,6.50E+08,2.35E+01,9.31E+08,2.56E+09,1.63E+09,7.15E+01,4.59E-02,3.57E-02,2.30E+01,1.48E-02,1.15E-02,1.56E+00,5.10E+00,5.11E+01,3.90E+02,1.50E+05,2.65E+06,7.68E+04,1.36E+06,1.15E+00,0.00E+00,8.02E-01,1.00E+02,9.45E+06,1.67E+08,1.09E+00,1.67E+01,0.00E+00,0.00E+00,2.68E+01,5.48E+01,0.00E+00,4.47E+01,1.54E+00,0.00E+00,1.03E+07,1.82E+08,1.73E+05,3.05E+06,4.63E+01,1.03E+00,6.25E+01,0.00E+00,4.59E-02,0.00E+00,3.57E-02,0.00E+00,1.48E-02,0.00E+00,1.15E-02
811510100000,5.78E-02,1.73E+01,6.50E+08,2.33E+01,8.44E+08,2.42E+09,1.58E+09,9.24E+01,5.34E-02,4.62E-02,1.58E+01,9.14E-03,7.91E-03,1.02E+00,6.27E+00,4.90E+01,1.06E+03,9.55E+04,1.65E+06,4.68E+04,8.10E+05,1.03E+00,0.00E+00,7.90E-01,1.00E+02,9.78E+06,1.69E+08,1.05E+00,1.35E+01,0.00E+00,0.00E+00,3.29E+01,4.46E+01,0.00E+00,5.60E+01,7.34E-01,0.00E+00,1.02E+07,1.77E+08,9.88E+04,1.71E+06,5.67E+01,2.22E+00,5.61E+01,0.00E+00,5.34E-02,0.00E+00,4.62E-02,0.00E+00,9.14E-03,0.00E+00,7.91E-03
811510150000,5.84E-02,1.71E+01,6.50E+08,1.77E+01,7.14E+08,1.84E+09,1.13E+09,9.32E+01,5.44E-02,4.66E-02,1.62E+01,9.45E-03,8.09E-03,7.84E-01,6.57E+00,4.10E+01,2.91E+02,7.44E+04,1.27E+06,3.05E+04,5.23E+05,1.15E+00,0.00E+00,3.69E-01,1.00E+02,7.15E+06,1.23E+08,1.03E+00,8.35E+00,0.00E+00,0.00E+00,5.20E+01,6.60E+01,0.00E+00,6.33E+01,9.31E-01,0.00E+00,7.38E+06,1.27E+08,8.56E+04,1.47E+06,6.42E+01,1.77E+00,5.50E+01,0.00E+00,5.44E-02,0.00E+00,4.66E-02,0.00E+00,9.45E-03,0.00E+00,8.09E-03
811510200000,6.13E-02,1.63E+01,6.50E+08,2.16E+01,7.92E+08,2.25E+09,1.46E+09,9.01E+01,5.52E-02,4.50E-02,1.78E+01,1.09E-02,8.90E-03,9.79E-01,6.02E+00,4.68E+01,3.52E+02,9.75E+04,1.59E+06,4.56E+04,7.45E+05,1.13E+00,0.00E+00,6.99E-01,1.00E+02,9.73E+06,1.59E+08,1.03E+00,1.07E+01,0.00E+00,0.00E+00,3.70E+01,6.24E+01,0.00E+00,5.81E+01,1.08E+00,0.00E+00,9.99E+06,1.63E+08,1.10E+05,1.80E+06,5.92E+01,1.76E+00,5.27E+01,0.00E+00,5.52E-02,0.00E+00,4.50E-02,0.00E+00,1.09E-02,0.00E+00,8.90E-03
811510250000,5.34E-02,1.87E+01,6.50E+08,2.32E+01,8.51E+08,2.41E+09,1.56E+09,9.07E+01,4.85E-02,4.54E-02,1.66E+01,8.87E-03,8.30E-03,8.65E-01,6.47E+00,4.59E+01,3.23E+02,7.51E+04,1.41E+06,3.44E+04,6.45E+05,1.14E+00,0.00E+00,8.01E-01,1.00E+02,9.01E+06,1.69E+08,1.05E+00,1.37E+01,0.00E+00,0.00E+00,3.28E+01,6.47E+01,0.00E+00,5.57E+01,9.96E-01,0.00E+00,9.44E+06,1.77E+08,8.55E+04,1.60E+06,5.67E+01,1.43E+00,5.52E+01,0.00E+00,4.85E-02,0.00E+00,4.54E-02,0.00E+00,8.87E-03,0.00E+00,8.30E-03
811510300000,5.81E-02,1.72E+01,6.50E+08,2.33E+01,8.54E+08,2.42E+09,1.57E+09,9.03E+01,5.25E-02,4.51E-02,1.58E+01,9.21E-03,7.92E-03,1.18E+00,5.69E+00,4.72E+01,4.94E+02,1.11E+05,1.91E+06,5.24E+04,9.03E+05,1.11E+00,0.00E+00,8.02E-01,1.00E+02,9.77E+06,1.68E+08,1.05E+00,1.32E+01,0.00E+00,0.00E+00,3.27E+01,5.96E+01,0.00E+00,5.52E+01,1.22E+00,0.00E+00,1.02E+07,1.76E+08,1.24E+05,2.13E+06,5.65E+01,1.94E+00,5.55E+01,0.00E+00,5.25E-02,0.00E+00,4.51E-02,0.00E+00,9.21E-03,0.00E+00,7.92E-03
811510350000,5.79E-02,1.73E+01,6.50E+08,2.37E+01,8.71E+08,2.46E+09,1.59E+09,9.06E+01,5.24E-02,4.53E-02,2.05E+01,1.19E-02,1.03E-02,1.18E+00,6.13E+00,4.72E+01,4.14E+02,1.11E+05,1.91E+06,5.23E+04,9.04E+05,1.11E+00,0.00E+00,8.02E-01,1.00E+02,9.72E+06,1.68E+08,1.05E+00,1.31E+01,0.00E+00,0.00E+00,3.26E+01,5.96E+01,0.00E+00,5.51E+01,1.22E+00,0.00E+00,1.02E+07,1.76E+08,1.23E+05,2.13E+06,5.64E+01,2.12E+00,5.60E+01,0.00E+00,5.24E-02,0.00E+00,4.53E-02,0.00E+00,1.19E-02,0.00E+00,1.03E-02
811510400000,5.79E-02,1.73E+01,6.50E+08,2.37E+01,8.72E+08,2.46E+09,1.59E+09,9.03E+01,5.23E-02,4.52E-02,2.08E+01,1.21E-02,1.04E-02,1.18E+00,6.13E+00,4.72E+01,4.14E+02,1.11E+05,1.91E+06,5.23E+04,9.04E+05,1.11E+00,0.00E+00,8.01E-01,1.00E+02,9.72E+06,1.68E+08,1.05E+00,1.28E+01,0.00E+00,0.00E+00,3.26E+01,5.96E+01,0.00E+00,5.51E+01,1.22E+00,0.00E+00,1.02E+07,1.76E+08,1.23E+05,2.13E+06,5.63E+01,2.11E+00,5.55E+01,0.00E+00,5.23E-02,0.00E+00,4.52E-02,0.00E+00,1.21E-02,0.00E+00,1.04E-02
811510450000,5.81E-02,1.72E+01,6.50E+08,2.28E+01,8.27E+08,2.37E+09,1.55E+09,9.58E+01,5.57E-02,4.79E-02,1.17E+01,6.77E-03,5.83E-03,5.39E-01,6.80E+00,4.82E+01,7.56E+02,5.09E+04,8.77E+05,2.45E+04,4.22E+05,1.03E+00,0.00E+00,8.00E-01,1.00E+02,1.00E+07,1.72E+08,1.04E+00,1.34E+01,0.00E+00,0.00E+00,3.41E+01,4.42E+01,0.00E+00,5.90E+01,3.85E-01,0.00E+00,1.05E+07,1.80E+08,5.26E+04,9.05E+05,5.94E+01,2.17E+00,5.58E+01,0.00E+00,5.57E-02,0.00E+00,4.79E-02,0.00E+00,6.77E-03,0.00E+00,5.83E-03
811510500000,6.09E-02,1.64E+01,6.50E+08,1.77E+01,7.02E+08,1.84E+09,1.14E+09,8.99E+01,5.48E-02,4.49E-02,2.02E+01,1.23E-02,1.01E-02,1.18E+00,6.13E+00,4.72E+01,4.14E+02,1.17E+05,1.91E+06,5.51E+04,9.04E+05,1.11E+00,0.00E+00,3.61E-01,1.00E+02,7.23E+06,1.19E+08,1.03E+00,8.05E+00,0.00E+00,0.00E+00,5.14E+01,5.96E+01,0.00E+00,6.01E+01,1.22E+00,0.00E+00,7.42E+06,1.22E+08,1.30E+05,2.13E+06,6.13E+01,2.46E+00,5.54E+01,0.00E+00,5.48E-02,0.00E+00,4.49E-02,0.00E+00,1.23E-02,0.00E+00,1.01E-02
811510550000,6.16E-02,1.62E+01,6.50E+08,2.21E+01,8.17E+08,2.29E+09,1.48E+09,9.03E+01,5.56E-02,4.51E-02,1.96E+01,1.21E-02,9.79E-03,1.13E+00,6.12E+00,4.75E+01,4.00E+02,1.13E+05,1.84E+06,5.38E+04,8.73E+05,1.12E+00,0.00E+00,7.16E-01,1.00E+02,9.80E+06,1.59E+08,1.03E+00,1.06E+01,0.00E+00,0.00E+00,3.65E+01,6.01E+01,0.00E+00,5.74E+01,1.19E+00,0.00E+00,1.01E+07,1.63E+08,1.27E+05,2.05E+06,5.86E+01,2.22E+00,5.36E+01,0.00E+00,5.56E-02,0.00E+00,4.51E-02,0.00E+00,1.21E-02,0.00E+00,9.79E-03
811510600000,5.44E-02,1.84E+01,6.50E+08,2.30E+01,8.39E+08,2.39E+09,1.55E+09,9.06E+01,4.93E-02,4.53E-02,1.21E+01,6.57E-03,6.03E-03,6.85E-01,6.08E+00,4.61E+01,2.82E+02,6.05E+04,1.11E+06,2.79E+04,5.13E+05,1.17E+00,0.00E+00,8.09E-01,1.00E+02,9.31E+06,1.71E+08,1.05E+00,1.33E+01,0.00E+00,0.00E+00,3.31E+01,6.94E+01,0.00E+00,5.69E+01,8.68E-01,0.00E+00,9.73E+06,1.79E+08,7.08E+04,1.30E+06,5.78E+01,1.27E+00,5.47E+01,0.00E+00,4.93E-02,0.00E+00,4.53E-02,0.00E+00,6.57E-03,0.00E+00,6.03E-03
811510650000,5.58E-02,1.79E+01,6.50E+08,2.40E+01,8.81E+08,2.49E+09,1.61E+09,9.06E+01,5.06E-02,4.53E-02,1.69E+01,9.42E-03,8.44E-03,1.16E+00,5.91E+00,4.78E+01,4.80E+02,1.05E+05,1.89E+06,5.04E+04,9.03E+05,1.10E+00,0.00E+00,8.12E-01,1.00E+02,9.61E+06,1.72E+08,1.04E+00,1.34E+01,0.00E+00,0.00E+00,3.33E+01,5.77E+01,0.00E+00,5.76E+01,1.15E+00,0.00E+00,1.00E+07,1.80E+08,1.16E+05,2.08E+06,5.87E+01,8.70E-01,5.44E+01,0.00E+00,5.06E-02,0.00E+00,4.53E-02,0.00E+00,9.42E-03,0.00E+00,8.44E-03
811510700000,5.26E-02,1.90E+01,6.50E+08,2.41E+01,8.89E+08,2.51E+09,1.62E+09,9.08E+01,4.78E-02,4.54E-02,1.87E+01,9.86E-03,9.37E-03,1.16E+00,6.09E+00,4.78E+01,4.48E+02,9.94E+04,1.89E+06,4.76E+04,9.04E+05,1.10E+00,0.00E+00,8.11E-01,1.00E+02,9.05E+06,1.72E+08,1.04E+00,1.34E+01,0.00E+00,0.00E+00,3.33E+01,5.77E+01,0.00E+00,5.75E+01,1.15E+00,0.00E+00,9.46E+06,1.80E+08,1.10E+05,2.08E+06,5.87E+01,9.91E-01,5.47E+01,0.00E+00,4.78E-02,0.00E+00,4.54E-02,0.00E+00,9.86E-03,0.00E+00,9.37E-03
811510750000,5.58E-02,1.79E+01,6.50E+08,2.40E+01,8.84E+08,2.49E+09,1.61E+09,9.06E+01,5.06E-02,4.53E-02,1.86E+01,1.04E-02,9.32E-03,1.16E+00,6.13E+00,4.78E+01,4.39E+02,1.06E+05,1.89E+06,5.05E+04,9.04E+05,1.10E+00,0.00E+00,8.07E-01,1.00E+02,9.51E+06,1.70E+08,1.05E+00,1.35E+01,0.00E+00,0.00E+00,3.30E+01,5.77E+01,0.00E+00,5.65E+01,1.16E+00,0.00E+00,9.94E+06,1.78E+08,1.16E+05,2.08E+06,5.76E+01,1.20E+00,5.51E+01,0.00E+00,5.06E-02,0.00E+00,4.53E-02,0.00E+00,1.04E-02,0.00E+00,9.32E-03
811510800000,5.54E-02,1.81E+01,6.50E+08,2.42E+01,8.93E+08,2.52E+09,1.63E+09,9.09E+01,5.03E-02,4.55E-02,1.86E+01,1.03E-02,9.28E-03,1.16E+00,6.13E+00,4.78E+01,4.39E+02,1.05E+05,1.89E+06,5.00E+04,9.04E+05,1.10E+00,0.00E+00,8.13E-01,1.00E+02,9.56E+06,1.73E+08,1.04E+00,1.33E+01,0.00E+00,0.00E+00,3.34E+01,5.77E+01,0.00E+00,5.79E+01,1.16E+00,0.00E+00,9.98E+06,1.80E+08,1.15E+05,2.08E+06,5.90E+01,9.10E-01,5.46E+01,0.00E+00,5.03E-02,0.00E+00,4.55E-02,0.00E+00,1.03E-02,0.00E+00,9.28E-03
811510850000,6.02E-02,1.66E+01,6.50E+08,2.41E+01,8.81E+08,2.50E+09,1.62E+09,9.08E+01,5.47E-02,4.54E-02,1.53E+01,9.20E-03,7.64E-03,1.16E+00,6.13E+00,4.78E+01,4.77E+02,1.14E+05,1.89E+06,5.44E+04,9.03E+05,1.10E+00,0.00E+00,8.14E-01,1.00E+02,1.04E+07,1.73E+08,1.04E+00,1.33E+01,0.00E+00,0.00E+00,3.34E+01,5.77E+01,0.00E+00,5.81E+01,1.15E+00,0.00E+00,1.09E+07,1.81E+08,1.25E+05,2.08E+06,5.93E+01,8.74E-01,5.45E+01,0.00E+00,5.47E-02,0.00E+00,4.54E-02,0.00E+00,9.20E-03,0.00E+00,7.64E-03
811510900000,1.06E-01,9.42E+00,6.50E+08,2.14E+01,8.50E+08,2.23E+09,1.38E+09,9.59E+01,1.02E-01,4.79E-02,1.39E+01,1.48E-02,6.97E-03,5.40E-01,6.80E+00,4.82E+01,5.85E+02,9.31E+04,8.77E+05,4.49E+04,4.23E+05,1.03E+00,0.00E+00,6.04E-01,1.00E+02,1.59E+07,1.50E+08,1.05E+00,1.21E+01,0.00E+00,0.00E+00,4.12E+01,4.42E+01,0.00E+00,6.25E+01,3.85E-01,0.00E+00,1.68E+07,1.58E+08,9.61E+04,9.06E+05,6.29E+01,9.57E-01,5.73E+01,0.00E+00,1.02E-01,0.00E+00,4.79E-02,0.00E+00,1.48E-02,0.00E+00,6.97E-03
811510950000,3.96E-01,2.53E+00,6.50E+08,1.81E+01,6.21E+08,1.88E+09,1.26E+09,9.03E+01,3.57E-01,4.52E-02,8.57E+00,3.39E-02,4.29E-03,6.23E-01,5.55E+00,4.75E+01,3.22E+02,4.01E+05,1.01E+06,1.90E+05,4.81E+05,1.16E+00,0.00E+00,5.35E-01,1.00E+02,5.73E+07,1.45E+08,9.98E-01,8.73E+00,0.00E+00,0.00E+00,4.41E+01,6.81E+01,0.00E+00,6.13E+01,7.70E-01,0.00E+00,5.72E+07,1.45E+08,4.66E+05,1.18E+06,6.21E+01,1.84E+00,5.05E+01,0.00E+00,3.57E-01,0.00E+00,4.52E-02,0.00E+00,3.39E-02,0.00E+00,4.29E-03
811511000000,3.96E-01,2.53E+00,6.50E+08,3.07E+01,1.66E+09,3.78E+09,2.12E+09,1.22E+01,4.83E-02,6.11E-03,0.00E+00,0.00E+00,0.00E+00,0.00E+00,,,,0.00E+00,0.00E+00,0.00E+00,0.00E+00,,2.19E+01,1.37E+00,,1.33E+07,2.12E+08,1.24E+00,2.58E+01,0.00E+00,0.00E+00,9.85E+00,,0.00E+00,2.11E+01,0.00E+00,0.00E+00,1.65E+07,2.64E+08,0.00E+00,0.00E+00,2.11E+01,7.66E-02,9.54E+01,0.00E+00,4.83E-02,0.00E+00,6.11E-03,0.00E+00,0.00E+00,0.00E+00,0.00E+00
811511050000,3.96E-01,2.53E+00,,,,,,0.00E+00,0.00E+00,0.00E+00,0.00E+00,0.00E+00,0.00E+00,,,,,,,,,,,,,,,,,,,,,,,,,,,,,,,,0.00E+00,0.00E+00,0.00E+00,0.00E+00,0.00E+00,0.00E+00,0.00E+00,0.00E+00
811511100000,3.96E-01,2.53E+00,,,,,,0.00E+00,0.00E+00,0.00E+00,0.00E+00,0.00E+00,0.00E+00,,,,,,,,,,,,,,,,,,,,,,,,,,,,,,,,0.00E+00,0.00E+00,0.00E+00,0.00E+00,0.00E+00,0.00E+00,0.00E+00,0.00E+00
811511150000,3.96E-01,2.53E+00,,,,,,0.00E+00,0.00E+00,0.00E+00,0.00E+00,0.00E+00,0.00E+00,,,,,,,,,,,,,,,,,,,,,,,,,,,,,,,,0.00E+00,0.00E+00,0.00E+00,0.00E+00,0.00E+00,0.00E+00,0.00E+00,0.00E+00
811511200000,3.96E-01,2.53E+00,,,,,,0.00E+00,0.00E+00,0.00E+00,0.00E+00,0.00E+00,0.00E+00,,,,,,,,,,,,,,,,,,,,,,,,,,,,,,,,0.00E+00,0.00E+00,0.00E+00,0.00E+00,0.00E+00,0.00E+00,0.00E+00,0.00E+00
811511250000,3.96E-01,2.53E+00,,,,,,0.00E+00,0.00E+00,0.00E+00,0.00E+00,0.00E+00,0.00E+00,,,,,,,,,,,,,,,,,,,,,,,,,,,,,,,,0.00E+00,0.00E+00,0.00E+00,0.00E+00,0.00E+00,0.00E+00,0.00E+00,0.00E+00
811511300000,6.67E-02,1.50E+01,6.50E+08,1.78E+01,6.31E+08,2.06E+09,1.43E+09,2.74E+01,1.83E-02,1.37E-02,1.48E+01,9.89E-03,7.41E-03,2.13E+00,6.13E+00,4.78E+01,4.39E+02,1.26E+05,3.84E+06,6.03E+04,1.84E+06,1.10E+00,7.02E+00,6.49E-01,1.00E+02,4.59E+06,1.40E+08,9.95E-01,6.84E+00,0.00E+00,0.00E+00,2.78E+01,5.77E+01,0.00E+00,3.35E+01,2.12E+00,0.00E+00,4.57E+06,1.39E+08,1.39E+05,4.23E+06,3.56E+01,7.59E-01,4.97E+01,0.00E+00,1.83E-02,0.00E+00,1.37E-02,0.00E+00,9.89E-03,0.00E+00,7.41E-03
811511350000,5.51E-02,1.81E+01,6.50E+08,2.41E+01,8.90E+08,2.51E+09,1.62E+09,9.06E+01,5.00E-02,4.53E-02,1.85E+01,1.02E-02,9.24E-03,1.16E+00,6.22E+00,4.66E+01,4.39E+02,1.04E+05,1.89E+06,4.85E+04,8.81E+05,1.10E+00,0.00E+00,8.11E-01,1.00E+02,9.49E+06,1.72E+08,1.04E+00,1.35E+01,0.00E+00,0.00E+00,3.33E+01,5.77E+01,0.00E+00,5.75E+01,1.15E+00,0.00E+00,9.91E+06,1.80E+08,1.15E+05,2.08E+06,5.87E+01,9.44E-01,5.45E+01,0.00E+00,5.00E-02,0.00E+00,4.53E-02,0.00E+00,1.02E-02,0.00E+00,9.24E-03
811511400000,6.68E-02,1.50E+01,6.50E+08,2.14E+01,8.59E+08,2.23E+09,1.37E+09,9.55E+01,6.39E-02,4.78E-02,1.54E+01,1.03E-02,7.72E-03,7.69E-01,4.37E+00,6.40E+01,3.49E+02,8.35E+04,1.25E+06,5.35E+04,8.00E+05,1.33E+00,0.00E+00,5.50E-01,1.00E+02,9.90E+06,1.48E+08,1.05E+00,1.22E+01,0.00E+00,0.00E+00,4.15E+01,3.37E+01,0.00E+00,6.22E+01,5.41E-01,0.00E+00,1.04E+07,1.56E+08,1.11E+05,1.67E+06,6.27E+01,9.60E-01,5.80E+01,0.00E+00,6.39E-02,0.00E+00,4.78E-02,0.00E+00,1.03E-02,0.00E+00,7.72E-03
811511450000,7.22E-02,1.39E+01,6.50E+08,1.93E+01,6.97E+08,2.01E+09,1.31E+09,9.55E+01,6.90E-02,4.78E-02,1.88E+01,1.36E-02,9.41E-03,7.50E-01,5.63E+00,4.86E+01,3.37E+02,8.79E+04,1.22E+06,4.28E+04,5.93E+05,1.14E+00,0.00E+00,6.35E-01,1.00E+02,1.07E+07,1.48E+08,1.16E+00,1.83E+01,0.00E+00,0.00E+00,4.08E+01,6.48E+01,0.00E+00,6.71E+01,8.63E-01,0.00E+00,1.24E+07,1.71E+08,1.00E+05,1.39E+06,6.79E+01,1.95E+00,5.20E+01,0.00E+00,6.90E-02,0.00E+00,4.78E-02,0.00E+00,1.36E-02,0.00E+00,9.41E-03
811511500000,6.91E-02,1.45E+01,6.50E+08,2.42E+01,9.03E+08,2.53E+09,1.63E+09,8.36E+01,5.78E-02,4.18E-02,2.10E+01,1.45E-02,1.05E-02,1.35E+00,5.63E+00,4.82E+01,4.03E+02,1.45E+05,2.21E+06,7.01E+04,1.06E+06,1.11E+00,0.00E+00,8.32E-01,1.00E+02,1.12E+07,1.69E+08,1.08E+00,1.72E+01,0.00E+00,0.00E+00,3.10E+01,5.63E+01,0.00E+00,5.42E+01,1.31E+00,0.00E+00,1.21E+07,1.83E+08,1.61E+05,2.44E+06,5.55E+01,6.92E-01,5.88E+01,0.00E+00,5.78E-02,0.00E+00,4.18E-02,0.00E+00,1.45E-02,0.00E+00,1.05E-02
811511550000,7.96E-02,1.26E+01,6.50E+08,1.82E+01,7.15E+08,1.93E+09,1.22E+09,6.95E+01,5.53E-02,3.47E-02,1.43E+01,1.14E-02,7.17E-03,1.11E+00,2.03E+00,8.81E+01,2.90E+02,1.34E+05,1.83E+06,1.18E+05,1.61E+06,1.45E+00,0.00E+00,4.96E-01,1.00E+02,8.82E+06,1.21E+08,1.07E+00,1.13E+01,0.00E+00,0.00E+00,3.82E+01,2.94E+01,0.00E+00,4.64E+01,7.35E-01,0.00E+00,9.42E+06,1.29E+08,1.94E+05,2.65E+06,4.71E+01,4.90E-01,5.99E+01,0.00E+00,5.53E-02,0.00E+00,3.47E-02,0.00E+00,1.14E-02,0.00E+00,7.17E-03
811511600000,8.58E-02,1.17E+01,6.50E+08,2.11E+01,8.48E+08,2.21E+09,1.36E+09,8.99E+01,7.71E-02,4.50E-02,2.14E+01,1.83E-02,1.07E-02,1.42E+00,5.34E+00,4.60E+01,5.07E+02,1.96E+05,2.32E+06,9.04E+04,1.07E+06,1.10E+00,0.00E+00,6.77E-01,1.00E+02,1.26E+07,1.48E+08,1.22E+00,2.27E+01,0.00E+00,0.00E+00,3.81E+01,5.80E+01,0.00E+00,6.56E+01,1.42E+00,0.00E+00,1.53E+07,1.81E+08,2.17E+05,2.56E+06,6.71E+01,4.35E-01,5.20E+01,0.00E+00,7.71E-02,0.00E+00,4.50E-02,0.00E+00,1.83E-02,0.00E+00,1.07E-02
811511650000,7.49E-02,1.33E+01,6.50E+08,2.45E+01,9.23E+08,2.55E+09,1.63E+09,8.42E+01,6.31E-02,4.21E-02,2.19E+01,1.64E-02,1.10E-02,1.36E+00,6.00E+00,4.67E+01,4.10E+02,1.58E+05,2.22E+06,7.38E+04,1.04E+06,1.11E+00,0.00E+00,8.40E-01,1.00E+02,1.21E+07,1.71E+08,1.05E+00,1.46E+01,0.00E+00,0.00E+00,3.17E+01,5.91E+01,0.00E+00,5.41E+01,1.39E+00,0.00E+00,1.27E+07,1.78E+08,1.75E+05,2.46E+06,5.55E+01,7.24E-01,5.68E+01,0.00E+00,6.31E-02,0.00E+00,4.21E-02,0.00E+00,1.64E-02,0.00E+00,1.10E-02
811511700000,8.60E-02,1.16E+01,6.50E+08,1.78E+01,7.07E+08,1.87E+09,1.16E+09,7.03E+01,6.05E-02,3.52E-02,1.07E+01,9.18E-03,5.34E-03,7.82E-01,3.24E+00,4.87E+01,2.25E+02,1.02E+05,1.28E+06,4.98E+04,6.24E+05,1.30E+00,0.00E+00,5.21E-01,1.00E+02,9.70E+06,1.22E+08,1.07E+00,1.09E+01,0.00E+00,0.00E+00,3.85E+01,3.79E+01,0.00E+00,4.76E+01,6.04E-01,0.00E+00,1.04E+07,1.30E+08,1.33E+05,1.67E+06,4.82E+01,4.85E-01,5.86E+01,0.00E+00,6.05E-02,0.00E+00,3.52E-02,0.00E+00,9.18E-03,0.00E+00,5.34E-03
811511750000,1.04E-01,9.62E+00,6.50E+08,1.94E+01,8.26E+08,2.15E+09,1.32E+09,6.14E+01,6.38E-02,3.07E-02,2.35E+01,2.44E-02,1.18E-02,2.23E+00,3.88E+00,6.10E+01,3.65E+02,3.58E+05,3.84E+06,2.18E+05,2.34E+06,1.15E+00,0.00E+00,6.79E-01,1.00E+02,1.22E+07,1.30E+08,1.28E+00,2.12E+01,0.00E+00,0.00E+00,3.29E+01,5.36E+01,0.00E+00,4.95E+01,2.14E+00,0.00E+00,1.55E+07,1.66E+08,4.12E+05,4.41E+06,5.17E+01,2.56E-01,5.56E+01,0.00E+00,6.38E-02,0.00E+00,3.07E-02,0.00E+00,2.44E-02,0.00E+00,1.18E-02
811511800000,7.77E-02,1.29E+01,6.50E+08,2.35E+01,9.02E+08,2.45E+09,1.54E+09,9.34E+01,7.26E-02,4.67E-02,1.45E+01,1.12E-02,7.23E-03,5.96E-01,6.20E+00,5.48E+01,7.57E+02,7.53E+04,9.69E+05,4.13E+04,5.31E+05,1.03E+00,0.00E+00,8.54E-01,1.00E+02,1.32E+07,1.70E+08,1.07E+00,1.38E+01,0.00E+00,0.00E+00,3.30E+01,4.42E+01,0.00E+00,5.76E+01,4.25E-01,0.00E+00,1.41E+07,1.82E+08,7.77E+04,1.00E+06,5.80E+01,1.01E+00,5.62E+01,0.00E+00,7.26E-02,0.00E+00,4.67E-02,0.00E+00,1.12E-02,0.00E+00,7.23E-03
811511850000,5.60E-02,1.79E+01,6.50E+08,1.64E+01,6.98E+08,1.78E+09,1.08E+09,7.36E+01,4.12E-02,3.68E-02,2.05E+01,1.15E-02,1.03E-02,1.43E+00,5.66E+00,5.28E+01,3.68E+02,1.19E+05,2.42E+06,6.31E+04,1.28E+06,1.12E+00,0.00E+00,2.53E-01,1.00E+02,5.41E+06,1.10E+08,1.00E+00,5.29E+00,0.00E+00,0.00E+00,6.05E+01,6.10E+01,0.00E+00,6.12E+01,1.53E+00,0.00E+00,5.41E+06,1.10E+08,1.34E+05,2.72E+06,6.27E+01,1.00E+00,5.47E+01,0.00E+00,4.12E-02,0.00E+00,3.68E-02,0.00E+00,1.15E-02,0.00E+00,1.03E-02
811511900000,5.67E-02,1.76E+01,6.50E+08,2.38E+01,8.97E+08,2.47E+09,1.57E+09,9.02E+01,5.12E-02,4.51E-02,1.36E+01,7.71E-03,6.80E-03,7.18E-01,5.93E+00,5.12E+01,2.18E+02,6.62E+04,1.17E+06,3.39E+04,5.98E+05,1.20E+00,0.00E+00,8.37E-01,1.00E+02,9.72E+06,1.71E+08,1.06E+00,1.30E+01,0.00E+00,0.00E+00,3.31E+01,7.31E+01,0.00E+00,5.78E+01,9.80E-01,0.00E+00,1.03E+07,1.82E+08,7.91E+04,1.40E+06,5.88E+01,6.16E-01,5.37E+01,0.00E+00,5.28E-02,0.00E+00,4.51E-02,0.00E+00,7.96E-03,0.00E+00,6.80E-03
811511950000,6.03E-02,1.66E+01,6.50E+08,2.39E+01,9.10E+08,2.48E+09,1.57E+09,8.97E+01,5.41E-02,4.48E-02,1.73E+01,1.04E-02,8.64E-03,1.31E+00,5.26E+00,5.28E+01,4.30E+02,1.29E+05,2.13E+06,6.79E+04,1.13E+06,1.12E+00,0.00E+00,8.26E-01,1.00E+02,1.01E+07,1.67E+08,1.06E+00,1.27E+01,0.00E+00,0.00E+00,3.24E+01,6.10E+01,0.00E+00,5.52E+01,1.40E+00,0.00E+00,1.07E+07,1.77E+08,1.44E+05,2.39E+06,5.66E+01,1.49E+00,5.53E+01,0.00E+00,6.90E-02,0.00E+00,4.48E-02,0.00E+00,1.33E-02,0.00E+00,8.64E-03
811512000000,1.98E-02,5.05E+01,6.50E+08,2.26E+01,8.86E+08,2.43E+09,1.54E+09,8.05E+01,1.59E-02,4.02E-02,1.56E+01,3.08E-03,7.80E-03,9.09E-01,6.06E+00,5.11E+01,7.89E+02,2.87E+04,1.53E+06,1.46E+04,7.80E+05,1.04E+00,0.00E+00,8.18E-01,1.00E+02,3.11E+06,1.66E+08,1.07E+00,1.39E+01,0.00E+00,0.00E+00,3.03E+01,4.45E+01,0.00E+00,4.98E+01,6.56E-01,0.00E+00,3.32E+06,1.77E+08,2.97E+04,1.58E+06,5.05E+01,1.70E+00,5.95E+01,1.78E-04,5.46E-02,1.78E-04,4.01E-02,1.52E-04,1.04E-02,1.52E-04,7.64E-03
811512050000,5.93E-02,1.69E+01,6.50E+08,1.66E+01,6.74E+08,1.73E+09,1.06E+09,8.66E+01,5.13E-02,4.33E-02,1.97E+01,1.17E-02,9.83E-03,1.02E+00,5.65E+00,5.57E+01,2.98E+02,9.82E+04,1.66E+06,5.46E+04,9.21E+05,1.14E+00,0.00E+00,2.90E-01,1.00E+02,6.68E+06,1.13E+08,9.99E-01,5.73E+00,0.00E+00,0.00E+00,5.94E+01,6.52E+01,0.00E+00,6.42E+01,1.19E+00,0.00E+00,6.67E+06,1.13E+08,1.12E+05,1.89E+06,6.54E+01,1.53E+00,5.25E+01,,5.13E-02,,4.33E-02,,1.17E-02,,9.83E-03
811512100000,5.57E-02,1.80E+01,6.50E+08,2.44E+01,9.29E+08,2.54E+09,1.61E+09,9.03E+01,5.03E-02,4.51E-02,2.06E+01,1.14E-02,1.03E-02,1.29E+00,5.66E+00,5.35E+01,4.11E+02,1.17E+05,2.10E+06,6.27E+04,1.13E+06,1.11E+00,0.00E+00,8.12E-01,1.00E+02,9.41E+06,1.69E+08,1.06E+00,1.28E+01,0.00E+00,0.00E+00,3.35E+01,5.90E+01,0.00E+00,5.78E+01,1.32E+00,0.00E+00,1.00E+07,1.80E+08,1.30E+05,2.33E+06,5.92E+01,8.95E-01,5.43E+01,,5.03E-02,,4.51E-02,,1.14E-02,,1.03E-02
811512150000,6.53E-02,1.53E+01,6.50E+08,2.30E+01,8.64E+08,2.39E+09,1.53E+09,9.03E+01,5.90E-02,4.52E-02,9.56E+00,6.24E-03,4.78E-03,6.99E-01,5.18E+00,5.24E+01,2.96E+02,7.41E+04,1.14E+06,3.88E+04,5.94E+05,1.17E+00,0.00E+00,8.31E-01,1.00E+02,1.10E+07,1.69E+08,1.06E+00,1.29E+01,0.00E+00,0.00E+00,3.27E+01,7.00E+01,0.00E+00,5.63E+01,8.98E-01,0.00E+00,1.17E+07,1.79E+08,8.70E+04,1.33E+06,5.72E+01,1.30E+00,5.44E+01,,5.90E-02,,4.52E-02,,6.24E-03,,4.78E-03
811512200000,6.51E-02,1.54E+01,6.50E+08,2.40E+01,9.14E+08,2.50E+09,1.58E+09,9.01E+01,5.87E-02,4.51E-02,1.48E+01,9.61E-03,7.38E-03,1.29E+00,5.66E+00,5.35E+01,4.11E+02,1.37E+05,2.10E+06,7.33E+04,1.13E+06,1.11E+00,0.00E+00,8.21E-01,1.00E+02,1.08E+07,1.65E+08,1.06E+00,1.28E+01,0.00E+00,0.00E+00,3.21E+01,5.90E+01,0.00E+00,5.41E+01,1.32E+00,0.00E+00,1.14E+07,1.75E+08,1.52E+05,2.33E+06,5.54E+01,1.92E+00,5.56E+01,,5.87E-02,,4.51E-02,,9.61E-03,,7.38E-03
811512250000,6.48E-02,1.54E+01,6.50E+08,2.38E+01,8.92E+08,2.47E+09,1.58E+09,9.42E+01,6.11E-02,4.71E-02,1.36E+01,8.85E-03,6.82E-03,8.56E-01,6.07E+00,5.11E+01,9.31E+02,9.02E+04,1.39E+06,4.61E+04,7.11E+05,1.04E+00,0.00E+00,8.38E-01,1.00E+02,1.12E+07,1.72E+08,1.06E+00,1.30E+01,0.00E+00,0.00E+00,3.32E+01,4.45E+01,0.00E+00,5.82E+01,6.16E-01,0.00E+00,1.18E+07,1.82E+08,9.34E+04,1.44E+06,5.88E+01,1.39E+00,5.49E+01,,6.11E-02,,4.71E-02,,8.85E-03,,6.82E-03
811512300000,6.15E-02,1.63E+01,6.50E+08,1.74E+01,7.07E+08,1.81E+09,1.10E+09,9.13E+01,5.62E-02,4.57E-02,1.96E+01,1.21E-02,9.82E-03,1.04E+00,5.66E+00,5.62E+01,3.43E+02,1.03E+05,1.68E+06,5.82E+04,9.46E+05,1.13E+00,0.00E+00,3.32E-01,1.00E+02,7.20E+06,1.17E+08,9.98E-01,6.09E+00,0.00E+00,0.00E+00,5.74E+01,6.22E+01,0.00E+00,6.44E+01,1.13E+00,0.00E+00,7.18E+06,1.17E+08,1.16E+05,1.89E+06,6.56E+01,1.25E+00,5.29E+01,,5.62E-02,,4.57E-02,,1.21E-02,,9.82E-03
811512350000,5.73E-02,1.75E+01,6.50E+08,2.30E+01,8.63E+08,2.39E+09,1.53E+09,9.04E+01,5.18E-02,4.52E-02,1.45E+01,8.30E-03,7.25E-03,7.57E-01,5.91E+00,5.20E+01,2.58E+02,7.04E+04,1.23E+06,3.66E+04,6.39E+05,1.17E+00,0.00E+00,7.75E-01,1.00E+02,9.56E+06,1.67E+08,1.06E+00,1.27E+01,0.00E+00,0.00E+00,3.45E+01,6.81E+01,0.00E+00,5.88E+01,9.41E-01,0.00E+00,1.02E+07,1.77E+08,8.23E+04,1.44E+06,5.97E+01,6.99E-01,5.31E+01,,5.18E-02,,4.52E-02,,8.30E-03,,7.25E-03
811512400000,5.82E-02,1.72E+01,6.50E+08,2.43E+01,9.21E+08,2.53E+09,1.61E+09,9.08E+01,5.28E-02,4.54E-02,1.66E+01,9.64E-03,8.28E-03,1.20E+00,5.46E+00,5.46E+01,5.10E+02,1.13E+05,1.95E+06,6.19E+04,1.06E+06,1.08E+00,0.00E+00,8.35E-01,1.00E+02,9.94E+06,1.71E+08,1.06E+00,1.29E+01,0.00E+00,0.00E+00,3.30E+01,5.48E+01,0.00E+00,5.74E+01,1.11E+00,0.00E+00,1.05E+07,1.81E+08,1.23E+05,2.11E+06,5.85E+01,8.76E-01,5.46E+01,,5.28E-02,,4.54E-02,,9.64E-03,,8.28E-03
811512450000,6.07E-02,1.65E+01,6.50E+08,2.45E+01,9.29E+08,2.55E+09,1.62E+09,9.08E+01,5.51E-02,4.54E-02,1.84E+01,1.12E-02,9.20E-03,1.26E+00,5.52E+00,5.43E+01,5.08E+02,1.24E+05,2.04E+06,6.73E+04,1.11E+06,1.08E+00,0.00E+00,8.30E-01,1.00E+02,1.04E+07,1.72E+08,1.04E+00,1.30E+01,0.00E+00,0.00E+00,3.30E+01,5.43E+01,0.00E+00,5.68E+01,1.15E+00,0.00E+00,1.09E+07,1.79E+08,1.34E+05,2.21E+06,5.79E+01,9.14E-01,5.46E+01,,5.51E-02,,4.54E-02,,1.12E-02,,9.20E-03
811512500000,6.22E-02,1.61E+01,6.50E+08,2.47E+01,9.37E+08,2.57E+09,1.63E+09,9.07E+01,5.64E-02,4.54E-02,2.00E+01,1.24E-02,1.00E-02,1.26E+00,5.69E+00,5.43E+01,4.66E+02,1.27E+05,2.04E+06,6.89E+04,1.11E+06,1.08E+00,0.00E+00,8.30E-01,1.00E+02,1.07E+07,1.71E+08,1.04E+00,1.28E+01,0.00E+00,0.00E+00,3.30E+01,5.43E+01,0.00E+00,5.67E+01,1.15E+00,0.00E+00,1.11E+07,1.79E+08,1.37E+05,2.21E+06,5.79E+01,9.48E-01,5.45E+01,,5.64E-02,,4.54E-02,,1.24E-02,,1.00E-02
811512550000,6.54E-02,1.53E+01,6.50E+08,2.06E+01,8.52E+08,2.14E+09,1.29E+09,9.58E+01,6.26E-02,4.79E-02,1.12E+01,7.31E-03,5.59E-03,5.96E-01,6.20E+00,5.48E+01,7.57E+02,6.34E+04,9.69E+05,3.47E+04,5.31E+05,1.03E+00,0.00E+00,5.43E-01,1.00E+02,9.13E+06,1.40E+08,1.05E+00,1.08E+01,0.00E+00,0.00E+00,4.40E+01,4.42E+01,0.00E+00,6.21E+01,4.25E-01,0.00E+00,9.60E+06,1.47E+08,6.54E+04,1.00E+06,6.26E+01,1.28E+00,5.78E+01,,6.26E-02,,4.79E-02,,7.31E-03,,5.59E-03
811512600000,8.59E-02,1.16E+01,6.50E+08,1.89E+01,6.61E+08,1.97E+09,1.31E+09,8.58E+01,7.36E-02,4.29E-02,1.43E+01,1.23E-02,7.17E-03,6.88E-01,5.95E+00,5.38E+01,2.80E+02,9.59E+04,1.12E+06,5.16E+04,6.01E+05,1.13E+00,0.00E+00,5.66E-01,1.00E+02,1.27E+07,1.48E+08,1.00E+00,8.35E+00,0.00E+00,0.00E+00,4.37E+01,6.18E+01,0.00E+00,6.23E+01,7.49E-01,0.00E+00,1.27E+07,1.48E+08,1.08E+05,1.26E+06,6.30E+01,1.28E+00,4.80E+01,,7.36E-02,,4.29E-02,,1.23E-02,,7.17E-03
811512650000,2.90E-01,3.44E+00,6.50E+08,2.39E+01,8.97E+08,2.48E+09,1.59E+09,9.08E+01,2.64E-01,4.54E-02,1.51E+01,4.39E-02,7.57E-03,1.23E+00,5.30E+00,5.43E+01,5.73E+02,5.80E+05,2.00E+06,3.15E+05,1.09E+06,1.08E+00,0.00E+00,8.25E-01,1.00E+02,4.92E+07,1.69E+08,1.04E+00,1.31E+01,0.00E+00,0.00E+00,3.27E+01,5.46E+01,0.00E+00,5.55E+01,1.13E+00,0.00E+00,5.12E+07,1.77E+08,6.27E+05,2.16E+06,5.67E+01,1.45E+00,5.54E+01,,2.64E-01,,4.54E-02,,4.39E-02,,7.57E-03
811512700000,2.90E-01,3.44E+00,6.50E+08,2.13E+01,9.63E+08,2.38E+09,1.41E+09,4.73E+01,1.37E-01,2.36E-02,0.00E+00,0.00E+00,0.00E+00,0.00E+00,,,,0.00E+00,0.00E+00,0.00E+00,0.00E+00,,0.00E+00,7.39E-01,1.00E+02,2.34E+07,1.55E+08,1.09E+00,1.49E+01,0.00E+00,0.00E+00,3.02E+01,,0.00E+00,4.60E+01,0.00E+00,0.00E+00,2.56E+07,1.70E+08,0.00E+00,0.00E+00,4.60E+01,1.51E+00,6.95E+01,,1.37E-01,,2.36E-02,,0.00E+00,,0.00E+00
811512750000,2.90E-01,3.44E+00,,,,,,0.00E+00,0.00E+00,0.00E+00,0.00E+00,0.00E+00,0.00E+00,,,,,,,,,,,,,,,,,,,,,,,,,,,,,,,,,0.00E+00,,0.00E+00,,0.00E+00,,0.00E+00
811512800000,2.90E-01,3.44E+00,,,,,,0.00E+00,0.00E+00,0.00E+00,0.00E+00,0.00E+00,0.00E+00,,,,,,,,,,,,,,,,,,,,,,,,,,,,,,,,,0.00E+00,,0.00E+00,,0.00E+00,,0.00E+00
811512850000,2.90E-01,3.44E+00,,,,,,0.00E+00,0.00E+00,0.00E+00,0.00E+00,0.00E+00,0.00E+00,,,,,,,,,,,,,,,,,,,,,,,,,,,,,,,,,0.00E+00,,0.00E+00,,0.00E+00,,0.00E+00
811512900000,6.93E-02,1.44E+01,6.50E+08,2.23E+01,7.60E+08,2.44E+09,1.68E+09,1.99E+01,1.38E-02,9.97E-03,1.45E+01,1.00E-02,7.25E-03,2.86E+00,5.69E+00,5.43E+01,4.66E+02,1.42E+05,4.91E+06,7.68E+04,2.66E+06,1.08E+00,1.14E+01,8.18E-01,1.00E+02,4.60E+06,1.60E+08,9.96E-01,7.71E+00,0.00E+00,0.00E+00,2.66E+01,5.43E+01,0.00E+00,3.86E+01,2.63E+00,0.00E+00,4.58E+06,1.59E+08,1.53E+05,5.31E+06,4.12E+01,9.27E-02,4.16E+01,,1.38E-02,,9.97E-03,,1.00E-02,,7.25E-03
811512950000,6.11E-02,1.64E+01,5.56E+08,2.53E+01,8.92E+08,2.25E+09,1.36E+09,9.65E+01,5.89E-02,4.82E-02,2.16E+01,1.32E-02,1.08E-02,1.84E+00,4.39E+00,6.15E+01,9.16E+02,1.57E+05,2.56E+06,9.63E+04,1.58E+06,1.15E+00,0.00E+00,6.24E-01,1.00E+02,8.37E+06,1.37E+08,1.06E+00,1.15E+01,0.00E+00,0.00E+00,3.99E+01,3.92E+01,0.00E+00,6.48E+01,1.30E+00,0.00E+00,8.83E+06,1.45E+08,1.80E+05,2.95E+06,6.61E+01,6.63E-01,5.78E+01,,5.89E-02,,4.82E-02,,1.32E-02,,1.08E-02
811513000000,7.81E-02,1.28E+01,4.82E+08,1.96E+01,5.22E+08,1.51E+09,9.90E+08,9.66E+01,7.54E-02,4.83E-02,1.31E+01,1.02E-02,6.53E-03,1.52E-01,1.23E+01,2.45E+01,5.09E+01,1.43E+04,1.83E+05,3.50E+03,4.48E+04,1.76E+00,0.00E+00,6.83E-01,1.00E+02,9.17E+06,1.17E+08,1.04E+00,1.12E+01,0.00E+00,0.00E+00,4.05E+01,1.29E+02,0.00E+00,6.43E+01,5.37E-01,0.00E+00,9.55E+06,1.22E+08,2.51E+04,3.21E+05,6.49E+01,1.98E+00,4.72E+01,,7.54E-02,,4.83E-02,,1.02E-02,,6.53E-03
811513050000,6.44E-02,1.55E+01,6.50E+08,2.40E+01,9.03E+08,2.49E+09,1.59E+09,9.08E+01,5.85E-02,4.54E-02,1.63E+01,1.05E-02,8.16E-03,1.22E+00,5.29E+00,5.50E+01,5.22E+02,1.27E+05,1.98E+06,7.01E+04,1.09E+06,1.10E+00,0.00E+00,8.23E-01,1.00E+02,1.09E+07,1.69E+08,1.04E+00,1.31E+01,0.00E+00,0.00E+00,3.27E+01,5.71E+01,0.00E+00,5.55E+01,1.19E+00,0.00E+00,1.14E+07,1.76E+08,1.40E+05,2.17E+06,5.67E+01,1.35E+00,5.51E+01,,5.85E-02,,4.54E-02,,1.05E-02,,8.16E-03
811513100000,7.14E-02,1.40E+01,6.50E+08,2.42E+01,9.09E+08,2.51E+09,1.61E+09,9.02E+01,6.44E-02,4.51E-02,2.00E+01,1.43E-02,1.00E-02,1.22E+00,5.70E+00,5.48E+01,4.42E+02,1.41E+05,1.98E+06,7.75E+04,1.09E+06,1.10E+00,0.00E+00,8.21E-01,1.00E+02,1.20E+07,1.68E+08,1.05E+00,1.32E+01,0.00E+00,0.00E+00,3.25E+01,5.71E+01,0.00E+00,5.51E+01,1.19E+00,0.00E+00,1.26E+07,1.76E+08,1.55E+05,2.17E+06,5.63E+01,1.32E+00,5.51E+01,,6.44E-02,,4.51E-02,,1.43E-02,,1.00E-02
811513150000,7.57E-02,1.32E+01,6.50E+08,1.97E+01,8.01E+08,2.05E+09,1.25E+09,9.08E+01,6.88E-02,4.54E-02,8.44E+00,6.39E-03,4.22E-03,1.37E-01,4.63E+00,9.00E+01,1.19E+02,1.69E+04,2.23E+05,1.52E+04,2.01E+05,1.62E+00,0.00E+00,5.53E-01,1.00E+02,1.05E+07,1.39E+08,1.06E+00,1.16E+01,0.00E+00,0.00E+00,4.23E+01,2.78E+01,0.00E+00,5.99E+01,9.66E-02,0.00E+00,1.12E+07,1.47E+08,2.74E+04,3.62E+05,6.00E+01,2.00E+00,5.83E+01,,6.88E-02,,4.54E-02,,6.39E-03,,4.22E-03
811513200000,8.09E-02,1.24E+01,6.50E+08,1.91E+01,7.24E+08,2.02E+09,1.30E+09,8.06E+01,6.52E-02,4.03E-02,1.77E+01,1.43E-02,8.83E-03,1.50E+00,4.91E+00,5.26E+01,4.57E+02,1.94E+05,2.48E+06,1.02E+05,1.30E+06,1.14E+00,0.00E+00,5.70E-01,1.00E+02,1.12E+07,1.44E+08,1.08E+00,1.31E+01,0.00E+00,0.00E+00,3.80E+01,5.47E+01,0.00E+00,5.60E+01,1.46E+00,0.00E+00,1.21E+07,1.56E+08,2.20E+05,2.82E+06,5.75E+01,1.51E+00,5.47E+01,,6.52E-02,,4.03E-02,,1.43E-02,,8.83E-03
811513250000,6.27E-02,1.60E+01,6.50E+08,2.31E+01,9.15E+08,2.50E+09,1.59E+09,8.10E+01,5.08E-02,4.05E-02,2.49E+01,1.56E-02,1.25E-02,1.37E+00,5.84E+00,4.89E+01,4.41E+02,1.37E+05,2.31E+06,6.70E+04,1.13E+06,1.10E+00,5.51E-01,8.00E-01,1.00E+02,9.69E+06,1.64E+08,1.05E+00,1.37E+01,0.00E+00,0.00E+00,3.03E+01,5.75E+01,0.00E+00,4.82E+01,1.35E+00,0.00E+00,1.02E+07,1.73E+08,1.51E+05,2.55E+06,4.95E+01,1.43E+00,5.97E+01,,5.08E-02,,4.05E-02,,1.56E-02,,1.25E-02
811513300000,6.05E-02,1.65E+01,6.50E+08,2.41E+01,9.33E+08,2.50E+09,1.57E+09,9.02E+01,5.46E-02,4.51E-02,1.79E+01,1.08E-02,8.97E-03,1.27E+00,5.88E+00,5.04E+01,8.01E+02,1.25E+05,2.07E+06,6.31E+04,1.04E+06,1.04E+00,0.00E+00,7.16E-01,1.00E+02,1.01E+07,1.67E+08,1.05E+00,1.27E+01,0.00E+00,0.00E+00,3.53E+01,4.42E+01,0.00E+00,5.97E+01,9.20E-01,0.00E+00,1.06E+07,1.76E+08,1.31E+05,2.16E+06,6.06E+01,8.92E-01,5.82E+01,,5.46E-02,,4.51E-02,,1.08E-02,,8.97E-03
811513350000,6.13E-02,1.63E+01,6.50E+08,1.71E+01,6.69E+08,1.78E+09,1.11E+09,9.43E+01,5.78E-02,4.71E-02,2.43E+01,1.49E-02,1.21E-02,8.21E-01,6.34E+00,4.27E+01,2.83E+02,8.18E+04,1.33E+06,3.49E+04,5.69E+05,1.14E+00,0.00E+00,4.09E-01,1.00E+02,7.57E+06,1.23E+08,1.04E+00,1.01E+01,0.00E+00,0.00E+00,5.23E+01,6.49E+01,0.00E+00,6.48E+01,9.51E-01,0.00E+00,7.90E+06,1.29E+08,9.34E+04,1.52E+06,6.58E+01,2.56E+00,5.24E+01,,5.78E-02,,4.71E-02,,1.49E-02,,1.21E-02
811513400000,6.03E-02,1.66E+01,6.50E+08,2.37E+01,8.89E+08,2.47E+09,1.58E+09,9.01E+01,5.44E-02,4.51E-02,1.42E+01,8.57E-03,7.10E-03,7.51E-01,6.19E+00,4.54E+01,2.66E+02,7.36E+04,1.22E+06,3.34E+04,5.54E+05,1.16E+00,0.00E+00,8.27E-01,1.00E+02,1.04E+07,1.72E+08,1.05E+00,1.29E+01,0.00E+00,0.00E+00,3.33E+01,6.72E+01,0.00E+00,5.79E+01,9.13E-01,0.00E+00,1.09E+07,1.81E+08,8.53E+04,1.41E+06,5.88E+01,6.71E-01,5.38E+01,,5.44E-02,,4.51E-02,,8.57E-03,,7.10E-03
811513450000,6.37E-02,1.57E+01,6.50E+08,2.40E+01,9.03E+08,2.50E+09,1.59E+09,8.98E+01,5.72E-02,4.49E-02,1.73E+01,1.10E-02,8.65E-03,1.35E+00,5.47E+00,4.76E+01,5.21E+02,1.39E+05,2.19E+06,6.63E+04,1.04E+06,1.10E+00,0.00E+00,8.21E-01,1.00E+02,1.08E+07,1.70E+08,1.05E+00,1.28E+01,0.00E+00,0.00E+00,3.29E+01,5.76E+01,0.00E+00,5.66E+01,1.33E+00,0.00E+00,1.14E+07,1.79E+08,1.53E+05,2.41E+06,5.79E+01,9.35E-01,5.45E+01,,5.72E-02,,4.49E-02,,1.10E-02,,8.65E-03
811513500000,4.95E-01,2.02E+00,6.50E+08,2.40E+01,9.01E+08,2.50E+09,1.60E+09,8.97E+01,4.44E-01,4.49E-02,1.05E+01,5.17E-02,5.23E-03,1.35E+00,5.90E+00,4.76E+01,4.71E+02,1.08E+06,2.19E+06,5.15E+05,1.04E+06,1.10E+00,0.00E+00,8.16E-01,1.00E+02,8.31E+07,1.68E+08,1.05E+00,1.26E+01,0.00E+00,0.00E+00,3.26E+01,5.77E+01,0.00E+00,5.55E+01,1.34E+00,0.00E+00,8.74E+07,1.77E+08,1.19E+06,2.41E+06,5.68E+01,1.69E+00,5.53E+01,,4.44E-01,,4.49E-02,,5.17E-02,,5.23E-03
811513550000,,0.00E+00,6.50E+08,1.57E+01,6.28E+08,1.63E+09,1.00E+09,8.25E+01,,1.60E-02,9.58E+00,,1.86E-03,7.31E-04,1.00E+00,1.00E+02,1.00E+00,,1.19E+03,,1.19E+03,2.00E+00,0.00E+00,2.91E-01,1.00E+02,,1.21E+08,9.98E-01,6.05E+00,,0.00E+00,6.07E+01,4.80E+01,0.00E+00,7.06E+01,1.10E-03,0.00E+00,,1.21E+08,,2.38E+03,7.06E+01,8.19E-01,5.05E+01,,,,1.60E-02,,,,1.86E-03
Mean,9.77E-02,1.36E+01,6.38E+08,2.15E+01,8.22E+08,2.22E+09,1.40E+09,7.88E+01,6.38E-02,3.93E-02,1.71E+01,1.44E-02,8.52E-03,1.39E+00,1.65E+01,4.95E+01,4.55E+02,1.99E+05,2.22E+06,7.29E+04,9.03E+05,1.21E+00,6.14E-01,6.89E-01,1.00E+02,1.14E+07,1.50E+08,1.08E+00,1.30E+01,0.00E+00,0.00E+00,3.60E+01,5.64E+01,0.00E+00,5.50E+01,1.26E+00,0.00E+00,1.24E+07,1.61E+08,2.49E+05,2.69E+06,5.63E+01,1.21E+00,5.63E+01,2.37E-06,6.45E-02,2.37E-06,3.93E-02,2.93E-06,1.45E-02,2.93E-06,8.52E-03
Variance,6.06E-03,2.90E+01,3.73E+15,1.22E+01,2.23E+16,1.63E+17,7.27E+16,6.74E+02,2.00E-03,1.70E-04,1.30E+02,2.82E-04,3.25E-05,2.34E+00,3.70E+03,2.26E+02,4.59E+04,1.21E+11,5.66E+12,7.14E+09,3.38E+11,4.93E-02,7.83E+00,4.17E-02,0.00E+00,5.31E+13,6.90E+14,7.07E-03,2.45E+01,0.00E+00,0.00E+00,9.00E+01,2.70E+02,0.00E+00,1.16E+02,1.09E+00,0.00E+00,6.49E+13,8.58E+14,2.39E+11,1.10E+13,1.15E+02,3.78E-01,4.49E+01,6.02E-10,2.00E-03,6.02E-10,1.70E-04,1.06E-09,2.83E-04,1.06E-09,3.25E-05
Standard Deviation,7.78E-02,5.38E+00,6.11E+07,3.49E+00,1.49E+08,4.03E+08,2.70E+08,2.60E+01,4.48E-02,1.31E-02,1.14E+01,1.68E-02,5.70E-03,1.53E+00,6.08E+01,1.50E+01,2.14E+02,3.47E+05,2.38E+06,8.45E+04,5.82E+05,2.22E-01,2.80E+00,2.04E-01,0.00E+00,7.29E+06,2.63E+07,8.41E-02,4.95E+00,0.00E+00,0.00E+00,9.49E+00,1.64E+01,0.00E+00,1.08E+01,1.05E+00,0.00E+00,8.06E+06,2.93E+07,4.89E+05,3.31E+06,1.07E+01,6.14E-01,6.70E+00,2.45E-05,4.47E-02,2.45E-05,1.31E-02,3.26E-05,1.68E-02,3.26E-05,5.70E-03
